date,organisation,territoire,localisation,secteur,type_menace,acteur,statut,score_cyberattaque,impact_connu,source_urls,synthese,evolution
2026-08-16,Fédération Française de Motocyclisme,France,France,Sport,Fuite de données,Inconnu,Référencé par FrenchBreaches ; corroboration variable,50,Alerte référencée dans l’archive 2026 de FrenchBreaches ; détails à enrichir depuis la fiche source.,https://frenchbreaches.com/alertes/f-d-ration-fran-aise-de-motocyclisme-msvj2szkiclvx2gaoc,Rattrapage 2026 depuis l’archive FrenchBreaches — Fédération Française de Motocyclisme.,nouveau
2026-08-16,Fédération Française de Danse,France,France,Sport,Fuite de données,Inconnu,Référencé par FrenchBreaches ; corroboration variable,50,Alerte référencée dans l’archive 2026 de FrenchBreaches ; détails à enrichir depuis la fiche source.,https://frenchbreaches.com/alertes/f-d-ration-fran-aise-de-danse-msvjcwu35yln9jygazd,Rattrapage 2026 depuis l’archive FrenchBreaches — Fédération Française de Danse.,nouveau
2026-08-16,France-Casse,France,France,Commerce / Distribution,Fuite de données,Inconnu,Référencé par FrenchBreaches ; corroboration variable,50,Alerte référencée dans l’archive 2026 de FrenchBreaches ; détails à enrichir depuis la fiche source.,https://frenchbreaches.com/alertes/france-casse-msv87fj5v652mg9x2mn,Rattrapage 2026 depuis l’archive FrenchBreaches — France-Casse.,nouveau
2026-08-16,EVY,France,France,Inconnu,Fuite de données,Inconnu,Référencé par FrenchBreaches ; corroboration variable,50,Alerte référencée dans l’archive 2026 de FrenchBreaches ; détails à enrichir depuis la fiche source.,https://frenchbreaches.com/alertes/evy-msvpts753it09fb7vvf,Rattrapage 2026 depuis l’archive FrenchBreaches — EVY.,nouveau
2026-08-16,Cravero Motoculture (BlgCloud),France,France,Construction / BTP,Fuite de données,Inconnu,Référencé par FrenchBreaches ; corroboration variable,50,Alerte référencée dans l’archive 2026 de FrenchBreaches ; détails à enrichir depuis la fiche source.,https://frenchbreaches.com/alertes/cravero-motoculture-blgcloud-msv33dq9e4pzz9hsrts,Rattrapage 2026 depuis l’archive FrenchBreaches — Cravero Motoculture (BlgCloud).,nouveau
2026-08-16,Achat Or et Argent,France,France,Commerce / Distribution,Fuite de données,Inconnu,Référencé par FrenchBreaches ; corroboration variable,50,Alerte référencée dans l’archive 2026 de FrenchBreaches ; détails à enrichir depuis la fiche source.,https://frenchbreaches.com/alertes/achat-or-et-argent-mqguqijb2kwf64ad0w7,Rattrapage 2026 depuis l’archive FrenchBreaches — Achat Or et Argent.,nouveau
2026-08-15,Le Bon Matériel (BlgCloud),France,France,Numérique / Technologie,Fuite de données,Inconnu,Référencé par FrenchBreaches ; corroboration variable,50,Alerte référencée dans l’archive 2026 de FrenchBreaches ; détails à enrichir depuis la fiche source.,https://frenchbreaches.com/alertes/le-bon-mat-riel-blgcloud-mstkb430kht3b29drb,Rattrapage 2026 depuis l’archive FrenchBreaches — Le Bon Matériel (BlgCloud).,nouveau
2026-08-15,Fédération Française de Karaté,France,France,Sport,Fuite de données,Inconnu,Référencé par FrenchBreaches ; corroboration variable,50,Alerte référencée dans l’archive 2026 de FrenchBreaches ; détails à enrichir depuis la fiche source.,https://frenchbreaches.com/alertes/f-d-ration-fran-aise-de-karat-msu63ykvxde9hwoosba,Rattrapage 2026 depuis l’archive FrenchBreaches — Fédération Française de Karaté.,nouveau
2026-08-15,EVA Nantes Sud,France,France,Commerce / Distribution,Fuite de données,Inconnu,Référencé par FrenchBreaches ; corroboration variable,50,Alerte référencée dans l’archive 2026 de FrenchBreaches ; détails à enrichir depuis la fiche source.,https://frenchbreaches.com/alertes/eva-nantes-sud-mstk3dvhzt4kjp61n2,Rattrapage 2026 depuis l’archive FrenchBreaches — EVA Nantes Sud.,nouveau
2026-08-14,Scalingo,France,France,Inconnu,Fuite de données,Inconnu,Référencé par FrenchBreaches ; corroboration variable,50,Alerte référencée dans l’archive 2026 de FrenchBreaches ; détails à enrichir depuis la fiche source.,https://frenchbreaches.com/alertes/scalingo-mssmflhnh876wgausf,Rattrapage 2026 depuis l’archive FrenchBreaches — Scalingo.,nouveau
2026-08-14,France VAE,France,France,Inconnu,Fuite de données,Inconnu,Référencé par FrenchBreaches ; corroboration variable,50,Alerte référencée dans l’archive 2026 de FrenchBreaches ; détails à enrichir depuis la fiche source.,https://frenchbreaches.com/alertes/france-vae-mssluksuoixbxf5wvsr,Rattrapage 2026 depuis l’archive FrenchBreaches — France VAE.,nouveau
2026-08-14,Direction générale des Finances publiques (SPDC),France,France,Administration / Collectivité,Fuite de données,Inconnu,Référencé par FrenchBreaches ; corroboration variable,50,Alerte référencée dans l’archive 2026 de FrenchBreaches ; détails à enrichir depuis la fiche source.,https://frenchbreaches.com/alertes/direction-g-n-rale-des-finances-publiques-spdc-mssm0kklrsqu9rd3vd,Rattrapage 2026 depuis l’archive FrenchBreaches — Direction générale des Finances publiques (SPDC).,nouveau
2026-08-14,Chupin (BlgCloud),France,France,Numérique / Technologie,Fuite de données,Inconnu,Référencé par FrenchBreaches ; corroboration variable,50,Alerte référencée dans l’archive 2026 de FrenchBreaches ; détails à enrichir depuis la fiche source.,https://frenchbreaches.com/alertes/chupin-blgcloud-mssm9jvahrr2e2nsh7u,Rattrapage 2026 depuis l’archive FrenchBreaches — Chupin (BlgCloud).,nouveau
2026-08-13,Gédimat,France,France,Commerce / Distribution,Fuite de données,Inconnu,Référencé par FrenchBreaches ; corroboration variable,50,Alerte référencée dans l’archive 2026 de FrenchBreaches ; détails à enrichir depuis la fiche source.,https://frenchbreaches.com/alertes/g-dimat-msrguwrqi68yitik4s,Rattrapage 2026 depuis l’archive FrenchBreaches — Gédimat.,nouveau
2026-08-12,Publica,France,France,Commerce / Distribution,Fuite de données,Inconnu,Référencé par FrenchBreaches ; corroboration variable,50,Alerte référencée dans l’archive 2026 de FrenchBreaches ; détails à enrichir depuis la fiche source.,https://frenchbreaches.com/alertes/publica-mspyx0388ayctyrqby7,Rattrapage 2026 depuis l’archive FrenchBreaches — Publica.,nouveau
2026-08-12,Loutz (BlgCloud),France,France,Numérique / Technologie,Fuite de données,Inconnu,Référencé par FrenchBreaches ; corroboration variable,50,Alerte référencée dans l’archive 2026 de FrenchBreaches ; détails à enrichir depuis la fiche source.,https://frenchbreaches.com/alertes/loutz-blgcloud-msp7qzkjgh0uwodlovb,Rattrapage 2026 depuis l’archive FrenchBreaches — Loutz (BlgCloud).,nouveau
2026-08-12,Leroch Distribution (BlgCloud),France,France,Numérique / Technologie,Fuite de données,Inconnu,Référencé par FrenchBreaches ; corroboration variable,50,Alerte référencée dans l’archive 2026 de FrenchBreaches ; détails à enrichir depuis la fiche source.,https://frenchbreaches.com/alertes/leroch-distribution-blgcloud-msp7xthowhtnkmx2fk,Rattrapage 2026 depuis l’archive FrenchBreaches — Leroch Distribution (BlgCloud).,nouveau
2026-08-12,LaSante.net,France,France,Santé,Fuite de données,Inconnu,Référencé par FrenchBreaches ; corroboration variable,50,Alerte référencée dans l’archive 2026 de FrenchBreaches ; détails à enrichir depuis la fiche source.,https://frenchbreaches.com/alertes/lasante-net-mspekqmo3e0n0l1rsbe,Rattrapage 2026 depuis l’archive FrenchBreaches — LaSante.net.,nouveau
2026-08-12,Direction générale des Finances publiques (DGFiP),France,France,Sport,Fuite de données,Inconnu,Référencé par FrenchBreaches ; corroboration variable,50,Alerte référencée dans l’archive 2026 de FrenchBreaches ; détails à enrichir depuis la fiche source.,https://frenchbreaches.com/alertes/direction-g-n-rale-des-finances-publiques-dgfip-msq5rgy4cql9o0l7cus,Rattrapage 2026 depuis l’archive FrenchBreaches — Direction générale des Finances publiques (DGFiP).,nouveau
2026-08-11,Santé publique France,France,France,Santé,Fuite de données,Inconnu,Référencé par FrenchBreaches ; corroboration variable,50,Alerte référencée dans l’archive 2026 de FrenchBreaches ; détails à enrichir depuis la fiche source.,https://frenchbreaches.com/alertes/sant-publique-france-msoz0zsj3vgi774sa0i,Rattrapage 2026 depuis l’archive FrenchBreaches — Santé publique France.,nouveau
2026-08-11,HeyPulse,France,France,Inconnu,Fuite de données,Inconnu,Référencé par FrenchBreaches ; corroboration variable,50,Alerte référencée dans l’archive 2026 de FrenchBreaches ; détails à enrichir depuis la fiche source.,https://frenchbreaches.com/alertes/heypulse-msogur4agznhs274b3r,Rattrapage 2026 depuis l’archive FrenchBreaches — HeyPulse.,nouveau
2026-08-11,Agence pour l’enseignement français à l’étranger (AEFE),France,France,Éducation / Formation,Fuite de données,Inconnu,Référencé par FrenchBreaches ; corroboration variable,50,Alerte référencée dans l’archive 2026 de FrenchBreaches ; détails à enrichir depuis la fiche source.,https://frenchbreaches.com/alertes/agence-pour-l-enseignement-fran-ais-l-tranger-aefe-msp6elbt3d5a63mumeq,Rattrapage 2026 depuis l’archive FrenchBreaches — Agence pour l’enseignement français à l’étranger (AEFE).,nouveau
2026-08-10,Ville de Gagny,France,France,Administration / Collectivité,Fuite de données,Inconnu,Référencé par FrenchBreaches ; corroboration variable,50,Alerte référencée dans l’archive 2026 de FrenchBreaches ; détails à enrichir depuis la fiche source.,https://frenchbreaches.com/alertes/ville-de-gagny-msmim65d87im5z51ho4,Rattrapage 2026 depuis l’archive FrenchBreaches — Ville de Gagny.,nouveau
2026-08-10,Steam,France,France,Transport / Logistique,Fuite de données,Inconnu,Référencé par FrenchBreaches ; corroboration variable,50,Alerte référencée dans l’archive 2026 de FrenchBreaches ; détails à enrichir depuis la fiche source.,https://frenchbreaches.com/alertes/steam-msndgcya2ase84mzxi6,Rattrapage 2026 depuis l’archive FrenchBreaches — Steam.,nouveau
2026-08-10,Mairie de Sixt-sur-Aff,France,France,Administration / Collectivité,Fuite de données,Inconnu,Référencé par FrenchBreaches ; corroboration variable,50,Alerte référencée dans l’archive 2026 de FrenchBreaches ; détails à enrichir depuis la fiche source.,https://frenchbreaches.com/alertes/mairie-de-sixt-sur-aff-msmii0ydaxb7f5pq82k,Rattrapage 2026 depuis l’archive FrenchBreaches — Mairie de Sixt-sur-Aff.,nouveau
2026-08-10,I-CAD,France,France,Sport,Fuite de données,Inconnu,Référencé par FrenchBreaches ; corroboration variable,50,Alerte référencée dans l’archive 2026 de FrenchBreaches ; détails à enrichir depuis la fiche source.,https://frenchbreaches.com/alertes/i-cad-msn3ybtatwxhj8nio8n,Rattrapage 2026 depuis l’archive FrenchBreaches — I-CAD.,nouveau
2026-08-10,Groupe Cloué (BlgCloud),France,France,Numérique / Technologie,Fuite de données,Inconnu,Référencé par FrenchBreaches ; corroboration variable,50,Alerte référencée dans l’archive 2026 de FrenchBreaches ; détails à enrichir depuis la fiche source.,https://frenchbreaches.com/alertes/groupe-clou-blgcloud-msnd05otu1hyrbmzqy,Rattrapage 2026 depuis l’archive FrenchBreaches — Groupe Cloué (BlgCloud).,nouveau
2026-08-10,Fédération Française de Handball,France,France,Sport,Fuite de données,Inconnu,Référencé par FrenchBreaches ; corroboration variable,50,Alerte référencée dans l’archive 2026 de FrenchBreaches ; détails à enrichir depuis la fiche source.,https://frenchbreaches.com/alertes/f-d-ration-fran-aise-de-handball-msn9vcfexvsnlnk1ha,Rattrapage 2026 depuis l’archive FrenchBreaches — Fédération Française de Handball.,nouveau
2026-08-09,Le Mans FC,France,France,Sport,Fuite de données,Inconnu,Référencé par FrenchBreaches ; corroboration variable,50,Alerte référencée dans l’archive 2026 de FrenchBreaches ; détails à enrichir depuis la fiche source.,https://frenchbreaches.com/alertes/le-mans-fc-msm10s9d7aa7x3v9wvi,Rattrapage 2026 depuis l’archive FrenchBreaches — Le Mans FC.,nouveau
2026-08-09,Duvignau 40 (BlgCloud),France,France,Numérique / Technologie,Fuite de données,Inconnu,Référencé par FrenchBreaches ; corroboration variable,50,Alerte référencée dans l’archive 2026 de FrenchBreaches ; détails à enrichir depuis la fiche source.,https://frenchbreaches.com/alertes/duvignau-40-blgcloud-msm86diuc1krxvgldsu,Rattrapage 2026 depuis l’archive FrenchBreaches — Duvignau 40 (BlgCloud).,nouveau
2026-08-09,Bureau Vallée,France,France,Commerce / Distribution,Fuite de données,Inconnu,Référencé par FrenchBreaches ; corroboration variable,50,Alerte référencée dans l’archive 2026 de FrenchBreaches ; détails à enrichir depuis la fiche source.,https://frenchbreaches.com/alertes/bureau-vall-e-msm7y0p26cnf5r2ewtu,Rattrapage 2026 depuis l’archive FrenchBreaches — Bureau Vallée.,nouveau
2026-08-08,Roussel Agri 62 (BlgCloud),France,France,Numérique / Technologie,Fuite de données,Inconnu,Référencé par FrenchBreaches ; corroboration variable,50,Alerte référencée dans l’archive 2026 de FrenchBreaches ; détails à enrichir depuis la fiche source.,https://frenchbreaches.com/alertes/roussel-agri-62-blgcloud-mskjsgirjuladgvz0sj,Rattrapage 2026 depuis l’archive FrenchBreaches — Roussel Agri 62 (BlgCloud).,nouveau
2026-08-08,Mutuelle Générale de Prévoyance,France,France,Finance / Assurance,Fuite de données,Inconnu,Référencé par FrenchBreaches ; corroboration variable,50,Alerte référencée dans l’archive 2026 de FrenchBreaches ; détails à enrichir depuis la fiche source.,https://frenchbreaches.com/alertes/mutuelle-g-n-rale-de-pr-voyance-msjkkufska3mdj2z8xb,Rattrapage 2026 depuis l’archive FrenchBreaches — Mutuelle Générale de Prévoyance.,nouveau
2026-08-08,"CLCV (Consommation, Logement et Cadre de Vie)",France,France,Sport,Fuite de données,Inconnu,Référencé par FrenchBreaches ; corroboration variable,50,Alerte référencée dans l’archive 2026 de FrenchBreaches ; détails à enrichir depuis la fiche source.,https://frenchbreaches.com/alertes/clcv-consommation-logement-et-cadre-de-vie-mskk2jbes84h2ad5fra,"Rattrapage 2026 depuis l’archive FrenchBreaches — CLCV (Consommation, Logement et Cadre de Vie).",nouveau
2026-08-08,BlgCloud,France,France,Numérique / Technologie,Fuite de données,Inconnu,Référencé par FrenchBreaches ; corroboration variable,50,Alerte référencée dans l’archive 2026 de FrenchBreaches ; détails à enrichir depuis la fiche source.,https://frenchbreaches.com/alertes/blgcloud-mskjo8rlb7gngvnvb4k,Rattrapage 2026 depuis l’archive FrenchBreaches — BlgCloud.,nouveau
2026-08-07,Ressourc'brie,France,France,Commerce / Distribution,Fuite de données,Inconnu,Référencé par FrenchBreaches ; corroboration variable,50,Alerte référencée dans l’archive 2026 de FrenchBreaches ; détails à enrichir depuis la fiche source.,https://frenchbreaches.com/alertes/ressourc-brie-msiy6s8ktdtfnh45mbc,Rattrapage 2026 depuis l’archive FrenchBreaches — Ressourc'brie.,nouveau
2026-08-07,Le Lien Autonomie,France,France,Commerce / Distribution,Fuite de données,Inconnu,Référencé par FrenchBreaches ; corroboration variable,50,Alerte référencée dans l’archive 2026 de FrenchBreaches ; détails à enrichir depuis la fiche source.,https://frenchbreaches.com/alertes/le-lien-autonomie-msj4pgh7huoc9zlfspc,Rattrapage 2026 depuis l’archive FrenchBreaches — Le Lien Autonomie.,nouveau
2026-08-07,Actini Group,France,Haute-Savoie,Inconnu,Fuite de données,Inconnu,Référencé par FrenchBreaches ; corroboration variable,50,Alerte référencée dans l’archive 2026 de FrenchBreaches ; détails à enrichir depuis la fiche source.,https://frenchbreaches.com/alertes/actini-group-rw_ZDNkM0xtRmpkR2x1YVM1amIyMUFhM0o1WW1sMA,Rattrapage 2026 depuis l’archive FrenchBreaches — Actini Group.,nouveau
2026-08-07,AFPA,France,France,Éducation / Formation,Fuite de données,Inconnu,Référencé par FrenchBreaches ; corroboration variable,50,Alerte référencée dans l’archive 2026 de FrenchBreaches ; détails à enrichir depuis la fiche source.,https://frenchbreaches.com/alertes/afpa-msj805wnmw8zz6kstul,Rattrapage 2026 depuis l’archive FrenchBreaches — AFPA.,nouveau
2026-08-06,Stade Français Paris,France,France,Inconnu,Fuite de données,Inconnu,Référencé par FrenchBreaches ; corroboration variable,50,Alerte référencée dans l’archive 2026 de FrenchBreaches ; détails à enrichir depuis la fiche source.,https://frenchbreaches.com/alertes/stade-fran-ais-paris-mshxny5ez43h7cehwd8,Rattrapage 2026 depuis l’archive FrenchBreaches — Stade Français Paris.,nouveau
2026-08-06,MVision,France,France,Commerce / Distribution,Fuite de données,Inconnu,Référencé par FrenchBreaches ; corroboration variable,50,Alerte référencée dans l’archive 2026 de FrenchBreaches ; détails à enrichir depuis la fiche source.,https://frenchbreaches.com/alertes/mvision-msgwx7wpe04lm2vdg5t,Rattrapage 2026 depuis l’archive FrenchBreaches — MVision.,nouveau
2026-08-06,INSERM,France,France,Administration / Collectivité,Fuite de données,Inconnu,Référencé par FrenchBreaches ; corroboration variable,50,Alerte référencée dans l’archive 2026 de FrenchBreaches ; détails à enrichir depuis la fiche source.,https://frenchbreaches.com/alertes/inserm-mshn3qktwz0jhhrvfde,Rattrapage 2026 depuis l’archive FrenchBreaches — INSERM.,nouveau
2026-08-06,Hospices Civils de Lyon,France,France,Santé,Fuite de données,Inconnu,Référencé par FrenchBreaches ; corroboration variable,50,Alerte référencée dans l’archive 2026 de FrenchBreaches ; détails à enrichir depuis la fiche source.,https://frenchbreaches.com/alertes/hospices-civils-de-lyon-mshd1fdm90trgfi4n8v,Rattrapage 2026 depuis l’archive FrenchBreaches — Hospices Civils de Lyon.,nouveau
2026-08-06,Bloctel,France,France,Sport,Fuite de données,Inconnu,Référencé par FrenchBreaches ; corroboration variable,50,Alerte référencée dans l’archive 2026 de FrenchBreaches ; détails à enrichir depuis la fiche source.,https://frenchbreaches.com/alertes/bloctel-mshxaq0ysyd27ca7f6,Rattrapage 2026 depuis l’archive FrenchBreaches — Bloctel.,nouveau
2026-08-06,Biosynex,France,France,Santé,Fuite de données,Inconnu,Référencé par FrenchBreaches ; corroboration variable,50,Alerte référencée dans l’archive 2026 de FrenchBreaches ; détails à enrichir depuis la fiche source.,https://frenchbreaches.com/alertes/biosynex-msi1a59xyyo8dd0uay9,Rattrapage 2026 depuis l’archive FrenchBreaches — Biosynex.,nouveau
2026-08-06,Association de la Caieta,France,France,Sport,Fuite de données,Inconnu,Référencé par FrenchBreaches ; corroboration variable,50,Alerte référencée dans l’archive 2026 de FrenchBreaches ; détails à enrichir depuis la fiche source.,https://frenchbreaches.com/alertes/association-de-la-caieta-msgpkbftje9wtx6u62,Rattrapage 2026 depuis l’archive FrenchBreaches — Association de la Caieta.,nouveau
2026-08-06,Armurerie Lavaux,France,France,Commerce / Distribution,Fuite de données,Inconnu,Référencé par FrenchBreaches ; corroboration variable,50,Alerte référencée dans l’archive 2026 de FrenchBreaches ; détails à enrichir depuis la fiche source.,https://frenchbreaches.com/alertes/armurerie-lavaux-mseypxv2fdmjdlqaj78,Rattrapage 2026 depuis l’archive FrenchBreaches — Armurerie Lavaux.,nouveau
2026-08-05,Intermarché Drive,France,France,Commerce / Distribution,Fuite de données,Inconnu,Référencé par FrenchBreaches ; corroboration variable,50,Alerte référencée dans l’archive 2026 de FrenchBreaches ; détails à enrichir depuis la fiche source.,https://frenchbreaches.com/alertes/intermarch-drive-msf7vvhryw7nui45uho,Rattrapage 2026 depuis l’archive FrenchBreaches — Intermarché Drive.,nouveau
2026-08-03,Voxaly,France,France,Inconnu,Fuite de données,Inconnu,Référencé par FrenchBreaches ; corroboration variable,50,Alerte référencée dans l’archive 2026 de FrenchBreaches ; détails à enrichir depuis la fiche source.,https://frenchbreaches.com/alertes/voxaly-msde9mck0bpdloz5u6j7,Rattrapage 2026 depuis l’archive FrenchBreaches — Voxaly.,nouveau
2026-08-03,Intermarché Drive,France,France,Commerce / Distribution,Fuite de données,Inconnu,Référencé par FrenchBreaches ; corroboration variable,50,Alerte référencée dans l’archive 2026 de FrenchBreaches ; détails à enrichir depuis la fiche source.,https://frenchbreaches.com/alertes/intermarch-drive-msd3lq1z008txe7ifb90x,Rattrapage 2026 depuis l’archive FrenchBreaches — Intermarché Drive.,nouveau
2026-08-03,Institut national de la santé et de la recherche médicale (INSERM),France,France,Santé,Fuite de données,Inconnu,Référencé par FrenchBreaches ; corroboration variable,50,Alerte référencée dans l’archive 2026 de FrenchBreaches ; détails à enrichir depuis la fiche source.,https://frenchbreaches.com/alertes/institut-national-de-la-sant-et-de-la-recherche-m-dicale-inserm-msd3dlb2vc2sd7sibue,Rattrapage 2026 depuis l’archive FrenchBreaches — Institut national de la santé et de la recherche médicale (INSERM).,nouveau
2026-08-03,Chat Coco,France,France,Numérique / Technologie,Fuite de données,Inconnu,Référencé par FrenchBreaches ; corroboration variable,50,Alerte référencée dans l’archive 2026 de FrenchBreaches ; détails à enrichir depuis la fiche source.,https://frenchbreaches.com/alertes/chat-coco-mscfkkp86lht0x39su5,Rattrapage 2026 depuis l’archive FrenchBreaches — Chat Coco.,nouveau
2026-08-02,TERVEO,France,France,Inconnu,Fuite de données,Inconnu,Référencé par FrenchBreaches ; corroboration variable,50,Alerte référencée dans l’archive 2026 de FrenchBreaches ; détails à enrichir depuis la fiche source.,https://frenchbreaches.com/alertes/terveo-msb0jbxnwduz5ngrumi,Rattrapage 2026 depuis l’archive FrenchBreaches — TERVEO.,nouveau
2026-08-02,Questel SAS,France,France,Industrie / Manufacture,Fuite de données,Inconnu,Référencé par FrenchBreaches ; corroboration variable,50,Alerte référencée dans l’archive 2026 de FrenchBreaches ; détails à enrichir depuis la fiche source.,https://frenchbreaches.com/alertes/questel-sas-msbnp9vg1hm7pouz2gh,Rattrapage 2026 depuis l’archive FrenchBreaches — Questel SAS.,nouveau
2026-08-02,ENT (Seine et Marne),France,Iran,Éducation / Formation,Fuite de données,Inconnu,Référencé par FrenchBreaches ; corroboration variable,50,Alerte référencée dans l’archive 2026 de FrenchBreaches ; détails à enrichir depuis la fiche source.,https://frenchbreaches.com/alertes/ent-seine-et-marne-msbmzcv3k4jirk0p3,Rattrapage 2026 depuis l’archive FrenchBreaches — ENT (Seine et Marne).,nouveau
2026-08-01,Xplor Resamania,France,France,Inconnu,Fuite de données,Inconnu,Référencé par FrenchBreaches ; corroboration variable,50,Alerte référencée dans l’archive 2026 de FrenchBreaches ; détails à enrichir depuis la fiche source.,https://frenchbreaches.com/alertes/xplor-resamania-ms9zix0ogp9u7xkgvu5,Rattrapage 2026 depuis l’archive FrenchBreaches — Xplor Resamania.,nouveau
2026-08-01,Groupe T2MC,France,France,Inconnu,Fuite de données,Inconnu,Référencé par FrenchBreaches ; corroboration variable,50,Alerte référencée dans l’archive 2026 de FrenchBreaches ; détails à enrichir depuis la fiche source.,https://frenchbreaches.com/alertes/groupe-t2mc-msatleltiim1uf4u47g,Rattrapage 2026 depuis l’archive FrenchBreaches — Groupe T2MC.,nouveau
2026-08-01,Emploi Docteur Imago,France,France,Commerce / Distribution,Fuite de données,Inconnu,Référencé par FrenchBreaches ; corroboration variable,50,Alerte référencée dans l’archive 2026 de FrenchBreaches ; détails à enrichir depuis la fiche source.,https://frenchbreaches.com/alertes/emploi-docteur-imago-msalwlhrpzvx55d1kuf,Rattrapage 2026 depuis l’archive FrenchBreaches — Emploi Docteur Imago.,nouveau
2026-08-01,CY Cergy Paris Université,France,France,Éducation / Formation,Fuite de données,Inconnu,Référencé par FrenchBreaches ; corroboration variable,50,Alerte référencée dans l’archive 2026 de FrenchBreaches ; détails à enrichir depuis la fiche source.,https://frenchbreaches.com/alertes/cy-cergy-paris-universit-msanv9saq6mlky1jlg,Rattrapage 2026 depuis l’archive FrenchBreaches — CY Cergy Paris Université.,nouveau
2026-07-31,Ministère de l'Éducation nationale,France,France,Administration / Collectivité,Fuite de données,Inconnu,Référencé par FrenchBreaches ; corroboration variable,50,Alerte référencée dans l’archive 2026 de FrenchBreaches ; détails à enrichir depuis la fiche source.,https://frenchbreaches.com/alertes/minist-re-de-l-ducation-nationale-ms98aai3bqkzfv424c,Rattrapage 2026 depuis l’archive FrenchBreaches — Ministère de l'Éducation nationale.,nouveau
2026-07-31,Chambre de Commerce et d'Industrie Nice Côte d'Azur,France,France,Industrie / Manufacture,Fuite de données,Inconnu,Référencé par FrenchBreaches ; corroboration variable,50,Alerte référencée dans l’archive 2026 de FrenchBreaches ; détails à enrichir depuis la fiche source.,https://frenchbreaches.com/alertes/chambre-de-commerce-et-d-industrie-nice-c-te-d-azur-ms9972qijqoesdq8cu,Rattrapage 2026 depuis l’archive FrenchBreaches — Chambre de Commerce et d'Industrie Nice Côte d'Azur.,nouveau
2026-07-31,Avocats-Étrangers,France,France,Services aux entreprises,Fuite de données,Inconnu,Référencé par FrenchBreaches ; corroboration variable,50,Alerte référencée dans l’archive 2026 de FrenchBreaches ; détails à enrichir depuis la fiche source.,https://frenchbreaches.com/alertes/avocats-trangers-ms94mn1ikiw90wta54,Rattrapage 2026 depuis l’archive FrenchBreaches — Avocats-Étrangers.,nouveau
2026-07-30,ENGIE Green,France,France,Énergie / Utilities,Fuite de données,Inconnu,Référencé par FrenchBreaches ; corroboration variable,50,Alerte référencée dans l’archive 2026 de FrenchBreaches ; détails à enrichir depuis la fiche source.,https://frenchbreaches.com/alertes/engie-green-ms793t79jtz46e143go,Rattrapage 2026 depuis l’archive FrenchBreaches — ENGIE Green.,nouveau
2026-07-30,Amicale Police et Patrimoine,France,France,Inconnu,Fuite de données,Inconnu,Référencé par FrenchBreaches ; corroboration variable,50,Alerte référencée dans l’archive 2026 de FrenchBreaches ; détails à enrichir depuis la fiche source.,https://frenchbreaches.com/alertes/amicale-police-et-patrimoine-ms7xe2xpgow9p71fxcj,Rattrapage 2026 depuis l’archive FrenchBreaches — Amicale Police et Patrimoine.,nouveau
2026-07-30,5doigts2pieds,France,France,Commerce / Distribution,Fuite de données,Inconnu,Référencé par FrenchBreaches ; corroboration variable,50,Alerte référencée dans l’archive 2026 de FrenchBreaches ; détails à enrichir depuis la fiche source.,https://frenchbreaches.com/alertes/5doigts2pieds-ms7nsxtv858u04k6jvq,Rattrapage 2026 depuis l’archive FrenchBreaches — 5doigts2pieds.,nouveau
2026-07-29,Orisha Insurance (CIM),France,France,Finance / Assurance,Fuite de données,Inconnu,Référencé par FrenchBreaches ; corroboration variable,50,Alerte référencée dans l’archive 2026 de FrenchBreaches ; détails à enrichir depuis la fiche source.,https://frenchbreaches.com/alertes/orisha-insurance-cim-ms5ra3ys2j9emgrkcgc,Rattrapage 2026 depuis l’archive FrenchBreaches — Orisha Insurance (CIM).,nouveau
2026-07-29,Lire Demain,France,France,Commerce / Distribution,Fuite de données,Inconnu,Référencé par FrenchBreaches ; corroboration variable,50,Alerte référencée dans l’archive 2026 de FrenchBreaches ; détails à enrichir depuis la fiche source.,https://frenchbreaches.com/alertes/lire-demain-ms5pejs6d6m5q6vnf18,Rattrapage 2026 depuis l’archive FrenchBreaches — Lire Demain.,nouveau
2026-07-28,Université de Nantes,France,France,Éducation / Formation,Fuite de données,Inconnu,Référencé par FrenchBreaches ; corroboration variable,50,Alerte référencée dans l’archive 2026 de FrenchBreaches ; détails à enrichir depuis la fiche source.,https://frenchbreaches.com/alertes/universit-de-nantes-ms4klkg55ewuy1t1d2l,Rattrapage 2026 depuis l’archive FrenchBreaches — Université de Nantes.,nouveau
2026-07-28,Resaclick,France,France,Inconnu,Fuite de données,Inconnu,Référencé par FrenchBreaches ; corroboration variable,50,Alerte référencée dans l’archive 2026 de FrenchBreaches ; détails à enrichir depuis la fiche source.,https://frenchbreaches.com/alertes/resaclick-ms4chtqzaljdepplkxm,Rattrapage 2026 depuis l’archive FrenchBreaches — Resaclick.,nouveau
2026-07-28,Planity,France,France,Commerce / Distribution,Fuite de données,Inconnu,Référencé par FrenchBreaches ; corroboration variable,50,Alerte référencée dans l’archive 2026 de FrenchBreaches ; détails à enrichir depuis la fiche source.,https://frenchbreaches.com/alertes/planity-ms4gnp7s4p4ptre2tub,Rattrapage 2026 depuis l’archive FrenchBreaches — Planity.,nouveau
2026-07-28,Mairie d'Injoux-Génissiat,France,France,Administration / Collectivité,Fuite de données,Inconnu,Référencé par FrenchBreaches ; corroboration variable,50,Alerte référencée dans l’archive 2026 de FrenchBreaches ; détails à enrichir depuis la fiche source.,https://frenchbreaches.com/alertes/mairie-d-injoux-g-nissiat-ms4wogn82f107pe49b6,Rattrapage 2026 depuis l’archive FrenchBreaches — Mairie d'Injoux-Génissiat.,nouveau
2026-07-28,Location-Etudiant,France,France,Éducation / Formation,Fuite de données,Inconnu,Référencé par FrenchBreaches ; corroboration variable,50,Alerte référencée dans l’archive 2026 de FrenchBreaches ; détails à enrichir depuis la fiche source.,https://frenchbreaches.com/alertes/location-etudiant-ms3sftokma5qrg0nw5,Rattrapage 2026 depuis l’archive FrenchBreaches — Location-Etudiant.,nouveau
2026-07-28,Kaffir,France,France,Transport / Logistique,Fuite de données,Inconnu,Référencé par FrenchBreaches ; corroboration variable,50,Alerte référencée dans l’archive 2026 de FrenchBreaches ; détails à enrichir depuis la fiche source.,https://frenchbreaches.com/alertes/kaffir-ms4frxcchbuu7iovqa,Rattrapage 2026 depuis l’archive FrenchBreaches — Kaffir.,nouveau
2026-07-28,Erdil,France,France,Inconnu,Fuite de données,Inconnu,Référencé par FrenchBreaches ; corroboration variable,50,Alerte référencée dans l’archive 2026 de FrenchBreaches ; détails à enrichir depuis la fiche source.,https://frenchbreaches.com/alertes/erdil-ms4edb2tfxahd3apfc,Rattrapage 2026 depuis l’archive FrenchBreaches — Erdil.,nouveau
2026-07-27,Verspieren,France,France,Numérique / Technologie,Fuite de données,Inconnu,Référencé par FrenchBreaches ; corroboration variable,50,Alerte référencée dans l’archive 2026 de FrenchBreaches ; détails à enrichir depuis la fiche source.,https://frenchbreaches.com/alertes/verspieren-ms3fl0uu4zayhpz2vh,Rattrapage 2026 depuis l’archive FrenchBreaches — Verspieren.,nouveau
2026-07-27,Supremebody,France,France,Commerce / Distribution,Fuite de données,Inconnu,Référencé par FrenchBreaches ; corroboration variable,50,Alerte référencée dans l’archive 2026 de FrenchBreaches ; détails à enrichir depuis la fiche source.,https://frenchbreaches.com/alertes/supremebody-ms3m996vc34s1l50to,Rattrapage 2026 depuis l’archive FrenchBreaches — Supremebody.,nouveau
2026-07-27,Diffusion Produits Inoxydables (DP INOX),France,France,Finance / Assurance,Fuite de données,Inconnu,Référencé par FrenchBreaches ; corroboration variable,50,Alerte référencée dans l’archive 2026 de FrenchBreaches ; détails à enrichir depuis la fiche source.,https://frenchbreaches.com/alertes/diffusion-produits-inoxydables-dp-inox-rw_UkdsbVpuVnphVzl1SUdSbElGQnliMlIxYVhSeklFbHViM2g1WkdGaWJHVnpRRzVwWjJoMGMzQnBjbVU9,Rattrapage 2026 depuis l’archive FrenchBreaches — Diffusion Produits Inoxydables (DP INOX).,nouveau
2026-07-27,Allo Solar,France,France,Commerce / Distribution,Fuite de données,Inconnu,Référencé par FrenchBreaches ; corroboration variable,50,Alerte référencée dans l’archive 2026 de FrenchBreaches ; détails à enrichir depuis la fiche source.,https://frenchbreaches.com/alertes/allo-solar-ms3ko2n8d1kacm5qknm,Rattrapage 2026 depuis l’archive FrenchBreaches — Allo Solar.,nouveau
2026-07-26,Ministère de l’intérieur (Agents du gouvernement),France,France,Administration / Collectivité,Fuite de données,Inconnu,Référencé par FrenchBreaches ; corroboration variable,50,Alerte référencée dans l’archive 2026 de FrenchBreaches ; détails à enrichir depuis la fiche source.,https://frenchbreaches.com/alertes/minist-re-de-l-int-rieur-agents-du-gouvernement-ms1uhb3491p6i7ha12a,Rattrapage 2026 depuis l’archive FrenchBreaches — Ministère de l’intérieur (Agents du gouvernement).,nouveau
2026-07-26,CartoGIP (GIP ATGeRi),France,France,Administration / Collectivité,Fuite de données,Inconnu,Référencé par FrenchBreaches ; corroboration variable,50,Alerte référencée dans l’archive 2026 de FrenchBreaches ; détails à enrichir depuis la fiche source.,https://frenchbreaches.com/alertes/cartogip-gip-atgeri-ms25bj1kfym1fayo10t,Rattrapage 2026 depuis l’archive FrenchBreaches — CartoGIP (GIP ATGeRi).,nouveau
2026-07-26,Batipro33,France,Gironde et spécialisé,Construction / BTP,Fuite de données,Inconnu,Référencé par FrenchBreaches ; corroboration variable,50,Alerte référencée dans l’archive 2026 de FrenchBreaches ; détails à enrichir depuis la fiche source.,https://frenchbreaches.com/alertes/batipro33-ms2b8uma6p3przeq7wv,Rattrapage 2026 depuis l’archive FrenchBreaches — Batipro33.,nouveau
2026-07-25,Productly,France,France,Commerce / Distribution,Fuite de données,Inconnu,Référencé par FrenchBreaches ; corroboration variable,50,Alerte référencée dans l’archive 2026 de FrenchBreaches ; détails à enrichir depuis la fiche source.,https://frenchbreaches.com/alertes/productly-ms010djtc7o988mbjnu,Rattrapage 2026 depuis l’archive FrenchBreaches — Productly.,nouveau
2026-07-25,Driveco,France,France,Inconnu,Fuite de données,Inconnu,Référencé par FrenchBreaches ; corroboration variable,50,Alerte référencée dans l’archive 2026 de FrenchBreaches ; détails à enrichir depuis la fiche source.,https://frenchbreaches.com/alertes/driveco-ms0wsz8la08oz17ytnb,Rattrapage 2026 depuis l’archive FrenchBreaches — Driveco.,nouveau
2026-07-24,Service Départemental d'Incendie et de Secours 51 (SDIS),France,France,Administration / Collectivité,Fuite de données,Inconnu,Référencé par FrenchBreaches ; corroboration variable,50,Alerte référencée dans l’archive 2026 de FrenchBreaches ; détails à enrichir depuis la fiche source.,https://frenchbreaches.com/alertes/service-d-partemental-d-incendie-et-de-secours-51-sdis-mrz3sudn787b60zlp9l,Rattrapage 2026 depuis l’archive FrenchBreaches — Service Départemental d'Incendie et de Secours 51 (SDIS).,nouveau
2026-07-24,Service Départemental d'Incendie et de Secours 40 (SDIS),France,France,Administration / Collectivité,Fuite de données,Inconnu,Référencé par FrenchBreaches ; corroboration variable,50,Alerte référencée dans l’archive 2026 de FrenchBreaches ; détails à enrichir depuis la fiche source.,https://frenchbreaches.com/alertes/service-d-partemental-d-incendie-et-de-secours-40-sdis-mrz3s2c6i40rlxhgdb,Rattrapage 2026 depuis l’archive FrenchBreaches — Service Départemental d'Incendie et de Secours 40 (SDIS).,nouveau
2026-07-24,Service Départemental d'Incendie et de Secours 06 (SDIS),France,France,Administration / Collectivité,Fuite de données,Inconnu,Référencé par FrenchBreaches ; corroboration variable,50,Alerte référencée dans l’archive 2026 de FrenchBreaches ; détails à enrichir depuis la fiche source.,https://frenchbreaches.com/alertes/service-d-partemental-d-incendie-et-de-secours-06-sdis-mryl5mwvvwjea4ojw9j,Rattrapage 2026 depuis l’archive FrenchBreaches — Service Départemental d'Incendie et de Secours 06 (SDIS).,nouveau
2026-07-24,Service Départemental d'Incendie et de Secours 04 (SDIS),France,France,Administration / Collectivité,Fuite de données,Inconnu,Référencé par FrenchBreaches ; corroboration variable,50,Alerte référencée dans l’archive 2026 de FrenchBreaches ; détails à enrichir depuis la fiche source.,https://frenchbreaches.com/alertes/service-d-partemental-d-incendie-et-de-secours-04-sdis-mryl4r4imof2870biqk,Rattrapage 2026 depuis l’archive FrenchBreaches — Service Départemental d'Incendie et de Secours 04 (SDIS).,nouveau
2026-07-24,Service Départemental d'Incendie et de Secours 02 (SDIS),France,France,Administration / Collectivité,Fuite de données,Inconnu,Référencé par FrenchBreaches ; corroboration variable,50,Alerte référencée dans l’archive 2026 de FrenchBreaches ; détails à enrichir depuis la fiche source.,https://frenchbreaches.com/alertes/service-d-partemental-d-incendie-et-de-secours-02-sdis-mrz3tygjcqgju5eleha,Rattrapage 2026 depuis l’archive FrenchBreaches — Service Départemental d'Incendie et de Secours 02 (SDIS).,nouveau
2026-07-24,SKOLAE,France,France,Éducation / Formation,Fuite de données,Inconnu,Référencé par FrenchBreaches ; corroboration variable,50,Alerte référencée dans l’archive 2026 de FrenchBreaches ; détails à enrichir depuis la fiche source.,https://frenchbreaches.com/alertes/skolae-mrzem313qv3bs8qdks8,Rattrapage 2026 depuis l’archive FrenchBreaches — SKOLAE.,nouveau
2026-07-24,Ingénierie Système Inter-Instituts (CNRS),France,France,Inconnu,Fuite de données,Inconnu,Référencé par FrenchBreaches ; corroboration variable,50,Alerte référencée dans l’archive 2026 de FrenchBreaches ; détails à enrichir depuis la fiche source.,https://frenchbreaches.com/alertes/ing-nierie-syst-me-inter-instituts-cnrs-mrz668bqrtpfbmgcof9,Rattrapage 2026 depuis l’archive FrenchBreaches — Ingénierie Système Inter-Instituts (CNRS).,nouveau
2026-07-24,Centre Hospitalier de Chaumont,France,France,Finance / Assurance,Fuite de données,Inconnu,Référencé par FrenchBreaches ; corroboration variable,50,Alerte référencée dans l’archive 2026 de FrenchBreaches ; détails à enrichir depuis la fiche source.,https://frenchbreaches.com/alertes/centre-hospitalier-de-chaumont-mry2us6z9lxt08w8ztw,Rattrapage 2026 depuis l’archive FrenchBreaches — Centre Hospitalier de Chaumont.,nouveau
2026-07-24,Alpissimmo,France,France,Commerce / Distribution,Fuite de données,Inconnu,Référencé par FrenchBreaches ; corroboration variable,50,Alerte référencée dans l’archive 2026 de FrenchBreaches ; détails à enrichir depuis la fiche source.,https://frenchbreaches.com/alertes/alpissimmo-mrzgdn49uk099slvnm,Rattrapage 2026 depuis l’archive FrenchBreaches — Alpissimmo.,nouveau
2026-07-23,Université d’Avignon,France,France,Éducation / Formation,Fuite de données,Inconnu,Référencé par FrenchBreaches ; corroboration variable,50,Alerte référencée dans l’archive 2026 de FrenchBreaches ; détails à enrichir depuis la fiche source.,https://frenchbreaches.com/alertes/universit-d-avignon-mrxhevofqu9spqmlhu,Rattrapage 2026 depuis l’archive FrenchBreaches — Université d’Avignon.,nouveau
2026-07-23,Fédération française de l’Ordre Maçonnique Mixte International Le Droit Humain,France,France,Sport,Fuite de données,Inconnu,Référencé par FrenchBreaches ; corroboration variable,50,Alerte référencée dans l’archive 2026 de FrenchBreaches ; détails à enrichir depuis la fiche source.,https://frenchbreaches.com/alertes/f-d-ration-fran-aise-de-l-ordre-ma-onnique-mixte-international-le-droit-humain-mrxxf9a9acbpfpsa7ta,Rattrapage 2026 depuis l’archive FrenchBreaches — Fédération française de l’Ordre Maçonnique Mixte International Le Droit Humain.,nouveau
2026-07-23,France Cyber Défense,France,France,Commerce / Distribution,Fuite de données,Inconnu,Référencé par FrenchBreaches ; corroboration variable,50,Alerte référencée dans l’archive 2026 de FrenchBreaches ; détails à enrichir depuis la fiche source.,https://frenchbreaches.com/alertes/france-cyber-d-fense-mrxd8ygo8ndtxqd9jt3,Rattrapage 2026 depuis l’archive FrenchBreaches — France Cyber Défense.,nouveau
2026-07-23,Aide à Dom 74,France,France,Commerce / Distribution,Fuite de données,Inconnu,Référencé par FrenchBreaches ; corroboration variable,50,Alerte référencée dans l’archive 2026 de FrenchBreaches ; détails à enrichir depuis la fiche source.,https://frenchbreaches.com/alertes/aide-dom-74-mrxbr337uk6jik70qp,Rattrapage 2026 depuis l’archive FrenchBreaches — Aide à Dom 74.,nouveau
2026-07-22,La Ville de Drancy,France,France,Administration / Collectivité,Fuite de données,Inconnu,Référencé par FrenchBreaches ; corroboration variable,50,Alerte référencée dans l’archive 2026 de FrenchBreaches ; détails à enrichir depuis la fiche source.,https://frenchbreaches.com/alertes/la-ville-de-drancy-mrw497vrl1fjlaf3uz,Rattrapage 2026 depuis l’archive FrenchBreaches — La Ville de Drancy.,nouveau
2026-07-22,Immobilière Tariot,France,Marseille,Commerce / Distribution,Fuite de données,Inconnu,Référencé par FrenchBreaches ; corroboration variable,50,Alerte référencée dans l’archive 2026 de FrenchBreaches ; détails à enrichir depuis la fiche source.,https://frenchbreaches.com/alertes/immobili-re-tariot-mrw6q1xmi2mjem1nm,Rattrapage 2026 depuis l’archive FrenchBreaches — Immobilière Tariot.,nouveau
2026-07-22,Globalfleet (Avigeoloc),France,France,Transport / Logistique,Fuite de données,Inconnu,Référencé par FrenchBreaches ; corroboration variable,50,Alerte référencée dans l’archive 2026 de FrenchBreaches ; détails à enrichir depuis la fiche source.,https://frenchbreaches.com/alertes/globalfleet-avigeoloc-mrw0z9ycuj44qxa62y,Rattrapage 2026 depuis l’archive FrenchBreaches — Globalfleet (Avigeoloc).,nouveau
2026-07-22,ERIS Fire Protection,France,France,Commerce / Distribution,Fuite de données,Inconnu,Référencé par FrenchBreaches ; corroboration variable,50,Alerte référencée dans l’archive 2026 de FrenchBreaches ; détails à enrichir depuis la fiche source.,https://frenchbreaches.com/alertes/eris-fire-protection-mrvbifhs1wsm7w77z1h,Rattrapage 2026 depuis l’archive FrenchBreaches — ERIS Fire Protection.,nouveau
2026-07-22,BeBunk,France,France,Inconnu,Fuite de données,Inconnu,Référencé par FrenchBreaches ; corroboration variable,50,Alerte référencée dans l’archive 2026 de FrenchBreaches ; détails à enrichir depuis la fiche source.,https://frenchbreaches.com/alertes/bebunk-mrvzhnzsr6prb25581,Rattrapage 2026 depuis l’archive FrenchBreaches — BeBunk.,nouveau
2026-07-21,Rassemblement National,France,France,Sport,Fuite de données,Inconnu,Référencé par FrenchBreaches ; corroboration variable,50,Alerte référencée dans l’archive 2026 de FrenchBreaches ; détails à enrichir depuis la fiche source.,https://frenchbreaches.com/alertes/rassemblement-national-mrtqqhddmbm050xqnkm,Rattrapage 2026 depuis l’archive FrenchBreaches — Rassemblement National.,nouveau
2026-07-21,Ministère de l’Intérieur (BANATIC),France,France,Administration / Collectivité,Fuite de données,Inconnu,Référencé par FrenchBreaches ; corroboration variable,50,Alerte référencée dans l’archive 2026 de FrenchBreaches ; détails à enrichir depuis la fiche source.,https://frenchbreaches.com/alertes/minist-re-de-l-int-rieur-banatic-mrtw6vp98u2pt4zjbnx,Rattrapage 2026 depuis l’archive FrenchBreaches — Ministère de l’Intérieur (BANATIC).,nouveau
2026-07-21,Centre hospitalier de Perpignan,France,France,Numérique / Technologie,Fuite de données,Inconnu,Référencé par FrenchBreaches ; corroboration variable,50,Alerte référencée dans l’archive 2026 de FrenchBreaches ; détails à enrichir depuis la fiche source.,https://frenchbreaches.com/alertes/centre-hospitalier-de-perpignan-mrtt1nkz81u5vy7trwc,Rattrapage 2026 depuis l’archive FrenchBreaches — Centre hospitalier de Perpignan.,nouveau
2026-07-20,France Casse,France,France,Administration / Collectivité,Fuite de données,Inconnu,Référencé par FrenchBreaches ; corroboration variable,50,Alerte référencée dans l’archive 2026 de FrenchBreaches ; détails à enrichir depuis la fiche source.,https://frenchbreaches.com/alertes/france-casse-mrtcclz4oxmre6nq6pn | https://www.bing.com/ck/a?!&&p=76e26dcda10585b331ef1bdb6fe41bba97d57f8e1dba23438455791534c29d6cJmltdHM9MTc4NjgzODQwMA&ptn=3&ver=2&hsh=4&fclid=1c253a46-9b22-654c-2e9c-2df19af96489&u=a1aHR0cHM6Ly93d3cuZGl2b25uZWxlc2JhaW5zLmZyLw&ntb=1 | https://www.bing.com/ck/a?!&&p=072d84bfb1c5cce23d8cbbc6acd20076e7a38ff81d99d8cdf6482b10ac8f46d2JmltdHM9MTc4NjgzODQwMA&ptn=3&ver=2&hsh=4&fclid=1c253a46-9b22-654c-2e9c-2df19af96489&u=a1aHR0cHM6Ly93d3cuZGl2b25uZWxlc2JhaW5zLmZyL2FjdHVhbGl0ZS8yNzA3My8xMzg4NC1pbmZvcm1hdGlvbi1jaXJjdWxhdGlvbi1nNy5odG0&ntb=1,Rattrapage 2026 depuis l’archive FrenchBreaches — France Casse.,nouveau
2026-07-18,Ville de Saint-Herblain,France,France,Administration / Collectivité,Fuite de données,Inconnu,Référencé par FrenchBreaches ; corroboration variable,50,Alerte référencée dans l’archive 2026 de FrenchBreaches ; détails à enrichir depuis la fiche source.,https://frenchbreaches.com/alertes/ville-de-saint-herblain-mrpsbklu8rr64dxigql,Rattrapage 2026 depuis l’archive FrenchBreaches — Ville de Saint-Herblain.,nouveau
2026-07-18,Paris School of Business,France,France,Industrie / Manufacture,Fuite de données,Inconnu,Référencé par FrenchBreaches ; corroboration variable,50,Alerte référencée dans l’archive 2026 de FrenchBreaches ; détails à enrichir depuis la fiche source.,https://frenchbreaches.com/alertes/paris-school-of-business-mrqanwxgpq5zqao7p,Rattrapage 2026 depuis l’archive FrenchBreaches — Paris School of Business.,nouveau
2026-07-17,SFR,France,France,Numérique / Technologie,Fuite de données,Inconnu,Référencé par FrenchBreaches ; corroboration variable,50,Alerte référencée dans l’archive 2026 de FrenchBreaches ; détails à enrichir depuis la fiche source.,https://frenchbreaches.com/alertes/sfr-mrp254s7k2z2s62yzqf,Rattrapage 2026 depuis l’archive FrenchBreaches — SFR.,nouveau
2026-07-16,VetoAvenue,France,France,Commerce / Distribution,Fuite de données,Inconnu,Référencé par FrenchBreaches ; corroboration variable,50,Alerte référencée dans l’archive 2026 de FrenchBreaches ; détails à enrichir depuis la fiche source.,https://frenchbreaches.com/alertes/vetoavenue-mrnhrjukheld5gzuru,Rattrapage 2026 depuis l’archive FrenchBreaches — VetoAvenue.,nouveau
2026-07-16,Sapeurs-pompiers,France,France,Sport,Fuite de données,Inconnu,Référencé par FrenchBreaches ; corroboration variable,50,Alerte référencée dans l’archive 2026 de FrenchBreaches ; détails à enrichir depuis la fiche source.,https://frenchbreaches.com/alertes/sapeurs-pompiers-mrnpkv6gp5oyunp7b9p,Rattrapage 2026 depuis l’archive FrenchBreaches — Sapeurs-pompiers.,nouveau
2026-07-16,Fédération nationale des sapeurs-pompiers de France,France,France,Sport,Fuite de données,Inconnu,Référencé par FrenchBreaches ; corroboration variable,50,Alerte référencée dans l’archive 2026 de FrenchBreaches ; détails à enrichir depuis la fiche source.,https://frenchbreaches.com/alertes/f-d-ration-nationale-des-sapeurs-pompiers-de-france-mrntmfqv7lba5zyadtk,Rattrapage 2026 depuis l’archive FrenchBreaches — Fédération nationale des sapeurs-pompiers de France.,nouveau
2026-07-16,Fédération des Centres Sociaux et Socioculturels de France,France,France,Sport,Fuite de données,Inconnu,Référencé par FrenchBreaches ; corroboration variable,50,Alerte référencée dans l’archive 2026 de FrenchBreaches ; détails à enrichir depuis la fiche source.,https://frenchbreaches.com/alertes/f-d-ration-des-centres-sociaux-et-socioculturels-de-france-mrnd0ptde8z5164u4ig,Rattrapage 2026 depuis l’archive FrenchBreaches — Fédération des Centres Sociaux et Socioculturels de France.,nouveau
2026-07-16,Europ-Camera,France,France,Commerce / Distribution,Fuite de données,Inconnu,Référencé par FrenchBreaches ; corroboration variable,50,Alerte référencée dans l’archive 2026 de FrenchBreaches ; détails à enrichir depuis la fiche source.,https://frenchbreaches.com/alertes/europ-camera-mro03u0lxlr1lqslbxs,Rattrapage 2026 depuis l’archive FrenchBreaches — Europ-Camera.,nouveau
2026-07-16,EVA,France,France,Éducation / Formation,Fuite de données,Inconnu,Référencé par FrenchBreaches ; corroboration variable,50,Alerte référencée dans l’archive 2026 de FrenchBreaches ; détails à enrichir depuis la fiche source.,https://frenchbreaches.com/alertes/eva-mrnckeplraz26wc8ved | https://www.bing.com/ck/a?!&&p=6150ab6a43e2e429cbbb10b0e14707935c4630ade2132fa9ea9ae7f8c47c60d6JmltdHM9MTc4NjgzODQwMA&ptn=3&ver=2&hsh=4&fclid=2fe2ab30-3ba2-6120-346a-bc873ae260dd&u=a1aHR0cHM6Ly9wbGF5Lmdvb2dsZS5jb20vc3RvcmUvYXBwcy9kZXRhaWxzP2lkPWNvbS5kdHMuZnJlZWZpcmV0aCZobD1lcw&ntb=1 | https://www.bing.com/ck/a?!&&p=2578e146c90bbef013c621ec3c813f79b0795badfef6a161319e53ef9c5da330JmltdHM9MTc4NjgzODQwMA&ptn=3&ver=2&hsh=4&fclid=2fe2ab30-3ba2-6120-346a-bc873ae260dd&u=a1aHR0cHM6Ly9wbGF5Lmdvb2dsZS5jb20vc3RvcmUvYXBwcy9kZXRhaWxzP2lkPWNvbS5kdHMuZnJlZWZpcmVtYXgmaGw9ZW4&ntb=1 | https://www.bing.com/ck/a?!&&p=2312d3dad461015ba95ae8f911336e3c30ae7cd7479589ecc5462a38a1893b15JmltdHM9MTc4NjgzODQwMA&ptn=3&ver=2&hsh=4&fclid=2fe2ab30-3ba2-6120-346a-bc873ae260dd&u=a1aHR0cHM6Ly93d3cudXNhdG9kYXkuY29tL3Nwb3J0cy8&ntb=1,Rattrapage 2026 depuis l’archive FrenchBreaches — EVA.,nouveau
2026-07-16,Croq'Vacances,France,France,Commerce / Distribution,Fuite de données,Inconnu,Référencé par FrenchBreaches ; corroboration variable,50,Alerte référencée dans l’archive 2026 de FrenchBreaches ; détails à enrichir depuis la fiche source.,https://frenchbreaches.com/alertes/croq-vacances-mrmngqmantf6ida2nk,Rattrapage 2026 depuis l’archive FrenchBreaches — Croq'Vacances.,nouveau
2026-07-16,Accor,France,France,Inconnu,Fuite de données,Inconnu,Référencé par FrenchBreaches ; corroboration variable,50,Alerte référencée dans l’archive 2026 de FrenchBreaches ; détails à enrichir depuis la fiche source.,https://frenchbreaches.com/alertes/accor-mrnestktvsq82nhtwf9,Rattrapage 2026 depuis l’archive FrenchBreaches — Accor.,nouveau
2026-07-15,Actiale,France,France,Commerce / Distribution,Fuite de données,Inconnu,Référencé par FrenchBreaches ; corroboration variable,50,Alerte référencée dans l’archive 2026 de FrenchBreaches ; détails à enrichir depuis la fiche source.,https://frenchbreaches.com/alertes/actiale-mrmmd5cn81sfonmd1la,Rattrapage 2026 depuis l’archive FrenchBreaches — Actiale.,nouveau
2026-07-14,Kosc Telecom,France,France,Numérique / Technologie,Fuite de données,Inconnu,Référencé par FrenchBreaches ; corroboration variable,50,Alerte référencée dans l’archive 2026 de FrenchBreaches ; détails à enrichir depuis la fiche source.,https://frenchbreaches.com/alertes/kosc-telecom-mrko5ru4s6tye49s7jp,Rattrapage 2026 depuis l’archive FrenchBreaches — Kosc Telecom.,nouveau
2026-07-14,France Pare-Brise,France,France,Commerce / Distribution,Fuite de données,Inconnu,Référencé par FrenchBreaches ; corroboration variable,50,Alerte référencée dans l’archive 2026 de FrenchBreaches ; détails à enrichir depuis la fiche source.,https://frenchbreaches.com/alertes/france-pare-brise-mrkjfwtjw105ywlmsum,Rattrapage 2026 depuis l’archive FrenchBreaches — France Pare-Brise.,nouveau
2026-07-14,DoinSport,France,France,Sport,Fuite de données,Inconnu,Référencé par FrenchBreaches ; corroboration variable,50,Alerte référencée dans l’archive 2026 de FrenchBreaches ; détails à enrichir depuis la fiche source.,https://frenchbreaches.com/alertes/doinsport-mrkk27yovkqwcluj37,Rattrapage 2026 depuis l’archive FrenchBreaches — DoinSport.,nouveau
2026-07-13,Litige.fr,France,France,Commerce / Distribution,Fuite de données,Inconnu,Référencé par FrenchBreaches ; corroboration variable,50,Alerte référencée dans l’archive 2026 de FrenchBreaches ; détails à enrichir depuis la fiche source.,https://frenchbreaches.com/alertes/litige-fr-mrjahqwtoitit494ocr,Rattrapage 2026 depuis l’archive FrenchBreaches — Litige.fr.,nouveau
2026-07-13,BeTrail,France,France,Commerce / Distribution,Fuite de données,Inconnu,Référencé par FrenchBreaches ; corroboration variable,50,Alerte référencée dans l’archive 2026 de FrenchBreaches ; détails à enrichir depuis la fiche source.,https://frenchbreaches.com/alertes/betrail-mrjg7g6l0wz25c70v7k,Rattrapage 2026 depuis l’archive FrenchBreaches — BeTrail.,nouveau
2026-07-12,École Internationale de Marketing et Management du Luxe (EIML),France,France,Éducation / Formation,Fuite de données,Inconnu,Référencé par FrenchBreaches ; corroboration variable,50,Alerte référencée dans l’archive 2026 de FrenchBreaches ; détails à enrichir depuis la fiche source.,https://frenchbreaches.com/alertes/cole-internationale-de-marketing-et-management-du-luxe-eiml-mrh9pkdg8m3jj4hucfl,Rattrapage 2026 depuis l’archive FrenchBreaches — École Internationale de Marketing et Management du Luxe (EIML).,nouveau
2026-07-12,eBenefits Prévoyance,France,France,Finance / Assurance,Fuite de données,Inconnu,Référencé par FrenchBreaches ; corroboration variable,50,Alerte référencée dans l’archive 2026 de FrenchBreaches ; détails à enrichir depuis la fiche source.,https://frenchbreaches.com/alertes/ebenefits-pr-voyance-mria1cywfewi9qftof5,Rattrapage 2026 depuis l’archive FrenchBreaches — eBenefits Prévoyance.,nouveau
2026-07-12,Réseau des Grandes Ecoles Spécialisées (GES),France,France,Éducation / Formation,Fuite de données,Inconnu,Référencé par FrenchBreaches ; corroboration variable,50,Alerte référencée dans l’archive 2026 de FrenchBreaches ; détails à enrichir depuis la fiche source.,https://frenchbreaches.com/alertes/r-seau-des-grandes-ecoles-sp-cialis-es-ges-mrhvlv689u3rro7yhxm,Rattrapage 2026 depuis l’archive FrenchBreaches — Réseau des Grandes Ecoles Spécialisées (GES).,nouveau
2026-07-12,Lidl (France),France,France,Commerce / Distribution,Fuite de données,Inconnu,Référencé par FrenchBreaches ; corroboration variable,50,Alerte référencée dans l’archive 2026 de FrenchBreaches ; détails à enrichir depuis la fiche source.,https://frenchbreaches.com/alertes/lidl-france-mri14wg3inxgruxb6ep,Rattrapage 2026 depuis l’archive FrenchBreaches — Lidl (France).,nouveau
2026-07-11,Lidl (Belgique),Belgique,Belgique,Commerce / Distribution,Fuite de données,Inconnu,Référencé par FrenchBreaches ; corroboration variable,50,Alerte référencée dans l’archive 2026 de FrenchBreaches ; détails à enrichir depuis la fiche source.,https://frenchbreaches.com/alertes/lidl-belgique-mrgbqgxr7sq3kig2v4r,Rattrapage 2026 depuis l’archive FrenchBreaches — Lidl (Belgique).,nouveau
2026-07-11,L'École Supérieure des Métiers de l'Immobilier,France,France,Éducation / Formation,Fuite de données,Inconnu,Référencé par FrenchBreaches ; corroboration variable,50,Alerte référencée dans l’archive 2026 de FrenchBreaches ; détails à enrichir depuis la fiche source.,https://frenchbreaches.com/alertes/l-cole-sup-rieure-des-m-tiers-de-l-immobilier-mrgkdfed2uqnabwqw5p,Rattrapage 2026 depuis l’archive FrenchBreaches — L'École Supérieure des Métiers de l'Immobilier.,nouveau
2026-07-10,Tendance Roadster,France,France,Inconnu,Fuite de données,Inconnu,Référencé par FrenchBreaches ; corroboration variable,50,Alerte référencée dans l’archive 2026 de FrenchBreaches ; détails à enrichir depuis la fiche source.,https://frenchbreaches.com/alertes/tendance-roadster-mrf095u5d9q9lipyo4,Rattrapage 2026 depuis l’archive FrenchBreaches — Tendance Roadster.,nouveau
2026-07-10,Spiko (Onfido),France,France,Finance / Assurance,Fuite de données,Inconnu,Référencé par FrenchBreaches ; corroboration variable,50,Alerte référencée dans l’archive 2026 de FrenchBreaches ; détails à enrichir depuis la fiche source.,https://frenchbreaches.com/alertes/spiko-onfido-mre9qn4ac3nvxyaqs9l | https://www.bing.com/ck/a?!&&p=fa7279192a7e54d3b81b688653b3c6d5c634899c3b7107273f7b5c9794db031fJmltdHM9MTc4NjgzODQwMA&ptn=3&ver=2&hsh=4&fclid=0196688e-a2e4-69b5-0081-7f39a3996823&u=a1aHR0cHM6Ly93d3cuY2hlY2tzdW5saW1pdGVkLmNvbS8&ntb=1 | https://www.bing.com/ck/a?!&&p=f30f1d6d051b32e8bebfc645179cd2b380cdb6bdfb6bc0c5830d86f1d0b918bbJmltdHM9MTc4NjgzODQwMA&ptn=3&ver=2&hsh=4&fclid=0196688e-a2e4-69b5-0081-7f39a3996823&u=a1aHR0cHM6Ly93d3cuY2hlY2tzdW5saW1pdGVkLmNvbS9jaGVja3Mv&ntb=1,Rattrapage 2026 depuis l’archive FrenchBreaches — Spiko (Onfido).,nouveau
2026-07-10,PPA Business School,France,France,Industrie / Manufacture,Fuite de données,Inconnu,Référencé par FrenchBreaches ; corroboration variable,50,Alerte référencée dans l’archive 2026 de FrenchBreaches ; détails à enrichir depuis la fiche source.,https://frenchbreaches.com/alertes/ppa-business-school-mrf6wkxt8sube30ze9e,Rattrapage 2026 depuis l’archive FrenchBreaches — PPA Business School.,nouveau
2026-07-10,Le Système National d'Observation de la Sécurité en Montagne (SNOSM),France,France,Administration / Collectivité,Fuite de données,Inconnu,Référencé par FrenchBreaches ; corroboration variable,50,Alerte référencée dans l’archive 2026 de FrenchBreaches ; détails à enrichir depuis la fiche source.,https://frenchbreaches.com/alertes/le-syst-me-national-d-observation-de-la-s-curit-en-montagne-snosm-mre25yiwd3oyq87ndz7,Rattrapage 2026 depuis l’archive FrenchBreaches — Le Système National d'Observation de la Sécurité en Montagne (SNOSM).,nouveau
2026-07-10,La Ville de Carros,France,France,Administration / Collectivité,Fuite de données,Inconnu,Référencé par FrenchBreaches ; corroboration variable,50,Alerte référencée dans l’archive 2026 de FrenchBreaches ; détails à enrichir depuis la fiche source.,https://frenchbreaches.com/alertes/la-ville-de-carros-mrf0dto099t20otrozs,Rattrapage 2026 depuis l’archive FrenchBreaches — La Ville de Carros.,nouveau
2026-07-10,L'Ordre des Vétérinaires,France,France,Finance / Assurance,Fuite de données,Inconnu,Référencé par FrenchBreaches ; corroboration variable,50,Alerte référencée dans l’archive 2026 de FrenchBreaches ; détails à enrichir depuis la fiche source.,https://frenchbreaches.com/alertes/l-ordre-des-v-t-rinaires-mrf7ioh4s6gscqnuk7n,Rattrapage 2026 depuis l’archive FrenchBreaches — L'Ordre des Vétérinaires.,nouveau
2026-07-10,ENS Paris-Saclay (Alumni),France,France,Éducation / Formation,Fuite de données,Inconnu,Référencé par FrenchBreaches ; corroboration variable,50,Alerte référencée dans l’archive 2026 de FrenchBreaches ; détails à enrichir depuis la fiche source.,https://frenchbreaches.com/alertes/ens-paris-saclay-alumni-mre9w169fwafflzunrf,Rattrapage 2026 depuis l’archive FrenchBreaches — ENS Paris-Saclay (Alumni).,nouveau
2026-07-10,Bebeboutik,France,France,Commerce / Distribution,Fuite de données,Inconnu,Référencé par FrenchBreaches ; corroboration variable,50,Alerte référencée dans l’archive 2026 de FrenchBreaches ; détails à enrichir depuis la fiche source.,https://frenchbreaches.com/alertes/bebeboutik-mrcl1vj3lfyle15iu2p,Rattrapage 2026 depuis l’archive FrenchBreaches — Bebeboutik.,nouveau
2026-07-10,Association,France,France,Finance / Assurance,Fuite de données,Inconnu,Référencé par FrenchBreaches ; corroboration variable,50,Alerte référencée dans l’archive 2026 de FrenchBreaches ; détails à enrichir depuis la fiche source.,https://frenchbreaches.com/alertes/association-mreb16oihxyzs4ythr,Rattrapage 2026 depuis l’archive FrenchBreaches — Association.,nouveau
2026-07-09,École Supérieure de Génie Informatique,France,France,Éducation / Formation,Fuite de données,Inconnu,Référencé par FrenchBreaches ; corroboration variable,50,Alerte référencée dans l’archive 2026 de FrenchBreaches ; détails à enrichir depuis la fiche source.,https://frenchbreaches.com/alertes/cole-sup-rieure-de-g-nie-informatique-mrcgprix0kpjq30mdyab,Rattrapage 2026 depuis l’archive FrenchBreaches — École Supérieure de Génie Informatique.,nouveau
2026-07-09,La Communauté de Communes Pays du Mont-Blanc,France,France,Numérique / Technologie,Fuite de données,Inconnu,Référencé par FrenchBreaches ; corroboration variable,50,Alerte référencée dans l’archive 2026 de FrenchBreaches ; détails à enrichir depuis la fiche source.,https://frenchbreaches.com/alertes/la-communaut-de-communes-pays-du-mont-blanc-mrdh27dslj47bdbm2os,Rattrapage 2026 depuis l’archive FrenchBreaches — La Communauté de Communes Pays du Mont-Blanc.,nouveau
2026-07-09,Fédération Française Handisport,France,France,Sport,Fuite de données,Inconnu,Référencé par FrenchBreaches ; corroboration variable,50,Alerte référencée dans l’archive 2026 de FrenchBreaches ; détails à enrichir depuis la fiche source.,https://frenchbreaches.com/alertes/f-d-ration-fran-aise-handisport-mrdnhmv750k13y1x4t,Rattrapage 2026 depuis l’archive FrenchBreaches — Fédération Française Handisport.,nouveau
2026-07-09,Flymoove (Moove),France,France,Inconnu,Fuite de données,Inconnu,Référencé par FrenchBreaches ; corroboration variable,50,Alerte référencée dans l’archive 2026 de FrenchBreaches ; détails à enrichir depuis la fiche source.,https://frenchbreaches.com/alertes/flymoove-moove-mrdp0pgt2kizk98ngzx,Rattrapage 2026 depuis l’archive FrenchBreaches — Flymoove (Moove).,nouveau
2026-07-09,Atout France,France,France,Administration / Collectivité,Fuite de données,Inconnu,Référencé par FrenchBreaches ; corroboration variable,50,Alerte référencée dans l’archive 2026 de FrenchBreaches ; détails à enrichir depuis la fiche source.,https://frenchbreaches.com/alertes/atout-france-mrcnm4ydnsf9kgifoe,Rattrapage 2026 depuis l’archive FrenchBreaches — Atout France.,nouveau
2026-07-08,Homers,France,France,Commerce / Distribution,Fuite de données,Inconnu,Référencé par FrenchBreaches ; corroboration variable,50,Alerte référencée dans l’archive 2026 de FrenchBreaches ; détails à enrichir depuis la fiche source.,https://frenchbreaches.com/alertes/homers-mqa5d2n45f7j6c70e7u,Rattrapage 2026 depuis l’archive FrenchBreaches — Homers.,nouveau
2026-07-08,Fédération Française d'Équitation,France,France,Sport,Fuite de données,Inconnu,Référencé par FrenchBreaches ; corroboration variable,50,Alerte référencée dans l’archive 2026 de FrenchBreaches ; détails à enrichir depuis la fiche source.,https://frenchbreaches.com/alertes/f-d-ration-fran-aise-d-quitation-mrcecxiwl5ib8ys4a1,Rattrapage 2026 depuis l’archive FrenchBreaches — Fédération Française d'Équitation.,nouveau
2026-07-08,Boutique SDAG,France,France,Commerce / Distribution,Fuite de données,Inconnu,Référencé par FrenchBreaches ; corroboration variable,50,Alerte référencée dans l’archive 2026 de FrenchBreaches ; détails à enrichir depuis la fiche source.,https://frenchbreaches.com/alertes/boutique-sdag-mrckzztfxdxf4vuaism,Rattrapage 2026 depuis l’archive FrenchBreaches — Boutique SDAG.,nouveau
2026-07-07,Télécom Saint-Étienne,France,France,Numérique / Technologie,Fuite de données,Inconnu,Référencé par FrenchBreaches ; corroboration variable,50,Alerte référencée dans l’archive 2026 de FrenchBreaches ; détails à enrichir depuis la fiche source.,https://frenchbreaches.com/alertes/t-l-com-saint-tienne-mrawy7n5yioswt59sa,Rattrapage 2026 depuis l’archive FrenchBreaches — Télécom Saint-Étienne.,nouveau
2026-07-07,PixartPrinting,France,France,Commerce / Distribution,Fuite de données,Inconnu,Référencé par FrenchBreaches ; corroboration variable,50,Alerte référencée dans l’archive 2026 de FrenchBreaches ; détails à enrichir depuis la fiche source.,https://frenchbreaches.com/alertes/pixartprinting-mrb09nn9jjqczzjou2j,Rattrapage 2026 depuis l’archive FrenchBreaches — PixartPrinting.,nouveau
2026-07-07,Mille et Une Listes,France,France,Inconnu,Fuite de données,Inconnu,Référencé par FrenchBreaches ; corroboration variable,50,Alerte référencée dans l’archive 2026 de FrenchBreaches ; détails à enrichir depuis la fiche source.,https://frenchbreaches.com/alertes/mille-et-une-listes-mrb0520lv7hu64eqzic,Rattrapage 2026 depuis l’archive FrenchBreaches — Mille et Une Listes.,nouveau
2026-07-07,Mifarma (Atida),France,France,Inconnu,Fuite de données,Inconnu,Référencé par FrenchBreaches ; corroboration variable,50,Alerte référencée dans l’archive 2026 de FrenchBreaches ; détails à enrichir depuis la fiche source.,https://frenchbreaches.com/alertes/mifarma-atida-mran7vwby14z6oasdm,Rattrapage 2026 depuis l’archive FrenchBreaches — Mifarma (Atida).,nouveau
2026-07-07,Fonds de Dotation pour l'Enfance,France,France,Sport,Fuite de données,Inconnu,Référencé par FrenchBreaches ; corroboration variable,50,Alerte référencée dans l’archive 2026 de FrenchBreaches ; détails à enrichir depuis la fiche source.,https://frenchbreaches.com/alertes/fonds-de-dotation-pour-l-enfance-mrat1b9dqib5gpvv0cg,Rattrapage 2026 depuis l’archive FrenchBreaches — Fonds de Dotation pour l'Enfance.,nouveau
2026-07-06,ministère de la Culture,France,France,Administration / Collectivité,Fuite de données,Inconnu,Référencé par FrenchBreaches ; corroboration variable,50,Alerte référencée dans l’archive 2026 de FrenchBreaches ; détails à enrichir depuis la fiche source.,https://frenchbreaches.com/alertes/minist-re-de-la-culture-mr8fgj8hukpv9n8h6e,Rattrapage 2026 depuis l’archive FrenchBreaches — ministère de la Culture.,nouveau
2026-07-06,The Burning Descent,France,France,Inconnu,Fuite de données,Inconnu,Référencé par FrenchBreaches ; corroboration variable,50,Alerte référencée dans l’archive 2026 de FrenchBreaches ; détails à enrichir depuis la fiche source.,https://frenchbreaches.com/alertes/the-burning-descent-mr8faz2zzdbxlxpy11,Rattrapage 2026 depuis l’archive FrenchBreaches — The Burning Descent.,nouveau
2026-07-06,Terr'Alta Immobilier,France,France,Construction / BTP,Fuite de données,Inconnu,Référencé par FrenchBreaches ; corroboration variable,50,Alerte référencée dans l’archive 2026 de FrenchBreaches ; détails à enrichir depuis la fiche source.,https://frenchbreaches.com/alertes/terr-alta-immobilier-mr8givktnhq7tzce36,Rattrapage 2026 depuis l’archive FrenchBreaches — Terr'Alta Immobilier.,nouveau
2026-07-06,Résidence Nemea,France,France,Administration / Collectivité,Fuite de données,Inconnu,Référencé par FrenchBreaches ; corroboration variable,50,Alerte référencée dans l’archive 2026 de FrenchBreaches ; détails à enrichir depuis la fiche source.,https://frenchbreaches.com/alertes/r-sidence-nemea-mr98h8cdhnjnzcyuwop,Rattrapage 2026 depuis l’archive FrenchBreaches — Résidence Nemea.,nouveau
2026-07-06,Lions France,France,France,Éducation / Formation,Fuite de données,Inconnu,Référencé par FrenchBreaches ; corroboration variable,50,Alerte référencée dans l’archive 2026 de FrenchBreaches ; détails à enrichir depuis la fiche source.,https://frenchbreaches.com/alertes/lions-france-mr588slq0kifhrtybrzp,Rattrapage 2026 depuis l’archive FrenchBreaches — Lions France.,nouveau
2026-07-06,1001coques,France,France,Transport / Logistique,Fuite de données,Inconnu,Référencé par FrenchBreaches ; corroboration variable,50,Alerte référencée dans l’archive 2026 de FrenchBreaches ; détails à enrichir depuis la fiche source.,https://frenchbreaches.com/alertes/1001coques-mr70sa9aoekv6yygwrf,Rattrapage 2026 depuis l’archive FrenchBreaches — 1001coques.,nouveau
2026-07-04,Lycée professionnel agricole Bel Air,France,France,Éducation / Formation,Fuite de données,Inconnu,Référencé par FrenchBreaches ; corroboration variable,50,Alerte référencée dans l’archive 2026 de FrenchBreaches ; détails à enrichir depuis la fiche source.,https://frenchbreaches.com/alertes/lyc-e-professionnel-agricole-bel-air-mr6fbk00a58fq3ak3oj,Rattrapage 2026 depuis l’archive FrenchBreaches — Lycée professionnel agricole Bel Air.,nouveau
2026-07-04,Lycée Saint-Exupéry,France,France,Éducation / Formation,Fuite de données,Inconnu,Référencé par FrenchBreaches ; corroboration variable,50,Alerte référencée dans l’archive 2026 de FrenchBreaches ; détails à enrichir depuis la fiche source.,https://frenchbreaches.com/alertes/lyc-e-saint-exup-ry-mr6f9veeb6n4ybepm0p,Rattrapage 2026 depuis l’archive FrenchBreaches — Lycée Saint-Exupéry.,nouveau
2026-07-04,Lycée Polyvalent de Laborde Basse,France,France,Éducation / Formation,Fuite de données,Inconnu,Référencé par FrenchBreaches ; corroboration variable,50,Alerte référencée dans l’archive 2026 de FrenchBreaches ; détails à enrichir depuis la fiche source.,https://frenchbreaches.com/alertes/lyc-e-polyvalent-de-laborde-basse-mr6f6782j9fbn4muor,Rattrapage 2026 depuis l’archive FrenchBreaches — Lycée Polyvalent de Laborde Basse.,nouveau
2026-07-04,Lycée Polyvalent Joseph-Marie Carriat,France,France,Éducation / Formation,Fuite de données,Inconnu,Référencé par FrenchBreaches ; corroboration variable,50,Alerte référencée dans l’archive 2026 de FrenchBreaches ; détails à enrichir depuis la fiche source.,https://frenchbreaches.com/alertes/lyc-e-polyvalent-joseph-marie-carriat-mr6f8inh9yhqulezspc,Rattrapage 2026 depuis l’archive FrenchBreaches — Lycée Polyvalent Joseph-Marie Carriat.,nouveau
2026-07-04,Lycée Polyvalent Georges Imbert,France,France,Éducation / Formation,Fuite de données,Inconnu,Référencé par FrenchBreaches ; corroboration variable,50,Alerte référencée dans l’archive 2026 de FrenchBreaches ; détails à enrichir depuis la fiche source.,https://frenchbreaches.com/alertes/lyc-e-polyvalent-georges-imbert-mr6f7ajux9u4b7v6mdp,Rattrapage 2026 depuis l’archive FrenchBreaches — Lycée Polyvalent Georges Imbert.,nouveau
2026-07-04,Lycée Lavoisier,France,France,Éducation / Formation,Fuite de données,Inconnu,Référencé par FrenchBreaches ; corroboration variable,50,Alerte référencée dans l’archive 2026 de FrenchBreaches ; détails à enrichir depuis la fiche source.,https://frenchbreaches.com/alertes/lyc-e-lavoisier-mr6f54lkm127rao0a1,Rattrapage 2026 depuis l’archive FrenchBreaches — Lycée Lavoisier.,nouveau
2026-07-04,Lycée GT et Pro La Fayette,France,France,Éducation / Formation,Fuite de données,Inconnu,Référencé par FrenchBreaches ; corroboration variable,50,Alerte référencée dans l’archive 2026 de FrenchBreaches ; détails à enrichir depuis la fiche source.,https://frenchbreaches.com/alertes/lyc-e-gt-et-pro-la-fayette-mr6f35mdap7m09dxa47,Rattrapage 2026 depuis l’archive FrenchBreaches — Lycée GT et Pro La Fayette.,nouveau
2026-07-04,Collège des Châteaux,France,France,Éducation / Formation,Fuite de données,Inconnu,Référencé par FrenchBreaches ; corroboration variable,50,Alerte référencée dans l’archive 2026 de FrenchBreaches ; détails à enrichir depuis la fiche source.,https://frenchbreaches.com/alertes/coll-ge-des-ch-teaux-mr6ewtx3vbvoirzwmg9,Rattrapage 2026 depuis l’archive FrenchBreaches — Collège des Châteaux.,nouveau
2026-07-04,Collège de Mercurol,France,France,Éducation / Formation,Fuite de données,Inconnu,Référencé par FrenchBreaches ; corroboration variable,50,Alerte référencée dans l’archive 2026 de FrenchBreaches ; détails à enrichir depuis la fiche source.,https://frenchbreaches.com/alertes/coll-ge-de-mercurol-mr6eu2nserqrl7k0rx,Rattrapage 2026 depuis l’archive FrenchBreaches — Collège de Mercurol.,nouveau
2026-07-04,Collège Jean Delacour,France,France,Éducation / Formation,Fuite de données,Inconnu,Référencé par FrenchBreaches ; corroboration variable,50,Alerte référencée dans l’archive 2026 de FrenchBreaches ; détails à enrichir depuis la fiche source.,https://frenchbreaches.com/alertes/coll-ge-jean-delacour-mr6f1mnd19p4d5hsajk,Rattrapage 2026 depuis l’archive FrenchBreaches — Collège Jean Delacour.,nouveau
2026-07-04,Collège Henri Ulrich,France,France,Éducation / Formation,Fuite de données,Inconnu,Référencé par FrenchBreaches ; corroboration variable,50,Alerte référencée dans l’archive 2026 de FrenchBreaches ; détails à enrichir depuis la fiche source.,https://frenchbreaches.com/alertes/coll-ge-henri-ulrich-mr6f0nfe782rdtlk4kw,Rattrapage 2026 depuis l’archive FrenchBreaches — Collège Henri Ulrich.,nouveau
2026-07-04,Collège Henri Laugier,France,France,Éducation / Formation,Fuite de données,Inconnu,Référencé par FrenchBreaches ; corroboration variable,50,Alerte référencée dans l’archive 2026 de FrenchBreaches ; détails à enrichir depuis la fiche source.,https://frenchbreaches.com/alertes/coll-ge-henri-laugier-mr6ezmhaxveg1kdz48p,Rattrapage 2026 depuis l’archive FrenchBreaches — Collège Henri Laugier.,nouveau
2026-07-04,Collège François Rabelais,France,France,Éducation / Formation,Fuite de données,Inconnu,Référencé par FrenchBreaches ; corroboration variable,50,Alerte référencée dans l’archive 2026 de FrenchBreaches ; détails à enrichir depuis la fiche source.,https://frenchbreaches.com/alertes/coll-ge-fran-ois-rabelais-mr6eybsrrcq4pfbp2sf,Rattrapage 2026 depuis l’archive FrenchBreaches — Collège François Rabelais.,nouveau
2026-07-04,Collège Compère Morel,France,France,Éducation / Formation,Fuite de données,Inconnu,Référencé par FrenchBreaches ; corroboration variable,50,Alerte référencée dans l’archive 2026 de FrenchBreaches ; détails à enrichir depuis la fiche source.,https://frenchbreaches.com/alertes/coll-ge-comp-re-morel-mr6esmf5054h32b2tby3,Rattrapage 2026 depuis l’archive FrenchBreaches — Collège Compère Morel.,nouveau
2026-07-04,Collège Albert Triboulet,France,France,Éducation / Formation,Fuite de données,Inconnu,Référencé par FrenchBreaches ; corroboration variable,50,Alerte référencée dans l’archive 2026 de FrenchBreaches ; détails à enrichir depuis la fiche source.,https://frenchbreaches.com/alertes/coll-ge-albert-triboulet-mr6erh2iyy8ywi2i9i,Rattrapage 2026 depuis l’archive FrenchBreaches — Collège Albert Triboulet.,nouveau
2026-07-04,Centre Hospitalier de Chaumont,France,France,Finance / Assurance,Fuite de données,Inconnu,Référencé par FrenchBreaches ; corroboration variable,50,Alerte référencée dans l’archive 2026 de FrenchBreaches ; détails à enrichir depuis la fiche source.,https://frenchbreaches.com/alertes/centre-hospitalier-de-chaumont-mr5o74w1gskospfhke8,Rattrapage 2026 depuis l’archive FrenchBreaches — Centre Hospitalier de Chaumont.,nouveau
2026-07-03,IAD Groupe,France,France,Transport / Logistique,Fuite de données,Inconnu,Référencé par FrenchBreaches ; corroboration variable,50,Alerte référencée dans l’archive 2026 de FrenchBreaches ; détails à enrichir depuis la fiche source.,https://frenchbreaches.com/alertes/iad-groupe-mr1iumodr3zkls2u7z | https://www.bing.com/ck/a?!&&p=5c0b3f0a780ce65cf25e2752134ed7e5fdd3b045667a9b12d9ed6de92585fd03JmltdHM9MTc4NjgzODQwMA&ptn=3&ver=2&hsh=4&fclid=0196688e-a2e4-69b5-0081-7f39a3996823&u=a1aHR0cHM6Ly93d3cuZmx5ZHVsbGVzLmNvbS8&ntb=1 | https://www.bing.com/ck/a?!&&p=f0c3508f990c79a342eeb9dbecd9bfd52600e56e3499741ba7c449f6688368b8JmltdHM9MTc4NjgzODQwMA&ptn=3&ver=2&hsh=4&fclid=0196688e-a2e4-69b5-0081-7f39a3996823&u=a1aHR0cHM6Ly9lbi53aWtpcGVkaWEub3JnL3dpa2kvRHVsbGVzX0ludGVybmF0aW9uYWxfQWlycG9ydA&ntb=1,Rattrapage 2026 depuis l’archive FrenchBreaches — IAD Groupe.,nouveau
2026-07-01,SDEZ,France,France,Industrie / Manufacture,Fuite de données,Inconnu,Référencé par FrenchBreaches ; corroboration variable,50,Alerte référencée dans l’archive 2026 de FrenchBreaches ; détails à enrichir depuis la fiche source.,https://frenchbreaches.com/alertes/sdez-mr2hrx3evyjq2xeilk,Rattrapage 2026 depuis l’archive FrenchBreaches — SDEZ.,nouveau
2026-07-01,Pacha Tours,France,France,Commerce / Distribution,Fuite de données,Inconnu,Référencé par FrenchBreaches ; corroboration variable,50,Alerte référencée dans l’archive 2026 de FrenchBreaches ; détails à enrichir depuis la fiche source.,https://frenchbreaches.com/alertes/pacha-tours-mr1eqv6rv5t94aj8an,Rattrapage 2026 depuis l’archive FrenchBreaches — Pacha Tours.,nouveau
2026-07-01,Irec (Vivaticket),France,France,Commerce / Distribution,Fuite de données,Inconnu,Référencé par FrenchBreaches ; corroboration variable,50,Alerte référencée dans l’archive 2026 de FrenchBreaches ; détails à enrichir depuis la fiche source.,https://frenchbreaches.com/alertes/irec-vivaticket-mr22cp2vuoe1ohqsoy,Rattrapage 2026 depuis l’archive FrenchBreaches — Irec (Vivaticket).,nouveau
2026-07-01,Fédération Française de Bridge,France,France,Sport,Fuite de données,Inconnu,Référencé par FrenchBreaches ; corroboration variable,50,Alerte référencée dans l’archive 2026 de FrenchBreaches ; détails à enrichir depuis la fiche source.,https://frenchbreaches.com/alertes/f-d-ration-fran-aise-de-bridge-mr225y8zdig6qd08sql,Rattrapage 2026 depuis l’archive FrenchBreaches — Fédération Française de Bridge.,nouveau
2026-07-01,Caroline Immobilier,France,France,Construction / BTP,Fuite de données,Inconnu,Référencé par FrenchBreaches ; corroboration variable,50,Alerte référencée dans l’archive 2026 de FrenchBreaches ; détails à enrichir depuis la fiche source.,https://frenchbreaches.com/alertes/caroline-immobilier-mr1ipzh5b4q2ry495qt,Rattrapage 2026 depuis l’archive FrenchBreaches — Caroline Immobilier.,nouveau
2026-07-01,Arthurimmo,France,France,Construction / BTP,Fuite de données,Inconnu,Référencé par FrenchBreaches ; corroboration variable,50,Alerte référencée dans l’archive 2026 de FrenchBreaches ; détails à enrichir depuis la fiche source.,https://frenchbreaches.com/alertes/arthurimmo-mr1irpz66nqd4x1gbpn,Rattrapage 2026 depuis l’archive FrenchBreaches — Arthurimmo.,nouveau
2026-06-30,Établissement pénitentiaire pour mineurs de Le Pontet,France,France,Inconnu,Fuite de données,Inconnu,Référencé par FrenchBreaches ; corroboration variable,50,Alerte référencée dans l’archive 2026 de FrenchBreaches ; détails à enrichir depuis la fiche source.,https://frenchbreaches.com/alertes/tablissement-p-nitentiaire-pour-mineurs-de-le-pontet-mr04vhyz1u2f8ey5hrj,Rattrapage 2026 depuis l’archive FrenchBreaches — Établissement pénitentiaire pour mineurs de Le Pontet.,nouveau
2026-06-30,Trenitalia France,France,France,Transport / Logistique,Fuite de données,Inconnu,Référencé par FrenchBreaches ; corroboration variable,50,Alerte référencée dans l’archive 2026 de FrenchBreaches ; détails à enrichir depuis la fiche source.,https://frenchbreaches.com/alertes/trenitalia-france-mr0n05vpyw2ax1ei0zg,Rattrapage 2026 depuis l’archive FrenchBreaches — Trenitalia France.,nouveau
2026-06-30,Lycée professionnel Sainte-Anne,France,France,Éducation / Formation,Fuite de données,Inconnu,Référencé par FrenchBreaches ; corroboration variable,50,Alerte référencée dans l’archive 2026 de FrenchBreaches ; détails à enrichir depuis la fiche source.,https://frenchbreaches.com/alertes/lyc-e-professionnel-sainte-anne-mr0pijieuq4e1q9l6t,Rattrapage 2026 depuis l’archive FrenchBreaches — Lycée professionnel Sainte-Anne.,nouveau
2026-06-30,Lycée polyvalent Paul Moreau,France,France,Éducation / Formation,Fuite de données,Inconnu,Référencé par FrenchBreaches ; corroboration variable,50,Alerte référencée dans l’archive 2026 de FrenchBreaches ; détails à enrichir depuis la fiche source.,https://frenchbreaches.com/alertes/lyc-e-polyvalent-paul-moreau-mr0pgi7zh4w9k8gxh3d,Rattrapage 2026 depuis l’archive FrenchBreaches — Lycée polyvalent Paul Moreau.,nouveau
2026-06-30,Lycée polyvalent Blaise Cendrars,France,France,Éducation / Formation,Fuite de données,Inconnu,Référencé par FrenchBreaches ; corroboration variable,50,Alerte référencée dans l’archive 2026 de FrenchBreaches ; détails à enrichir depuis la fiche source.,https://frenchbreaches.com/alertes/lyc-e-polyvalent-blaise-cendrars-mr0pe0url38cidp8vv,Rattrapage 2026 depuis l’archive FrenchBreaches — Lycée polyvalent Blaise Cendrars.,nouveau
2026-06-30,Lycée Ambroise Brugière,France,France,Éducation / Formation,Fuite de données,Inconnu,Référencé par FrenchBreaches ; corroboration variable,50,Alerte référencée dans l’archive 2026 de FrenchBreaches ; détails à enrichir depuis la fiche source.,https://frenchbreaches.com/alertes/lyc-e-ambroise-brugi-re-mqzssao7mava58g0mrp,Rattrapage 2026 depuis l’archive FrenchBreaches — Lycée Ambroise Brugière.,nouveau
2026-06-29,l'Ordre national des pédicures-podologues,France,France,Inconnu,Fuite de données,Inconnu,Référencé par FrenchBreaches ; corroboration variable,50,Alerte référencée dans l’archive 2026 de FrenchBreaches ; détails à enrichir depuis la fiche source.,https://frenchbreaches.com/alertes/l-ordre-national-des-p-dicures-podologues-mqylxsx2stahq7zy2tb,Rattrapage 2026 depuis l’archive FrenchBreaches — l'Ordre national des pédicures-podologues.,nouveau
2026-06-29,Police municipale de Saint-Médard-en-Jalles,France,France,Administration / Collectivité,Fuite de données,Inconnu,Référencé par FrenchBreaches ; corroboration variable,50,Alerte référencée dans l’archive 2026 de FrenchBreaches ; détails à enrichir depuis la fiche source.,https://frenchbreaches.com/alertes/police-municipale-de-saint-m-dard-en-jalles-mqyi6jm5z3dqh8afej,Rattrapage 2026 depuis l’archive FrenchBreaches — Police municipale de Saint-Médard-en-Jalles.,nouveau
2026-06-29,"Ministère des Sports, de la Jeunesse et de la Vie associative",France,France,Administration / Collectivité,Fuite de données,Inconnu,Référencé par FrenchBreaches ; corroboration variable,50,Alerte référencée dans l’archive 2026 de FrenchBreaches ; détails à enrichir depuis la fiche source.,https://frenchbreaches.com/alertes/minist-re-des-sports-de-la-jeunesse-et-de-la-vie-associative-mqydv3ob8oq4888ozo,"Rattrapage 2026 depuis l’archive FrenchBreaches — Ministère des Sports, de la Jeunesse et de la Vie associative.",nouveau
2026-06-29,Insee,France,France,Administration / Collectivité,Fuite de données,Inconnu,Référencé par FrenchBreaches ; corroboration variable,50,Alerte référencée dans l’archive 2026 de FrenchBreaches ; détails à enrichir depuis la fiche source.,https://frenchbreaches.com/alertes/insee-mqykba286kd05hsola5,Rattrapage 2026 depuis l’archive FrenchBreaches — Insee.,nouveau
2026-06-29,Hellfest,France,France,Commerce / Distribution,Fuite de données,Inconnu,Référencé par FrenchBreaches ; corroboration variable,50,Alerte référencée dans l’archive 2026 de FrenchBreaches ; détails à enrichir depuis la fiche source.,https://frenchbreaches.com/alertes/hellfest-mqylrot0y3e1a162hk9,Rattrapage 2026 depuis l’archive FrenchBreaches — Hellfest.,nouveau
2026-06-29,GP Air Corsica,France,France,Transport / Logistique,Fuite de données,Inconnu,Référencé par FrenchBreaches ; corroboration variable,50,Alerte référencée dans l’archive 2026 de FrenchBreaches ; détails à enrichir depuis la fiche source.,https://frenchbreaches.com/alertes/gp-air-corsica-mqyf7g2vf8bcfa8y2p,Rattrapage 2026 depuis l’archive FrenchBreaches — GP Air Corsica.,nouveau
2026-06-29,Fédération Hospitalière de France,France,France,Finance / Assurance,Fuite de données,Inconnu,Référencé par FrenchBreaches ; corroboration variable,50,Alerte référencée dans l’archive 2026 de FrenchBreaches ; détails à enrichir depuis la fiche source.,https://frenchbreaches.com/alertes/f-d-ration-hospitali-re-de-france-mqyllship5irezr3rw,Rattrapage 2026 depuis l’archive FrenchBreaches — Fédération Hospitalière de France.,nouveau
2026-06-29,Classic-Days,France,France,Commerce / Distribution,Fuite de données,Inconnu,Référencé par FrenchBreaches ; corroboration variable,50,Alerte référencée dans l’archive 2026 de FrenchBreaches ; détails à enrichir depuis la fiche source.,https://frenchbreaches.com/alertes/classic-days-mqylfry3njfqaxeefz,Rattrapage 2026 depuis l’archive FrenchBreaches — Classic-Days.,nouveau
2026-06-29,Axonaut,France,France,Éducation / Formation,Fuite de données,Inconnu,Référencé par FrenchBreaches ; corroboration variable,50,Alerte référencée dans l’archive 2026 de FrenchBreaches ; détails à enrichir depuis la fiche source.,https://frenchbreaches.com/alertes/axonaut-mqygp4ygl2o4wc6v2i | https://www.bing.com/ck/a?!&&p=d35143e73e7fd34295a5b2ce207555d4ce01b7218764fa2ff5cde7ce9a96fd6bJmltdHM9MTc4NjgzODQwMA&ptn=3&ver=2&hsh=4&fclid=0ec0205f-79da-68cc-2dd8-37e8788f69f8&u=a1aHR0cHM6Ly93d3cuZ2xvY2t0YWxrLmNvbS90aHJlYWRzL2dsb2NrLTM2LWFuZC1wb2NrZXQtY2FycnkuMjIxMjg5Lw&ntb=1 | https://www.bing.com/ck/a?!&&p=371e22de0acdfc611b3e5962da67505f8b60ebc724e9fe508623c20189f8ed04JmltdHM9MTc4NjgzODQwMA&ptn=3&ver=2&hsh=4&fclid=0ec0205f-79da-68cc-2dd8-37e8788f69f8&u=a1aHR0cHM6Ly93d3cuZ2xvY2t0YWxrLmNvbS90aHJlYWRzL2dsb2NrLXJlY29pbC1zcHJpbmctdGVzdC4xMDg3MjEwLw&ntb=1 | https://www.bing.com/ck/a?!&&p=6406faf8dbe29f61f4bb4821a5de139adeea6c7f5ee9760a34d8c257cfbef1c1JmltdHM9MTc4NjgzODQwMA&ptn=3&ver=2&hsh=4&fclid=0ec0205f-79da-68cc-2dd8-37e8788f69f8&u=a1aHR0cHM6Ly9jaGF0Z3B0LmNvbS8&ntb=1,Rattrapage 2026 depuis l’archive FrenchBreaches — Axonaut.,nouveau
2026-06-28,Police municipale de La Tremblade,France,France,Administration / Collectivité,Fuite de données,Inconnu,Référencé par FrenchBreaches ; corroboration variable,50,Alerte référencée dans l’archive 2026 de FrenchBreaches ; détails à enrichir depuis la fiche source.,https://frenchbreaches.com/alertes/police-municipale-de-la-tremblade-mqx17v24lpnmdioecxl,Rattrapage 2026 depuis l’archive FrenchBreaches — Police municipale de La Tremblade.,nouveau
2026-06-28,Police municipale de Joinville-le-Pont,France,France,Administration / Collectivité,Fuite de données,Inconnu,Référencé par FrenchBreaches ; corroboration variable,50,Alerte référencée dans l’archive 2026 de FrenchBreaches ; détails à enrichir depuis la fiche source.,https://frenchbreaches.com/alertes/police-municipale-de-joinville-le-pont-mqx14t2rrx303rh63wi,Rattrapage 2026 depuis l’archive FrenchBreaches — Police municipale de Joinville-le-Pont.,nouveau
2026-06-28,Batigam,France,France,Inconnu,Fuite de données,Inconnu,Référencé par FrenchBreaches ; corroboration variable,50,Alerte référencée dans l’archive 2026 de FrenchBreaches ; détails à enrichir depuis la fiche source.,https://frenchbreaches.com/alertes/batigam-mqxlcx6bsh0ei7abtc8,Rattrapage 2026 depuis l’archive FrenchBreaches — Batigam.,nouveau
2026-06-25,Secours populaire français Nord,France,France,Inconnu,Fuite de données,Inconnu,Référencé par FrenchBreaches ; corroboration variable,50,Alerte référencée dans l’archive 2026 de FrenchBreaches ; détails à enrichir depuis la fiche source.,https://frenchbreaches.com/alertes/secours-populaire-fran-ais-nord-mqtr9bwg5gebiu8ttdd,Rattrapage 2026 depuis l’archive FrenchBreaches — Secours populaire français Nord.,nouveau
2026-06-25,La Ville d'Antibes Juan-les-Pins,France,France,Finance / Assurance,Fuite de données,Inconnu,Référencé par FrenchBreaches ; corroboration variable,50,Alerte référencée dans l’archive 2026 de FrenchBreaches ; détails à enrichir depuis la fiche source.,https://frenchbreaches.com/alertes/la-ville-d-antibes-juan-les-pins-mqtxaes71itak4bd2di,Rattrapage 2026 depuis l’archive FrenchBreaches — La Ville d'Antibes Juan-les-Pins.,nouveau
2026-06-25,Henley,France,France,Numérique / Technologie,Fuite de données,Inconnu,Référencé par FrenchBreaches ; corroboration variable,50,Alerte référencée dans l’archive 2026 de FrenchBreaches ; détails à enrichir depuis la fiche source.,https://frenchbreaches.com/alertes/henley-mqtwmuaoosqtas5nd1,Rattrapage 2026 depuis l’archive FrenchBreaches — Henley.,nouveau
2026-06-25,Apimo,Inconnu,Non documenté publiquement,Inconnu,Fuite de données,Inconnu,Référencé par FrenchBreaches ; corroboration variable,50,Alerte référencée dans l’archive 2026 de FrenchBreaches ; détails à enrichir depuis la fiche source.,https://frenchbreaches.com/alertes/apimo-mqtnmio4fgdopnc3nz,Rattrapage 2026 depuis l’archive FrenchBreaches — Apimo.,nouveau
2026-06-25,Agir pour l'environnement,France,France,Inconnu,Fuite de données,Inconnu,Référencé par FrenchBreaches ; corroboration variable,50,Alerte référencée dans l’archive 2026 de FrenchBreaches ; détails à enrichir depuis la fiche source.,https://frenchbreaches.com/alertes/agir-pour-l-environnement-mqtwfi9m32grtksa4gv,Rattrapage 2026 depuis l’archive FrenchBreaches — Agir pour l'environnement.,nouveau
2026-06-24,Digit RE Group,France,France,Inconnu,Fuite de données,Inconnu,Référencé par FrenchBreaches ; corroboration variable,50,Alerte référencée dans l’archive 2026 de FrenchBreaches ; détails à enrichir depuis la fiche source.,https://frenchbreaches.com/alertes/digit-re-group-mqrzcypg3kj1hj8ptql,Rattrapage 2026 depuis l’archive FrenchBreaches — Digit RE Group.,nouveau
2026-06-24,AKAOLIFE (France Travail),France,France,Numérique / Technologie,Fuite de données,Inconnu,Référencé par FrenchBreaches ; corroboration variable,50,Alerte référencée dans l’archive 2026 de FrenchBreaches ; détails à enrichir depuis la fiche source.,https://frenchbreaches.com/alertes/akaolife-france-travail-mqsjry0vaa8nd9zpg7o,Rattrapage 2026 depuis l’archive FrenchBreaches — AKAOLIFE (France Travail).,nouveau
2026-06-23,Pulsy,France,France,Finance / Assurance,Fuite de données,Inconnu,Référencé par FrenchBreaches ; corroboration variable,50,Alerte référencée dans l’archive 2026 de FrenchBreaches ; détails à enrichir depuis la fiche source.,https://frenchbreaches.com/alertes/pulsy-mqr572ce23kun2wnlyg,Rattrapage 2026 depuis l’archive FrenchBreaches — Pulsy.,nouveau
2026-06-23,MesVaccins,France,France,Finance / Assurance,Fuite de données,Inconnu,Référencé par FrenchBreaches ; corroboration variable,50,Alerte référencée dans l’archive 2026 de FrenchBreaches ; détails à enrichir depuis la fiche source.,https://frenchbreaches.com/alertes/mesvaccins-mqqp941ivil5xrhuia,Rattrapage 2026 depuis l’archive FrenchBreaches — MesVaccins.,nouveau
2026-06-23,Century 21,France,France,Commerce / Distribution,Fuite de données,Inconnu,Référencé par FrenchBreaches ; corroboration variable,50,Alerte référencée dans l’archive 2026 de FrenchBreaches ; détails à enrichir depuis la fiche source.,https://frenchbreaches.com/alertes/century-21-mqr1ct53pj2wt3n2bq,Rattrapage 2026 depuis l’archive FrenchBreaches — Century 21.,nouveau
2026-06-23,Carvivo,France,France,Inconnu,Fuite de données,Inconnu,Référencé par FrenchBreaches ; corroboration variable,50,Alerte référencée dans l’archive 2026 de FrenchBreaches ; détails à enrichir depuis la fiche source.,https://frenchbreaches.com/alertes/carvivo-mqqxto6weagkfzusoqr,Rattrapage 2026 depuis l’archive FrenchBreaches — Carvivo.,nouveau
2026-06-22,Whise,France,France,Industrie / Manufacture,Fuite de données,Inconnu,Référencé par FrenchBreaches ; corroboration variable,50,Alerte référencée dans l’archive 2026 de FrenchBreaches ; détails à enrichir depuis la fiche source.,https://frenchbreaches.com/alertes/whise-mqphbhzjr5t0bskvyho | https://www.bing.com/ck/a?!&&p=cb24319e0139b07231e5b9adcdc6ccd97b3b4b53a558e61a331240d335070bb7JmltdHM9MTc4NjgzODQwMA&ptn=3&ver=2&hsh=4&fclid=0f91fa3e-aa6b-651e-139c-ed89abe964f5&u=a1aHR0cHM6Ly93d3cuemhpaHUuY29tL3F1ZXN0aW9uLzM1MDc4NDk4Ng&ntb=1 | https://www.bing.com/ck/a?!&&p=6f4f5cd34c0fd4701f141fbbbaa4cbb9f82bf96def11edd28cb858bd4328c959JmltdHM9MTc4NjgzODQwMA&ptn=3&ver=2&hsh=4&fclid=0f91fa3e-aa6b-651e-139c-ed89abe964f5&u=a1aHR0cHM6Ly93d3cuemhpaHUuY29tL3F1ZXN0aW9uLzI4NDYzMjAzNA&ntb=1 | https://www.bing.com/ck/a?!&&p=32658df95c54bbb443f8f09002e799e7656d352232a923ebf58f5c62b6b755d0JmltdHM9MTc4NjgzODQwMA&ptn=3&ver=2&hsh=4&fclid=0f91fa3e-aa6b-651e-139c-ed89abe964f5&u=a1aHR0cHM6Ly93d3cudGhlc3BoZXJlLmNvbS8&ntb=1,Rattrapage 2026 depuis l’archive FrenchBreaches — Whise.,nouveau
2026-06-21,NESTENN Châteauneuf-les-Martigues,France,France,Construction / BTP,Fuite de données,Inconnu,Référencé par FrenchBreaches ; corroboration variable,50,Alerte référencée dans l’archive 2026 de FrenchBreaches ; détails à enrichir depuis la fiche source.,https://frenchbreaches.com/alertes/nestenn-ch-teauneuf-les-martigues-mqo0ox8exbqtdatawd,Rattrapage 2026 depuis l’archive FrenchBreaches — NESTENN Châteauneuf-les-Martigues.,nouveau
2026-06-21,Fédération Sportive de la Police Nationale,France,France,Sport,Fuite de données,Inconnu,Référencé par FrenchBreaches ; corroboration variable,50,Alerte référencée dans l’archive 2026 de FrenchBreaches ; détails à enrichir depuis la fiche source.,https://frenchbreaches.com/alertes/f-d-ration-sportive-de-la-police-nationale-mqmfxk60mbch21p11j,Rattrapage 2026 depuis l’archive FrenchBreaches — Fédération Sportive de la Police Nationale.,nouveau
2026-06-21,Apps Education,France,France,Éducation / Formation,Fuite de données,Inconnu,Référencé par FrenchBreaches ; corroboration variable,50,Alerte référencée dans l’archive 2026 de FrenchBreaches ; détails à enrichir depuis la fiche source.,https://frenchbreaches.com/alertes/apps-education-mqn9aqissxoaxf7mjid,Rattrapage 2026 depuis l’archive FrenchBreaches — Apps Education.,nouveau
2026-06-21,ACOPA Immobilier,France,France,Construction / BTP,Fuite de données,Inconnu,Référencé par FrenchBreaches ; corroboration variable,50,Alerte référencée dans l’archive 2026 de FrenchBreaches ; détails à enrichir depuis la fiche source.,https://frenchbreaches.com/alertes/acopa-immobilier-mqo0lh4jdtcyvmunkf9,Rattrapage 2026 depuis l’archive FrenchBreaches — ACOPA Immobilier.,nouveau
2026-06-20,France-Terrain,France,France,Commerce / Distribution,Fuite de données,Inconnu,Référencé par FrenchBreaches ; corroboration variable,50,Alerte référencée dans l’archive 2026 de FrenchBreaches ; détails à enrichir depuis la fiche source.,https://frenchbreaches.com/alertes/france-terrain-mqmk3ambmuepjhedym,Rattrapage 2026 depuis l’archive FrenchBreaches — France-Terrain.,nouveau
2026-06-19,Ouestfrance-Immo,France,France,Administration / Collectivité,Fuite de données,Inconnu,Référencé par FrenchBreaches ; corroboration variable,50,Alerte référencée dans l’archive 2026 de FrenchBreaches ; détails à enrichir depuis la fiche source.,https://frenchbreaches.com/alertes/ouestfrance-immo-mql5087cld1kpafjef,Rattrapage 2026 depuis l’archive FrenchBreaches — Ouestfrance-Immo.,nouveau
2026-06-18,Timer Immobilier,France,France,Construction / BTP,Fuite de données,Inconnu,Référencé par FrenchBreaches ; corroboration variable,50,Alerte référencée dans l’archive 2026 de FrenchBreaches ; détails à enrichir depuis la fiche source.,https://frenchbreaches.com/alertes/timer-immobilier-mqjlc2ku49x8ezwtq6r,Rattrapage 2026 depuis l’archive FrenchBreaches — Timer Immobilier.,nouveau
2026-06-18,Solly Azar (via Almerys),France,France,Finance / Assurance,Fuite de données,Inconnu,Référencé par FrenchBreaches ; corroboration variable,50,Alerte référencée dans l’archive 2026 de FrenchBreaches ; détails à enrichir depuis la fiche source.,https://frenchbreaches.com/alertes/solly-azar-via-almerys-mqjfqef9ipxy74gpboj,Rattrapage 2026 depuis l’archive FrenchBreaches — Solly Azar (via Almerys).,nouveau
2026-06-18,Mutuelle Entrain (via Almerys),France,France,Finance / Assurance,Fuite de données,Inconnu,Référencé par FrenchBreaches ; corroboration variable,50,Alerte référencée dans l’archive 2026 de FrenchBreaches ; détails à enrichir depuis la fiche source.,https://frenchbreaches.com/alertes/mutuelle-entrain-via-almerys-mqjfls9mf0m4fe9mgi,Rattrapage 2026 depuis l’archive FrenchBreaches — Mutuelle Entrain (via Almerys).,nouveau
2026-06-18,Maison Fossier,France,France,Finance / Assurance,Fuite de données,Inconnu,Référencé par FrenchBreaches ; corroboration variable,50,Alerte référencée dans l’archive 2026 de FrenchBreaches ; détails à enrichir depuis la fiche source.,https://frenchbreaches.com/alertes/maison-fossier-mqjfntuib12z7ymggy,Rattrapage 2026 depuis l’archive FrenchBreaches — Maison Fossier.,nouveau
2026-06-18,Ma Gestion Locative (MGL),France,France,Finance / Assurance,Fuite de données,Inconnu,Référencé par FrenchBreaches ; corroboration variable,50,Alerte référencée dans l’archive 2026 de FrenchBreaches ; détails à enrichir depuis la fiche source.,https://frenchbreaches.com/alertes/ma-gestion-locative-mgl-mqjl2eezyhf2x0xmwye,Rattrapage 2026 depuis l’archive FrenchBreaches — Ma Gestion Locative (MGL).,nouveau
2026-06-18,IronBodyFit,France,France,Commerce / Distribution,Fuite de données,Inconnu,Référencé par FrenchBreaches ; corroboration variable,50,Alerte référencée dans l’archive 2026 de FrenchBreaches ; détails à enrichir depuis la fiche source.,https://frenchbreaches.com/alertes/ironbodyfit-mqjg6dpnlebttvyshbd,Rattrapage 2026 depuis l’archive FrenchBreaches — IronBodyFit.,nouveau
2026-06-18,Delamarche Immobilier,France,France,Construction / BTP,Fuite de données,Inconnu,Référencé par FrenchBreaches ; corroboration variable,50,Alerte référencée dans l’archive 2026 de FrenchBreaches ; détails à enrichir depuis la fiche source.,https://frenchbreaches.com/alertes/delamarche-immobilier-mqjftnig7fcp069tvgl,Rattrapage 2026 depuis l’archive FrenchBreaches — Delamarche Immobilier.,nouveau
2026-06-18,Conseil de l'Europe,France,Strasbourg,Services aux entreprises,Fuite de données,Inconnu,Référencé par FrenchBreaches ; corroboration variable,50,Alerte référencée dans l’archive 2026 de FrenchBreaches ; détails à enrichir depuis la fiche source.,https://frenchbreaches.com/alertes/conseil-de-l-europe-mqjlwgye1pmnkc8tgpw,Rattrapage 2026 depuis l’archive FrenchBreaches — Conseil de l'Europe.,nouveau
2026-06-18,BIen'ICI,France,France,Commerce / Distribution,Fuite de données,Inconnu,Référencé par FrenchBreaches ; corroboration variable,50,Alerte référencée dans l’archive 2026 de FrenchBreaches ; détails à enrichir depuis la fiche source.,https://frenchbreaches.com/alertes/bien-ici-mqjl5rccxscbysjn2hr,Rattrapage 2026 depuis l’archive FrenchBreaches — BIen'ICI.,nouveau
2026-06-17,Taktikimmo,France,France,Inconnu,Fuite de données,Inconnu,Référencé par FrenchBreaches ; corroboration variable,50,Alerte référencée dans l’archive 2026 de FrenchBreaches ; détails à enrichir depuis la fiche source.,https://frenchbreaches.com/alertes/taktikimmo-mqie9ibsvuo6mera8fc,Rattrapage 2026 depuis l’archive FrenchBreaches — Taktikimmo.,nouveau
2026-06-16,Inter Mutuelles Habitat,France,France,Finance / Assurance,Fuite de données,Inconnu,Référencé par FrenchBreaches ; corroboration variable,50,Alerte référencée dans l’archive 2026 de FrenchBreaches ; détails à enrichir depuis la fiche source.,https://frenchbreaches.com/alertes/inter-mutuelles-habitat-mqgs2tl17z5akc1rwq,Rattrapage 2026 depuis l’archive FrenchBreaches — Inter Mutuelles Habitat.,nouveau
2026-06-16,AUTOSUR,France,France,Finance / Assurance,Fuite de données,Inconnu,Référencé par FrenchBreaches ; corroboration variable,50,Alerte référencée dans l’archive 2026 de FrenchBreaches ; détails à enrichir depuis la fiche source.,https://frenchbreaches.com/alertes/autosur-mqgt6yrzt2f161mnb1d,Rattrapage 2026 depuis l’archive FrenchBreaches — AUTOSUR.,nouveau
2026-06-15,Superimmo,France,France,Commerce / Distribution,Fuite de données,Inconnu,Référencé par FrenchBreaches ; corroboration variable,50,Alerte référencée dans l’archive 2026 de FrenchBreaches ; détails à enrichir depuis la fiche source.,https://frenchbreaches.com/alertes/superimmo-mqfkdygx566mfg8l6sx,Rattrapage 2026 depuis l’archive FrenchBreaches — Superimmo.,nouveau
2026-06-15,Local emploi,France,France,Éducation / Formation,Fuite de données,Inconnu,Référencé par FrenchBreaches ; corroboration variable,50,Alerte référencée dans l’archive 2026 de FrenchBreaches ; détails à enrichir depuis la fiche source.,https://frenchbreaches.com/alertes/local-emploi-mqfquvf5lrew5oxqbog | https://www.bing.com/ck/a?!&&p=96a1c1666af62e721810011c03f1d30c8ed66eb7aa2d1e5dcb9874ec664900d7JmltdHM9MTc4NjgzODQwMA&ptn=3&ver=2&hsh=4&fclid=1c253a46-9b22-654c-2e9c-2df19af96489&u=a1aHR0cHM6Ly93d3cubmV3c2JyZWFrLmNvbS9oZW1wc3RlYWQtbnk&ntb=1 | https://www.bing.com/ck/a?!&&p=a4c8afa790e6f1d6f837ebf6373db2da6288fd4b4dcbae03cbbb09559c8a062aJmltdHM9MTc4NjgzODQwMA&ptn=3&ver=2&hsh=4&fclid=1c253a46-9b22-654c-2e9c-2df19af96489&u=a1aHR0cHM6Ly93d3cubG9uZ2lzbGFuZHByZXNzLmNvbS9jYXRlZ29yeS9sb2NhbC1uZXdzL25hc3NhdS9oZW1wc3RlYWQv&ntb=1,Rattrapage 2026 depuis l’archive FrenchBreaches — Local emploi.,nouveau
2026-06-15,JeVeuxAider.gouv.fr,France,France,Inconnu,Fuite de données,Inconnu,Référencé par FrenchBreaches ; corroboration variable,50,Alerte référencée dans l’archive 2026 de FrenchBreaches ; détails à enrichir depuis la fiche source.,https://frenchbreaches.com/alertes/jeveuxaider-gouv-fr-mqeg2t0qixdt06zw3dr,Rattrapage 2026 depuis l’archive FrenchBreaches — JeVeuxAider.gouv.fr.,nouveau
2026-06-15,France-Services.gouv.fr,France,France,Administration / Collectivité,Fuite de données,Inconnu,Référencé par FrenchBreaches ; corroboration variable,50,Alerte référencée dans l’archive 2026 de FrenchBreaches ; détails à enrichir depuis la fiche source.,https://frenchbreaches.com/alertes/france-services-gouv-fr-mqf3o2l5vy67lkuhmv,Rattrapage 2026 depuis l’archive FrenchBreaches — France-Services.gouv.fr.,nouveau
2026-06-14,RATP,France,France,Transport / Logistique,Fuite de données,Inconnu,Référencé par FrenchBreaches ; corroboration variable,50,Alerte référencée dans l’archive 2026 de FrenchBreaches ; détails à enrichir depuis la fiche source.,https://frenchbreaches.com/alertes/ratp-mqe52h4iujuuzpmjtoo,Rattrapage 2026 depuis l’archive FrenchBreaches — RATP.,nouveau
2026-06-14,Orisha,France,France,Numérique / Technologie,Fuite de données,Inconnu,Référencé par FrenchBreaches ; corroboration variable,50,Alerte référencée dans l’archive 2026 de FrenchBreaches ; détails à enrichir depuis la fiche source.,https://frenchbreaches.com/alertes/orisha-mqdwai8t7gz9foaygyk,Rattrapage 2026 depuis l’archive FrenchBreaches — Orisha.,nouveau
2026-06-14,Immofacile,France,France,Commerce / Distribution,Fuite de données,Inconnu,Référencé par FrenchBreaches ; corroboration variable,50,Alerte référencée dans l’archive 2026 de FrenchBreaches ; détails à enrichir depuis la fiche source.,https://frenchbreaches.com/alertes/immofacile-mqdu2w1mw9960u9mh2m,Rattrapage 2026 depuis l’archive FrenchBreaches — Immofacile.,nouveau
2026-06-13,Service de Prévention et de Santé au Travail de la Région Nantaise (SSTRN),France,France,Santé,Fuite de données,Inconnu,Référencé par FrenchBreaches ; corroboration variable,50,Alerte référencée dans l’archive 2026 de FrenchBreaches ; détails à enrichir depuis la fiche source.,https://frenchbreaches.com/alertes/service-de-pr-vention-et-de-sant-au-travail-de-la-r-gion-nantaise-sstrn-mqbk8j4m5f0w0e0h09w,Rattrapage 2026 depuis l’archive FrenchBreaches — Service de Prévention et de Santé au Travail de la Région Nantaise (SSTRN).,nouveau
2026-06-13,Réseau National des Juniors Associations,France,France,Éducation / Formation,Fuite de données,Inconnu,Référencé par FrenchBreaches ; corroboration variable,50,Alerte référencée dans l’archive 2026 de FrenchBreaches ; détails à enrichir depuis la fiche source.,https://frenchbreaches.com/alertes/r-seau-national-des-juniors-associations-mqcfss6hsthzz3d4es,Rattrapage 2026 depuis l’archive FrenchBreaches — Réseau National des Juniors Associations.,nouveau
2026-06-13,Figaro Immobilier,France,France,Construction / BTP,Fuite de données,Inconnu,Référencé par FrenchBreaches ; corroboration variable,50,Alerte référencée dans l’archive 2026 de FrenchBreaches ; détails à enrichir depuis la fiche source.,https://frenchbreaches.com/alertes/figaro-immobilier-mqcfam52pc2qh987u4n,Rattrapage 2026 depuis l’archive FrenchBreaches — Figaro Immobilier.,nouveau
2026-06-13,BYmyCAR,France,France,Commerce / Distribution,Fuite de données,Inconnu,Référencé par FrenchBreaches ; corroboration variable,50,Alerte référencée dans l’archive 2026 de FrenchBreaches ; détails à enrichir depuis la fiche source.,https://frenchbreaches.com/alertes/bymycar-mqcgnonxzovo4gs9pnl,Rattrapage 2026 depuis l’archive FrenchBreaches — BYmyCAR.,nouveau
2026-06-13,Académie de Lyon,France,France,Éducation / Formation,Fuite de données,Inconnu,Référencé par FrenchBreaches ; corroboration variable,50,Alerte référencée dans l’archive 2026 de FrenchBreaches ; détails à enrichir depuis la fiche source.,https://frenchbreaches.com/alertes/acad-mie-de-lyon-mqcey3tv8yl47jz29m7,Rattrapage 2026 depuis l’archive FrenchBreaches — Académie de Lyon.,nouveau
2026-06-12,Lancy FC,Suisse,Genève,Commerce / Distribution,Fuite de données,Inconnu,Référencé par FrenchBreaches ; corroboration variable,50,Alerte référencée dans l’archive 2026 de FrenchBreaches ; détails à enrichir depuis la fiche source.,https://frenchbreaches.com/alertes/lancy-fc-mqb2ilmp9ngammiaaiu,Rattrapage 2026 depuis l’archive FrenchBreaches — Lancy FC.,nouveau
2026-06-12,HomePad,France,France,Commerce / Distribution,Fuite de données,Inconnu,Référencé par FrenchBreaches ; corroboration variable,50,Alerte référencée dans l’archive 2026 de FrenchBreaches ; détails à enrichir depuis la fiche source.,https://frenchbreaches.com/alertes/homepad-mqb2ehnjlkmax4yx41,Rattrapage 2026 depuis l’archive FrenchBreaches — HomePad.,nouveau
2026-06-11,Smartbox,France,France,Inconnu,Fuite de données,Inconnu,Référencé par FrenchBreaches ; corroboration variable,50,Alerte référencée dans l’archive 2026 de FrenchBreaches ; détails à enrichir depuis la fiche source.,https://frenchbreaches.com/alertes/smartbox-mq8np9lufggvwzpkedg,Rattrapage 2026 depuis l’archive FrenchBreaches — Smartbox.,nouveau
2026-06-11,Jestimo,France,France,Commerce / Distribution,Fuite de données,Inconnu,Référencé par FrenchBreaches ; corroboration variable,50,Alerte référencée dans l’archive 2026 de FrenchBreaches ; détails à enrichir depuis la fiche source.,https://frenchbreaches.com/alertes/jestimo-mq9cbovi7g8ydxg5hgy,Rattrapage 2026 depuis l’archive FrenchBreaches — Jestimo.,nouveau
2026-06-10,Toulouse Football Club,France,France,Sport,Fuite de données,Inconnu,Référencé par FrenchBreaches ; corroboration variable,50,Alerte référencée dans l’archive 2026 de FrenchBreaches ; détails à enrichir depuis la fiche source.,https://frenchbreaches.com/alertes/toulouse-football-club-mq8gg1vqwwi6511gi6,Rattrapage 2026 depuis l’archive FrenchBreaches — Toulouse Football Club.,nouveau
2026-06-10,Capifrance,France,France,Construction / BTP,Fuite de données,Inconnu,Référencé par FrenchBreaches ; corroboration variable,50,Alerte référencée dans l’archive 2026 de FrenchBreaches ; détails à enrichir depuis la fiche source.,https://frenchbreaches.com/alertes/capifrance-mq83x05dnv9q0ygvbx,Rattrapage 2026 depuis l’archive FrenchBreaches — Capifrance.,nouveau
2026-06-10,Académie de Lille,France,France,Éducation / Formation,Fuite de données,Inconnu,Référencé par FrenchBreaches ; corroboration variable,50,Alerte référencée dans l’archive 2026 de FrenchBreaches ; détails à enrichir depuis la fiche source.,https://frenchbreaches.com/alertes/acad-mie-de-lille-mq7y6hm2ing4zcwc4b,Rattrapage 2026 depuis l’archive FrenchBreaches — Académie de Lille.,nouveau
2026-06-09,Urban Food,France,France,Administration / Collectivité,Fuite de données,Inconnu,Référencé par FrenchBreaches ; corroboration variable,50,Alerte référencée dans l’archive 2026 de FrenchBreaches ; détails à enrichir depuis la fiche source.,https://frenchbreaches.com/alertes/urban-food-mq71li1y1usopl6cz5c,Rattrapage 2026 depuis l’archive FrenchBreaches — Urban Food.,nouveau
2026-06-09,Propriétés Privées,France,France,Construction / BTP,Fuite de données,Inconnu,Référencé par FrenchBreaches ; corroboration variable,50,Alerte référencée dans l’archive 2026 de FrenchBreaches ; détails à enrichir depuis la fiche source.,https://frenchbreaches.com/alertes/propri-t-s-priv-es-mq5hrqylubnjygteyl,Rattrapage 2026 depuis l’archive FrenchBreaches — Propriétés Privées.,nouveau
2026-06-09,Métropole de Rennes,France,France,Administration / Collectivité,Fuite de données,Inconnu,Référencé par FrenchBreaches ; corroboration variable,50,Alerte référencée dans l’archive 2026 de FrenchBreaches ; détails à enrichir depuis la fiche source.,https://frenchbreaches.com/alertes/m-tropole-de-rennes-mq6p5nusrlhtlceebmf,Rattrapage 2026 depuis l’archive FrenchBreaches — Métropole de Rennes.,nouveau
2026-06-09,IDNOT,France,France,Commerce / Distribution,Fuite de données,Inconnu,Référencé par FrenchBreaches ; corroboration variable,50,Alerte référencée dans l’archive 2026 de FrenchBreaches ; détails à enrichir depuis la fiche source.,https://frenchbreaches.com/alertes/idnot-mq736sbi8vpec3qpfxs,Rattrapage 2026 depuis l’archive FrenchBreaches — IDNOT.,nouveau
2026-06-09,Conservatoire de Bobigny,France,France,Éducation / Formation,Fuite de données,Inconnu,Référencé par FrenchBreaches ; corroboration variable,50,Alerte référencée dans l’archive 2026 de FrenchBreaches ; détails à enrichir depuis la fiche source.,https://frenchbreaches.com/alertes/conservatoire-de-bobigny-mq71t8hks3evi1hjg7d | https://www.bing.com/ck/a?!&&p=bcf8623cb861d3617fec22f61d5179495f48c9c196ff517e68ef244da10c6ce8JmltdHM9MTc4NjgzODQwMA&ptn=3&ver=2&hsh=4&fclid=0196688e-a2e4-69b5-0081-7f39a3996823&u=a1aHR0cHM6Ly9lbi53aWtpcGVkaWEub3JnL3dpa2kvQ29uc2VydmF0b2lyZV9kZV9QYXJpcw&ntb=1 | https://www.bing.com/ck/a?!&&p=ab3a4dba87e21d2c09d2594428db5687388ec8c6a507ca6f444c37abf17e1184JmltdHM9MTc4NjgzODQwMA&ptn=3&ver=2&hsh=4&fclid=0196688e-a2e4-69b5-0081-7f39a3996823&u=a1aHR0cHM6Ly93d3cubWVycmlhbS13ZWJzdGVyLmNvbS9kaWN0aW9uYXJ5L2NvbnNlcnZhdG9pcmU&ntb=1,Rattrapage 2026 depuis l’archive FrenchBreaches — Conservatoire de Bobigny.,nouveau
2026-06-09,CompléVie (via Almerys),France,France,Finance / Assurance,Fuite de données,Inconnu,Référencé par FrenchBreaches ; corroboration variable,50,Alerte référencée dans l’archive 2026 de FrenchBreaches ; détails à enrichir depuis la fiche source.,https://frenchbreaches.com/alertes/compl-vie-via-almerys-mq6tc7exqvegfbrewra,Rattrapage 2026 depuis l’archive FrenchBreaches — CompléVie (via Almerys).,nouveau
2026-06-09,Boondooa,France,Haute-Savoie spécialisée,Numérique / Technologie,Fuite de données,Inconnu,Référencé par FrenchBreaches ; corroboration variable,50,Alerte référencée dans l’archive 2026 de FrenchBreaches ; détails à enrichir depuis la fiche source.,https://frenchbreaches.com/alertes/boondooa-mq71p5jfce4n38fynf7,Rattrapage 2026 depuis l’archive FrenchBreaches — Boondooa.,nouveau
2026-06-08,Tchap,France,France,Administration / Collectivité,Fuite de données,Inconnu,Référencé par FrenchBreaches ; corroboration variable,50,Alerte référencée dans l’archive 2026 de FrenchBreaches ; détails à enrichir depuis la fiche source.,https://frenchbreaches.com/alertes/tchap-mq4aeab2jsbmxt87pgb,Rattrapage 2026 depuis l’archive FrenchBreaches — Tchap.,nouveau
2026-06-08,Métropole de Nantes,France,France,Administration / Collectivité,Fuite de données,Inconnu,Référencé par FrenchBreaches ; corroboration variable,50,Alerte référencée dans l’archive 2026 de FrenchBreaches ; détails à enrichir depuis la fiche source.,https://frenchbreaches.com/alertes/m-tropole-de-nantes-mq5oczl0z8sgr0m5yl8,Rattrapage 2026 depuis l’archive FrenchBreaches — Métropole de Nantes.,nouveau
2026-06-08,Mutuelle Générale de la Police (via Almerys),France,France,Finance / Assurance,Fuite de données,Inconnu,Référencé par FrenchBreaches ; corroboration variable,50,Alerte référencée dans l’archive 2026 de FrenchBreaches ; détails à enrichir depuis la fiche source.,https://frenchbreaches.com/alertes/mutuelle-g-n-rale-de-la-police-via-almerys-mq55cuqicczq2dehva5,Rattrapage 2026 depuis l’archive FrenchBreaches — Mutuelle Générale de la Police (via Almerys).,nouveau
2026-06-08,Leboncoin Immobilier,France,France,Construction / BTP,Fuite de données,Inconnu,Référencé par FrenchBreaches ; corroboration variable,50,Alerte référencée dans l’archive 2026 de FrenchBreaches ; détails à enrichir depuis la fiche source.,https://frenchbreaches.com/alertes/leboncoin-immobilier-mq55621wnluiojc7hz,Rattrapage 2026 depuis l’archive FrenchBreaches — Leboncoin Immobilier.,nouveau
2026-06-08,Au Vieux Campeur,France,France,Inconnu,Fuite de données,Inconnu,Référencé par FrenchBreaches ; corroboration variable,50,Alerte référencée dans l’archive 2026 de FrenchBreaches ; détails à enrichir depuis la fiche source.,https://frenchbreaches.com/alertes/au-vieux-campeur-mq5ponk61juevh4e5fj,Rattrapage 2026 depuis l’archive FrenchBreaches — Au Vieux Campeur.,nouveau
2026-06-07,Rolland & Girot immobilier,France,France,Construction / BTP,Fuite de données,Inconnu,Référencé par FrenchBreaches ; corroboration variable,50,Alerte référencée dans l’archive 2026 de FrenchBreaches ; détails à enrichir depuis la fiche source.,https://frenchbreaches.com/alertes/rolland-girot-immobilier-mq3bgljlgcrht4m57hf,Rattrapage 2026 depuis l’archive FrenchBreaches — Rolland & Girot immobilier.,nouveau
2026-06-07,Poulpiquet Immobilier,France,France,Construction / BTP,Fuite de données,Inconnu,Référencé par FrenchBreaches ; corroboration variable,50,Alerte référencée dans l’archive 2026 de FrenchBreaches ; détails à enrichir depuis la fiche source.,https://frenchbreaches.com/alertes/poulpiquet-immobilier-mq3bicbgugxo1uflit,Rattrapage 2026 depuis l’archive FrenchBreaches — Poulpiquet Immobilier.,nouveau
2026-06-07,Papa France,France,France,Inconnu,Fuite de données,Inconnu,Référencé par FrenchBreaches ; corroboration variable,50,Alerte référencée dans l’archive 2026 de FrenchBreaches ; détails à enrichir depuis la fiche source.,https://frenchbreaches.com/alertes/papa-france-mq38uen3mlv0qyd7bo,Rattrapage 2026 depuis l’archive FrenchBreaches — Papa France.,nouveau
2026-06-07,Mutuelle LMP (via Almerys),France,France,Finance / Assurance,Fuite de données,Inconnu,Référencé par FrenchBreaches ; corroboration variable,50,Alerte référencée dans l’archive 2026 de FrenchBreaches ; détails à enrichir depuis la fiche source.,https://frenchbreaches.com/alertes/mutuelle-lmp-via-almerys-mq3ceen2y1afels1xdb,Rattrapage 2026 depuis l’archive FrenchBreaches — Mutuelle LMP (via Almerys).,nouveau
2026-06-07,Macif (via Almerys),France,France,Finance / Assurance,Fuite de données,Inconnu,Référencé par FrenchBreaches ; corroboration variable,50,Alerte référencée dans l’archive 2026 de FrenchBreaches ; détails à enrichir depuis la fiche source.,https://frenchbreaches.com/alertes/macif-via-almerys-mq3cmxw6ulptcooxzn,Rattrapage 2026 depuis l’archive FrenchBreaches — Macif (via Almerys).,nouveau
2026-06-07,Ma Gestion Locative (MGL),France,France,Commerce / Distribution,Fuite de données,Inconnu,Référencé par FrenchBreaches ; corroboration variable,50,Alerte référencée dans l’archive 2026 de FrenchBreaches ; détails à enrichir depuis la fiche source.,https://frenchbreaches.com/alertes/ma-gestion-locative-mgl-mq39rf3dd7gpt9e2l2r,Rattrapage 2026 depuis l’archive FrenchBreaches — Ma Gestion Locative (MGL).,nouveau
2026-06-07,LMDE (via Almerys),France,France,Finance / Assurance,Fuite de données,Inconnu,Référencé par FrenchBreaches ; corroboration variable,50,Alerte référencée dans l’archive 2026 de FrenchBreaches ; détails à enrichir depuis la fiche source.,https://frenchbreaches.com/alertes/lmde-via-almerys-mq3ejexj6wd235mym4,Rattrapage 2026 depuis l’archive FrenchBreaches — LMDE (via Almerys).,nouveau
2026-06-07,INTÉRIALE (via Almerys),France,France,Finance / Assurance,Fuite de données,Inconnu,Référencé par FrenchBreaches ; corroboration variable,50,Alerte référencée dans l’archive 2026 de FrenchBreaches ; détails à enrichir depuis la fiche source.,https://frenchbreaches.com/alertes/int-riale-via-almerys-mq3ciqicw06jgw7f76,Rattrapage 2026 depuis l’archive FrenchBreaches — INTÉRIALE (via Almerys).,nouveau
2026-06-07,Generali (via Almerys),France,France,Finance / Assurance,Fuite de données,Inconnu,Référencé par FrenchBreaches ; corroboration variable,50,Alerte référencée dans l’archive 2026 de FrenchBreaches ; détails à enrichir depuis la fiche source.,https://frenchbreaches.com/alertes/generali-via-almerys-mq3cl6nujenadstavff,Rattrapage 2026 depuis l’archive FrenchBreaches — Generali (via Almerys).,nouveau
2026-06-07,Fédération Départementale de Pêche du Bas-Rhin,France,France,Administration / Collectivité,Fuite de données,Inconnu,Référencé par FrenchBreaches ; corroboration variable,50,Alerte référencée dans l’archive 2026 de FrenchBreaches ; détails à enrichir depuis la fiche source.,https://frenchbreaches.com/alertes/f-d-ration-d-partementale-de-p-che-du-bas-rhin-mq41o1wkajp09cp6su7,Rattrapage 2026 depuis l’archive FrenchBreaches — Fédération Départementale de Pêche du Bas-Rhin.,nouveau
2026-06-07,Apivia (via Almerys),France,France,Finance / Assurance,Fuite de données,Inconnu,Référencé par FrenchBreaches ; corroboration variable,50,Alerte référencée dans l’archive 2026 de FrenchBreaches ; détails à enrichir depuis la fiche source.,https://frenchbreaches.com/alertes/apivia-via-almerys-mq3ccg4scwzxw4osbf,Rattrapage 2026 depuis l’archive FrenchBreaches — Apivia (via Almerys).,nouveau
2026-06-04,Vacansoleil,France,France,Inconnu,Fuite de données,Inconnu,Référencé par FrenchBreaches ; corroboration variable,50,Alerte référencée dans l’archive 2026 de FrenchBreaches ; détails à enrichir depuis la fiche source.,https://frenchbreaches.com/alertes/vacansoleil-mpzzr16obeutliq0ne4,Rattrapage 2026 depuis l’archive FrenchBreaches — Vacansoleil.,nouveau
2026-06-04,Sofinco,France,France,Finance / Assurance,Fuite de données,Inconnu,Référencé par FrenchBreaches ; corroboration variable,50,Alerte référencée dans l’archive 2026 de FrenchBreaches ; détails à enrichir depuis la fiche source.,https://frenchbreaches.com/alertes/sofinco-mpzc60e1xsvvs517f0n,Rattrapage 2026 depuis l’archive FrenchBreaches — Sofinco.,nouveau
2026-06-04,Krys,France,France,Finance / Assurance,Fuite de données,Inconnu,Référencé par FrenchBreaches ; corroboration variable,50,Alerte référencée dans l’archive 2026 de FrenchBreaches ; détails à enrichir depuis la fiche source.,https://frenchbreaches.com/alertes/krys-mpvw2un0laxad9kf2r,Rattrapage 2026 depuis l’archive FrenchBreaches — Krys.,nouveau
2026-06-04,Goodvest,France,France,Finance / Assurance,Fuite de données,Inconnu,Référencé par FrenchBreaches ; corroboration variable,50,Alerte référencée dans l’archive 2026 de FrenchBreaches ; détails à enrichir depuis la fiche source.,https://frenchbreaches.com/alertes/goodvest-mpzzt8syiprydgh3mta,Rattrapage 2026 depuis l’archive FrenchBreaches — Goodvest.,nouveau
2026-06-04,Digital Avocat,France,France,Services aux entreprises,Fuite de données,Inconnu,Référencé par FrenchBreaches ; corroboration variable,50,Alerte référencée dans l’archive 2026 de FrenchBreaches ; détails à enrichir depuis la fiche source.,https://frenchbreaches.com/alertes/digital-avocat-mpzotto3wukbpbhf8w9,Rattrapage 2026 depuis l’archive FrenchBreaches — Digital Avocat.,nouveau
2026-06-03,Sapeurs-pompiers d’Indre-et-Loire,France,France,Inconnu,Fuite de données,Inconnu,Référencé par FrenchBreaches ; corroboration variable,50,Alerte référencée dans l’archive 2026 de FrenchBreaches ; détails à enrichir depuis la fiche source.,https://frenchbreaches.com/alertes/sapeurs-pompiers-d-indre-et-loire-mpykpavuvpoysn2slwk,Rattrapage 2026 depuis l’archive FrenchBreaches — Sapeurs-pompiers d’Indre-et-Loire.,nouveau
2026-06-03,Osmose (Resana),France,France,Sport,Fuite de données,Inconnu,Référencé par FrenchBreaches ; corroboration variable,50,Alerte référencée dans l’archive 2026 de FrenchBreaches ; détails à enrichir depuis la fiche source.,https://frenchbreaches.com/alertes/osmose-resana-mpyc9xl4euzsprgpspv,Rattrapage 2026 depuis l’archive FrenchBreaches — Osmose (Resana).,nouveau
2026-06-03,Carvivo,France,France,Commerce / Distribution,Fuite de données,Inconnu,Référencé par FrenchBreaches ; corroboration variable,50,Alerte référencée dans l’archive 2026 de FrenchBreaches ; détails à enrichir depuis la fiche source.,https://frenchbreaches.com/alertes/carvivo-mpyafsmluq35fmz27g,Rattrapage 2026 depuis l’archive FrenchBreaches — Carvivo.,nouveau
2026-06-02,Intérimaires Santé (via Almerys),France,France,Santé,Fuite de données,Inconnu,Référencé par FrenchBreaches ; corroboration variable,50,Alerte référencée dans l’archive 2026 de FrenchBreaches ; détails à enrichir depuis la fiche source.,https://frenchbreaches.com/alertes/int-rimaires-sant-via-almerys-mpwpw6p1ua6g6v1e0ll,Rattrapage 2026 depuis l’archive FrenchBreaches — Intérimaires Santé (via Almerys).,nouveau
2026-06-02,Dossier Médical Partagé (DMP),France,France,Finance / Assurance,Fuite de données,Inconnu,Référencé par FrenchBreaches ; corroboration variable,50,Alerte référencée dans l’archive 2026 de FrenchBreaches ; détails à enrichir depuis la fiche source.,https://frenchbreaches.com/alertes/dossier-m-dical-partag-dmp-mpvrkfvsr9ckxxxxygg,Rattrapage 2026 depuis l’archive FrenchBreaches — Dossier Médical Partagé (DMP).,nouveau
2026-06-02,Air Austral,La Réunion,La Réunion,Transport / Logistique,Fuite de données,Inconnu,Référencé par FrenchBreaches ; corroboration variable,50,Alerte référencée dans l’archive 2026 de FrenchBreaches ; détails à enrichir depuis la fiche source.,https://frenchbreaches.com/alertes/air-austral-mpvvb04ho44kuefgda,Rattrapage 2026 depuis l’archive FrenchBreaches — Air Austral.,nouveau
2026-06-01,Le Média Pour Tous,France,France,Numérique / Technologie,Fuite de données,Inconnu,Référencé par FrenchBreaches ; corroboration variable,50,Alerte référencée dans l’archive 2026 de FrenchBreaches ; détails à enrichir depuis la fiche source.,https://frenchbreaches.com/alertes/le-m-dia-pour-tous-mpvgaqdqjv0jqukmms,Rattrapage 2026 depuis l’archive FrenchBreaches — Le Média Pour Tous.,nouveau
2026-06-01,LWS,France,France,Numérique / Technologie,Fuite de données,Inconnu,Référencé par FrenchBreaches ; corroboration variable,50,Alerte référencée dans l’archive 2026 de FrenchBreaches ; détails à enrichir depuis la fiche source.,https://frenchbreaches.com/alertes/lws-mpvqw0v9fc213aa89p8,Rattrapage 2026 depuis l’archive FrenchBreaches — LWS.,nouveau
2026-06-01,CPAMIF (via Almerys),France,France,Finance / Assurance,Fuite de données,Inconnu,Référencé par FrenchBreaches ; corroboration variable,50,Alerte référencée dans l’archive 2026 de FrenchBreaches ; détails à enrichir depuis la fiche source.,https://frenchbreaches.com/alertes/cpamif-via-almerys-mpvesq8p45eh6if89d8,Rattrapage 2026 depuis l’archive FrenchBreaches — CPAMIF (via Almerys).,nouveau
2026-06-01,Aésio Mutuelle (via Almerys),France,France,Finance / Assurance,Fuite de données,Inconnu,Référencé par FrenchBreaches ; corroboration variable,50,Alerte référencée dans l’archive 2026 de FrenchBreaches ; détails à enrichir depuis la fiche source.,https://frenchbreaches.com/alertes/a-sio-mutuelle-via-almerys-mpveqlcni4kczvnymnp,Rattrapage 2026 depuis l’archive FrenchBreaches — Aésio Mutuelle (via Almerys).,nouveau
2026-05-31,Avantages Enseignants,France,France,Administration / Collectivité,Fuite de données,Inconnu,Référencé par FrenchBreaches ; corroboration variable,50,Alerte référencée dans l’archive 2026 de FrenchBreaches ; détails à enrichir depuis la fiche source.,https://frenchbreaches.com/alertes/avantages-enseignants-mpu9ydiv6ck6im703m6,Rattrapage 2026 depuis l’archive FrenchBreaches — Avantages Enseignants.,nouveau
2026-05-29,Inter Mutuelles Habitat,France,France,Finance / Assurance,Fuite de données,Inconnu,Référencé par FrenchBreaches ; corroboration variable,50,Alerte référencée dans l’archive 2026 de FrenchBreaches ; détails à enrichir depuis la fiche source.,https://frenchbreaches.com/alertes/inter-mutuelles-habitat-mpqovo90ij0kbw2cx2e,Rattrapage 2026 depuis l’archive FrenchBreaches — Inter Mutuelles Habitat.,nouveau
2026-05-28,VIVINTER (via Almerys),France,France,Finance / Assurance,Fuite de données,Inconnu,Référencé par FrenchBreaches ; corroboration variable,50,Alerte référencée dans l’archive 2026 de FrenchBreaches ; détails à enrichir depuis la fiche source.,https://frenchbreaches.com/alertes/vivinter-via-almerys-mpptu1v7dw6zuoqjzrk,Rattrapage 2026 depuis l’archive FrenchBreaches — VIVINTER (via Almerys).,nouveau
2026-05-28,VIASANTÉ Mutuelle (via Almerys),France,France,Finance / Assurance,Fuite de données,Inconnu,Référencé par FrenchBreaches ; corroboration variable,50,Alerte référencée dans l’archive 2026 de FrenchBreaches ; détails à enrichir depuis la fiche source.,https://frenchbreaches.com/alertes/viasante-mutuelle-via-almerys-mpptnhafhtm9j1huuy,Rattrapage 2026 depuis l’archive FrenchBreaches — VIASANTÉ Mutuelle (via Almerys).,nouveau
2026-05-28,Sanergie ieg (via Almerys),France,France,Finance / Assurance,Fuite de données,Inconnu,Référencé par FrenchBreaches ; corroboration variable,50,Alerte référencée dans l’archive 2026 de FrenchBreaches ; détails à enrichir depuis la fiche source.,https://frenchbreaches.com/alertes/sanergie-ieg-via-almerys-mpptgq3nz6fgmm4epvk,Rattrapage 2026 depuis l’archive FrenchBreaches — Sanergie ieg (via Almerys).,nouveau
2026-05-28,Mutuelle des métiers de la justice et de la sécurité (via Almerys),France,France,Finance / Assurance,Fuite de données,Inconnu,Référencé par FrenchBreaches ; corroboration variable,50,Alerte référencée dans l’archive 2026 de FrenchBreaches ; détails à enrichir depuis la fiche source.,https://frenchbreaches.com/alertes/mutuelle-des-metiers-de-la-justice-et-de-la-securite-via-almerys-mppp0ar39zprqeucls7,Rattrapage 2026 depuis l’archive FrenchBreaches — Mutuelle des métiers de la justice et de la sécurité (via Almerys).,nouveau
2026-05-28,Mutame Plus (via Almerys),France,France,Finance / Assurance,Fuite de données,Inconnu,Référencé par FrenchBreaches ; corroboration variable,50,Alerte référencée dans l’archive 2026 de FrenchBreaches ; détails à enrichir depuis la fiche source.,https://frenchbreaches.com/alertes/mutame-plus-via-almerys-mpptlitx3949jytm03q,Rattrapage 2026 depuis l’archive FrenchBreaches — Mutame Plus (via Almerys).,nouveau
2026-05-28,MCEN Mutuelle (via Almerys),France,France,Finance / Assurance,Fuite de données,Inconnu,Référencé par FrenchBreaches ; corroboration variable,50,Alerte référencée dans l’archive 2026 de FrenchBreaches ; détails à enrichir depuis la fiche source.,https://frenchbreaches.com/alertes/mcen-mutuelle-via-almerys-mpptxt93w71nwr61o6k,Rattrapage 2026 depuis l’archive FrenchBreaches — MCEN Mutuelle (via Almerys).,nouveau
2026-05-28,MBA Mutuelle (via Almerys),France,France,Finance / Assurance,Fuite de données,Inconnu,Référencé par FrenchBreaches ; corroboration variable,50,Alerte référencée dans l’archive 2026 de FrenchBreaches ; détails à enrichir depuis la fiche source.,https://frenchbreaches.com/alertes/mba-mutuelle-via-almerys-mpptzih464tek6j2wyc,Rattrapage 2026 depuis l’archive FrenchBreaches — MBA Mutuelle (via Almerys).,nouveau
2026-05-28,Le Figaro Immobilier,France,France,Construction / BTP,Fuite de données,Inconnu,Référencé par FrenchBreaches ; corroboration variable,50,Alerte référencée dans l’archive 2026 de FrenchBreaches ; détails à enrichir depuis la fiche source.,https://frenchbreaches.com/alertes/le-figaro-immobilier-mppld8wn0xo2zxnwo8qb,Rattrapage 2026 depuis l’archive FrenchBreaches — Le Figaro Immobilier.,nouveau
2026-05-28,Lamie Mutuelle (via Almerys),France,France,Finance / Assurance,Fuite de données,Inconnu,Référencé par FrenchBreaches ; corroboration variable,50,Alerte référencée dans l’archive 2026 de FrenchBreaches ; détails à enrichir depuis la fiche source.,https://frenchbreaches.com/alertes/lamie-mutuelle-via-almerys-mpptvhzvs9aw2u414al,Rattrapage 2026 depuis l’archive FrenchBreaches — Lamie Mutuelle (via Almerys).,nouveau
2026-05-28,EnVisite,France,France,Commerce / Distribution,Fuite de données,Inconnu,Référencé par FrenchBreaches ; corroboration variable,50,Alerte référencée dans l’archive 2026 de FrenchBreaches ; détails à enrichir depuis la fiche source.,https://frenchbreaches.com/alertes/envisite-mpplgr0asz9ji6f3vs,Rattrapage 2026 depuis l’archive FrenchBreaches — EnVisite.,nouveau
2026-05-28,Certificat Cléa,France,France,Éducation / Formation,Fuite de données,Inconnu,Référencé par FrenchBreaches ; corroboration variable,50,Alerte référencée dans l’archive 2026 de FrenchBreaches ; détails à enrichir depuis la fiche source.,https://frenchbreaches.com/alertes/certificat-clea-mpoqqddhr8eitg03ktl,Rattrapage 2026 depuis l’archive FrenchBreaches — Certificat Cléa.,nouveau
2026-05-28,Camieg (via Almerys),France,France,Finance / Assurance,Fuite de données,Inconnu,Référencé par FrenchBreaches ; corroboration variable,50,Alerte référencée dans l’archive 2026 de FrenchBreaches ; détails à enrichir depuis la fiche source.,https://frenchbreaches.com/alertes/camieg-via-almerys-mpptj3uqd4ndlhy3hm,Rattrapage 2026 depuis l’archive FrenchBreaches — Camieg (via Almerys).,nouveau
2026-05-28,CNP Assurances Protection Sociale (via Almerys),France,France,Finance / Assurance,Fuite de données,Inconnu,Référencé par FrenchBreaches ; corroboration variable,50,Alerte référencée dans l’archive 2026 de FrenchBreaches ; détails à enrichir depuis la fiche source.,https://frenchbreaches.com/alertes/cnp-assurances-protection-sociale-via-almerys-mpptr7pee2o4m5lseqp,Rattrapage 2026 depuis l’archive FrenchBreaches — CNP Assurances Protection Sociale (via Almerys).,nouveau
2026-05-28,Apogas Immobilier,France,France,Construction / BTP,Fuite de données,Inconnu,Référencé par FrenchBreaches ; corroboration variable,50,Alerte référencée dans l’archive 2026 de FrenchBreaches ; détails à enrichir depuis la fiche source.,https://frenchbreaches.com/alertes/apogas-immobilier-mpp9aw0olqsce0xnm9m,Rattrapage 2026 depuis l’archive FrenchBreaches — Apogas Immobilier.,nouveau
2026-05-27,Mano Mano,France,France,Commerce / Distribution,Fuite de données,Inconnu,Référencé par FrenchBreaches ; corroboration variable,50,Alerte référencée dans l’archive 2026 de FrenchBreaches ; détails à enrichir depuis la fiche source.,https://frenchbreaches.com/alertes/mano-mano-mpol39hmgql0xw2y2e,Rattrapage 2026 depuis l’archive FrenchBreaches — Mano Mano.,nouveau
2026-05-27,Jet Systems Hélicoptères Services,France,France,Commerce / Distribution,Fuite de données,Inconnu,Référencé par FrenchBreaches ; corroboration variable,50,Alerte référencée dans l’archive 2026 de FrenchBreaches ; détails à enrichir depuis la fiche source.,https://frenchbreaches.com/alertes/jet-systems-helicopteres-services-mpo4rlnyzqdqqdeyty,Rattrapage 2026 depuis l’archive FrenchBreaches — Jet Systems Hélicoptères Services.,nouveau
2026-05-27,Ino plage Cagnes-sur-Mer,France,France,Commerce / Distribution,Fuite de données,Inconnu,Référencé par FrenchBreaches ; corroboration variable,50,Alerte référencée dans l’archive 2026 de FrenchBreaches ; détails à enrichir depuis la fiche source.,https://frenchbreaches.com/alertes/ino-plage-cagnes-sur-mer-mpo9h82u86kz2i7tvvw,Rattrapage 2026 depuis l’archive FrenchBreaches — Ino plage Cagnes-sur-Mer.,nouveau
2026-05-27,Fédération Nationale de l'Hôtellerie de Plein Air (FHNPA),France,France,Commerce / Distribution,Fuite de données,Inconnu,Référencé par FrenchBreaches ; corroboration variable,50,Alerte référencée dans l’archive 2026 de FrenchBreaches ; détails à enrichir depuis la fiche source.,https://frenchbreaches.com/alertes/federation-nationale-de-l-hotellerie-de-plein-air-fhnpa-mpnpfdsv1ca3mqlt38l,Rattrapage 2026 depuis l’archive FrenchBreaches — Fédération Nationale de l'Hôtellerie de Plein Air (FHNPA).,nouveau
2026-05-27,Amanda,France,France,Commerce / Distribution,Fuite de données,Inconnu,Référencé par FrenchBreaches ; corroboration variable,50,Alerte référencée dans l’archive 2026 de FrenchBreaches ; détails à enrichir depuis la fiche source.,https://frenchbreaches.com/alertes/amanda-mpoe1brarnizhw6wlrq,Rattrapage 2026 depuis l’archive FrenchBreaches — Amanda.,nouveau
2026-05-26,Socotec,France,France,Construction / BTP,Fuite de données,Inconnu,Référencé par FrenchBreaches ; corroboration variable,50,Alerte référencée dans l’archive 2026 de FrenchBreaches ; détails à enrichir depuis la fiche source.,https://frenchbreaches.com/alertes/socotec-mpn41wu1kbhni6pm55t,Rattrapage 2026 depuis l’archive FrenchBreaches — Socotec.,nouveau
2026-05-26,HPAGUIDE,France,France,Commerce / Distribution,Fuite de données,Inconnu,Référencé par FrenchBreaches ; corroboration variable,50,Alerte référencée dans l’archive 2026 de FrenchBreaches ; détails à enrichir depuis la fiche source.,https://frenchbreaches.com/alertes/hpaguide-mpn48rn7xj7xnz4etu9,Rattrapage 2026 depuis l’archive FrenchBreaches — HPAGUIDE.,nouveau
2026-05-26,ADN Tourisme,France,France,Inconnu,Fuite de données,Inconnu,Référencé par FrenchBreaches ; corroboration variable,50,Alerte référencée dans l’archive 2026 de FrenchBreaches ; détails à enrichir depuis la fiche source.,https://frenchbreaches.com/alertes/adn-tourisme-mpmd7sanxdxila9fm6,Rattrapage 2026 depuis l’archive FrenchBreaches — ADN Tourisme.,nouveau
2026-05-25,Optic 2000,France,France,Commerce / Distribution,Fuite de données,Inconnu,Référencé par FrenchBreaches ; corroboration variable,50,Alerte référencée dans l’archive 2026 de FrenchBreaches ; détails à enrichir depuis la fiche source.,https://frenchbreaches.com/alertes/optic-2000-mpkw910d79qqof45pf,Rattrapage 2026 depuis l’archive FrenchBreaches — Optic 2000.,nouveau
2026-05-25,Nature & Cie,France,France,Commerce / Distribution,Fuite de données,Inconnu,Référencé par FrenchBreaches ; corroboration variable,50,Alerte référencée dans l’archive 2026 de FrenchBreaches ; détails à enrichir depuis la fiche source.,https://frenchbreaches.com/alertes/nature-cie-mpll6fdoyfc3n9kysu8,Rattrapage 2026 depuis l’archive FrenchBreaches — Nature & Cie.,nouveau
2026-05-25,Mairie d’Eyguières,France,France,Administration / Collectivité,Fuite de données,Inconnu,Référencé par FrenchBreaches ; corroboration variable,50,Alerte référencée dans l’archive 2026 de FrenchBreaches ; détails à enrichir depuis la fiche source.,https://frenchbreaches.com/alertes/mairie-d-eyguieres-mpkwhyq0drmqq6v2bv,Rattrapage 2026 depuis l’archive FrenchBreaches — Mairie d’Eyguières.,nouveau
2026-05-25,Les Embruns d’Oléron,France,Château-d’Oléron sur l’île d’Oléron,Commerce / Distribution,Fuite de données,Inconnu,Référencé par FrenchBreaches ; corroboration variable,50,Alerte référencée dans l’archive 2026 de FrenchBreaches ; détails à enrichir depuis la fiche source.,https://frenchbreaches.com/alertes/les-embruns-d-oleron-mpkwecflbqhafim3x5v,Rattrapage 2026 depuis l’archive FrenchBreaches — Les Embruns d’Oléron.,nouveau
2026-05-23,Purvapor,France,France,Commerce / Distribution,Fuite de données,Inconnu,Référencé par FrenchBreaches ; corroboration variable,50,Alerte référencée dans l’archive 2026 de FrenchBreaches ; détails à enrichir depuis la fiche source.,https://frenchbreaches.com/alertes/purvapor-mpipellbin5ciq8mirt,Rattrapage 2026 depuis l’archive FrenchBreaches — Purvapor.,nouveau
2026-05-23,Avea Séjours,France,France,Commerce / Distribution,Fuite de données,Inconnu,Référencé par FrenchBreaches ; corroboration variable,50,Alerte référencée dans l’archive 2026 de FrenchBreaches ; détails à enrichir depuis la fiche source.,https://frenchbreaches.com/alertes/avea-sejours-mpd5ehi26ccq7uhx14j,Rattrapage 2026 depuis l’archive FrenchBreaches — Avea Séjours.,nouveau
2026-05-23,Alan (via Almerys),France,France,Finance / Assurance,Fuite de données,Inconnu,Référencé par FrenchBreaches ; corroboration variable,50,Alerte référencée dans l’archive 2026 de FrenchBreaches ; détails à enrichir depuis la fiche source.,https://frenchbreaches.com/alertes/alan-via-almerys-mpielny1f4sy0qlygbc,Rattrapage 2026 depuis l’archive FrenchBreaches — Alan (via Almerys).,nouveau
2026-05-22,MoveUp Formation,France,France,Éducation / Formation,Fuite de données,Inconnu,Référencé par FrenchBreaches ; corroboration variable,50,Alerte référencée dans l’archive 2026 de FrenchBreaches ; détails à enrichir depuis la fiche source.,https://frenchbreaches.com/alertes/moveup-formation-mpg4wvjz39vtfk6e9ir,Rattrapage 2026 depuis l’archive FrenchBreaches — MoveUp Formation.,nouveau
2026-05-22,Largo,France,France,Commerce / Distribution,Fuite de données,Inconnu,Référencé par FrenchBreaches ; corroboration variable,50,Alerte référencée dans l’archive 2026 de FrenchBreaches ; détails à enrichir depuis la fiche source.,https://frenchbreaches.com/alertes/largo-mphcfehbwjs4qy7qdt,Rattrapage 2026 depuis l’archive FrenchBreaches — Largo.,nouveau
2026-05-22,Jimmy Fairly,France,France,Commerce / Distribution,Fuite de données,Inconnu,Référencé par FrenchBreaches ; corroboration variable,50,Alerte référencée dans l’archive 2026 de FrenchBreaches ; détails à enrichir depuis la fiche source.,https://frenchbreaches.com/alertes/jimmy-fairly-mpg6y5bk1f6uewlu6fe,Rattrapage 2026 depuis l’archive FrenchBreaches — Jimmy Fairly.,nouveau
2026-05-22,Camping-Car Plus,France,France,Inconnu,Fuite de données,Inconnu,Référencé par FrenchBreaches ; corroboration variable,50,Alerte référencée dans l’archive 2026 de FrenchBreaches ; détails à enrichir depuis la fiche source.,https://frenchbreaches.com/alertes/camping-car-plus-mphcbx01k97kdeiihzr,Rattrapage 2026 depuis l’archive FrenchBreaches — Camping-Car Plus.,nouveau
2026-05-22,Auchan Optique,France,France,Commerce / Distribution,Fuite de données,Inconnu,Référencé par FrenchBreaches ; corroboration variable,50,Alerte référencée dans l’archive 2026 de FrenchBreaches ; détails à enrichir depuis la fiche source.,https://frenchbreaches.com/alertes/auchan-optique-mpgvi3jh9aeys7g2owj,Rattrapage 2026 depuis l’archive FrenchBreaches — Auchan Optique.,nouveau
2026-05-22,Atol,France,France,Commerce / Distribution,Fuite de données,Inconnu,Référencé par FrenchBreaches ; corroboration variable,50,Alerte référencée dans l’archive 2026 de FrenchBreaches ; détails à enrichir depuis la fiche source.,https://frenchbreaches.com/alertes/atol-mpgvctci9sbkmurcuhc,Rattrapage 2026 depuis l’archive FrenchBreaches — Atol.,nouveau
2026-05-22,ATOA,France,France,Finance / Assurance,Fuite de données,Inconnu,Référencé par FrenchBreaches ; corroboration variable,50,Alerte référencée dans l’archive 2026 de FrenchBreaches ; détails à enrichir depuis la fiche source.,https://frenchbreaches.com/alertes/atoa-mpg304g4t1kb1a16sp | https://www.bing.com/ck/a?!&&p=49a72208148b1806814c29466c1771610fa6960e181ecd0bba47ca0ea91c833cJmltdHM9MTc4NjgzODQwMA&ptn=3&ver=2&hsh=4&fclid=0f91fa3e-aa6b-651e-139c-ed89abe964f5&u=a1aHR0cHM6Ly93d3cuYXp0YWMub3JnLw&ntb=1 | https://www.bing.com/ck/a?!&&p=ce35e9ba8876849f499dd70c5bcc48d9f71dca63ec807f4fe75077b632e8dca1JmltdHM9MTc4NjgzODQwMA&ptn=3&ver=2&hsh=4&fclid=0f91fa3e-aa6b-651e-139c-ed89abe964f5&u=a1aHR0cHM6Ly9lbi5hdG9hLWtvYmUuanAv&ntb=1,Rattrapage 2026 depuis l’archive FrenchBreaches — ATOA.,nouveau
2026-05-21,Service Civique,France,France,Éducation / Formation,Fuite de données,Inconnu,Référencé par FrenchBreaches ; corroboration variable,50,Alerte référencée dans l’archive 2026 de FrenchBreaches ; détails à enrichir depuis la fiche source.,https://frenchbreaches.com/alertes/service-civique-mpfaoqh7lc9z6kizae,Rattrapage 2026 depuis l’archive FrenchBreaches — Service Civique.,nouveau
2026-05-21,Almerys,France,France,Inconnu,Fuite de données,Inconnu,Référencé par FrenchBreaches ; corroboration variable,50,Alerte référencée dans l’archive 2026 de FrenchBreaches ; détails à enrichir depuis la fiche source.,https://frenchbreaches.com/alertes/almerys-mpfwljdi36y8238mlfs,Rattrapage 2026 depuis l’archive FrenchBreaches — Almerys.,nouveau
2026-05-19,Vacances Lagrange,France,France,Commerce / Distribution,Fuite de données,Inconnu,Référencé par FrenchBreaches ; corroboration variable,50,Alerte référencée dans l’archive 2026 de FrenchBreaches ; détails à enrichir depuis la fiche source.,https://frenchbreaches.com/alertes/vacances-lagrange-mpck6jp62vdo8adwkx6,Rattrapage 2026 depuis l’archive FrenchBreaches — Vacances Lagrange.,nouveau
2026-05-18,MediaVacances,France,France,Commerce / Distribution,Fuite de données,Inconnu,Référencé par FrenchBreaches ; corroboration variable,50,Alerte référencée dans l’archive 2026 de FrenchBreaches ; détails à enrichir depuis la fiche source.,https://frenchbreaches.com/alertes/mediavacances-mpbjztyzp0097l7y4of,Rattrapage 2026 depuis l’archive FrenchBreaches — MediaVacances.,nouveau
2026-05-17,Gîtes de France,France,France,Commerce / Distribution,Fuite de données,Inconnu,Référencé par FrenchBreaches ; corroboration variable,50,Alerte référencée dans l’archive 2026 de FrenchBreaches ; détails à enrichir depuis la fiche source.,https://frenchbreaches.com/alertes/gites-de-france-mp9daijhcepjm8xjiwe,Rattrapage 2026 depuis l’archive FrenchBreaches — Gîtes de France.,nouveau
2026-05-16,Djaboo,France,France,Inconnu,Fuite de données,Inconnu,Référencé par FrenchBreaches ; corroboration variable,50,Alerte référencée dans l’archive 2026 de FrenchBreaches ; détails à enrichir depuis la fiche source.,https://frenchbreaches.com/alertes/djaboo-mp8f8di2zk5rhgw4z9,Rattrapage 2026 depuis l’archive FrenchBreaches — Djaboo.,nouveau
2026-05-16,Belambra,France,France,Commerce / Distribution,Fuite de données,Inconnu,Référencé par FrenchBreaches ; corroboration variable,50,Alerte référencée dans l’archive 2026 de FrenchBreaches ; détails à enrichir depuis la fiche source.,https://frenchbreaches.com/alertes/belambra-mp7e4b2vi0qvd5dypxa,Rattrapage 2026 depuis l’archive FrenchBreaches — Belambra.,nouveau
2026-05-15,Maeva,France,France,Commerce / Distribution,Fuite de données,Inconnu,Référencé par FrenchBreaches ; corroboration variable,50,Alerte référencée dans l’archive 2026 de FrenchBreaches ; détails à enrichir depuis la fiche source.,https://frenchbreaches.com/alertes/maeva-mp5qfjkb723sj6z01a,Rattrapage 2026 depuis l’archive FrenchBreaches — Maeva.,nouveau
2026-05-14,Union Professionnelle des Professeurs,France,France,Éducation / Formation,Fuite de données,Inconnu,Référencé par FrenchBreaches ; corroboration variable,50,Alerte référencée dans l’archive 2026 de FrenchBreaches ; détails à enrichir depuis la fiche source.,https://frenchbreaches.com/alertes/union-professionnelle-des-professeurs-mp5hwe9dh580ckx4yr,Rattrapage 2026 depuis l’archive FrenchBreaches — Union Professionnelle des Professeurs.,nouveau
2026-05-14,EFC Formation,France,France,Éducation / Formation,Fuite de données,Inconnu,Référencé par FrenchBreaches ; corroboration variable,50,Alerte référencée dans l’archive 2026 de FrenchBreaches ; détails à enrichir depuis la fiche source.,https://frenchbreaches.com/alertes/efc-formation-mp4mim66mhokgfnuq9,Rattrapage 2026 depuis l’archive FrenchBreaches — EFC Formation.,nouveau
2026-05-14,Collège de France,France,France,Éducation / Formation,Fuite de données,Inconnu,Référencé par FrenchBreaches ; corroboration variable,50,Alerte référencée dans l’archive 2026 de FrenchBreaches ; détails à enrichir depuis la fiche source.,https://frenchbreaches.com/alertes/college-de-france-mp5hrkfhvu6z38nk9cs,Rattrapage 2026 depuis l’archive FrenchBreaches — Collège de France.,nouveau
2026-05-14,Auchan,France,France,Commerce / Distribution,Fuite de données,Inconnu,Référencé par FrenchBreaches ; corroboration variable,50,Alerte référencée dans l’archive 2026 de FrenchBreaches ; détails à enrichir depuis la fiche source.,https://frenchbreaches.com/alertes/auchan-mp5a0f5pvabehrjgsz,Rattrapage 2026 depuis l’archive FrenchBreaches — Auchan.,nouveau
2026-05-13,Mistral AI,France,France,Numérique / Technologie,Fuite de données,Inconnu,Référencé par FrenchBreaches ; corroboration variable,50,Alerte référencée dans l’archive 2026 de FrenchBreaches ; détails à enrichir depuis la fiche source.,https://frenchbreaches.com/alertes/mistral-ai-mp494d9mhuf2uw9vr1h,Rattrapage 2026 depuis l’archive FrenchBreaches — Mistral AI.,nouveau
2026-05-13,Enercoop,France,France,Énergie / Utilities,Fuite de données,Inconnu,Référencé par FrenchBreaches ; corroboration variable,50,Alerte référencée dans l’archive 2026 de FrenchBreaches ; détails à enrichir depuis la fiche source.,https://frenchbreaches.com/alertes/enercoop-mp483a8bqjhyqqnz5v8,Rattrapage 2026 depuis l’archive FrenchBreaches — Enercoop.,nouveau
2026-05-13,Akitatek,France,France,Commerce / Distribution,Fuite de données,Inconnu,Référencé par FrenchBreaches ; corroboration variable,50,Alerte référencée dans l’archive 2026 de FrenchBreaches ; détails à enrichir depuis la fiche source.,https://frenchbreaches.com/alertes/akitatek-mp400xy3jlznm1t6xug,Rattrapage 2026 depuis l’archive FrenchBreaches — Akitatek.,nouveau
2026-05-12,Thales Group,France,France,Industrie / Manufacture,Fuite de données,Inconnu,Référencé par FrenchBreaches ; corroboration variable,50,Alerte référencée dans l’archive 2026 de FrenchBreaches ; détails à enrichir depuis la fiche source.,https://frenchbreaches.com/alertes/thales-group-mp345wolpq1ssk3g5x,Rattrapage 2026 depuis l’archive FrenchBreaches — Thales Group.,nouveau
2026-05-12,Nuhanciam,France,France,Commerce / Distribution,Fuite de données,Inconnu,Référencé par FrenchBreaches ; corroboration variable,50,Alerte référencée dans l’archive 2026 de FrenchBreaches ; détails à enrichir depuis la fiche source.,https://frenchbreaches.com/alertes/nuhanciam-mp2u2ypav9t7aijt8ab,Rattrapage 2026 depuis l’archive FrenchBreaches — Nuhanciam.,nouveau
2026-05-12,La Boîte Immo,France,France,Commerce / Distribution,Fuite de données,Inconnu,Référencé par FrenchBreaches ; corroboration variable,50,Alerte référencée dans l’archive 2026 de FrenchBreaches ; détails à enrichir depuis la fiche source.,https://frenchbreaches.com/alertes/la-boite-immo-mp334cx8l4fsoxkok9d,Rattrapage 2026 depuis l’archive FrenchBreaches — La Boîte Immo.,nouveau
2026-05-12,Best Western Hotels,France,France,Inconnu,Fuite de données,Inconnu,Référencé par FrenchBreaches ; corroboration variable,50,Alerte référencée dans l’archive 2026 de FrenchBreaches ; détails à enrichir depuis la fiche source.,https://frenchbreaches.com/alertes/best-western-hotels-mp2hayh0cqhj9k7sxc,Rattrapage 2026 depuis l’archive FrenchBreaches — Best Western Hotels.,nouveau
2026-05-11,Once For All / Actradis,France,France,Numérique / Technologie,Fuite de données,Inconnu,Référencé par FrenchBreaches ; corroboration variable,50,Alerte référencée dans l’archive 2026 de FrenchBreaches ; détails à enrichir depuis la fiche source.,https://frenchbreaches.com/alertes/once-for-all-actradis-mp1d5zc3nfgjboj5caf,Rattrapage 2026 depuis l’archive FrenchBreaches — Once For All / Actradis.,nouveau
2026-05-11,KamsParis,France,France,Commerce / Distribution,Fuite de données,Inconnu,Référencé par FrenchBreaches ; corroboration variable,50,Alerte référencée dans l’archive 2026 de FrenchBreaches ; détails à enrichir depuis la fiche source.,https://frenchbreaches.com/alertes/kamsparis-mp1pnm5xwgn026x3ieb,Rattrapage 2026 depuis l’archive FrenchBreaches — KamsParis.,nouveau
2026-05-11,Arcat (Groupe SOS - Solidarités),France,France,Sport,Fuite de données,Inconnu,Référencé par FrenchBreaches ; corroboration variable,50,Alerte référencée dans l’archive 2026 de FrenchBreaches ; détails à enrichir depuis la fiche source.,https://frenchbreaches.com/alertes/arcat-groupe-sos-solidarites-mp1g37x07plbj9o92kp,Rattrapage 2026 depuis l’archive FrenchBreaches — Arcat (Groupe SOS - Solidarités).,nouveau
2026-05-10,West Pharmaceutical,France,France,Santé,Fuite de données,Inconnu,Référencé par FrenchBreaches ; corroboration variable,50,Alerte référencée dans l’archive 2026 de FrenchBreaches ; détails à enrichir depuis la fiche source.,https://frenchbreaches.com/alertes/west-pharmaceutical-mp02xkxjkw6bd7u8y9n,Rattrapage 2026 depuis l’archive FrenchBreaches — West Pharmaceutical.,nouveau
2026-05-10,Ville de Roubaix / Services scolaires,France,France,Administration / Collectivité,Fuite de données,Inconnu,Référencé par FrenchBreaches ; corroboration variable,50,Alerte référencée dans l’archive 2026 de FrenchBreaches ; détails à enrichir depuis la fiche source.,https://frenchbreaches.com/alertes/ville-de-roubaix-services-scolaires-mozp91ekk0ljyb1ibem,Rattrapage 2026 depuis l’archive FrenchBreaches — Ville de Roubaix / Services scolaires.,nouveau
2026-05-10,Service de remplacement agricole,France,France,Inconnu,Fuite de données,Inconnu,Référencé par FrenchBreaches ; corroboration variable,50,Alerte référencée dans l’archive 2026 de FrenchBreaches ; détails à enrichir depuis la fiche source.,https://frenchbreaches.com/alertes/service-de-remplacement-agricole-moz1ic59c83njcho2rl,Rattrapage 2026 depuis l’archive FrenchBreaches — Service de remplacement agricole.,nouveau
2026-05-09,Média31 (Médiathèques de Haute-Garonne),France,France,Commerce / Distribution,Fuite de données,Inconnu,Référencé par FrenchBreaches ; corroboration variable,50,Alerte référencée dans l’archive 2026 de FrenchBreaches ; détails à enrichir depuis la fiche source.,https://frenchbreaches.com/alertes/media31-mediatheques-de-haute-garonne-moyhywanwcg5po8qci,Rattrapage 2026 depuis l’archive FrenchBreaches — Média31 (Médiathèques de Haute-Garonne).,nouveau
2026-05-09,Fédération Française de Ball-Trap,France,France,Sport,Fuite de données,Inconnu,Référencé par FrenchBreaches ; corroboration variable,50,Alerte référencée dans l’archive 2026 de FrenchBreaches ; détails à enrichir depuis la fiche source.,https://frenchbreaches.com/alertes/federation-francaise-de-ball-trap-moy8sou1rjkxac02da8,Rattrapage 2026 depuis l’archive FrenchBreaches — Fédération Française de Ball-Trap.,nouveau
2026-05-09,Ev@lang,France,France,Inconnu,Fuite de données,Inconnu,Référencé par FrenchBreaches ; corroboration variable,50,Alerte référencée dans l’archive 2026 de FrenchBreaches ; détails à enrichir depuis la fiche source.,https://frenchbreaches.com/alertes/ev-lang-moydxgq6ibo372yfp3i,Rattrapage 2026 depuis l’archive FrenchBreaches — Ev@lang.,nouveau
2026-05-08,Mairie de Lyon,France,France,Administration / Collectivité,Fuite de données,Inconnu,Référencé par FrenchBreaches ; corroboration variable,50,Alerte référencée dans l’archive 2026 de FrenchBreaches ; détails à enrichir depuis la fiche source.,https://frenchbreaches.com/alertes/mairie-de-lyon-moxebel3sf8xrk9i6v,Rattrapage 2026 depuis l’archive FrenchBreaches — Mairie de Lyon.,nouveau
2026-05-08,EduConnect,France,France,Éducation / Formation,Fuite de données,Inconnu,Référencé par FrenchBreaches ; corroboration variable,50,Alerte référencée dans l’archive 2026 de FrenchBreaches ; détails à enrichir depuis la fiche source.,https://frenchbreaches.com/alertes/educonnect-mowli7okbjliqlcskpj,Rattrapage 2026 depuis l’archive FrenchBreaches — EduConnect.,nouveau
2026-05-08,Boulangeries Ange,France,France,Commerce / Distribution,Fuite de données,Inconnu,Référencé par FrenchBreaches ; corroboration variable,50,Alerte référencée dans l’archive 2026 de FrenchBreaches ; détails à enrichir depuis la fiche source.,https://frenchbreaches.com/alertes/boulangeries-ange-mokfwyv8wvx4vrnc1o,Rattrapage 2026 depuis l’archive FrenchBreaches — Boulangeries Ange.,nouveau
2026-05-08,Auto-écoles,France,France,Éducation / Formation,Fuite de données,Inconnu,Référencé par FrenchBreaches ; corroboration variable,50,Alerte référencée dans l’archive 2026 de FrenchBreaches ; détails à enrichir depuis la fiche source.,https://frenchbreaches.com/alertes/auto-ecoles-mox0xr6kz2qg1oy89p,Rattrapage 2026 depuis l’archive FrenchBreaches — Auto-écoles.,nouveau
2026-05-08,Arsène Valentin,France,France,Commerce / Distribution,Fuite de données,Inconnu,Référencé par FrenchBreaches ; corroboration variable,50,Alerte référencée dans l’archive 2026 de FrenchBreaches ; détails à enrichir depuis la fiche source.,https://frenchbreaches.com/alertes/arsene-valentin-mox4uspbtdee6w8nkt9,Rattrapage 2026 depuis l’archive FrenchBreaches — Arsène Valentin.,nouveau
2026-05-07,Action Populaire (La France Insoumise),France,France,Inconnu,Fuite de données,Inconnu,Référencé par FrenchBreaches ; corroboration variable,50,Alerte référencée dans l’archive 2026 de FrenchBreaches ; détails à enrichir depuis la fiche source.,https://frenchbreaches.com/alertes/action-populaire-la-france-insoumise-movimkdab8oo5wwy747,Rattrapage 2026 depuis l’archive FrenchBreaches — Action Populaire (La France Insoumise).,nouveau
2026-05-06,Leroy Merlin,France,France,Commerce / Distribution,Fuite de données,Inconnu,Référencé par FrenchBreaches ; corroboration variable,50,Alerte référencée dans l’archive 2026 de FrenchBreaches ; détails à enrichir depuis la fiche source.,https://frenchbreaches.com/alertes/leroy-merlin-moujvb632m6bpk9gfr9,Rattrapage 2026 depuis l’archive FrenchBreaches — Leroy Merlin.,nouveau
2026-05-06,Cetelem,France,France,Finance / Assurance,Fuite de données,Inconnu,Référencé par FrenchBreaches ; corroboration variable,50,Alerte référencée dans l’archive 2026 de FrenchBreaches ; détails à enrichir depuis la fiche source.,https://frenchbreaches.com/alertes/cetelem-mou180xt47920nxehny,Rattrapage 2026 depuis l’archive FrenchBreaches — Cetelem.,nouveau
2026-05-06,BookMyName,France,France,Inconnu,Fuite de données,Inconnu,Référencé par FrenchBreaches ; corroboration variable,50,Alerte référencée dans l’archive 2026 de FrenchBreaches ; détails à enrichir depuis la fiche source.,https://frenchbreaches.com/alertes/bookmyname-mou11ubprlmych9lcc9,Rattrapage 2026 depuis l’archive FrenchBreaches — BookMyName.,nouveau
2026-05-05,Ville de Quiberon,France,France,Administration / Collectivité,Fuite de données,Inconnu,Référencé par FrenchBreaches ; corroboration variable,50,Alerte référencée dans l’archive 2026 de FrenchBreaches ; détails à enrichir depuis la fiche source.,https://frenchbreaches.com/alertes/ville-de-quiberon-mot2ne69l7t2n7d5fh,Rattrapage 2026 depuis l’archive FrenchBreaches — Ville de Quiberon.,nouveau
2026-05-05,NexPlay,France,France,Numérique / Technologie,Fuite de données,Inconnu,Référencé par FrenchBreaches ; corroboration variable,50,Alerte référencée dans l’archive 2026 de FrenchBreaches ; détails à enrichir depuis la fiche source.,https://frenchbreaches.com/alertes/nexplay-morrqvwhmmjqek3ex29,Rattrapage 2026 depuis l’archive FrenchBreaches — NexPlay.,nouveau
2026-05-05,Bouygues Telecom (TECH360),France,France,Numérique / Technologie,Fuite de données,Inconnu,Référencé par FrenchBreaches ; corroboration variable,50,Alerte référencée dans l’archive 2026 de FrenchBreaches ; détails à enrichir depuis la fiche source.,https://frenchbreaches.com/alertes/bouygues-telecom-tech360-mosy4ca5xkt1hyc9gvj,Rattrapage 2026 depuis l’archive FrenchBreaches — Bouygues Telecom (TECH360).,nouveau
2026-05-04,Écoles de Psychologues Praticiens,France,France,Éducation / Formation,Fuite de données,Inconnu,Référencé par FrenchBreaches ; corroboration variable,50,Alerte référencée dans l’archive 2026 de FrenchBreaches ; détails à enrichir depuis la fiche source.,https://frenchbreaches.com/alertes/ecoles-de-psychologues-praticiens-moqf5qugo52q52z6x7a,Rattrapage 2026 depuis l’archive FrenchBreaches — Écoles de Psychologues Praticiens.,nouveau
2026-05-04,Smallable,France,France,Commerce / Distribution,Fuite de données,Inconnu,Référencé par FrenchBreaches ; corroboration variable,50,Alerte référencée dans l’archive 2026 de FrenchBreaches ; détails à enrichir depuis la fiche source.,https://frenchbreaches.com/alertes/smallable-mor5rwgjawwt0frjlk6,Rattrapage 2026 depuis l’archive FrenchBreaches — Smallable.,nouveau
2026-05-04,Newdeal Institut,France,France,Éducation / Formation,Fuite de données,Inconnu,Référencé par FrenchBreaches ; corroboration variable,50,Alerte référencée dans l’archive 2026 de FrenchBreaches ; détails à enrichir depuis la fiche source.,https://frenchbreaches.com/alertes/newdeal-institut-mor5ycmygmn4215q8vr,Rattrapage 2026 depuis l’archive FrenchBreaches — Newdeal Institut.,nouveau
2026-05-04,La Redoute,France,France,Commerce / Distribution,Fuite de données,Inconnu,Référencé par FrenchBreaches ; corroboration variable,50,Alerte référencée dans l’archive 2026 de FrenchBreaches ; détails à enrichir depuis la fiche source.,https://frenchbreaches.com/alertes/la-redoute-mormeoj9mzujxtscd1,Rattrapage 2026 depuis l’archive FrenchBreaches — La Redoute.,nouveau
2026-05-04,Groupe GCA,France,France,Commerce / Distribution,Fuite de données,Inconnu,Référencé par FrenchBreaches ; corroboration variable,50,Alerte référencée dans l’archive 2026 de FrenchBreaches ; détails à enrichir depuis la fiche source.,https://frenchbreaches.com/alertes/groupe-gca-mor5i1xyvcn29ontg3b,Rattrapage 2026 depuis l’archive FrenchBreaches — Groupe GCA.,nouveau
2026-05-03,Profil Search,France,France,Inconnu,Fuite de données,Inconnu,Référencé par FrenchBreaches ; corroboration variable,50,Alerte référencée dans l’archive 2026 de FrenchBreaches ; détails à enrichir depuis la fiche source.,https://frenchbreaches.com/alertes/profil-search-mopvcouuhkdyk7dfs2o,Rattrapage 2026 depuis l’archive FrenchBreaches — Profil Search.,nouveau
2026-05-03,Clinique Ambroise Paré,France,France,Santé,Fuite de données,Inconnu,Référencé par FrenchBreaches ; corroboration variable,50,Alerte référencée dans l’archive 2026 de FrenchBreaches ; détails à enrichir depuis la fiche source.,https://frenchbreaches.com/alertes/clinique-ambroise-pare-mopr2hbiazor4ftfzjn,Rattrapage 2026 depuis l’archive FrenchBreaches — Clinique Ambroise Paré.,nouveau
2026-05-03,Cheval Blanc Randheli,France,France,Énergie / Utilities,Fuite de données,Inconnu,Référencé par FrenchBreaches ; corroboration variable,50,Alerte référencée dans l’archive 2026 de FrenchBreaches ; détails à enrichir depuis la fiche source.,https://frenchbreaches.com/alertes/cheval-blanc-randheli-moq19536zzfunoic9wr,Rattrapage 2026 depuis l’archive FrenchBreaches — Cheval Blanc Randheli.,nouveau
2026-05-03,Actradis,France,France,Construction / BTP,Fuite de données,Inconnu,Référencé par FrenchBreaches ; corroboration variable,50,Alerte référencée dans l’archive 2026 de FrenchBreaches ; détails à enrichir depuis la fiche source.,https://frenchbreaches.com/alertes/actradis-mopy5poa9zhqo1so4o7,Rattrapage 2026 depuis l’archive FrenchBreaches — Actradis.,nouveau
2026-05-02,UNSS,France,France,Sport,Fuite de données,Inconnu,Référencé par FrenchBreaches ; corroboration variable,50,Alerte référencée dans l’archive 2026 de FrenchBreaches ; détails à enrichir depuis la fiche source.,https://frenchbreaches.com/alertes/unss-moo9vvyk8iwta7ddks,Rattrapage 2026 depuis l’archive FrenchBreaches — UNSS.,nouveau
2026-05-02,ObjetRama,France,France,Commerce / Distribution,Fuite de données,Inconnu,Référencé par FrenchBreaches ; corroboration variable,50,Alerte référencée dans l’archive 2026 de FrenchBreaches ; détails à enrichir depuis la fiche source.,https://frenchbreaches.com/alertes/objetrama-moo2oppkngmaya4tawr,Rattrapage 2026 depuis l’archive FrenchBreaches — ObjetRama.,nouveau
2026-05-02,"Ministère des Sports, de la Jeunesse et de la Vie associative",France,France,Administration / Collectivité,Fuite de données,Inconnu,Référencé par FrenchBreaches ; corroboration variable,50,Alerte référencée dans l’archive 2026 de FrenchBreaches ; détails à enrichir depuis la fiche source.,https://frenchbreaches.com/alertes/ministere-des-sports-de-la-jeunesse-et-de-la-vie-associative-moolndzi38g7krysq0h,"Rattrapage 2026 depuis l’archive FrenchBreaches — Ministère des Sports, de la Jeunesse et de la Vie associative.",nouveau
2026-05-02,Jour de fête,France,France,Commerce / Distribution,Fuite de données,Inconnu,Référencé par FrenchBreaches ; corroboration variable,50,Alerte référencée dans l’archive 2026 de FrenchBreaches ; détails à enrichir depuis la fiche source.,https://frenchbreaches.com/alertes/jour-de-fete-monkte390tcsnbgjjtx,Rattrapage 2026 depuis l’archive FrenchBreaches — Jour de fête.,nouveau
2026-05-01,Umanens,France,France,Finance / Assurance,Fuite de données,Inconnu,Référencé par FrenchBreaches ; corroboration variable,50,Alerte référencée dans l’archive 2026 de FrenchBreaches ; détails à enrichir depuis la fiche source.,https://frenchbreaches.com/alertes/umanens-mom1mvomfvu90e5ci9s,Rattrapage 2026 depuis l’archive FrenchBreaches — Umanens.,nouveau
2026-05-01,Madeindesign,France,France,Commerce / Distribution,Fuite de données,Inconnu,Référencé par FrenchBreaches ; corroboration variable,50,Alerte référencée dans l’archive 2026 de FrenchBreaches ; détails à enrichir depuis la fiche source.,https://frenchbreaches.com/alertes/madeindesign-momkiya5z14m1gi3cxk,Rattrapage 2026 depuis l’archive FrenchBreaches — Madeindesign.,nouveau
2026-05-01,La Pizza De Nico,France,France,Commerce / Distribution,Fuite de données,Inconnu,Référencé par FrenchBreaches ; corroboration variable,50,Alerte référencée dans l’archive 2026 de FrenchBreaches ; détails à enrichir depuis la fiche source.,https://frenchbreaches.com/alertes/la-pizza-de-nico-mon5mvj1ec9efmzj31a,Rattrapage 2026 depuis l’archive FrenchBreaches — La Pizza De Nico.,nouveau
2026-05-01,Faco Paris,France,France,Éducation / Formation,Fuite de données,Inconnu,Référencé par FrenchBreaches ; corroboration variable,50,Alerte référencée dans l’archive 2026 de FrenchBreaches ; détails à enrichir depuis la fiche source.,https://frenchbreaches.com/alertes/faco-paris-monddblxbxmntn4b5xs,Rattrapage 2026 depuis l’archive FrenchBreaches — Faco Paris.,nouveau
2026-05-01,EasyCash,France,France,Commerce / Distribution,Fuite de données,Inconnu,Référencé par FrenchBreaches ; corroboration variable,50,Alerte référencée dans l’archive 2026 de FrenchBreaches ; détails à enrichir depuis la fiche source.,https://frenchbreaches.com/alertes/easycash-mon4h5yi8da0fhg7i4d,Rattrapage 2026 depuis l’archive FrenchBreaches — EasyCash.,nouveau
2026-04-30,Yomoni,France,France,Finance / Assurance,Fuite de données,Inconnu,Référencé par FrenchBreaches ; corroboration variable,50,Alerte référencée dans l’archive 2026 de FrenchBreaches ; détails à enrichir depuis la fiche source.,https://frenchbreaches.com/alertes/yomoni-molcfdeaap9obnbetrq,Rattrapage 2026 depuis l’archive FrenchBreaches — Yomoni.,nouveau
2026-04-30,DeltaDore,France,France,Finance / Assurance,Fuite de données,Inconnu,Référencé par FrenchBreaches ; corroboration variable,50,Alerte référencée dans l’archive 2026 de FrenchBreaches ; détails à enrichir depuis la fiche source.,https://frenchbreaches.com/alertes/deltadore-molc8oedmecsthhtjp,Rattrapage 2026 depuis l’archive FrenchBreaches — DeltaDore.,nouveau
2026-04-30,Ankama,France,France,Inconnu,Fuite de données,Inconnu,Référencé par FrenchBreaches ; corroboration variable,50,Alerte référencée dans l’archive 2026 de FrenchBreaches ; détails à enrichir depuis la fiche source.,https://frenchbreaches.com/alertes/ankama-mol7er0yzpvxf9gwm3g,Rattrapage 2026 depuis l’archive FrenchBreaches — Ankama.,nouveau
2026-04-29,Métropole de Saint-Étienne,France,France,Administration / Collectivité,Fuite de données,Inconnu,Référencé par FrenchBreaches ; corroboration variable,50,Alerte référencée dans l’archive 2026 de FrenchBreaches ; détails à enrichir depuis la fiche source.,https://frenchbreaches.com/alertes/metropole-de-saint-etienne-mok7imfclvnxg2dy6u,Rattrapage 2026 depuis l’archive FrenchBreaches — Métropole de Saint-Étienne.,nouveau
2026-04-29,France Mineraux,France,France,Commerce / Distribution,Fuite de données,Inconnu,Référencé par FrenchBreaches ; corroboration variable,50,Alerte référencée dans l’archive 2026 de FrenchBreaches ; détails à enrichir depuis la fiche source.,https://frenchbreaches.com/alertes/france-mineraux-moj7wxz6j5r206zvx3d,Rattrapage 2026 depuis l’archive FrenchBreaches — France Mineraux.,nouveau
2026-04-29,Campus France,France,France,Éducation / Formation,Fuite de données,Inconnu,Référencé par FrenchBreaches ; corroboration variable,50,Alerte référencée dans l’archive 2026 de FrenchBreaches ; détails à enrichir depuis la fiche source.,https://frenchbreaches.com/alertes/campus-france-mokbu33sjlpcfb5flg,Rattrapage 2026 depuis l’archive FrenchBreaches — Campus France.,nouveau
2026-04-29,Aréli,France,Lille,Commerce / Distribution,Fuite de données,Inconnu,Référencé par FrenchBreaches ; corroboration variable,50,Alerte référencée dans l’archive 2026 de FrenchBreaches ; détails à enrichir depuis la fiche source.,https://frenchbreaches.com/alertes/areli-mokfrzas36cvls0suld,Rattrapage 2026 depuis l’archive FrenchBreaches — Aréli.,nouveau
2026-04-29,Acrimed,France,France,Commerce / Distribution,Fuite de données,Inconnu,Référencé par FrenchBreaches ; corroboration variable,50,Alerte référencée dans l’archive 2026 de FrenchBreaches ; détails à enrichir depuis la fiche source.,https://frenchbreaches.com/alertes/acrimed-mok7fyx1nlfz2fk5wcb,Rattrapage 2026 depuis l’archive FrenchBreaches — Acrimed.,nouveau
2026-04-28,Nemea Groupe,France,France,Inconnu,Fuite de données,Inconnu,Référencé par FrenchBreaches ; corroboration variable,50,Alerte référencée dans l’archive 2026 de FrenchBreaches ; détails à enrichir depuis la fiche source.,https://frenchbreaches.com/alertes/nemea-groupe-moik15b9vx3rf48rfaa,Rattrapage 2026 depuis l’archive FrenchBreaches — Nemea Groupe.,nouveau
2026-04-28,MyPiscine,France,France,Commerce / Distribution,Fuite de données,Inconnu,Référencé par FrenchBreaches ; corroboration variable,50,Alerte référencée dans l’archive 2026 de FrenchBreaches ; détails à enrichir depuis la fiche source.,https://frenchbreaches.com/alertes/mypiscine-moimcbvxk7ia7ttjpr,Rattrapage 2026 depuis l’archive FrenchBreaches — MyPiscine.,nouveau
2026-04-27,Université de Toulouse,France,France,Éducation / Formation,Fuite de données,Inconnu,Référencé par FrenchBreaches ; corroboration variable,50,Alerte référencée dans l’archive 2026 de FrenchBreaches ; détails à enrichir depuis la fiche source.,https://frenchbreaches.com/alertes/universite-de-toulouse-mogw83a35cihck5020l,Rattrapage 2026 depuis l’archive FrenchBreaches — Université de Toulouse.,nouveau
2026-04-27,Université de Reims Champagne-Ardenne,France,France,Éducation / Formation,Fuite de données,Inconnu,Référencé par FrenchBreaches ; corroboration variable,50,Alerte référencée dans l’archive 2026 de FrenchBreaches ; détails à enrichir depuis la fiche source.,https://frenchbreaches.com/alertes/universite-de-reims-champagne-ardenne-moh5m6z3kw0ld9prkz,Rattrapage 2026 depuis l’archive FrenchBreaches — Université de Reims Champagne-Ardenne.,nouveau
2026-04-27,Université de Lyon 1 (Claude Bernard),France,France,Éducation / Formation,Fuite de données,Inconnu,Référencé par FrenchBreaches ; corroboration variable,50,Alerte référencée dans l’archive 2026 de FrenchBreaches ; détails à enrichir depuis la fiche source.,https://frenchbreaches.com/alertes/universite-de-lyon-1-claude-bernard-moh5joqtwhtfr5hr4tq,Rattrapage 2026 depuis l’archive FrenchBreaches — Université de Lyon 1 (Claude Bernard).,nouveau
2026-04-27,L'Opticienne Verte,France,France,Commerce / Distribution,Fuite de données,Inconnu,Référencé par FrenchBreaches ; corroboration variable,50,Alerte référencée dans l’archive 2026 de FrenchBreaches ; détails à enrichir depuis la fiche source.,https://frenchbreaches.com/alertes/l-opticienne-verte-mogcqp1avuvx9164u3,Rattrapage 2026 depuis l’archive FrenchBreaches — L'Opticienne Verte.,nouveau
2026-04-27,Bordeaux Metropole (Taxes de sejour),France,France,Administration / Collectivité,Fuite de données,Inconnu,Référencé par FrenchBreaches ; corroboration variable,50,Alerte référencée dans l’archive 2026 de FrenchBreaches ; détails à enrichir depuis la fiche source.,https://frenchbreaches.com/alertes/bordeaux-metropole-taxes-de-sejour-mogul9pbv2vc0w5gqrl,Rattrapage 2026 depuis l’archive FrenchBreaches — Bordeaux Metropole (Taxes de sejour).,nouveau
2026-04-26,Sejourneur,France,France,Commerce / Distribution,Fuite de données,Inconnu,Référencé par FrenchBreaches ; corroboration variable,50,Alerte référencée dans l’archive 2026 de FrenchBreaches ; détails à enrichir depuis la fiche source.,https://frenchbreaches.com/alertes/sejourneur-moftxni277rlgpbrttl,Rattrapage 2026 depuis l’archive FrenchBreaches — Sejourneur.,nouveau
2026-04-26,Ministère de la Transition écologique,France,France,Administration / Collectivité,Fuite de données,Inconnu,Référencé par FrenchBreaches ; corroboration variable,50,Alerte référencée dans l’archive 2026 de FrenchBreaches ; détails à enrichir depuis la fiche source.,https://frenchbreaches.com/alertes/ministere-de-la-transition-ecologique-mofyuedd8s99uwwc8fe,Rattrapage 2026 depuis l’archive FrenchBreaches — Ministère de la Transition écologique.,nouveau
2026-04-25,Ministère de la Transition écologique,France,France,Administration / Collectivité,Fuite de données,Inconnu,Référencé par FrenchBreaches ; corroboration variable,50,Alerte référencée dans l’archive 2026 de FrenchBreaches ; détails à enrichir depuis la fiche source.,https://frenchbreaches.com/alertes/ministere-de-la-transition-ecologique-moe3niy9gkl90lofbzb,Rattrapage 2026 depuis l’archive FrenchBreaches — Ministère de la Transition écologique.,nouveau
2026-04-25,IFprofs,France,France,Éducation / Formation,Fuite de données,Inconnu,Référencé par FrenchBreaches ; corroboration variable,50,Alerte référencée dans l’archive 2026 de FrenchBreaches ; détails à enrichir depuis la fiche source.,https://frenchbreaches.com/alertes/ifprofs-moeufq25j4r6hpmpl9d,Rattrapage 2026 depuis l’archive FrenchBreaches — IFprofs.,nouveau
2026-04-25,Adele (Logement étudiant),France,France,Éducation / Formation,Fuite de données,Inconnu,Référencé par FrenchBreaches ; corroboration variable,50,Alerte référencée dans l’archive 2026 de FrenchBreaches ; détails à enrichir depuis la fiche source.,https://frenchbreaches.com/alertes/adele-logement-etudiant-moecwdy7yzfqvdkyjhm,Rattrapage 2026 depuis l’archive FrenchBreaches — Adele (Logement étudiant).,nouveau
2026-04-24,Agence nationale des fréquences,France,France,Sport,Fuite de données,Inconnu,Référencé par FrenchBreaches ; corroboration variable,50,Alerte référencée dans l’archive 2026 de FrenchBreaches ; détails à enrichir depuis la fiche source.,https://frenchbreaches.com/alertes/agence-nationale-des-frequences-mod3706u7p85pi7xpe3,Rattrapage 2026 depuis l’archive FrenchBreaches — Agence nationale des fréquences.,nouveau
2026-04-24,Agence de services et de paiement (Gouvernement),France,France,Administration / Collectivité,Fuite de données,Inconnu,Référencé par FrenchBreaches ; corroboration variable,50,Alerte référencée dans l’archive 2026 de FrenchBreaches ; détails à enrichir depuis la fiche source.,https://frenchbreaches.com/alertes/agence-de-services-et-de-paiement-gouvernement-moctasb2b7525aeiv1l,Rattrapage 2026 depuis l’archive FrenchBreaches — Agence de services et de paiement (Gouvernement).,nouveau
2026-04-23,Wazari,France,France,Finance / Assurance,Fuite de données,Inconnu,Référencé par FrenchBreaches ; corroboration variable,50,Alerte référencée dans l’archive 2026 de FrenchBreaches ; détails à enrichir depuis la fiche source.,https://frenchbreaches.com/alertes/wazari-mobg6m8md9ynd9vy6h,Rattrapage 2026 depuis l’archive FrenchBreaches — Wazari.,nouveau
2026-04-23,Parcoursup Occitanie,France,France,Éducation / Formation,Fuite de données,Inconnu,Référencé par FrenchBreaches ; corroboration variable,50,Alerte référencée dans l’archive 2026 de FrenchBreaches ; détails à enrichir depuis la fiche source.,https://frenchbreaches.com/alertes/parcoursup-occitanie-mobrmihmuvd3nw5r50j,Rattrapage 2026 depuis l’archive FrenchBreaches — Parcoursup Occitanie.,nouveau
2026-04-23,Bodyhit,France,France,Commerce / Distribution,Fuite de données,Inconnu,Référencé par FrenchBreaches ; corroboration variable,50,Alerte référencée dans l’archive 2026 de FrenchBreaches ; détails à enrichir depuis la fiche source.,https://frenchbreaches.com/alertes/bodyhit-moburwy3rponouqkqal,Rattrapage 2026 depuis l’archive FrenchBreaches — Bodyhit.,nouveau
2026-04-22,Université d’Aix-Marseille,France,France,Éducation / Formation,Fuite de données,Inconnu,Référencé par FrenchBreaches ; corroboration variable,50,Alerte référencée dans l’archive 2026 de FrenchBreaches ; détails à enrichir depuis la fiche source.,https://frenchbreaches.com/alertes/universite-d-aix-marseille-moa979s5g929po9umfq,Rattrapage 2026 depuis l’archive FrenchBreaches — Université d’Aix-Marseille.,nouveau
2026-04-22,Rituals,France,France,Commerce / Distribution,Fuite de données,Inconnu,Référencé par FrenchBreaches ; corroboration variable,50,Alerte référencée dans l’archive 2026 de FrenchBreaches ; détails à enrichir depuis la fiche source.,https://frenchbreaches.com/alertes/rituals-mo9vbxw8ody64tzy8q,Rattrapage 2026 depuis l’archive FrenchBreaches — Rituals.,nouveau
2026-04-21,Magasins U,France,France,Commerce / Distribution,Fuite de données,Inconnu,Référencé par FrenchBreaches ; corroboration variable,50,Alerte référencée dans l’archive 2026 de FrenchBreaches ; détails à enrichir depuis la fiche source.,https://frenchbreaches.com/alertes/magasins-u-mo8v8hp6z6pnmzroxkp,Rattrapage 2026 depuis l’archive FrenchBreaches — Magasins U.,nouveau
2026-04-21,Ledil Immobiler,France,France,Commerce / Distribution,Fuite de données,Inconnu,Référencé par FrenchBreaches ; corroboration variable,50,Alerte référencée dans l’archive 2026 de FrenchBreaches ; détails à enrichir depuis la fiche source.,https://frenchbreaches.com/alertes/ledil-immobiler-mo8xxin4jynzsptfc7e,Rattrapage 2026 depuis l’archive FrenchBreaches — Ledil Immobiler.,nouveau
2026-04-21,EDF (Centrales Nucléaires),France,France,Énergie / Utilities,Fuite de données,Inconnu,Référencé par FrenchBreaches ; corroboration variable,50,Alerte référencée dans l’archive 2026 de FrenchBreaches ; détails à enrichir depuis la fiche source.,https://frenchbreaches.com/alertes/edf-centrales-nucleaires-mo95wnd8hchwbou48w6,Rattrapage 2026 depuis l’archive FrenchBreaches — EDF (Centrales Nucléaires).,nouveau
2026-04-20,ANTS (Agence Nationale des Titres Sécurisés),France,France,Administration / Collectivité,Fuite de données,Inconnu,Référencé par FrenchBreaches ; corroboration variable,50,Alerte référencée dans l’archive 2026 de FrenchBreaches ; détails à enrichir depuis la fiche source.,https://frenchbreaches.com/alertes/ants-agence-nationale-des-titres-securises-mo6whgrzzxdapd5uiu,Rattrapage 2026 depuis l’archive FrenchBreaches — ANTS (Agence Nationale des Titres Sécurisés).,nouveau
2026-04-18,Université de Bourgogne,France,France,Éducation / Formation,Fuite de données,Inconnu,Référencé par FrenchBreaches ; corroboration variable,50,Alerte référencée dans l’archive 2026 de FrenchBreaches ; détails à enrichir depuis la fiche source.,https://frenchbreaches.com/alertes/universite-de-bourgogne-mo4rbom1jhi0402su6,Rattrapage 2026 depuis l’archive FrenchBreaches — Université de Bourgogne.,nouveau
2026-04-18,Moulin Roty,France,France,Commerce / Distribution,Fuite de données,Inconnu,Référencé par FrenchBreaches ; corroboration variable,50,Alerte référencée dans l’archive 2026 de FrenchBreaches ; détails à enrichir depuis la fiche source.,https://frenchbreaches.com/alertes/moulin-roty-mo48r43oxyvhpucthkk,Rattrapage 2026 depuis l’archive FrenchBreaches — Moulin Roty.,nouveau
2026-04-18,Mission Locale de Marseille,France,France,Sport,Fuite de données,Inconnu,Référencé par FrenchBreaches ; corroboration variable,50,Alerte référencée dans l’archive 2026 de FrenchBreaches ; détails à enrichir depuis la fiche source.,https://frenchbreaches.com/alertes/mission-locale-de-marseille-mo4l8oed3tdlc2og9xi,Rattrapage 2026 depuis l’archive FrenchBreaches — Mission Locale de Marseille.,nouveau
2026-04-18,JeuJouet,France,France,Commerce / Distribution,Fuite de données,Inconnu,Référencé par FrenchBreaches ; corroboration variable,50,Alerte référencée dans l’archive 2026 de FrenchBreaches ; détails à enrichir depuis la fiche source.,https://frenchbreaches.com/alertes/jeujouet-mo49058zt6rozbsrzjt,Rattrapage 2026 depuis l’archive FrenchBreaches — JeuJouet.,nouveau
2026-04-18,Bazar du Manga,France,France,Commerce / Distribution,Fuite de données,Inconnu,Référencé par FrenchBreaches ; corroboration variable,50,Alerte référencée dans l’archive 2026 de FrenchBreaches ; détails à enrichir depuis la fiche source.,https://frenchbreaches.com/alertes/bazar-du-manga-mo48tslql828tzo4vvq,Rattrapage 2026 depuis l’archive FrenchBreaches — Bazar du Manga.,nouveau
2026-04-17,Université d'Angers,France,France,Éducation / Formation,Fuite de données,Inconnu,Référencé par FrenchBreaches ; corroboration variable,50,Alerte référencée dans l’archive 2026 de FrenchBreaches ; détails à enrichir depuis la fiche source.,https://frenchbreaches.com/alertes/universite-d-angers-mo2xz84opn9r3immfys,Rattrapage 2026 depuis l’archive FrenchBreaches — Université d'Angers.,nouveau
2026-04-17,Fédération Française de Basket-ball,France,France,Sport,Fuite de données,Inconnu,Référencé par FrenchBreaches ; corroboration variable,50,Alerte référencée dans l’archive 2026 de FrenchBreaches ; détails à enrichir depuis la fiche source.,https://frenchbreaches.com/alertes/federation-francaise-de-basket-ball-mo34dzdcz8go94lk26d,Rattrapage 2026 depuis l’archive FrenchBreaches — Fédération Française de Basket-ball.,nouveau
2026-04-17,Comptoir Du Rêve,France,France,Commerce / Distribution,Fuite de données,Inconnu,Référencé par FrenchBreaches ; corroboration variable,50,Alerte référencée dans l’archive 2026 de FrenchBreaches ; détails à enrichir depuis la fiche source.,https://frenchbreaches.com/alertes/comptoir-du-reve-mo3cvksifjt3ei8zrrk,Rattrapage 2026 depuis l’archive FrenchBreaches — Comptoir Du Rêve.,nouveau
2026-04-16,Service radiologie de la Clinique de l’Yvette,France,France,Santé,Fuite de données,Inconnu,Référencé par FrenchBreaches ; corroboration variable,50,Alerte référencée dans l’archive 2026 de FrenchBreaches ; détails à enrichir depuis la fiche source.,https://frenchbreaches.com/alertes/service-radiologie-de-la-clinique-de-l-yvette-mo1pfdtjoik20qj3c3,Rattrapage 2026 depuis l’archive FrenchBreaches — Service radiologie de la Clinique de l’Yvette.,nouveau
2026-04-16,Pompes Funèbres Musulmanes (AL ISRA OUA AL MIARAJ),France,France,Commerce / Distribution,Fuite de données,Inconnu,Référencé par FrenchBreaches ; corroboration variable,50,Alerte référencée dans l’archive 2026 de FrenchBreaches ; détails à enrichir depuis la fiche source.,https://frenchbreaches.com/alertes/pompes-funebres-musulmanes-al-isra-oua-al-miaraj-mo1bt4haqohymag7spk,Rattrapage 2026 depuis l’archive FrenchBreaches — Pompes Funèbres Musulmanes (AL ISRA OUA AL MIARAJ).,nouveau
2026-04-15,E-campus (Police Nationale),France,France,Éducation / Formation,Fuite de données,Inconnu,Référencé par FrenchBreaches ; corroboration variable,50,Alerte référencée dans l’archive 2026 de FrenchBreaches ; détails à enrichir depuis la fiche source.,https://frenchbreaches.com/alertes/e-campus-police-nationale-mo0ah8spmz9fiiyowa,Rattrapage 2026 depuis l’archive FrenchBreaches — E-campus (Police Nationale).,nouveau
2026-04-15,Brit Hotel,France,France,Commerce / Distribution,Fuite de données,Inconnu,Référencé par FrenchBreaches ; corroboration variable,50,Alerte référencée dans l’archive 2026 de FrenchBreaches ; détails à enrichir depuis la fiche source.,https://frenchbreaches.com/alertes/brit-hotel-mnzv6qjmvy04thq65th,Rattrapage 2026 depuis l’archive FrenchBreaches — Brit Hotel.,nouveau
2026-04-15,Assuréa,France,France,Finance / Assurance,Fuite de données,Inconnu,Référencé par FrenchBreaches ; corroboration variable,50,Alerte référencée dans l’archive 2026 de FrenchBreaches ; détails à enrichir depuis la fiche source.,https://frenchbreaches.com/alertes/assurea-mnzvksnagcezy68h3ec,Rattrapage 2026 depuis l’archive FrenchBreaches — Assuréa.,nouveau
2026-04-14,Université Grenoble Alpes (Alumni),France,France,Éducation / Formation,Fuite de données,Inconnu,Référencé par FrenchBreaches ; corroboration variable,50,Alerte référencée dans l’archive 2026 de FrenchBreaches ; détails à enrichir depuis la fiche source.,https://frenchbreaches.com/alertes/universite-grenoble-alpes-alumni-mnxvmzgll0nbdlg2k7p,Rattrapage 2026 depuis l’archive FrenchBreaches — Université Grenoble Alpes (Alumni).,nouveau
2026-04-14,Logis Hotels,France,France,Commerce / Distribution,Fuite de données,Inconnu,Référencé par FrenchBreaches ; corroboration variable,50,Alerte référencée dans l’archive 2026 de FrenchBreaches ; détails à enrichir depuis la fiche source.,https://frenchbreaches.com/alertes/logis-hotels-mnyhijgkt7qdhwdnyfc,Rattrapage 2026 depuis l’archive FrenchBreaches — Logis Hotels.,nouveau
2026-04-14,Le Château royal de Blois et la Maison de la Magie (Vivaticket),France,France,Numérique / Technologie,Fuite de données,Inconnu,Référencé par FrenchBreaches ; corroboration variable,50,Alerte référencée dans l’archive 2026 de FrenchBreaches ; détails à enrichir depuis la fiche source.,https://frenchbreaches.com/alertes/le-chateau-royal-de-blois-et-la-maison-de-la-magie-vivaticket-mnxvkogb6lpkg386nm9 | https://www.bing.com/ck/a?!&&p=fc359e278eef504909cd8e7755b646221405e121a8dfc2cdd0e888027434badaJmltdHM9MTc4NjgzODQwMA&ptn=3&ver=2&hsh=4&fclid=0132f923-c776-6058-14a2-ee94c64a61ad&u=a1aHR0cHM6Ly93d3cuZ29vZ2xlLnVzLw&ntb=1 | https://www.bing.com/ck/a?!&&p=753cc8d3c30a3edab001011561649a1059f487855104c7e72a2d58031bfa19faJmltdHM9MTc4NjgzODQwMA&ptn=3&ver=2&hsh=4&fclid=0132f923-c776-6058-14a2-ee94c64a61ad&u=a1aHR0cHM6Ly93d3cubWVycmlhbS13ZWJzdGVyLmNvbS9kaWN0aW9uYXJ5L0xF&ntb=1,Rattrapage 2026 depuis l’archive FrenchBreaches — Le Château royal de Blois et la Maison de la Magie (Vivaticket).,nouveau
2026-04-13,Basic Fit,France,France,Commerce / Distribution,Fuite de données,Inconnu,Référencé par FrenchBreaches ; corroboration variable,50,Alerte référencée dans l’archive 2026 de FrenchBreaches ; détails à enrichir depuis la fiche source.,https://frenchbreaches.com/alertes/basic-fit-mnwz7351s4inuhnn5b,Rattrapage 2026 depuis l’archive FrenchBreaches — Basic Fit.,nouveau
2026-04-12,Insei,France,France,Sport,Fuite de données,Inconnu,Référencé par FrenchBreaches ; corroboration variable,50,Alerte référencée dans l’archive 2026 de FrenchBreaches ; détails à enrichir depuis la fiche source.,https://frenchbreaches.com/alertes/insei-mnvqx6sox0p45fzukds,Rattrapage 2026 depuis l’archive FrenchBreaches — Insei.,nouveau
2026-04-12,EduConnect,France,France,Éducation / Formation,Fuite de données,Inconnu,Référencé par FrenchBreaches ; corroboration variable,50,Alerte référencée dans l’archive 2026 de FrenchBreaches ; détails à enrichir depuis la fiche source.,https://frenchbreaches.com/alertes/educonnect-mnw545yji0dchbbduil,Rattrapage 2026 depuis l’archive FrenchBreaches — EduConnect.,nouveau
2026-04-12,Département de l'Ardèche,France,France,Administration / Collectivité,Fuite de données,Inconnu,Référencé par FrenchBreaches ; corroboration variable,50,Alerte référencée dans l’archive 2026 de FrenchBreaches ; détails à enrichir depuis la fiche source.,https://frenchbreaches.com/alertes/departement-de-l-ardeche-mnvsun0lmmjuxtsf,Rattrapage 2026 depuis l’archive FrenchBreaches — Département de l'Ardèche.,nouveau
2026-04-12,Booking,France,France,Commerce / Distribution,Fuite de données,Inconnu,Référencé par FrenchBreaches ; corroboration variable,50,Alerte référencée dans l’archive 2026 de FrenchBreaches ; détails à enrichir depuis la fiche source.,https://frenchbreaches.com/alertes/booking-mnw0r2u37k4v7tr3ic5,Rattrapage 2026 depuis l’archive FrenchBreaches — Booking.,nouveau
2026-04-11,Université Côte d’Azur (Alumni),France,France,Éducation / Formation,Fuite de données,Inconnu,Référencé par FrenchBreaches ; corroboration variable,50,Alerte référencée dans l’archive 2026 de FrenchBreaches ; détails à enrichir depuis la fiche source.,https://frenchbreaches.com/alertes/universite-cote-d-azur-alumni-mnuifcz6ulp2lhx0nhb,Rattrapage 2026 depuis l’archive FrenchBreaches — Université Côte d’Azur (Alumni).,nouveau
2026-04-11,Rockstar Games,France,France,Numérique / Technologie,Fuite de données,Inconnu,Référencé par FrenchBreaches ; corroboration variable,50,Alerte référencée dans l’archive 2026 de FrenchBreaches ; détails à enrichir depuis la fiche source.,https://frenchbreaches.com/alertes/rockstar-games-mntonjdn2g17dnv8f1b,Rattrapage 2026 depuis l’archive FrenchBreaches — Rockstar Games.,nouveau
2026-04-11,Plan d’Investissement dans les Compétences (PIC),France,France,Administration / Collectivité,Fuite de données,Inconnu,Référencé par FrenchBreaches ; corroboration variable,50,Alerte référencée dans l’archive 2026 de FrenchBreaches ; détails à enrichir depuis la fiche source.,https://frenchbreaches.com/alertes/plan-d-investissement-dans-les-competences-pic-mnui4561lx0c882msq,Rattrapage 2026 depuis l’archive FrenchBreaches — Plan d’Investissement dans les Compétences (PIC).,nouveau
2026-04-11,La Réserve citoyenne de l’Éducation nationale,France,France,Éducation / Formation,Fuite de données,Inconnu,Référencé par FrenchBreaches ; corroboration variable,50,Alerte référencée dans l’archive 2026 de FrenchBreaches ; détails à enrichir depuis la fiche source.,https://frenchbreaches.com/alertes/la-reserve-citoyenne-de-l-education-nationale-mnu6yeanvo10uowzczh,Rattrapage 2026 depuis l’archive FrenchBreaches — La Réserve citoyenne de l’Éducation nationale.,nouveau
2026-04-11,France Verif,France,France,Commerce / Distribution,Fuite de données,Inconnu,Référencé par FrenchBreaches ; corroboration variable,50,Alerte référencée dans l’archive 2026 de FrenchBreaches ; détails à enrichir depuis la fiche source.,https://frenchbreaches.com/alertes/france-verif-mnuu0st134jlyp2cjor,Rattrapage 2026 depuis l’archive FrenchBreaches — France Verif.,nouveau
2026-04-11,ENSAI Network (Alumni),France,France,Éducation / Formation,Fuite de données,Inconnu,Référencé par FrenchBreaches ; corroboration variable,50,Alerte référencée dans l’archive 2026 de FrenchBreaches ; détails à enrichir depuis la fiche source.,https://frenchbreaches.com/alertes/ensai-network-alumni-mnuiimi2am2vh17zrti,Rattrapage 2026 depuis l’archive FrenchBreaches — ENSAI Network (Alumni).,nouveau
2026-04-10,Université de Pau et des Pays de l’Adour (Alumni),France,France,Éducation / Formation,Fuite de données,Inconnu,Référencé par FrenchBreaches ; corroboration variable,50,Alerte référencée dans l’archive 2026 de FrenchBreaches ; détails à enrichir depuis la fiche source.,https://frenchbreaches.com/alertes/universite-de-pau-et-des-pays-de-l-adour-alumni-mnt2ad82gskh5dm03pv,Rattrapage 2026 depuis l’archive FrenchBreaches — Université de Pau et des Pays de l’Adour (Alumni).,nouveau
2026-04-10,Université de Lille (Alumni),France,France,Éducation / Formation,Fuite de données,Inconnu,Référencé par FrenchBreaches ; corroboration variable,50,Alerte référencée dans l’archive 2026 de FrenchBreaches ; détails à enrichir depuis la fiche source.,https://frenchbreaches.com/alertes/universite-de-lille-alumni-mnsvabagwtogvg3try,Rattrapage 2026 depuis l’archive FrenchBreaches — Université de Lille (Alumni).,nouveau
2026-04-10,Son-Video,France,France,Commerce / Distribution,Fuite de données,Inconnu,Référencé par FrenchBreaches ; corroboration variable,50,Alerte référencée dans l’archive 2026 de FrenchBreaches ; détails à enrichir depuis la fiche source.,https://frenchbreaches.com/alertes/son-video-mnt24zqb8d3lrvez0rh,Rattrapage 2026 depuis l’archive FrenchBreaches — Son-Video.,nouveau
2026-04-10,L'Académie de Paris,France,France,Éducation / Formation,Fuite de données,Inconnu,Référencé par FrenchBreaches ; corroboration variable,50,Alerte référencée dans l’archive 2026 de FrenchBreaches ; détails à enrichir depuis la fiche source.,https://frenchbreaches.com/alertes/l-academie-de-paris-mnsobtrlz5hfedth1c,Rattrapage 2026 depuis l’archive FrenchBreaches — L'Académie de Paris.,nouveau
2026-04-10,Fédération Française du Sport Universitaire,France,France,Éducation / Formation,Fuite de données,Inconnu,Référencé par FrenchBreaches ; corroboration variable,50,Alerte référencée dans l’archive 2026 de FrenchBreaches ; détails à enrichir depuis la fiche source.,https://frenchbreaches.com/alertes/federation-francaise-du-sport-universitaire-mnsok7rv0a8pvci8yqn,Rattrapage 2026 depuis l’archive FrenchBreaches — Fédération Française du Sport Universitaire.,nouveau
2026-04-10,EasyLounge,France,France,Commerce / Distribution,Fuite de données,Inconnu,Référencé par FrenchBreaches ; corroboration variable,50,Alerte référencée dans l’archive 2026 de FrenchBreaches ; détails à enrichir depuis la fiche source.,https://frenchbreaches.com/alertes/easylounge-mnt22wwb26e5c30oldo,Rattrapage 2026 depuis l’archive FrenchBreaches — EasyLounge.,nouveau
2026-04-10,DB Telecom,France,France,Numérique / Technologie,Fuite de données,Inconnu,Référencé par FrenchBreaches ; corroboration variable,50,Alerte référencée dans l’archive 2026 de FrenchBreaches ; détails à enrichir depuis la fiche source.,https://frenchbreaches.com/alertes/db-telecom-mnswjyxcklf4v0cxyxr,Rattrapage 2026 depuis l’archive FrenchBreaches — DB Telecom.,nouveau
2026-04-09,Diplôme de Compétence en Langue (DCL),France,France,Sport,Fuite de données,Inconnu,Référencé par FrenchBreaches ; corroboration variable,50,Alerte référencée dans l’archive 2026 de FrenchBreaches ; détails à enrichir depuis la fiche source.,https://frenchbreaches.com/alertes/diplome-de-competence-en-langue-dcl-mnrnlqkezrez9emajb,Rattrapage 2026 depuis l’archive FrenchBreaches — Diplôme de Compétence en Langue (DCL).,nouveau
2026-04-08,Université de Strasbourg (Alumni),France,France,Éducation / Formation,Fuite de données,Inconnu,Référencé par FrenchBreaches ; corroboration variable,50,Alerte référencée dans l’archive 2026 de FrenchBreaches ; détails à enrichir depuis la fiche source.,https://frenchbreaches.com/alertes/universite-de-strasbourg-alumni-mnro00e8q823e9bl4c8,Rattrapage 2026 depuis l’archive FrenchBreaches — Université de Strasbourg (Alumni).,nouveau
2026-04-08,ICN Graduates (Alumni),France,France,Éducation / Formation,Fuite de données,Inconnu,Référencé par FrenchBreaches ; corroboration variable,50,Alerte référencée dans l’archive 2026 de FrenchBreaches ; détails à enrichir depuis la fiche source.,https://frenchbreaches.com/alertes/icn-graduates-alumni-mnro1gqousd9jkk8yn,Rattrapage 2026 depuis l’archive FrenchBreaches — ICN Graduates (Alumni).,nouveau
2026-04-07,Ordigard,France,France,Finance / Assurance,Fuite de données,Inconnu,Référencé par FrenchBreaches ; corroboration variable,50,Alerte référencée dans l’archive 2026 de FrenchBreaches ; détails à enrichir depuis la fiche source.,https://frenchbreaches.com/alertes/ordigard-mnrpveqshlhf1yejvl9,Rattrapage 2026 depuis l’archive FrenchBreaches — Ordigard.,nouveau
2026-04-07,KFC France,France,France,Commerce / Distribution,Fuite de données,Inconnu,Référencé par FrenchBreaches ; corroboration variable,50,Alerte référencée dans l’archive 2026 de FrenchBreaches ; détails à enrichir depuis la fiche source.,https://frenchbreaches.com/alertes/kfc-france-mnro510z9e1zrnvv2y8,Rattrapage 2026 depuis l’archive FrenchBreaches — KFC France.,nouveau
2026-04-06,Ymed,France,Bordeaux,Finance / Assurance,Fuite de données,Inconnu,Référencé par FrenchBreaches ; corroboration variable,50,Alerte référencée dans l’archive 2026 de FrenchBreaches ; détails à enrichir depuis la fiche source.,https://frenchbreaches.com/alertes/ymed-mnroxudcgln9u5jswm9,Rattrapage 2026 depuis l’archive FrenchBreaches — Ymed.,nouveau
2026-04-06,Alumn Force,France,France,Inconnu,Fuite de données,Inconnu,Référencé par FrenchBreaches ; corroboration variable,50,Alerte référencée dans l’archive 2026 de FrenchBreaches ; détails à enrichir depuis la fiche source.,https://frenchbreaches.com/alertes/alumn-force-mnrolg2mf9wpgg4amy9,Rattrapage 2026 depuis l’archive FrenchBreaches — Alumn Force.,nouveau
2026-04-05,Système de santé (ARS & hôpitaux),France,France,Santé,Fuite de données,Inconnu,Référencé par FrenchBreaches ; corroboration variable,50,Alerte référencée dans l’archive 2026 de FrenchBreaches ; détails à enrichir depuis la fiche source.,https://frenchbreaches.com/alertes/systeme-de-sante-ars-hopitaux-mnlkwthawgfdf1b8ija,Rattrapage 2026 depuis l’archive FrenchBreaches — Système de santé (ARS & hôpitaux).,nouveau
2026-04-05,Nosho,France,France,Finance / Assurance,Fuite de données,Inconnu,Référencé par FrenchBreaches ; corroboration variable,50,Alerte référencée dans l’archive 2026 de FrenchBreaches ; détails à enrichir depuis la fiche source.,https://frenchbreaches.com/alertes/nosho-mnlvfrhcebk517sw1pu,Rattrapage 2026 depuis l’archive FrenchBreaches — Nosho.,nouveau
2026-04-04,Or en Cash,France,France,Commerce / Distribution,Fuite de données,Inconnu,Référencé par FrenchBreaches ; corroboration variable,50,Alerte référencée dans l’archive 2026 de FrenchBreaches ; détails à enrichir depuis la fiche source.,https://frenchbreaches.com/alertes/or-en-cash-mnjjbpqtmu8dau5x93,Rattrapage 2026 depuis l’archive FrenchBreaches — Or en Cash.,nouveau
2026-04-04,La Quiberonnaise,France,France,Commerce / Distribution,Fuite de données,Inconnu,Référencé par FrenchBreaches ; corroboration variable,50,Alerte référencée dans l’archive 2026 de FrenchBreaches ; détails à enrichir depuis la fiche source.,https://frenchbreaches.com/alertes/la-quiberonnaise-mnke3skd1ma6v6fvxq,Rattrapage 2026 depuis l’archive FrenchBreaches — La Quiberonnaise.,nouveau
2026-04-03,SongTrivia2,France,France,Services aux entreprises,Fuite de données,Inconnu,Référencé par FrenchBreaches ; corroboration variable,50,Alerte référencée dans l’archive 2026 de FrenchBreaches ; détails à enrichir depuis la fiche source.,https://frenchbreaches.com/alertes/songtrivia2-mni5e34jv84sh95dicl | https://www.bing.com/ck/a?!&&p=36dd93086564f6a76533f1641203e9d755531ae2ccea8f9312956c40bec01090JmltdHM9MTc4NjgzODQwMA&ptn=3&ver=2&hsh=4&fclid=05ffe486-2898-6763-347c-f331299766e8&u=a1aHR0cHM6Ly93d3cucmVkZGl0LmNvbS9yL2ZlZWR0aGViZWFzdC9jb21tZW50cy8xOGxtN2JuL2lzX21vZHJpbnRoX3NhZmUv&ntb=1 | https://www.bing.com/ck/a?!&&p=6bef7f37ff53928c6641202b18d7fcb6bb5f24cdfc7bc3d34088aa7dc06bc482JmltdHM9MTc4NjgzODQwMA&ptn=3&ver=2&hsh=4&fclid=05ffe486-2898-6763-347c-f331299766e8&u=a1aHR0cHM6Ly93d3cucmVkZGl0LmNvbS9yL2ZhYnJpY21jL2NvbW1lbnRzL2NlZzd1Zy9vcmdzcG9uZ2Vwb3dlcmVkYXNtbWl4aW50cmFuc2Zvcm1lcnRocm93YWJsZXNtaXhpbi8&ntb=1 | https://www.bing.com/ck/a?!&&p=f3d02993bcac73a371aad6134c7a05e2c26f278cd2ebfa381a227caf9ecc48acJmltdHM9MTc4NjgzODQwMA&ptn=3&ver=2&hsh=4&fclid=05ffe486-2898-6763-347c-f331299766e8&u=a1aHR0cHM6Ly9zdXBwb3J0Lm1pY3Jvc29mdC5jb20vZGUtZGUvYWNjb3VudHMtYmlsbGluZy9tYW5hZ2UvaG93LXRvLXNpZ24taW4tdG8taG90bWFpbA&ntb=1,Rattrapage 2026 depuis l’archive FrenchBreaches — SongTrivia2.,nouveau
2026-04-03,Gold Union,France,France,Commerce / Distribution,Fuite de données,Inconnu,Référencé par FrenchBreaches ; corroboration variable,50,Alerte référencée dans l’archive 2026 de FrenchBreaches ; détails à enrichir depuis la fiche source.,https://frenchbreaches.com/alertes/gold-union-mnhexsbo60wjir5o2yi,Rattrapage 2026 depuis l’archive FrenchBreaches — Gold Union.,nouveau
2026-04-01,La Force Ouvrière,France,France,Sport,Fuite de données,Inconnu,Référencé par FrenchBreaches ; corroboration variable,50,Alerte référencée dans l’archive 2026 de FrenchBreaches ; détails à enrichir depuis la fiche source.,https://frenchbreaches.com/alertes/la-force-ouvriere-mnfxw8xfr3j6igkav8r,Rattrapage 2026 depuis l’archive FrenchBreaches — La Force Ouvrière.,nouveau
2026-03-31,Vaucluse Provence Attractivité,France,France,Commerce / Distribution,Fuite de données,Inconnu,Référencé par FrenchBreaches ; corroboration variable,50,Alerte référencée dans l’archive 2026 de FrenchBreaches ; détails à enrichir depuis la fiche source.,https://frenchbreaches.com/alertes/vaucluse-provence-attractivite-mnetg8x4b65ef10h5wd,Rattrapage 2026 depuis l’archive FrenchBreaches — Vaucluse Provence Attractivité.,nouveau
2026-03-31,Vacancéole,France,France,Commerce / Distribution,Fuite de données,Inconnu,Référencé par FrenchBreaches ; corroboration variable,50,Alerte référencée dans l’archive 2026 de FrenchBreaches ; détails à enrichir depuis la fiche source.,https://frenchbreaches.com/alertes/vacanceole-mnf3xbukb3psyd9glmp,Rattrapage 2026 depuis l’archive FrenchBreaches — Vacancéole.,nouveau
2026-03-31,La Mine Bleue,France,France,Commerce / Distribution,Fuite de données,Inconnu,Référencé par FrenchBreaches ; corroboration variable,50,Alerte référencée dans l’archive 2026 de FrenchBreaches ; détails à enrichir depuis la fiche source.,https://frenchbreaches.com/alertes/la-mine-bleue-mnf5bd3n6gc5dt3u3h2,Rattrapage 2026 depuis l’archive FrenchBreaches — La Mine Bleue.,nouveau
2026-03-31,Homair,France,France,Commerce / Distribution,Fuite de données,Inconnu,Référencé par FrenchBreaches ; corroboration variable,50,Alerte référencée dans l’archive 2026 de FrenchBreaches ; détails à enrichir depuis la fiche source.,https://frenchbreaches.com/alertes/homair-mnetdqhzt7za7btmwq,Rattrapage 2026 depuis l’archive FrenchBreaches — Homair.,nouveau
2026-03-30,La Centrale de Financement,France,France,Inconnu,Fuite de données,Inconnu,Référencé par FrenchBreaches ; corroboration variable,50,Alerte référencée dans l’archive 2026 de FrenchBreaches ; détails à enrichir depuis la fiche source.,https://frenchbreaches.com/alertes/la-centrale-de-financement-mnd0gasm4s0jipxut0v,Rattrapage 2026 depuis l’archive FrenchBreaches — La Centrale de Financement.,nouveau
2026-03-30,Iliad,France,France,Numérique / Technologie,Fuite de données,Inconnu,Référencé par FrenchBreaches ; corroboration variable,50,Alerte référencée dans l’archive 2026 de FrenchBreaches ; détails à enrichir depuis la fiche source.,https://frenchbreaches.com/alertes/iliad-mnd7b97l30f39gkdsrf,Rattrapage 2026 depuis l’archive FrenchBreaches — Iliad.,nouveau
2026-03-30,Fédération Française de Savate,France,France,Sport,Fuite de données,Inconnu,Référencé par FrenchBreaches ; corroboration variable,50,Alerte référencée dans l’archive 2026 de FrenchBreaches ; détails à enrichir depuis la fiche source.,https://frenchbreaches.com/alertes/federation-francaise-de-savate-mndjo3acgpxm5rdgo1,Rattrapage 2026 depuis l’archive FrenchBreaches — Fédération Française de Savate.,nouveau
2026-03-30,Belambra (clubs & hôtels),France,France,Sport,Fuite de données,Inconnu,Référencé par FrenchBreaches ; corroboration variable,50,Alerte référencée dans l’archive 2026 de FrenchBreaches ; détails à enrichir depuis la fiche source.,https://frenchbreaches.com/alertes/belambra-clubs-hotels-mnd3gvxkc3kvw692tqe,Rattrapage 2026 depuis l’archive FrenchBreaches — Belambra (clubs & hôtels).,nouveau
2026-03-28,Le Petit Vapoteur,France,France,Commerce / Distribution,Fuite de données,Inconnu,Référencé par FrenchBreaches ; corroboration variable,50,Alerte référencée dans l’archive 2026 de FrenchBreaches ; détails à enrichir depuis la fiche source.,https://frenchbreaches.com/alertes/le-petit-vapoteur-mnanmz23cl3a0gosyom,Rattrapage 2026 depuis l’archive FrenchBreaches — Le Petit Vapoteur.,nouveau
2026-03-28,La Commission Européenne,Union européenne,Union européenne,Sport,Fuite de données,Inconnu,Référencé par FrenchBreaches ; corroboration variable,50,Alerte référencée dans l’archive 2026 de FrenchBreaches ; détails à enrichir depuis la fiche source.,https://frenchbreaches.com/alertes/la-commission-europeenne-mnaztl3yv900z7li06k | https://www.bing.com/ck/a?!&&p=372fdd6e2f6289e90eaf6e2cbfce832ddfcf07052990ed47bed1b1d06e4b7df5JmltdHM9MTc4NjgzODQwMA&ptn=3&ver=2&hsh=4&fclid=0196688e-a2e4-69b5-0081-7f39a3996823&u=a1aHR0cHM6Ly9lbi5tLndpa2lwZWRpYS5vcmcvd2lraS9Mb3NfQW5nZWxlcw&ntb=1 | https://www.bing.com/ck/a?!&&p=49c529819002600b4961f429550fa81a7d5a019c52d7a57e0851614de57a0505JmltdHM9MTc4NjgzODQwMA&ptn=3&ver=2&hsh=4&fclid=0196688e-a2e4-69b5-0081-7f39a3996823&u=a1aHR0cHM6Ly93d3cuZGlzY292ZXJsb3NhbmdlbGVzLmNvbS8&ntb=1,Rattrapage 2026 depuis l’archive FrenchBreaches — La Commission Européenne.,nouveau
2026-03-28,Fédération Française Handisport,France,France,Sport,Fuite de données,Inconnu,Référencé par FrenchBreaches ; corroboration variable,50,Alerte référencée dans l’archive 2026 de FrenchBreaches ; détails à enrichir depuis la fiche source.,https://frenchbreaches.com/alertes/federation-francaise-handisport-mnalz0sv24utotk0bpx,Rattrapage 2026 depuis l’archive FrenchBreaches — Fédération Française Handisport.,nouveau
2026-03-26,Les Champs Libre,France,France,Commerce / Distribution,Fuite de données,Inconnu,Référencé par FrenchBreaches ; corroboration variable,50,Alerte référencée dans l’archive 2026 de FrenchBreaches ; détails à enrichir depuis la fiche source.,https://frenchbreaches.com/alertes/les-champs-libre-mn7f4dam043tt9x1u34q,Rattrapage 2026 depuis l’archive FrenchBreaches — Les Champs Libre.,nouveau
2026-03-25,Cerballiance,France,France,Finance / Assurance,Fuite de données,Inconnu,Référencé par FrenchBreaches ; corroboration variable,50,Alerte référencée dans l’archive 2026 de FrenchBreaches ; détails à enrichir depuis la fiche source.,https://frenchbreaches.com/alertes/cerballiance-mn6es5cdpnde31uimj,Rattrapage 2026 depuis l’archive FrenchBreaches — Cerballiance.,nouveau
2026-03-24,Système d’information sur les armes (SIA),France,France,Éducation / Formation,Fuite de données,Inconnu,Référencé par FrenchBreaches ; corroboration variable,50,Alerte référencée dans l’archive 2026 de FrenchBreaches ; détails à enrichir depuis la fiche source.,https://frenchbreaches.com/alertes/systeme-d-information-sur-les-armes-sia-mn4xn9qerauthb4b0kd,Rattrapage 2026 depuis l’archive FrenchBreaches — Système d’information sur les armes (SIA).,nouveau
2026-03-24,Métropole d'Aix-Marseille-Provence,France,France,Administration / Collectivité,Fuite de données,Inconnu,Référencé par FrenchBreaches ; corroboration variable,50,Alerte référencée dans l’archive 2026 de FrenchBreaches ; détails à enrichir depuis la fiche source.,https://frenchbreaches.com/alertes/metropole-d-aix-marseille-provence-mn0c918fgtko4oawxm,Rattrapage 2026 depuis l’archive FrenchBreaches — Métropole d'Aix-Marseille-Provence.,nouveau
2026-03-24,Mondial Tissus,France,France,Commerce / Distribution,Fuite de données,Inconnu,Référencé par FrenchBreaches ; corroboration variable,50,Alerte référencée dans l’archive 2026 de FrenchBreaches ; détails à enrichir depuis la fiche source.,https://frenchbreaches.com/alertes/mondial-tissus-mn4jg4wwokr5ijnhg6,Rattrapage 2026 depuis l’archive FrenchBreaches — Mondial Tissus.,nouveau
2026-03-24,Ministère de l'éducation,France,France,Administration / Collectivité,Fuite de données,Inconnu,Référencé par FrenchBreaches ; corroboration variable,50,Alerte référencée dans l’archive 2026 de FrenchBreaches ; détails à enrichir depuis la fiche source.,https://frenchbreaches.com/alertes/ministere-de-l-education-mmxmaibwtdti87gaecf,Rattrapage 2026 depuis l’archive FrenchBreaches — Ministère de l'éducation.,nouveau
2026-03-24,Les Crous,France,France,Éducation / Formation,Fuite de données,Inconnu,Référencé par FrenchBreaches ; corroboration variable,50,Alerte référencée dans l’archive 2026 de FrenchBreaches ; détails à enrichir depuis la fiche source.,https://frenchbreaches.com/alertes/les-crous-mn4j67pgwgz8jpgjckk,Rattrapage 2026 depuis l’archive FrenchBreaches — Les Crous.,nouveau
2026-03-24,Fédération Française de Vol Libre,France,France,Sport,Fuite de données,Inconnu,Référencé par FrenchBreaches ; corroboration variable,50,Alerte référencée dans l’archive 2026 de FrenchBreaches ; détails à enrichir depuis la fiche source.,https://frenchbreaches.com/alertes/federation-francaise-de-vol-libre-mn4ohnx9su2ekqag19,Rattrapage 2026 depuis l’archive FrenchBreaches — Fédération Française de Vol Libre.,nouveau
2026-03-23,AlloPneus,France,France,Commerce / Distribution,Fuite de données,Inconnu,Référencé par FrenchBreaches ; corroboration variable,50,Alerte référencée dans l’archive 2026 de FrenchBreaches ; détails à enrichir depuis la fiche source.,https://frenchbreaches.com/alertes/allopneus-mn340zykm5b8i9kx30g,Rattrapage 2026 depuis l’archive FrenchBreaches — AlloPneus.,nouveau
2026-03-21,Enseignement Catholique,France,France,Éducation / Formation,Fuite de données,Inconnu,Référencé par FrenchBreaches ; corroboration variable,50,Alerte référencée dans l’archive 2026 de FrenchBreaches ; détails à enrichir depuis la fiche source.,https://frenchbreaches.com/alertes/enseignement-catholique-mmyzozg0pbk41mi8y8,Rattrapage 2026 depuis l’archive FrenchBreaches — Enseignement Catholique.,nouveau
2026-03-21,Airsoft Entrepot,France,France,Commerce / Distribution,Fuite de données,Inconnu,Référencé par FrenchBreaches ; corroboration variable,50,Alerte référencée dans l’archive 2026 de FrenchBreaches ; détails à enrichir depuis la fiche source.,https://frenchbreaches.com/alertes/airsoft-entrepot-mn0xc7e69o51jwf8v5m,Rattrapage 2026 depuis l’archive FrenchBreaches — Airsoft Entrepot.,nouveau
2026-03-20,La Mutuelle Familiale,France,France,Finance / Assurance,Fuite de données,Inconnu,Référencé par FrenchBreaches ; corroboration variable,50,Alerte référencée dans l’archive 2026 de FrenchBreaches ; détails à enrichir depuis la fiche source.,https://frenchbreaches.com/alertes/la-mutuelle-familiale-mmz31b36n6nu9q6gu0r,Rattrapage 2026 depuis l’archive FrenchBreaches — La Mutuelle Familiale.,nouveau
2026-03-20,Confédération Musicale de France,France,France,Éducation / Formation,Fuite de données,Inconnu,Référencé par FrenchBreaches ; corroboration variable,50,Alerte référencée dans l’archive 2026 de FrenchBreaches ; détails à enrichir depuis la fiche source.,https://frenchbreaches.com/alertes/confederation-musicale-de-france-mmyzx2vq6j0i2uo0bgt,Rattrapage 2026 depuis l’archive FrenchBreaches — Confédération Musicale de France.,nouveau
2026-03-19,ENENSYS Technologies,France,France,Numérique / Technologie,Fuite de données,Inconnu,Référencé par FrenchBreaches ; corroboration variable,50,Alerte référencée dans l’archive 2026 de FrenchBreaches ; détails à enrichir depuis la fiche source.,https://frenchbreaches.com/alertes/enensys-technologies-rw_UlU1RlRsTlpVeUJVWldOb2JtOXNiMmRwWlhOQWJtbDBjbTluWlc0PQ,Rattrapage 2026 depuis l’archive FrenchBreaches — ENENSYS Technologies.,nouveau
2026-03-19,DALF / DELF (Diplômes officiels de langue française),France,France,Sport,Fuite de données,Inconnu,Référencé par FrenchBreaches ; corroboration variable,50,Alerte référencée dans l’archive 2026 de FrenchBreaches ; détails à enrichir depuis la fiche source.,https://frenchbreaches.com/alertes/dalf-delf-diplomes-officiels-de-langue-francaise-mmxcj61nogir9g3e8m,Rattrapage 2026 depuis l’archive FrenchBreaches — DALF / DELF (Diplômes officiels de langue française).,nouveau
2026-03-18,Musée des Arts et Métiers (MuAM),France,France,Commerce / Distribution,Fuite de données,Inconnu,Référencé par FrenchBreaches ; corroboration variable,50,Alerte référencée dans l’archive 2026 de FrenchBreaches ; détails à enrichir depuis la fiche source.,https://frenchbreaches.com/alertes/musee-des-arts-et-metiers-muam-mmwu3gqe8oz4qeczid9 | https://www.bing.com/ck/a?!&&p=86b2be61d527112428c16ffce05edf59b818011c5329c74d80d8ab088cbdb710JmltdHM9MTc4NjgzODQwMA&ptn=3&ver=2&hsh=4&fclid=0132f923-c776-6058-14a2-ee94c64a61ad&u=a1aHR0cHM6Ly93d3cuZGFmb250LmNvbS9uZXcucGhw&ntb=1 | https://www.bing.com/ck/a?!&&p=5a3e8187cd4addaec6e7c27d060d787e2a36ff88ebcf44af127c5ac7f48a6443JmltdHM9MTc4NjgzODQwMA&ptn=3&ver=2&hsh=4&fclid=0132f923-c776-6058-14a2-ee94c64a61ad&u=a1aHR0cHM6Ly93d3cuZGFmb250LmNvbS90b3AucGhw&ntb=1 | https://www.bing.com/ck/a?!&&p=52a19d8645d5185436d78e19919457029ef6bfa0ceb59c5df73e127c0f28d371JmltdHM9MTc4NjgzODQwMA&ptn=3&ver=2&hsh=4&fclid=0132f923-c776-6058-14a2-ee94c64a61ad&u=a1aHR0cHM6Ly9zdXBwb3J0Lmdvb2dsZS5jb20vZG9jcy9hbnN3ZXIvMzA5MzM0Mz9obD1lbg&ntb=1,Rattrapage 2026 depuis l’archive FrenchBreaches — Musée des Arts et Métiers (MuAM).,nouveau
2026-03-17,Membres du Gouvernement,France,France,Administration / Collectivité,Fuite de données,Inconnu,Référencé par FrenchBreaches ; corroboration variable,50,Alerte référencée dans l’archive 2026 de FrenchBreaches ; détails à enrichir depuis la fiche source.,https://frenchbreaches.com/alertes/membres-du-gouvernement-mmug4aneuniwoty39,Rattrapage 2026 depuis l’archive FrenchBreaches — Membres du Gouvernement.,nouveau
2026-03-17,Fédération Française de Rugby,France,France,Sport,Fuite de données,Inconnu,Référencé par FrenchBreaches ; corroboration variable,50,Alerte référencée dans l’archive 2026 de FrenchBreaches ; détails à enrichir depuis la fiche source.,https://frenchbreaches.com/alertes/federation-francaise-de-rugby-mmu0bt3tbgaciasj10l,Rattrapage 2026 depuis l’archive FrenchBreaches — Fédération Française de Rugby.,nouveau
2026-03-17,Bibliothèque Nationale de France (BnF),France,France,Inconnu,Fuite de données,Inconnu,Référencé par FrenchBreaches ; corroboration variable,50,Alerte référencée dans l’archive 2026 de FrenchBreaches ; détails à enrichir depuis la fiche source.,https://frenchbreaches.com/alertes/bibliotheque-nationale-de-france-bnf-mmv37m7y5lrs3y07sil,Rattrapage 2026 depuis l’archive FrenchBreaches — Bibliothèque Nationale de France (BnF).,nouveau
2026-03-14,Fédération Française de Canoë-Kayak (FFCK),France,France,Sport,Fuite de données,Inconnu,Référencé par FrenchBreaches ; corroboration variable,50,Alerte référencée dans l’archive 2026 de FrenchBreaches ; détails à enrichir depuis la fiche source.,https://frenchbreaches.com/alertes/federation-francaise-de-canoe-kayak-ffck-994a041b49cc,Rattrapage 2026 depuis l’archive FrenchBreaches — Fédération Française de Canoë-Kayak (FFCK).,nouveau
2026-03-13,Therapeutes,France,France,Finance / Assurance,Fuite de données,Inconnu,Référencé par FrenchBreaches ; corroboration variable,50,Alerte référencée dans l’archive 2026 de FrenchBreaches ; détails à enrichir depuis la fiche source.,https://frenchbreaches.com/alertes/therapeutes-mmoqjzrmf7p6zohxn2,Rattrapage 2026 depuis l’archive FrenchBreaches — Therapeutes.,nouveau
2026-03-13,GPS Santé,France,France,Santé,Fuite de données,Inconnu,Référencé par FrenchBreaches ; corroboration variable,50,Alerte référencée dans l’archive 2026 de FrenchBreaches ; détails à enrichir depuis la fiche source.,https://frenchbreaches.com/alertes/gps-sante-mmp8569f9klk48tjdx8,Rattrapage 2026 depuis l’archive FrenchBreaches — GPS Santé.,nouveau
2026-03-12,Medoucine,France,France,Inconnu,Fuite de données,Inconnu,Référencé par FrenchBreaches ; corroboration variable,50,Alerte référencée dans l’archive 2026 de FrenchBreaches ; détails à enrichir depuis la fiche source.,https://frenchbreaches.com/alertes/medoucine-mmnk8rm6clpi3r1urtg,Rattrapage 2026 depuis l’archive FrenchBreaches — Medoucine.,nouveau
2026-03-12,Banques Alimentaires,France,France,Finance / Assurance,Fuite de données,Inconnu,Référencé par FrenchBreaches ; corroboration variable,50,Alerte référencée dans l’archive 2026 de FrenchBreaches ; détails à enrichir depuis la fiche source.,https://frenchbreaches.com/alertes/banques-alimentaires-mmc45bfcghh5emu7dji,Rattrapage 2026 depuis l’archive FrenchBreaches — Banques Alimentaires.,nouveau
2026-03-11,Docaret,France,France,Services aux entreprises,Fuite de données,Inconnu,Référencé par FrenchBreaches ; corroboration variable,50,Alerte référencée dans l’archive 2026 de FrenchBreaches ; détails à enrichir depuis la fiche source.,https://frenchbreaches.com/alertes/docaret-rw_Ukc5allYSmxkRUIwYUdWblpXNTBiR1Z0Wlc0PQ,Rattrapage 2026 depuis l’archive FrenchBreaches — Docaret.,nouveau
2026-03-10,Vivaticket (tickeasy),France,France,Inconnu,Fuite de données,Inconnu,Référencé par FrenchBreaches ; corroboration variable,50,Alerte référencée dans l’archive 2026 de FrenchBreaches ; détails à enrichir depuis la fiche source.,https://frenchbreaches.com/alertes/vivaticket-tickeasy-mmkrvgpofd9gjbowso,Rattrapage 2026 depuis l’archive FrenchBreaches — Vivaticket (tickeasy).,nouveau
2026-03-10,Region Occitanie (carte jeune),France,France,Administration / Collectivité,Fuite de données,Inconnu,Référencé par FrenchBreaches ; corroboration variable,50,Alerte référencée dans l’archive 2026 de FrenchBreaches ; détails à enrichir depuis la fiche source.,https://frenchbreaches.com/alertes/region-occitanie-carte-jeune-mml41ghtbwn748ie0ll,Rattrapage 2026 depuis l’archive FrenchBreaches — Region Occitanie (carte jeune).,nouveau
2026-03-10,Le Musée Fabre,France,France,Numérique / Technologie,Fuite de données,Inconnu,Référencé par FrenchBreaches ; corroboration variable,50,Alerte référencée dans l’archive 2026 de FrenchBreaches ; détails à enrichir depuis la fiche source.,https://frenchbreaches.com/alertes/le-musee-fabre-mmkrtosobb6wqs7x7gm | https://www.bing.com/ck/a?!&&p=af950aba3db8c20a8d98816175adc89fc76d22694a350b43837d69d90390411bJmltdHM9MTc4NjgzODQwMA&ptn=3&ver=2&hsh=4&fclid=1c253a46-9b22-654c-2e9c-2df19af96489&u=a1aHR0cHM6Ly93d3cuZ29vZ2xlLnVzLw&ntb=1 | https://www.bing.com/ck/a?!&&p=2b3a47a1371b04d20e0b319fcac08f0773a814a6b379244fcf0ef3acdf422232JmltdHM9MTc4NjgzODQwMA&ptn=3&ver=2&hsh=4&fclid=1c253a46-9b22-654c-2e9c-2df19af96489&u=a1aHR0cHM6Ly93d3cubWVycmlhbS13ZWJzdGVyLmNvbS9kaWN0aW9uYXJ5L0xF&ntb=1,Rattrapage 2026 depuis l’archive FrenchBreaches — Le Musée Fabre.,nouveau
2026-03-10,Indigo (stationnement),France,France,Commerce / Distribution,Fuite de données,Inconnu,Référencé par FrenchBreaches ; corroboration variable,50,Alerte référencée dans l’archive 2026 de FrenchBreaches ; détails à enrichir depuis la fiche source.,https://frenchbreaches.com/alertes/indigo-stationnement-mmkkh10wm4mmm7flh6h,Rattrapage 2026 depuis l’archive FrenchBreaches — Indigo (stationnement).,nouveau
2026-03-09,Fédération Omnisports (ASPTT),France,France,Sport,Fuite de données,Inconnu,Référencé par FrenchBreaches ; corroboration variable,50,Alerte référencée dans l’archive 2026 de FrenchBreaches ; détails à enrichir depuis la fiche source.,https://frenchbreaches.com/alertes/federation-omnisports-asptt-mmj4m0j9uog55tpf9q,Rattrapage 2026 depuis l’archive FrenchBreaches — Fédération Omnisports (ASPTT).,nouveau
2026-03-09,Côté Sushi,France,France,Inconnu,Fuite de données,Inconnu,Référencé par FrenchBreaches ; corroboration variable,50,Alerte référencée dans l’archive 2026 de FrenchBreaches ; détails à enrichir depuis la fiche source.,https://frenchbreaches.com/alertes/cote-sushi-mmj67ld79j4ww4jathl,Rattrapage 2026 depuis l’archive FrenchBreaches — Côté Sushi.,nouveau
2026-03-09,Auchan,France,France,Commerce / Distribution,Fuite de données,Inconnu,Référencé par FrenchBreaches ; corroboration variable,50,Alerte référencée dans l’archive 2026 de FrenchBreaches ; détails à enrichir depuis la fiche source.,https://frenchbreaches.com/alertes/auchan-mmihdjuoyj8s4id124l,Rattrapage 2026 depuis l’archive FrenchBreaches — Auchan.,nouveau
2026-03-08,Stych,France,France,Éducation / Formation,Fuite de données,Inconnu,Référencé par FrenchBreaches ; corroboration variable,50,Alerte référencée dans l’archive 2026 de FrenchBreaches ; détails à enrichir depuis la fiche source.,https://frenchbreaches.com/alertes/stych-mmi8nxz8ve3t7xrbme,Rattrapage 2026 depuis l’archive FrenchBreaches — Stych.,nouveau
2026-03-08,Le temps des cerises,France,France,Commerce / Distribution,Fuite de données,Inconnu,Référencé par FrenchBreaches ; corroboration variable,50,Alerte référencée dans l’archive 2026 de FrenchBreaches ; détails à enrichir depuis la fiche source.,https://frenchbreaches.com/alertes/le-temps-des-cerises-mmht36vu8tq97q6c2i8,Rattrapage 2026 depuis l’archive FrenchBreaches — Le temps des cerises.,nouveau
2026-03-08,Ecofit (Rosenberg Vendôme),France,France,Éducation / Formation,Fuite de données,Inconnu,Référencé par FrenchBreaches ; corroboration variable,50,Alerte référencée dans l’archive 2026 de FrenchBreaches ; détails à enrichir depuis la fiche source.,https://frenchbreaches.com/alertes/ecofit-rosenberg-vendome-mmhsqjp8hghisp9fkks | https://www.bing.com/ck/a?!&&p=5bba715703dc30fd6a723be811ae891756cdee72415ea0f1a2995e908bbfa546JmltdHM9MTc4NjgzODQwMA&ptn=3&ver=2&hsh=4&fclid=11595114-e74b-65e9-2478-46a3e62b643c&u=a1aHR0cHM6Ly9mb3J1bXMub3BlcmEuY29tL3RvcGljLzg1NjcxL29wZXJhLWFpci1ub3QtaW5zdGFsbGluZw&ntb=1 | https://www.bing.com/ck/a?!&&p=0d9f2c064c4730b131142ddb4996a25212ff9abc346559e323b70d11056de4d9JmltdHM9MTc4NjgzODQwMA&ptn=3&ver=2&hsh=4&fclid=11595114-e74b-65e9-2478-46a3e62b643c&u=a1aHR0cHM6Ly9mb3J1bXMub3BlcmEuY29tLw&ntb=1 | https://www.bing.com/ck/a?!&&p=67690b57771275982a862df40e1cf7f371a4c417384291178d52d263f9e29e63JmltdHM9MTc4NjgzODQwMA&ptn=3&ver=2&hsh=4&fclid=11595114-e74b-65e9-2478-46a3e62b643c&u=a1aHR0cHM6Ly9lbi53aWtpcGVkaWEub3JnL3dpa2kvQ29yZXlfS2luZXI&ntb=1,Rattrapage 2026 depuis l’archive FrenchBreaches — Ecofit (Rosenberg Vendôme).,nouveau
2026-03-08,Association des accidentés de la vie (FNATH),France,France,Inconnu,Fuite de données,Inconnu,Référencé par FrenchBreaches ; corroboration variable,50,Alerte référencée dans l’archive 2026 de FrenchBreaches ; détails à enrichir depuis la fiche source.,https://frenchbreaches.com/alertes/association-des-accidentes-de-la-vie-fnath-mmhtcld404otb3tsj8t,Rattrapage 2026 depuis l’archive FrenchBreaches — Association des accidentés de la vie (FNATH).,nouveau
2026-03-08,AirClaim,France,France,Inconnu,Fuite de données,Inconnu,Référencé par FrenchBreaches ; corroboration variable,50,Alerte référencée dans l’archive 2026 de FrenchBreaches ; détails à enrichir depuis la fiche source.,https://frenchbreaches.com/alertes/airclaim-mmhj7yzoe5edwsrkgx8,Rattrapage 2026 depuis l’archive FrenchBreaches — AirClaim.,nouveau
2026-03-07,TAJ (Ministère de l'intérieur),France,France,Administration / Collectivité,Fuite de données,Inconnu,Référencé par FrenchBreaches ; corroboration variable,50,Alerte référencée dans l’archive 2026 de FrenchBreaches ; détails à enrichir depuis la fiche source.,https://frenchbreaches.com/alertes/taj-ministere-de-l-interieur-mmfj3i1pj7w55d96fn,Rattrapage 2026 depuis l’archive FrenchBreaches — TAJ (Ministère de l'intérieur).,nouveau
2026-03-07,Synlab,France,France,Santé,Fuite de données,Inconnu,Référencé par FrenchBreaches ; corroboration variable,50,Alerte référencée dans l’archive 2026 de FrenchBreaches ; détails à enrichir depuis la fiche source.,https://frenchbreaches.com/alertes/synlab-mmg2qq9v9lnymt9daur,Rattrapage 2026 depuis l’archive FrenchBreaches — Synlab.,nouveau
2026-03-07,Ordoclic,France,France,Inconnu,Fuite de données,Inconnu,Référencé par FrenchBreaches ; corroboration variable,50,Alerte référencée dans l’archive 2026 de FrenchBreaches ; détails à enrichir depuis la fiche source.,https://frenchbreaches.com/alertes/ordoclic-mmgx0h1r1xf5dj26wt3i,Rattrapage 2026 depuis l’archive FrenchBreaches — Ordoclic.,nouveau
2026-03-07,Fédération Française de Natation,France,France,Sport,Fuite de données,Inconnu,Référencé par FrenchBreaches ; corroboration variable,50,Alerte référencée dans l’archive 2026 de FrenchBreaches ; détails à enrichir depuis la fiche source.,https://frenchbreaches.com/alertes/federation-francaise-de-natation-mmgrk9f8ibdwrtht1vf,Rattrapage 2026 depuis l’archive FrenchBreaches — Fédération Française de Natation.,nouveau
2026-03-06,Mon Bureau Numerique,France,France,Inconnu,Fuite de données,Inconnu,Référencé par FrenchBreaches ; corroboration variable,50,Alerte référencée dans l’archive 2026 de FrenchBreaches ; détails à enrichir depuis la fiche source.,https://frenchbreaches.com/alertes/mon-bureau-numerique-mmffbzsxc5nh7k67k5s,Rattrapage 2026 depuis l’archive FrenchBreaches — Mon Bureau Numerique.,nouveau
2026-03-06,Le Centre des monuments nationaux,France,France,Numérique / Technologie,Fuite de données,Inconnu,Référencé par FrenchBreaches ; corroboration variable,50,Alerte référencée dans l’archive 2026 de FrenchBreaches ; détails à enrichir depuis la fiche source.,https://frenchbreaches.com/alertes/le-centre-des-monuments-nationaux-mmev449gjnbjks7r2v | https://www.bing.com/ck/a?!&&p=5977da3c56548d24c3e1bbed203d083779181d448d20e2ae4de26ece0a9b16b6JmltdHM9MTc4NjgzODQwMA&ptn=3&ver=2&hsh=4&fclid=05ffe486-2898-6763-347c-f331299766e8&u=a1aHR0cHM6Ly93d3cuZ29vZ2xlLnVzLw&ntb=1 | https://www.bing.com/ck/a?!&&p=81574d0f28c21b0361a0fcba8aee81126dacf8abb313e09b560e26dfca1f8225JmltdHM9MTc4NjgzODQwMA&ptn=3&ver=2&hsh=4&fclid=05ffe486-2898-6763-347c-f331299766e8&u=a1aHR0cHM6Ly93d3cubWVycmlhbS13ZWJzdGVyLmNvbS9kaWN0aW9uYXJ5L0xF&ntb=1,Rattrapage 2026 depuis l’archive FrenchBreaches — Le Centre des monuments nationaux.,nouveau
2026-03-05,Penninghen,France,France,Éducation / Formation,Fuite de données,Inconnu,Référencé par FrenchBreaches ; corroboration variable,50,Alerte référencée dans l’archive 2026 de FrenchBreaches ; détails à enrichir depuis la fiche source.,https://frenchbreaches.com/alertes/penninghen-mmcr8vro819lq4uw283,Rattrapage 2026 depuis l’archive FrenchBreaches — Penninghen.,nouveau
2026-03-05,Immojeune,France,France,Inconnu,Fuite de données,Inconnu,Référencé par FrenchBreaches ; corroboration variable,50,Alerte référencée dans l’archive 2026 de FrenchBreaches ; détails à enrichir depuis la fiche source.,https://frenchbreaches.com/alertes/immojeune-mmdgfeewgtugus5sv5s,Rattrapage 2026 depuis l’archive FrenchBreaches — Immojeune.,nouveau
2026-03-04,YggTorrent,France,France,Inconnu,Fuite de données,Inconnu,Référencé par FrenchBreaches ; corroboration variable,50,Alerte référencée dans l’archive 2026 de FrenchBreaches ; détails à enrichir depuis la fiche source.,https://frenchbreaches.com/alertes/yggtorrent-mmbdkzjwlyidplvtf3,Rattrapage 2026 depuis l’archive FrenchBreaches — YggTorrent.,nouveau
2026-03-04,Le Brouillon de Culture,France,France,Numérique / Technologie,Fuite de données,Inconnu,Référencé par FrenchBreaches ; corroboration variable,50,Alerte référencée dans l’archive 2026 de FrenchBreaches ; détails à enrichir depuis la fiche source.,https://frenchbreaches.com/alertes/le-brouillon-de-culture-mmcl91bn5elvud5kbf5 | https://www.bing.com/ck/a?!&&p=5977da3c56548d24c3e1bbed203d083779181d448d20e2ae4de26ece0a9b16b6JmltdHM9MTc4NjgzODQwMA&ptn=3&ver=2&hsh=4&fclid=05ffe486-2898-6763-347c-f331299766e8&u=a1aHR0cHM6Ly93d3cuZ29vZ2xlLnVzLw&ntb=1 | https://www.bing.com/ck/a?!&&p=81574d0f28c21b0361a0fcba8aee81126dacf8abb313e09b560e26dfca1f8225JmltdHM9MTc4NjgzODQwMA&ptn=3&ver=2&hsh=4&fclid=05ffe486-2898-6763-347c-f331299766e8&u=a1aHR0cHM6Ly93d3cubWVycmlhbS13ZWJzdGVyLmNvbS9kaWN0aW9uYXJ5L0xF&ntb=1,Rattrapage 2026 depuis l’archive FrenchBreaches — Le Brouillon de Culture.,nouveau
2026-03-04,ANCT (Agence nationale de la cohésion des territoires),France,France,Administration / Collectivité,Fuite de données,Inconnu,Référencé par FrenchBreaches ; corroboration variable,50,Alerte référencée dans l’archive 2026 de FrenchBreaches ; détails à enrichir depuis la fiche source.,https://frenchbreaches.com/alertes/anct-agence-nationale-de-la-cohesion-des-territoires-mmca48s2a7e43sowcqm,Rattrapage 2026 depuis l’archive FrenchBreaches — ANCT (Agence nationale de la cohésion des territoires).,nouveau
2026-03-03,Unibail (Westfield),France,France,Inconnu,Fuite de données,Inconnu,Référencé par FrenchBreaches ; corroboration variable,50,Alerte référencée dans l’archive 2026 de FrenchBreaches ; détails à enrichir depuis la fiche source.,https://frenchbreaches.com/alertes/unibail-westfield-mmad6gh1p97xydh3so,Rattrapage 2026 depuis l’archive FrenchBreaches — Unibail (Westfield).,nouveau
2026-03-03,MDPH (Hauts-de-Seine),France,France,Administration / Collectivité,Fuite de données,Inconnu,Référencé par FrenchBreaches ; corroboration variable,50,Alerte référencée dans l’archive 2026 de FrenchBreaches ; détails à enrichir depuis la fiche source.,https://frenchbreaches.com/alertes/mdph-hauts-de-seine-mmakvwtmo9h71hz8fzd,Rattrapage 2026 depuis l’archive FrenchBreaches — MDPH (Hauts-de-Seine).,nouveau
2026-03-03,Florajet,France,France,Inconnu,Fuite de données,Inconnu,Référencé par FrenchBreaches ; corroboration variable,50,Alerte référencée dans l’archive 2026 de FrenchBreaches ; détails à enrichir depuis la fiche source.,https://frenchbreaches.com/alertes/florajet-mmafn52xjfkapk0pcp,Rattrapage 2026 depuis l’archive FrenchBreaches — Florajet.,nouveau
2026-03-03,Be-bunk,France,France,Inconnu,Fuite de données,Inconnu,Référencé par FrenchBreaches ; corroboration variable,50,Alerte référencée dans l’archive 2026 de FrenchBreaches ; détails à enrichir depuis la fiche source.,https://frenchbreaches.com/alertes/be-bunk-mmaqgafrodin4qt0bgi,Rattrapage 2026 depuis l’archive FrenchBreaches — Be-bunk.,nouveau
2026-03-02,Les Cours d'Adultes de Paris,France,France,Administration / Collectivité,Fuite de données,Inconnu,Référencé par FrenchBreaches ; corroboration variable,50,Alerte référencée dans l’archive 2026 de FrenchBreaches ; détails à enrichir depuis la fiche source.,https://frenchbreaches.com/alertes/les-cours-d-adultes-de-paris-mm9onuql76jgq2omzdk,Rattrapage 2026 depuis l’archive FrenchBreaches — Les Cours d'Adultes de Paris.,nouveau
2026-03-02,"Fuite de données Tchap, 73 467 agents de l'État exposés en ligne",France,France,Administration / Collectivité,Fuite de données,Inconnu,Référencé par FrenchBreaches ; corroboration variable,50,Alerte référencée dans l’archive 2026 de FrenchBreaches ; détails à enrichir depuis la fiche source.,https://frenchbreaches.com/alertes/tchap-mm9op3302hhwfetjao6,"Rattrapage 2026 depuis l’archive FrenchBreaches — Fuite de données Tchap, 73 467 agents de l'État exposés en ligne.",nouveau
2026-03-02,DVM Records,France,France,Commerce / Distribution,Fuite de données,Inconnu,Référencé par FrenchBreaches ; corroboration variable,50,Alerte référencée dans l’archive 2026 de FrenchBreaches ; détails à enrichir depuis la fiche source.,https://frenchbreaches.com/alertes/dvm-records-mm915u41mb6rkr58l0s,Rattrapage 2026 depuis l’archive FrenchBreaches — DVM Records.,nouveau
2026-03-01,Demande de logement,France,France,Inconnu,Fuite de données,Inconnu,Référencé par FrenchBreaches ; corroboration variable,50,Alerte référencée dans l’archive 2026 de FrenchBreaches ; détails à enrichir depuis la fiche source.,https://frenchbreaches.com/alertes/demande-de-logement-mm7t62b7gvy8ymokoqo,Rattrapage 2026 depuis l’archive FrenchBreaches — Demande de logement.,nouveau
2026-03-01,Be Atex,France,France,Inconnu,Fuite de données,Inconnu,Référencé par FrenchBreaches ; corroboration variable,50,Alerte référencée dans l’archive 2026 de FrenchBreaches ; détails à enrichir depuis la fiche source.,https://frenchbreaches.com/alertes/be-atex-mm816u2v30cw537vhve,Rattrapage 2026 depuis l’archive FrenchBreaches — Be Atex.,nouveau
2026-02-28,UNSS,France,France,Inconnu,Fuite de données,Inconnu,Référencé par FrenchBreaches ; corroboration variable,50,Alerte référencée dans l’archive 2026 de FrenchBreaches ; détails à enrichir depuis la fiche source.,https://frenchbreaches.com/alertes/unss-mm5l4muptu35rk5qa2,Rattrapage 2026 depuis l’archive FrenchBreaches — UNSS.,nouveau
2026-02-28,Fédération Française de Rugby à XIII,France,France,Sport,Fuite de données,Inconnu,Référencé par FrenchBreaches ; corroboration variable,50,Alerte référencée dans l’archive 2026 de FrenchBreaches ; détails à enrichir depuis la fiche source.,https://frenchbreaches.com/alertes/federation-francaise-de-rugby-a-xiii-mm6q0ldpxp9itd599t,Rattrapage 2026 depuis l’archive FrenchBreaches — Fédération Française de Rugby à XIII.,nouveau
2026-02-28,Fédération Française Aéronautique,France,France,Sport,Fuite de données,Inconnu,Référencé par FrenchBreaches ; corroboration variable,50,Alerte référencée dans l’archive 2026 de FrenchBreaches ; détails à enrichir depuis la fiche source.,https://frenchbreaches.com/alertes/federation-francaise-aeronautique-mm5zjc2938nguhrpoia,Rattrapage 2026 depuis l’archive FrenchBreaches — Fédération Française Aéronautique.,nouveau
2026-02-28,Eiffage,France,France,Inconnu,Fuite de données,Inconnu,Référencé par FrenchBreaches ; corroboration variable,50,Alerte référencée dans l’archive 2026 de FrenchBreaches ; détails à enrichir depuis la fiche source.,https://frenchbreaches.com/alertes/eiffage-mm5je1d5a0ojsp8iuof,Rattrapage 2026 depuis l’archive FrenchBreaches — Eiffage.,nouveau
2026-02-27,Westfield Club,France,France,Sport,Fuite de données,Inconnu,Référencé par FrenchBreaches ; corroboration variable,50,Alerte référencée dans l’archive 2026 de FrenchBreaches ; détails à enrichir depuis la fiche source.,https://frenchbreaches.com/alertes/westfield-club-mm56xn1pb4t0uq23rh5,Rattrapage 2026 depuis l’archive FrenchBreaches — Westfield Club.,nouveau
2026-02-27,L'école d’ingénieurs ESPCI,France,France,Éducation / Formation,Fuite de données,Inconnu,Référencé par FrenchBreaches ; corroboration variable,50,Alerte référencée dans l’archive 2026 de FrenchBreaches ; détails à enrichir depuis la fiche source.,https://frenchbreaches.com/alertes/l-ecole-d-ingenieurs-espci-mm570zvs1l25q8s34a1,Rattrapage 2026 depuis l’archive FrenchBreaches — L'école d’ingénieurs ESPCI.,nouveau
2026-02-27,Fédération Française de Ski,France,France,Sport,Fuite de données,Inconnu,Référencé par FrenchBreaches ; corroboration variable,50,Alerte référencée dans l’archive 2026 de FrenchBreaches ; détails à enrichir depuis la fiche source.,https://frenchbreaches.com/alertes/federation-francaise-de-ski-mm4v498d8yaw6sd8vil,Rattrapage 2026 depuis l’archive FrenchBreaches — Fédération Française de Ski.,nouveau
2026-02-26,Santeo,France,France,Santé,Fuite de données,Inconnu,Référencé par FrenchBreaches ; corroboration variable,50,Alerte référencée dans l’archive 2026 de FrenchBreaches ; détails à enrichir depuis la fiche source.,https://frenchbreaches.com/alertes/santeo-mm32qjbjo45fkd2cj7l,Rattrapage 2026 depuis l’archive FrenchBreaches — Santeo.,nouveau
2026-02-26,Fédération Sportive et Culturelle de France,France,France,Sport,Fuite de données,Inconnu,Référencé par FrenchBreaches ; corroboration variable,50,Alerte référencée dans l’archive 2026 de FrenchBreaches ; détails à enrichir depuis la fiche source.,https://frenchbreaches.com/alertes/federation-sportive-et-culturelle-de-france-mm3qmnc6189ga7e4z7j,Rattrapage 2026 depuis l’archive FrenchBreaches — Fédération Sportive et Culturelle de France.,nouveau
2026-02-26,Fédération Française de Karaté,France,France,Sport,Fuite de données,Inconnu,Référencé par FrenchBreaches ; corroboration variable,50,Alerte référencée dans l’archive 2026 de FrenchBreaches ; détails à enrichir depuis la fiche source.,https://frenchbreaches.com/alertes/federation-francaise-de-karate-mm3ok2zwrbslxpsk48j,Rattrapage 2026 depuis l’archive FrenchBreaches — Fédération Française de Karaté.,nouveau
2026-02-26,Fédération Française de Gymnastique,France,France,Sport,Fuite de données,Inconnu,Référencé par FrenchBreaches ; corroboration variable,50,Alerte référencée dans l’archive 2026 de FrenchBreaches ; détails à enrichir depuis la fiche source.,https://frenchbreaches.com/alertes/federation-francaise-de-gymnastique-mm3exbqmhw2kdioa0a,Rattrapage 2026 depuis l’archive FrenchBreaches — Fédération Française de Gymnastique.,nouveau
2026-02-26,Cegedim,France,France,Inconnu,Fuite de données,Inconnu,Référencé par FrenchBreaches ; corroboration variable,50,Alerte référencée dans l’archive 2026 de FrenchBreaches ; détails à enrichir depuis la fiche source.,https://frenchbreaches.com/alertes/cegedim-mm3wuo703h191qrotlj,Rattrapage 2026 depuis l’archive FrenchBreaches — Cegedim.,nouveau
2026-02-25,MyConnect,France,France,Finance / Assurance,Fuite de données,Inconnu,Référencé par FrenchBreaches ; corroboration variable,50,Alerte référencée dans l’archive 2026 de FrenchBreaches ; détails à enrichir depuis la fiche source.,https://frenchbreaches.com/alertes/myconnect-mm2gk2nig5zmd48imz5,Rattrapage 2026 depuis l’archive FrenchBreaches — MyConnect.,nouveau
2026-02-25,Fédération Française des Arts Énergétiques et Martiaux Chinois,France,France,Sport,Fuite de données,Inconnu,Référencé par FrenchBreaches ; corroboration variable,50,Alerte référencée dans l’archive 2026 de FrenchBreaches ; détails à enrichir depuis la fiche source.,https://frenchbreaches.com/alertes/federation-francaise-des-arts-energetiques-et-martiaux-chinois-mm1y5n3r1jsk0io1fbqh,Rattrapage 2026 depuis l’archive FrenchBreaches — Fédération Française des Arts Énergétiques et Martiaux Chinois.,nouveau
2026-02-25,Fédération Française d'Aikido,France,France,Sport,Fuite de données,Inconnu,Référencé par FrenchBreaches ; corroboration variable,50,Alerte référencée dans l’archive 2026 de FrenchBreaches ; détails à enrichir depuis la fiche source.,https://frenchbreaches.com/alertes/federation-francaise-d-aikido-mm29qv082rws8ivyj49,Rattrapage 2026 depuis l’archive FrenchBreaches — Fédération Française d'Aikido.,nouveau
2026-02-25,Caisse d'allocations familiales,France,France,Finance / Assurance,Fuite de données,Inconnu,Référencé par FrenchBreaches ; corroboration variable,50,Alerte référencée dans l’archive 2026 de FrenchBreaches ; détails à enrichir depuis la fiche source.,https://frenchbreaches.com/alertes/caisse-d-allocations-familiales-mm24rx01cky34drzsti | https://www.bing.com/ck/a?!&&p=c4c08bc6616436a445e8fb9f6ba8fb5b3f32d0e93bc10581e011b8e2179c70f9JmltdHM9MTc4NjgzODQwMA&ptn=3&ver=2&hsh=4&fclid=1c253a46-9b22-654c-2e9c-2df19af96489&u=a1aHR0cHM6Ly93d3cuY2Fpc3NlLWVwYXJnbmUuZnIv&ntb=1 | https://www.bing.com/ck/a?!&&p=99bfa8863075bd3be95b6540bf26b5ed5236fba7439b7c7475348d84d1fbcb02JmltdHM9MTc4NjgzODQwMA&ptn=3&ver=2&hsh=4&fclid=1c253a46-9b22-654c-2e9c-2df19af96489&u=a1aHR0cHM6Ly9lbi53aWt0aW9uYXJ5Lm9yZy93aWtpL2NhaXNzZQ&ntb=1,Rattrapage 2026 depuis l’archive FrenchBreaches — Caisse d'allocations familiales.,nouveau
2026-02-24,Fédération Française d’Athlétisme,France,France,Sport,Fuite de données,Inconnu,Référencé par FrenchBreaches ; corroboration variable,50,Alerte référencée dans l’archive 2026 de FrenchBreaches ; détails à enrichir depuis la fiche source.,https://frenchbreaches.com/alertes/federation-francaise-d-athletisme-mlzysk4uwloxdb0fse,Rattrapage 2026 depuis l’archive FrenchBreaches — Fédération Française d’Athlétisme.,nouveau
2026-02-24,Fédération Française du Sport Automobile,France,France,Sport,Fuite de données,Inconnu,Référencé par FrenchBreaches ; corroboration variable,50,Alerte référencée dans l’archive 2026 de FrenchBreaches ; détails à enrichir depuis la fiche source.,https://frenchbreaches.com/alertes/federation-francaise-du-sport-automobile-mm0ij3af8ab6fyzlbd,Rattrapage 2026 depuis l’archive FrenchBreaches — Fédération Française du Sport Automobile.,nouveau
2026-02-24,Fédération Française de Badminton,France,France,Sport,Fuite de données,Inconnu,Référencé par FrenchBreaches ; corroboration variable,50,Alerte référencée dans l’archive 2026 de FrenchBreaches ; détails à enrichir depuis la fiche source.,https://frenchbreaches.com/alertes/federation-francaise-de-badminton-mm0ffx7th4pqlzr4b2c,Rattrapage 2026 depuis l’archive FrenchBreaches — Fédération Française de Badminton.,nouveau
2026-02-24,Dalet,France,France,Inconnu,Fuite de données,Inconnu,Référencé par FrenchBreaches ; corroboration variable,50,Alerte référencée dans l’archive 2026 de FrenchBreaches ; détails à enrichir depuis la fiche source.,https://frenchbreaches.com/alertes/dalet-rw_UkdGc1pYUkFZMjlwYm1KaGMyVmpZWEowWld3PQ,Rattrapage 2026 depuis l’archive FrenchBreaches — Dalet.,nouveau
2026-02-24,Cegid,France,France,Commerce / Distribution,Fuite de données,Inconnu,Référencé par FrenchBreaches ; corroboration variable,50,Alerte référencée dans l’archive 2026 de FrenchBreaches ; détails à enrichir depuis la fiche source.,https://frenchbreaches.com/alertes/cegid-mm13mgbh89glqcz1zjx,Rattrapage 2026 depuis l’archive FrenchBreaches — Cegid.,nouveau
2026-02-24,Azaé & Domaliance,France,France,Inconnu,Fuite de données,Inconnu,Référencé par FrenchBreaches ; corroboration variable,50,Alerte référencée dans l’archive 2026 de FrenchBreaches ; détails à enrichir depuis la fiche source.,https://frenchbreaches.com/alertes/azae-domaliance-mm0w6lz1me6jkr4obv,Rattrapage 2026 depuis l’archive FrenchBreaches — Azaé & Domaliance.,nouveau
2026-02-24,Ayomi,France,France,Inconnu,Fuite de données,Inconnu,Référencé par FrenchBreaches ; corroboration variable,50,Alerte référencée dans l’archive 2026 de FrenchBreaches ; détails à enrichir depuis la fiche source.,https://frenchbreaches.com/alertes/ayomi-mm11wae7hwekr1q7x7,Rattrapage 2026 depuis l’archive FrenchBreaches — Ayomi.,nouveau
2026-02-23,Unis Cité,France,France,Transport / Logistique,Fuite de données,Inconnu,Référencé par FrenchBreaches ; corroboration variable,50,Alerte référencée dans l’archive 2026 de FrenchBreaches ; détails à enrichir depuis la fiche source.,https://frenchbreaches.com/alertes/unis-cite-mlzp9grgr201p6v2x2m | https://www.bing.com/ck/a?!&&p=34bd5f607dd504a754aca2ca9fc51c7516ddc84cc4cff11eb416f2186ed17422JmltdHM9MTc4NjgzODQwMA&ptn=3&ver=2&hsh=4&fclid=0196688e-a2e4-69b5-0081-7f39a3996823&u=a1aHR0cHM6Ly9rcHJvZmlsZXMuY29tL3VuaXMtdW5pdmVyc2UtdGlja2V0LW1lbWJlcnMtcHJvZmlsZS8&ntb=1 | https://www.bing.com/ck/a?!&&p=62305563eb2dcc5ead7f2c55b329129692686169f888e323f0832d566389c8d6JmltdHM9MTc4NjgzODQwMA&ptn=3&ver=2&hsh=4&fclid=0196688e-a2e4-69b5-0081-7f39a3996823&u=a1aHR0cHM6Ly9lbi53aWtpcGVkaWEub3JnL3dpa2kvVW5pc18oZ3JvdXAp&ntb=1,Rattrapage 2026 depuis l’archive FrenchBreaches — Unis Cité.,nouveau
2026-02-23,Olympique de Marseille,France,France,Inconnu,Fuite de données,Inconnu,Référencé par FrenchBreaches ; corroboration variable,50,Alerte référencée dans l’archive 2026 de FrenchBreaches ; détails à enrichir depuis la fiche source.,https://frenchbreaches.com/alertes/olympique-de-marseille-mlzem6z90qu1hsp6spcm,Rattrapage 2026 depuis l’archive FrenchBreaches — Olympique de Marseille.,nouveau
2026-02-23,Mondial Relay,France,France,Transport / Logistique,Fuite de données,Inconnu,Référencé par FrenchBreaches ; corroboration variable,50,Alerte référencée dans l’archive 2026 de FrenchBreaches ; détails à enrichir depuis la fiche source.,https://frenchbreaches.com/alertes/mondial-relay-mlz8o8jibiyupwccj7n,Rattrapage 2026 depuis l’archive FrenchBreaches — Mondial Relay.,nouveau
2026-02-22,"MaSalleDeSport (Basic-Fit, Fitness Park etc)",France,France,Sport,Fuite de données,Inconnu,Référencé par FrenchBreaches ; corroboration variable,50,Alerte référencée dans l’archive 2026 de FrenchBreaches ; détails à enrichir depuis la fiche source.,https://frenchbreaches.com/alertes/masalledesport-basic-fit-fitness-park-etc-mlxi3ygi4fvoyxtvlys,"Rattrapage 2026 depuis l’archive FrenchBreaches — MaSalleDeSport (Basic-Fit, Fitness Park etc).",nouveau
2026-02-21,Innovorder,France,France,Inconnu,Fuite de données,Inconnu,Référencé par FrenchBreaches ; corroboration variable,50,Alerte référencée dans l’archive 2026 de FrenchBreaches ; détails à enrichir depuis la fiche source.,https://frenchbreaches.com/alertes/innovorder-mlwczljdmb10pphp2o,Rattrapage 2026 depuis l’archive FrenchBreaches — Innovorder.,nouveau
2026-02-20,OSAC (sécurité de l’aviation civile),France,France,Transport / Logistique,Fuite de données,Inconnu,Référencé par FrenchBreaches ; corroboration variable,50,Alerte référencée dans l’archive 2026 de FrenchBreaches ; détails à enrichir depuis la fiche source.,https://frenchbreaches.com/alertes/osac-securite-de-l-aviation-civile-mlvbspk1gdbp5ypceoo,Rattrapage 2026 depuis l’archive FrenchBreaches — OSAC (sécurité de l’aviation civile).,nouveau
2026-02-20,KeepCool,France,France,Commerce / Distribution,Fuite de données,Inconnu,Référencé par FrenchBreaches ; corroboration variable,50,Alerte référencée dans l’archive 2026 de FrenchBreaches ; détails à enrichir depuis la fiche source.,https://frenchbreaches.com/alertes/keepcool-mluybn357wii4tbrsug,Rattrapage 2026 depuis l’archive FrenchBreaches — KeepCool.,nouveau
2026-02-20,Employés Gendarmerie,France,France,Administration / Collectivité,Fuite de données,Inconnu,Référencé par FrenchBreaches ; corroboration variable,50,Alerte référencée dans l’archive 2026 de FrenchBreaches ; détails à enrichir depuis la fiche source.,https://frenchbreaches.com/alertes/employes-gendarmerie-mluun58803nh2ldnrczu,Rattrapage 2026 depuis l’archive FrenchBreaches — Employés Gendarmerie.,nouveau
2026-02-20,"DGSI, DGSE, Défense, Gendarmerie, Police, CNIL",France,France,Administration / Collectivité,Fuite de données,Inconnu,Référencé par FrenchBreaches ; corroboration variable,50,Alerte référencée dans l’archive 2026 de FrenchBreaches ; détails à enrichir depuis la fiche source.,https://frenchbreaches.com/alertes/dgsi-dgse-defense-gendarmerie-police-cnil-mlup7wz5bb7tew1m4jb,"Rattrapage 2026 depuis l’archive FrenchBreaches — DGSI, DGSE, Défense, Gendarmerie, Police, CNIL.",nouveau
2026-02-20,Azaé,France,France,Inconnu,Fuite de données,Inconnu,Référencé par FrenchBreaches ; corroboration variable,50,Alerte référencée dans l’archive 2026 de FrenchBreaches ; détails à enrichir depuis la fiche source.,https://frenchbreaches.com/alertes/azae-mlv2yvjgb00fd4pxcv6,Rattrapage 2026 depuis l’archive FrenchBreaches — Azaé.,nouveau
2026-02-20,Agents de l'État (Intérieur & Défense),France,France,Finance / Assurance,Fuite de données,Inconnu,Référencé par FrenchBreaches ; corroboration variable,50,Alerte référencée dans l’archive 2026 de FrenchBreaches ; détails à enrichir depuis la fiche source.,https://frenchbreaches.com/alertes/agents-de-l-etat-interieur-defense-mluulqusyflgecyqlq7 | https://www.bing.com/ck/a?!&&p=d83dff7beef11ca0d7eb8cded92f9a9d9d78814488f23cf9dc647cba3d893dd1JmltdHM9MTc4NjgzODQwMA&ptn=3&ver=2&hsh=4&fclid=2fe2ab30-3ba2-6120-346a-bc873ae260dd&u=a1aHR0cHM6Ly93d3cubWVycmlhbS13ZWJzdGVyLmNvbS9kaWN0aW9uYXJ5L2FnZW50&ntb=1 | https://www.bing.com/ck/a?!&&p=fef810d2bf846deeb7ca1760de13a0f81e63eb6963a132a4ba2865c0d14c77d5JmltdHM9MTc4NjgzODQwMA&ptn=3&ver=2&hsh=4&fclid=2fe2ab30-3ba2-6120-346a-bc873ae260dd&u=a1aHR0cHM6Ly9naXRodWIuY29tL21zaXRhcnpld3NraS9hZ2VuY3ktYWdlbnRz&ntb=1,Rattrapage 2026 depuis l’archive FrenchBreaches — Agents de l'État (Intérieur & Défense).,nouveau
2026-02-20,Académie de Créteil,France,France,Éducation / Formation,Fuite de données,Inconnu,Référencé par FrenchBreaches ; corroboration variable,50,Alerte référencée dans l’archive 2026 de FrenchBreaches ; détails à enrichir depuis la fiche source.,https://frenchbreaches.com/alertes/academie-de-creteil-mlv34bywkf8hbdbcwyi,Rattrapage 2026 depuis l’archive FrenchBreaches — Académie de Créteil.,nouveau
2026-02-19,Valgo,France,France,Industrie / Manufacture,Fuite de données,Inconnu,Référencé par FrenchBreaches ; corroboration variable,50,Alerte référencée dans l’archive 2026 de FrenchBreaches ; détails à enrichir depuis la fiche source.,https://frenchbreaches.com/alertes/valgo-mltf7wq2iygle7bn27k,Rattrapage 2026 depuis l’archive FrenchBreaches — Valgo.,nouveau
2026-02-19,"Ministère des Sports, de la Jeunesse et de la Vie associative",France,France,Administration / Collectivité,Fuite de données,Inconnu,Référencé par FrenchBreaches ; corroboration variable,50,Alerte référencée dans l’archive 2026 de FrenchBreaches ; détails à enrichir depuis la fiche source.,https://frenchbreaches.com/alertes/ministere-des-sports-de-la-jeunesse-et-de-la-vie-associative-mlu1nbawgond3hw0ia,"Rattrapage 2026 depuis l’archive FrenchBreaches — Ministère des Sports, de la Jeunesse et de la Vie associative.",nouveau
2026-02-19,IDMerit,France,France,Numérique / Technologie,Fuite de données,Inconnu,Référencé par FrenchBreaches ; corroboration variable,50,Alerte référencée dans l’archive 2026 de FrenchBreaches ; détails à enrichir depuis la fiche source.,https://frenchbreaches.com/alertes/idmerit-mlw7worzc7ls4dyzgs,Rattrapage 2026 depuis l’archive FrenchBreaches — IDMerit.,nouveau
2026-02-19,Espace CSE,France,France,Inconnu,Fuite de données,Inconnu,Référencé par FrenchBreaches ; corroboration variable,50,Alerte référencée dans l’archive 2026 de FrenchBreaches ; détails à enrichir depuis la fiche source.,https://frenchbreaches.com/alertes/espace-cse-mlsn2lvrvnrp4gq8eim,Rattrapage 2026 depuis l’archive FrenchBreaches — Espace CSE.,nouveau
2026-02-18,Réglo Mobile (E.Leclerc),France,France,Inconnu,Fuite de données,Inconnu,Référencé par FrenchBreaches ; corroboration variable,50,Alerte référencée dans l’archive 2026 de FrenchBreaches ; détails à enrichir depuis la fiche source.,https://frenchbreaches.com/alertes/reglo-mobile-e-leclerc-mls0t17blhiwtcmdysg,Rattrapage 2026 depuis l’archive FrenchBreaches — Réglo Mobile (E.Leclerc).,nouveau
2026-02-18,RTL Group (M6),France,France,Inconnu,Fuite de données,Inconnu,Référencé par FrenchBreaches ; corroboration variable,50,Alerte référencée dans l’archive 2026 de FrenchBreaches ; détails à enrichir depuis la fiche source.,https://frenchbreaches.com/alertes/rtl-group-m6-mlsfhwfxrqdo4svzmi,Rattrapage 2026 depuis l’archive FrenchBreaches — RTL Group (M6).,nouveau
2026-02-18,On Air Fitness,France,France,Sport,Fuite de données,Inconnu,Référencé par FrenchBreaches ; corroboration variable,50,Alerte référencée dans l’archive 2026 de FrenchBreaches ; détails à enrichir depuis la fiche source.,https://frenchbreaches.com/alertes/on-air-fitness-mlrwmqj0jqo35pfmnqc,Rattrapage 2026 depuis l’archive FrenchBreaches — On Air Fitness.,nouveau
2026-02-18,Direction Générale des Finances Publiques,France,France,Inconnu,Fuite de données,Inconnu,Référencé par FrenchBreaches ; corroboration variable,50,Alerte référencée dans l’archive 2026 de FrenchBreaches ; détails à enrichir depuis la fiche source.,https://frenchbreaches.com/alertes/direction-generale-des-finances-publiques-mlsb563td3sb6g2voxn,Rattrapage 2026 depuis l’archive FrenchBreaches — Direction Générale des Finances Publiques.,nouveau
2026-02-18,Cyrillus,France,France,Inconnu,Fuite de données,Inconnu,Référencé par FrenchBreaches ; corroboration variable,50,Alerte référencée dans l’archive 2026 de FrenchBreaches ; détails à enrichir depuis la fiche source.,https://frenchbreaches.com/alertes/cyrillus-mlsb7gnmf8nei8fgsh,Rattrapage 2026 depuis l’archive FrenchBreaches — Cyrillus.,nouveau
2026-02-18,CFDT,France,France,Administration / Collectivité,Fuite de données,Inconnu,Référencé par FrenchBreaches ; corroboration variable,50,Alerte référencée dans l’archive 2026 de FrenchBreaches ; détails à enrichir depuis la fiche source.,https://frenchbreaches.com/alertes/cfdt-mlrw0h6gfw4055crb2a,Rattrapage 2026 depuis l’archive FrenchBreaches — CFDT.,nouveau
2026-02-17,Adidas,France,France,Inconnu,Fuite de données,Inconnu,Référencé par FrenchBreaches ; corroboration variable,50,Alerte référencée dans l’archive 2026 de FrenchBreaches ; détails à enrichir depuis la fiche source.,https://frenchbreaches.com/alertes/adidas-mlpsnb6mte2hwrugiwl,Rattrapage 2026 depuis l’archive FrenchBreaches — Adidas.,nouveau
2026-02-16,Voyages Privés,France,France,Inconnu,Fuite de données,Inconnu,Référencé par FrenchBreaches ; corroboration variable,50,Alerte référencée dans l’archive 2026 de FrenchBreaches ; détails à enrichir depuis la fiche source.,https://frenchbreaches.com/alertes/voyages-prives-mlpb2zx49bhhmc0f2r,Rattrapage 2026 depuis l’archive FrenchBreaches — Voyages Privés.,nouveau
2026-02-16,Socloz,France,France,Inconnu,Fuite de données,Inconnu,Référencé par FrenchBreaches ; corroboration variable,50,Alerte référencée dans l’archive 2026 de FrenchBreaches ; détails à enrichir depuis la fiche source.,https://frenchbreaches.com/alertes/socloz-mlplmlezxwnxow0u3v,Rattrapage 2026 depuis l’archive FrenchBreaches — Socloz.,nouveau
2026-02-16,Service Publique - Choisirleservicepublic (gouv),France,France,Administration / Collectivité,Fuite de données,Inconnu,Référencé par FrenchBreaches ; corroboration variable,50,Alerte référencée dans l’archive 2026 de FrenchBreaches ; détails à enrichir depuis la fiche source.,https://frenchbreaches.com/alertes/service-publique-choisirleservicepublic-gouv-mlpc547r345dlbmagfy,Rattrapage 2026 depuis l’archive FrenchBreaches — Service Publique - Choisirleservicepublic (gouv).,nouveau
2026-02-16,Ordre des experts-comptables (Bretagne),France,France,Services aux entreprises,Fuite de données,Inconnu,Référencé par FrenchBreaches ; corroboration variable,50,Alerte référencée dans l’archive 2026 de FrenchBreaches ; détails à enrichir depuis la fiche source.,https://frenchbreaches.com/alertes/ordre-des-experts-comptables-bretagne-mloj8c6fhju8cz4thcv,Rattrapage 2026 depuis l’archive FrenchBreaches — Ordre des experts-comptables (Bretagne).,nouveau
2026-02-16,Ministère de la Santé,France,France,Santé,Fuite de données,Inconnu,Référencé par FrenchBreaches ; corroboration variable,50,Alerte référencée dans l’archive 2026 de FrenchBreaches ; détails à enrichir depuis la fiche source.,https://frenchbreaches.com/alertes/ministere-de-la-sante-mlpg6msuzujs8dwi1hp,Rattrapage 2026 depuis l’archive FrenchBreaches — Ministère de la Santé.,nouveau
2026-02-16,CNRS,France,France,Inconnu,Fuite de données,Inconnu,Référencé par FrenchBreaches ; corroboration variable,50,Alerte référencée dans l’archive 2026 de FrenchBreaches ; détails à enrichir depuis la fiche source.,https://frenchbreaches.com/alertes/cnrs-mlp74bpt9y9dzgsxnoh,Rattrapage 2026 depuis l’archive FrenchBreaches — CNRS.,nouveau
2026-02-15,Canada Goose,Canada,Canada,Inconnu,Fuite de données,Inconnu,Référencé par FrenchBreaches ; corroboration variable,50,Alerte référencée dans l’archive 2026 de FrenchBreaches ; détails à enrichir depuis la fiche source.,https://frenchbreaches.com/alertes/canada-goose-mlo911ecu6j4vqa3zpg,Rattrapage 2026 depuis l’archive FrenchBreaches — Canada Goose.,nouveau
2026-02-14,Voyageurs du monde,France,France,Inconnu,Fuite de données,Inconnu,Référencé par FrenchBreaches ; corroboration variable,50,Alerte référencée dans l’archive 2026 de FrenchBreaches ; détails à enrichir depuis la fiche source.,https://frenchbreaches.com/alertes/voyageurs-du-monde-mlmft30slv06s5gqwp,Rattrapage 2026 depuis l’archive FrenchBreaches — Voyageurs du monde.,nouveau
2026-02-14,Les Restos du Coeur,France,France,Administration / Collectivité,Fuite de données,Inconnu,Référencé par FrenchBreaches ; corroboration variable,50,Alerte référencée dans l’archive 2026 de FrenchBreaches ; détails à enrichir depuis la fiche source.,https://frenchbreaches.com/alertes/les-restos-du-coeur-mlmi15wg2sz7g1nmwf7,Rattrapage 2026 depuis l’archive FrenchBreaches — Les Restos du Coeur.,nouveau
2026-02-14,IMMOVALIE (Agence immobilière),France,France,Finance / Assurance,Fuite de données,Inconnu,Référencé par FrenchBreaches ; corroboration variable,50,Alerte référencée dans l’archive 2026 de FrenchBreaches ; détails à enrichir depuis la fiche source.,https://frenchbreaches.com/alertes/immovalie-agence-immobiliere-mlmbud544p88gyf7cab | https://www.bing.com/ck/a?!&&p=995f667e199eebc64d7ab9c633999aad579763225225f0653af2e8a30bf202b7JmltdHM9MTc4NjgzODQwMA&ptn=3&ver=2&hsh=4&fclid=11595114-e74b-65e9-2478-46a3e62b643c&u=a1aHR0cHM6Ly93d3cuYmx1ZXRvb3RoLmNvbS8&ntb=1 | https://www.bing.com/ck/a?!&&p=5def83168ffcff15783459e79e395536d783dbe2b1a13a74cf61dcdd25bb01bbJmltdHM9MTc4NjgzODQwMA&ptn=3&ver=2&hsh=4&fclid=11595114-e74b-65e9-2478-46a3e62b643c&u=a1aHR0cHM6Ly9hcHBzLm1pY3Jvc29mdC5jb20vZGV0YWlsLzlwcG5kYzgzNXpocT9obD1lcy1FUyZnbD1FUw&ntb=1 | https://www.bing.com/ck/a?!&&p=518063388927e957b6a15ebd11c4dded16b8689477f0c8162823b32f4e64df16JmltdHM9MTc4NjgzODQwMA&ptn=3&ver=2&hsh=4&fclid=11595114-e74b-65e9-2478-46a3e62b643c&u=a1aHR0cHM6Ly9zdXBwb3J0Lmdvb2dsZS5jb20veW91dHViZS9hbnN3ZXIvNzY4MjU2MD9obD1lbg&ntb=1,Rattrapage 2026 depuis l’archive FrenchBreaches — IMMOVALIE (Agence immobilière).,nouveau
2026-02-14,Fédération Française d’Athlétisme,France,France,Sport,Fuite de données,Inconnu,Référencé par FrenchBreaches ; corroboration variable,50,Alerte référencée dans l’archive 2026 de FrenchBreaches ; détails à enrichir depuis la fiche source.,https://frenchbreaches.com/alertes/federation-francaise-d-athletisme-mlmbmev1qvw8jquq8r,Rattrapage 2026 depuis l’archive FrenchBreaches — Fédération Française d’Athlétisme.,nouveau
2026-02-14,Fédération Française de Voitures Radio Commandées,France,France,Sport,Fuite de données,Inconnu,Référencé par FrenchBreaches ; corroboration variable,50,Alerte référencée dans l’archive 2026 de FrenchBreaches ; détails à enrichir depuis la fiche source.,https://frenchbreaches.com/alertes/federation-francaise-de-voitures-radio-commandees-mlmbnhn9dtuuzages0r,Rattrapage 2026 depuis l’archive FrenchBreaches — Fédération Française de Voitures Radio Commandées.,nouveau
2026-02-13,Gustave-Auto,France,France,Inconnu,Fuite de données,Inconnu,Référencé par FrenchBreaches ; corroboration variable,50,Alerte référencée dans l’archive 2026 de FrenchBreaches ; détails à enrichir depuis la fiche source.,https://frenchbreaches.com/alertes/gustave-auto-mlksxb6ahlsblb1bkck,Rattrapage 2026 depuis l’archive FrenchBreaches — Gustave-Auto.,nouveau
2026-02-13,ChezSwitch.fr,France,France,Inconnu,Fuite de données,Inconnu,Référencé par FrenchBreaches ; corroboration variable,50,Alerte référencée dans l’archive 2026 de FrenchBreaches ; détails à enrichir depuis la fiche source.,https://frenchbreaches.com/alertes/chezswitch-fr-mlkskmc7zehhwbaiurg,Rattrapage 2026 depuis l’archive FrenchBreaches — ChezSwitch.fr.,nouveau
2026-02-12,IFAPME,Belgique,Belgique,Inconnu,Fuite de données,Inconnu,Référencé par FrenchBreaches ; corroboration variable,50,Alerte référencée dans l’archive 2026 de FrenchBreaches ; détails à enrichir depuis la fiche source.,https://frenchbreaches.com/alertes/ifapme-mljdutarctws1xjua8o,Rattrapage 2026 depuis l’archive FrenchBreaches — IFAPME.,nouveau
2026-02-12,Federation Française de Judo,France,France,Sport,Fuite de données,Inconnu,Référencé par FrenchBreaches ; corroboration variable,50,Alerte référencée dans l’archive 2026 de FrenchBreaches ; détails à enrichir depuis la fiche source.,https://frenchbreaches.com/alertes/federation-francaise-de-judo-mlity954yyaove0ll7,Rattrapage 2026 depuis l’archive FrenchBreaches — Federation Française de Judo.,nouveau
2026-02-12,Derbez,France,France,Inconnu,Fuite de données,Inconnu,Référencé par FrenchBreaches ; corroboration variable,50,Alerte référencée dans l’archive 2026 de FrenchBreaches ; détails à enrichir depuis la fiche source.,https://frenchbreaches.com/alertes/derbez-mljgnjkmhrjwey6432,Rattrapage 2026 depuis l’archive FrenchBreaches — Derbez.,nouveau
2026-02-11,ThermoPoudre.fr,France,France,Inconnu,Fuite de données,Inconnu,Référencé par FrenchBreaches ; corroboration variable,50,Alerte référencée dans l’archive 2026 de FrenchBreaches ; détails à enrichir depuis la fiche source.,https://frenchbreaches.com/alertes/thermopoudre-fr-mlimjtqeyzfikt9c3ph,Rattrapage 2026 depuis l’archive FrenchBreaches — ThermoPoudre.fr.,nouveau
2026-02-10,Safran Group,France,France,Industrie / Manufacture,Fuite de données,Inconnu,Référencé par FrenchBreaches ; corroboration variable,50,Alerte référencée dans l’archive 2026 de FrenchBreaches ; détails à enrichir depuis la fiche source.,https://frenchbreaches.com/alertes/safran-group-mlgwlf2ajel9n42rha8,Rattrapage 2026 depuis l’archive FrenchBreaches — Safran Group.,nouveau
2026-02-10,Relais Colis,France,France,Transport / Logistique,Fuite de données,Inconnu,Référencé par FrenchBreaches ; corroboration variable,50,Alerte référencée dans l’archive 2026 de FrenchBreaches ; détails à enrichir depuis la fiche source.,https://frenchbreaches.com/alertes/relais-colis-mlgl6sx8ed8gg9ieno,Rattrapage 2026 depuis l’archive FrenchBreaches — Relais Colis.,nouveau
2026-02-10,Les burgers de Papa,France,France,Inconnu,Fuite de données,Inconnu,Référencé par FrenchBreaches ; corroboration variable,50,Alerte référencée dans l’archive 2026 de FrenchBreaches ; détails à enrichir depuis la fiche source.,https://frenchbreaches.com/alertes/les-burgers-de-papa-mlh66h5atyqhdxtj65f,Rattrapage 2026 depuis l’archive FrenchBreaches — Les burgers de Papa.,nouveau
2026-02-10,Ciffreobona,France,France,Construction / BTP,Fuite de données,Inconnu,Référencé par FrenchBreaches ; corroboration variable,50,Alerte référencée dans l’archive 2026 de FrenchBreaches ; détails à enrichir depuis la fiche source.,https://frenchbreaches.com/alertes/ciffreobona-mlgr7d7km4ns9yyduii,Rattrapage 2026 depuis l’archive FrenchBreaches — Ciffreobona.,nouveau
2026-02-10,Birdee,France,France,Commerce / Distribution,Fuite de données,Inconnu,Référencé par FrenchBreaches ; corroboration variable,50,Alerte référencée dans l’archive 2026 de FrenchBreaches ; détails à enrichir depuis la fiche source.,https://frenchbreaches.com/alertes/birdee-mlgx7255fnsdyc68n1m | https://www.bing.com/ck/a?!&&p=5de7358d8e30ac4218e02e7af629c08247f96a869642546fe55498a2ad650ca4JmltdHM9MTc4NjgzODQwMA&ptn=3&ver=2&hsh=4&fclid=05665b60-cfdb-67a9-0c55-4cd7ce066660&u=a1aHR0cHM6Ly93d3cuYmlyZGVlLm55Yy8&ntb=1 | https://www.bing.com/ck/a?!&&p=fff2fd736ee8f33339eeb739c797ef81685ef556cd2b27b70f5d07d9327f7c58JmltdHM9MTc4NjgzODQwMA&ptn=3&ver=2&hsh=4&fclid=05665b60-cfdb-67a9-0c55-4cd7ce066660&u=a1aHR0cHM6Ly9iaXJkZWVzcG9ydC5jb20v&ntb=1,Rattrapage 2026 depuis l’archive FrenchBreaches — Birdee.,nouveau
2026-02-09,bioMérieux,France,France,Santé,Fuite de données,Inconnu,Référencé par FrenchBreaches ; corroboration variable,50,Alerte référencée dans l’archive 2026 de FrenchBreaches ; détails à enrichir depuis la fiche source.,https://frenchbreaches.com/alertes/biomerieux-mlfjt07n65swn5ua2ac,Rattrapage 2026 depuis l’archive FrenchBreaches — bioMérieux.,nouveau
2026-02-09,Renault,France,France,Industrie / Manufacture,Fuite de données,Inconnu,Référencé par FrenchBreaches ; corroboration variable,50,Alerte référencée dans l’archive 2026 de FrenchBreaches ; détails à enrichir depuis la fiche source.,https://frenchbreaches.com/alertes/renault-mlfbxzvz6ecg7j75xb,Rattrapage 2026 depuis l’archive FrenchBreaches — Renault.,nouveau
2026-02-09,Prozon,France,France,Inconnu,Fuite de données,Inconnu,Référencé par FrenchBreaches ; corroboration variable,50,Alerte référencée dans l’archive 2026 de FrenchBreaches ; détails à enrichir depuis la fiche source.,https://frenchbreaches.com/alertes/prozon-mlf9nhskbrfoi2okij,Rattrapage 2026 depuis l’archive FrenchBreaches — Prozon.,nouveau
2026-02-09,PharmaShopi,France,France,Santé,Fuite de données,Inconnu,Référencé par FrenchBreaches ; corroboration variable,50,Alerte référencée dans l’archive 2026 de FrenchBreaches ; détails à enrichir depuis la fiche source.,https://frenchbreaches.com/alertes/pharmashopi-mlfhpw3sl254geko1b,Rattrapage 2026 depuis l’archive FrenchBreaches — PharmaShopi.,nouveau
2026-02-09,Maxance.com,France,France,Finance / Assurance,Fuite de données,Inconnu,Référencé par FrenchBreaches ; corroboration variable,50,Alerte référencée dans l’archive 2026 de FrenchBreaches ; détails à enrichir depuis la fiche source.,https://frenchbreaches.com/alertes/maxance-com-mlf9ts1bx2hxlvk6y6k,Rattrapage 2026 depuis l’archive FrenchBreaches — Maxance.com.,nouveau
2026-02-09,Avantages-Jeunes,France,France,Inconnu,Fuite de données,Inconnu,Référencé par FrenchBreaches ; corroboration variable,50,Alerte référencée dans l’archive 2026 de FrenchBreaches ; détails à enrichir depuis la fiche source.,https://frenchbreaches.com/alertes/avantages-jeunes-mlff78kvlf29wen2xjg,Rattrapage 2026 depuis l’archive FrenchBreaches — Avantages-Jeunes.,nouveau
2026-02-09,Atalian,France,France,Inconnu,Fuite de données,Inconnu,Référencé par FrenchBreaches ; corroboration variable,50,Alerte référencée dans l’archive 2026 de FrenchBreaches ; détails à enrichir depuis la fiche source.,https://frenchbreaches.com/alertes/atalian-mlf7z5mrgy54z0zaf16,Rattrapage 2026 depuis l’archive FrenchBreaches — Atalian.,nouveau
2026-02-09,Aikan,France,France,Inconnu,Fuite de données,Inconnu,Référencé par FrenchBreaches ; corroboration variable,50,Alerte référencée dans l’archive 2026 de FrenchBreaches ; détails à enrichir depuis la fiche source.,https://frenchbreaches.com/alertes/aikan-mlf6pjencgljnr22kym,Rattrapage 2026 depuis l’archive FrenchBreaches — Aikan.,nouveau
2026-02-08,SOS 33 Bordeaux,France,France,Inconnu,Fuite de données,Inconnu,Référencé par FrenchBreaches ; corroboration variable,50,Alerte référencée dans l’archive 2026 de FrenchBreaches ; détails à enrichir depuis la fiche source.,https://frenchbreaches.com/alertes/sos-33-bordeaux-mlefo67j8jldh3kv9x8,Rattrapage 2026 depuis l’archive FrenchBreaches — SOS 33 Bordeaux.,nouveau
2026-02-08,Rankfyt,France,France,Inconnu,Fuite de données,Inconnu,Référencé par FrenchBreaches ; corroboration variable,50,Alerte référencée dans l’archive 2026 de FrenchBreaches ; détails à enrichir depuis la fiche source.,https://frenchbreaches.com/alertes/rankfyt-mlef4ept03tun8fo8774,Rattrapage 2026 depuis l’archive FrenchBreaches — Rankfyt.,nouveau
2026-02-08,Immo-pop,France,France,Inconnu,Fuite de données,Inconnu,Référencé par FrenchBreaches ; corroboration variable,50,Alerte référencée dans l’archive 2026 de FrenchBreaches ; détails à enrichir depuis la fiche source.,https://frenchbreaches.com/alertes/immo-pop-mle5gjge8y903581cxj,Rattrapage 2026 depuis l’archive FrenchBreaches — Immo-pop.,nouveau
2026-02-07,Voyages Robin,France,France,Inconnu,Fuite de données,Inconnu,Référencé par FrenchBreaches ; corroboration variable,50,Alerte référencée dans l’archive 2026 de FrenchBreaches ; détails à enrichir depuis la fiche source.,https://frenchbreaches.com/alertes/voyages-robin-mlcwkf04a952nwb0k65,Rattrapage 2026 depuis l’archive FrenchBreaches — Voyages Robin.,nouveau
2026-02-06,PowerLab,France,France,Inconnu,Fuite de données,Inconnu,Référencé par FrenchBreaches ; corroboration variable,50,Alerte référencée dans l’archive 2026 de FrenchBreaches ; détails à enrichir depuis la fiche source.,https://frenchbreaches.com/alertes/powerlab-mlau303epunhhx9j8h,Rattrapage 2026 depuis l’archive FrenchBreaches — PowerLab.,nouveau
2026-02-06,AutoForever,France,France,Inconnu,Fuite de données,Inconnu,Référencé par FrenchBreaches ; corroboration variable,50,Alerte référencée dans l’archive 2026 de FrenchBreaches ; détails à enrichir depuis la fiche source.,https://frenchbreaches.com/alertes/autoforever-mlbkrz8wjo07bfiywbq,Rattrapage 2026 depuis l’archive FrenchBreaches — AutoForever.,nouveau
2026-02-05,Family Cinema,France,France,Inconnu,Fuite de données,Inconnu,Référencé par FrenchBreaches ; corroboration variable,50,Alerte référencée dans l’archive 2026 de FrenchBreaches ; détails à enrichir depuis la fiche source.,https://frenchbreaches.com/alertes/family-cinema-ml9qnui6iewybidbcv,Rattrapage 2026 depuis l’archive FrenchBreaches — Family Cinema.,nouveau
2026-02-05,FFRandonnée,France,France,Sport,Fuite de données,Inconnu,Référencé par FrenchBreaches ; corroboration variable,50,Alerte référencée dans l’archive 2026 de FrenchBreaches ; détails à enrichir depuis la fiche source.,https://frenchbreaches.com/alertes/ffrandonnee-ml9qm3wtakow7htm2,Rattrapage 2026 depuis l’archive FrenchBreaches — FFRandonnée.,nouveau
2026-02-05,CNG (Centre National de Gestion),France,France,Inconnu,Fuite de données,Inconnu,Référencé par FrenchBreaches ; corroboration variable,50,Alerte référencée dans l’archive 2026 de FrenchBreaches ; détails à enrichir depuis la fiche source.,https://frenchbreaches.com/alertes/cng-centre-national-de-gestion-ml9ql2hyavwl1ny8sv,Rattrapage 2026 depuis l’archive FrenchBreaches — CNG (Centre National de Gestion).,nouveau
2026-02-05,AstenSanté,France,France,Santé,Fuite de données,Inconnu,Référencé par FrenchBreaches ; corroboration variable,50,Alerte référencée dans l’archive 2026 de FrenchBreaches ; détails à enrichir depuis la fiche source.,https://frenchbreaches.com/alertes/astensante-mlauhao9fvkoejjfcqq,Rattrapage 2026 depuis l’archive FrenchBreaches — AstenSanté.,nouveau
2026-02-05,ARS (Agence Régionale de Santé),France,France,Santé,Fuite de données,Inconnu,Référencé par FrenchBreaches ; corroboration variable,50,Alerte référencée dans l’archive 2026 de FrenchBreaches ; détails à enrichir depuis la fiche source.,https://frenchbreaches.com/alertes/ars-agence-regionale-de-sante-ml9qmy1zgsuq7k9ydgm,Rattrapage 2026 depuis l’archive FrenchBreaches — ARS (Agence Régionale de Santé).,nouveau
2026-02-03,Service Publique (gouv),France,France,Administration / Collectivité,Fuite de données,Inconnu,Référencé par FrenchBreaches ; corroboration variable,50,Alerte référencée dans l’archive 2026 de FrenchBreaches ; détails à enrichir depuis la fiche source.,https://frenchbreaches.com/alertes/service-publique-gouv-ml83zof21vlfwcev7r3,Rattrapage 2026 depuis l’archive FrenchBreaches — Service Publique (gouv).,nouveau
2026-01-31,saint-georges-le-flechard,France,France,Inconnu,Fuite de données,Inconnu,Référencé par FrenchBreaches ; corroboration variable,50,Alerte référencée dans l’archive 2026 de FrenchBreaches ; détails à enrichir depuis la fiche source.,https://frenchbreaches.com/alertes/saint-georges-le-flechard-ml2w14u3a7qd0ka5enu,Rattrapage 2026 depuis l’archive FrenchBreaches — saint-georges-le-flechard.,nouveau
2026-01-31,Médecins remplaçants,France,France,Santé,Fuite de données,Inconnu,Référencé par FrenchBreaches ; corroboration variable,50,Alerte référencée dans l’archive 2026 de FrenchBreaches ; détails à enrichir depuis la fiche source.,https://frenchbreaches.com/alertes/medecins-remplacants-ml2wj04fe6el453dya,Rattrapage 2026 depuis l’archive FrenchBreaches — Médecins remplaçants.,nouveau
2026-01-31,Mairie Venoy,France,France,Administration / Collectivité,Fuite de données,Inconnu,Référencé par FrenchBreaches ; corroboration variable,50,Alerte référencée dans l’archive 2026 de FrenchBreaches ; détails à enrichir depuis la fiche source.,https://frenchbreaches.com/alertes/mairie-venoy-ml2vtonfiu5jiolwcm,Rattrapage 2026 depuis l’archive FrenchBreaches — Mairie Venoy.,nouveau
2026-01-31,Inria (Institut national de recherche en informatique et en automatique),France,France,Numérique / Technologie,Fuite de données,Inconnu,Référencé par FrenchBreaches ; corroboration variable,50,Alerte référencée dans l’archive 2026 de FrenchBreaches ; détails à enrichir depuis la fiche source.,https://frenchbreaches.com/alertes/inria-institut-national-de-recherche-en-informatique-et-en-automatique-ml2vphfpubr6fjv0i5d,Rattrapage 2026 depuis l’archive FrenchBreaches — Inria (Institut national de recherche en informatique et en automatique).,nouveau
2026-01-31,Darty,France,France,Commerce / Distribution,Fuite de données,Inconnu,Référencé par FrenchBreaches ; corroboration variable,50,Alerte référencée dans l’archive 2026 de FrenchBreaches ; détails à enrichir depuis la fiche source.,https://frenchbreaches.com/alertes/darty-ml3t6w57ikmixnpzxai,Rattrapage 2026 depuis l’archive FrenchBreaches — Darty.,nouveau
2026-01-30,Panel du Centre Communal d’Action Sociale (CCAS),France,France,Inconnu,Fuite de données,Inconnu,Référencé par FrenchBreaches ; corroboration variable,50,Alerte référencée dans l’archive 2026 de FrenchBreaches ; détails à enrichir depuis la fiche source.,https://frenchbreaches.com/alertes/panel-du-centre-communal-d-action-sociale-ccas-ml21dv8hoo2u3mvuxo,Rattrapage 2026 depuis l’archive FrenchBreaches — Panel du Centre Communal d’Action Sociale (CCAS).,nouveau
2026-01-30,OpQuast,France,France,Inconnu,Fuite de données,Inconnu,Référencé par FrenchBreaches ; corroboration variable,50,Alerte référencée dans l’archive 2026 de FrenchBreaches ; détails à enrichir depuis la fiche source.,https://frenchbreaches.com/alertes/opquast-ml3wnhujuz5o13gsn7b,Rattrapage 2026 depuis l’archive FrenchBreaches — OpQuast.,nouveau
2026-01-30,Mano Mano,France,France,Santé,Fuite de données,Inconnu,Référencé par FrenchBreaches ; corroboration variable,50,Alerte référencée dans l’archive 2026 de FrenchBreaches ; détails à enrichir depuis la fiche source.,https://frenchbreaches.com/alertes/mano-mano-ml1cxn28zsohyd5i11o | https://www.bing.com/ck/a?!&&p=037d9566f13a7f19a731a8b63df139c0ad066c99a5a119bb562a5801a7c28592JmltdHM9MTc4NjgzODQwMA&ptn=3&ver=2&hsh=4&fclid=0f91fa3e-aa6b-651e-139c-ed89abe964f5&u=a1aHR0cHM6Ly9mb3J1bXMuY29tbWVudGNhbWFyY2hlLm5ldC9mb3J1bS9hZmZpY2gtMzY1MjkzMzctbXVsdGktY29tcHRlLWluc3RhZ3JhbS1zdXItcGM&ntb=1 | https://www.bing.com/ck/a?!&&p=c1aa60f101cde489a4d0e5a0bb45b122c8692fe91c4ab589da94b527f3a8f0acJmltdHM9MTc4NjgzODQwMA&ptn=3&ver=2&hsh=4&fclid=0f91fa3e-aa6b-651e-139c-ed89abe964f5&u=a1aHR0cHM6Ly9mb3J1bXMuY29tbWVudGNhbWFyY2hlLm5ldC9mb3J1bS9hZmZpY2gtMzU3OTM5NzAtaW1wb3NzaWJsZS1kLWVudm95ZXItdW4tbWVzc2FnZS1wcml2ZS1hLXVuLWNvbnRhY3Qtc3VyLWluc3RhZ3JhbQ&ntb=1 | https://www.bing.com/ck/a?!&&p=56fd65a77fffe14c62ae3ee4c896dba1e5da5ef83ccb69354f460ac4079a3256JmltdHM9MTc4NjgzODQwMA&ptn=3&ver=2&hsh=4&fclid=0f91fa3e-aa6b-651e-139c-ed89abe964f5&u=a1aHR0cHM6Ly93d3cubGlmZXBvaW50aGVhbHRoLm5ldC8&ntb=1,Rattrapage 2026 depuis l’archive FrenchBreaches — Mano Mano.,nouveau
2026-01-30,Fédération Française des Clubs Alpins et de Montagne (FFCAM),France,France,Sport,Fuite de données,Inconnu,Référencé par FrenchBreaches ; corroboration variable,50,Alerte référencée dans l’archive 2026 de FrenchBreaches ; détails à enrichir depuis la fiche source.,https://frenchbreaches.com/alertes/federation-francaise-des-clubs-alpins-et-de-montagne-ffcam-ml1d1lv2l6m8qv7o8q,Rattrapage 2026 depuis l’archive FrenchBreaches — Fédération Française des Clubs Alpins et de Montagne (FFCAM).,nouveau
2026-01-30,Codes Rousseau,France,France,Numérique / Technologie,Fuite de données,Inconnu,Référencé par FrenchBreaches ; corroboration variable,50,Alerte référencée dans l’archive 2026 de FrenchBreaches ; détails à enrichir depuis la fiche source.,https://frenchbreaches.com/alertes/codes-rousseau-d76e5d49148e,Rattrapage 2026 depuis l’archive FrenchBreaches — Codes Rousseau.,nouveau
2026-01-30,Autorité française de sécurité de l’aviation civile (OSAC),France,France,Transport / Logistique,Fuite de données,Inconnu,Référencé par FrenchBreaches ; corroboration variable,50,Alerte référencée dans l’archive 2026 de FrenchBreaches ; détails à enrichir depuis la fiche source.,https://frenchbreaches.com/alertes/autorite-francaise-de-securite-de-l-aviation-civile-osac-ml1di0e47m82dzbgt3p,Rattrapage 2026 depuis l’archive FrenchBreaches — Autorité française de sécurité de l’aviation civile (OSAC).,nouveau
2026-01-30,Association Nationale des Premiers Secours (ANPS),France,France,Inconnu,Fuite de données,Inconnu,Référencé par FrenchBreaches ; corroboration variable,50,Alerte référencée dans l’archive 2026 de FrenchBreaches ; détails à enrichir depuis la fiche source.,https://frenchbreaches.com/alertes/association-nationale-des-premiers-secours-anps-ml1d0cp2m2pi7bxu3nf,Rattrapage 2026 depuis l’archive FrenchBreaches — Association Nationale des Premiers Secours (ANPS).,nouveau
2026-01-30,Armée de Terre,France,France,Transport / Logistique,Fuite de données,Inconnu,Référencé par FrenchBreaches ; corroboration variable,50,Alerte référencée dans l’archive 2026 de FrenchBreaches ; détails à enrichir depuis la fiche source.,https://frenchbreaches.com/alertes/armee-de-terre-ml3t5x9hzvs7e38o4an | https://www.bing.com/ck/a?!&&p=cd8d053007b075c2c11de1f4aac201b0f9e81612f64f2e4eab20fe97d18fa485JmltdHM9MTc4NjgzODQwMA&ptn=3&ver=2&hsh=4&fclid=11595114-e74b-65e9-2478-46a3e62b643c&u=a1aHR0cHM6Ly93d3cuYW1hem9uLmNvbS8&ntb=1 | https://www.bing.com/ck/a?!&&p=43ae02ef65cb2e6ed9011a6214a9d83b8eead93e553e1ab4aff66139ac207230JmltdHM9MTc4NjgzODQwMA&ptn=3&ver=2&hsh=4&fclid=11595114-e74b-65e9-2478-46a3e62b643c&u=a1aHR0cHM6Ly93d3cuYW1hem9uLmNvbS8tL2VzLw&ntb=1 | https://www.bing.com/ck/a?!&&p=277eca88b5c50ba8961b2e4bac89c3dc25ed333400036d18122efffafc00b0fbJmltdHM9MTc4NjgzODQwMA&ptn=3&ver=2&hsh=4&fclid=11595114-e74b-65e9-2478-46a3e62b643c&u=a1aHR0cHM6Ly93d3cuYWlybGluZXJzLm5ldC9mb3J1bS92aWV3Zm9ydW0ucGhwP2Y9Mw&ntb=1,Rattrapage 2026 depuis l’archive FrenchBreaches — Armée de Terre.,nouveau
2026-01-29,VeryChic,France,France,Éducation / Formation,Fuite de données,Inconnu,Référencé par FrenchBreaches ; corroboration variable,50,Alerte référencée dans l’archive 2026 de FrenchBreaches ; détails à enrichir depuis la fiche source.,https://frenchbreaches.com/alertes/verychic-de95999ad815 | https://www.bing.com/ck/a?!&&p=efd4c2d34c6be150b3216740502f61ad16ec7685387fe4b993928af97d379ee0JmltdHM9MTc4NjgzODQwMA&ptn=3&ver=2&hsh=4&fclid=05ffe486-2898-6763-347c-f331299766e8&u=a1aHR0cHM6Ly9lbi53aWtpcGVkaWEub3JnL3dpa2kvQ2FuYmVycmE&ntb=1 | https://www.bing.com/ck/a?!&&p=b7fefda44504f3606c019dd0ed1db0e3b1e891c87260af983be6b6e6fcd81790JmltdHM9MTc4NjgzODQwMA&ptn=3&ver=2&hsh=4&fclid=05ffe486-2898-6763-347c-f331299766e8&u=a1aHR0cHM6Ly93d3cuYnJpdGFubmljYS5jb20vcGxhY2UvQ2FuYmVycmE&ntb=1,Rattrapage 2026 depuis l’archive FrenchBreaches — VeryChic.,nouveau
2026-01-29,Reseau.site,France,France,Inconnu,Fuite de données,Inconnu,Référencé par FrenchBreaches ; corroboration variable,50,Alerte référencée dans l’archive 2026 de FrenchBreaches ; détails à enrichir depuis la fiche source.,https://frenchbreaches.com/alertes/reseau-site-a554d6121b81,Rattrapage 2026 depuis l’archive FrenchBreaches — Reseau.site.,nouveau
2026-01-29,Multi-Agences Immobilières Françaises - 500gb,France,France,Inconnu,Fuite de données,Inconnu,Référencé par FrenchBreaches ; corroboration variable,50,Alerte référencée dans l’archive 2026 de FrenchBreaches ; détails à enrichir depuis la fiche source.,https://frenchbreaches.com/alertes/multi-agences-immobilieres-francaises-500gb-9d5fda82b9c0,Rattrapage 2026 depuis l’archive FrenchBreaches — Multi-Agences Immobilières Françaises - 500gb.,nouveau
2026-01-29,Fédération Française de Voile (ffvoile),France,France,Sport,Fuite de données,Inconnu,Référencé par FrenchBreaches ; corroboration variable,50,Alerte référencée dans l’archive 2026 de FrenchBreaches ; détails à enrichir depuis la fiche source.,https://frenchbreaches.com/alertes/federation-francaise-de-voile-ffvoile-ml2kz7zb1d8pv6zo4tl,Rattrapage 2026 depuis l’archive FrenchBreaches — Fédération Française de Voile (ffvoile).,nouveau
2026-01-29,FranceCasse.fr,France,France,Inconnu,Fuite de données,Inconnu,Référencé par FrenchBreaches ; corroboration variable,50,Alerte référencée dans l’archive 2026 de FrenchBreaches ; détails à enrichir depuis la fiche source.,https://frenchbreaches.com/alertes/francecasse-fr-f848be3b8c89,Rattrapage 2026 depuis l’archive FrenchBreaches — FranceCasse.fr.,nouveau
2026-01-27,Techni-Contact,France,France,Inconnu,Fuite de données,Inconnu,Référencé par FrenchBreaches ; corroboration variable,50,Alerte référencée dans l’archive 2026 de FrenchBreaches ; détails à enrichir depuis la fiche source.,https://frenchbreaches.com/alertes/techni-contact-85fb111aa5c5,Rattrapage 2026 depuis l’archive FrenchBreaches — Techni-Contact.,nouveau
2026-01-27,O'Tacos,France,France,Inconnu,Fuite de données,Inconnu,Référencé par FrenchBreaches ; corroboration variable,50,Alerte référencée dans l’archive 2026 de FrenchBreaches ; détails à enrichir depuis la fiche source.,https://frenchbreaches.com/alertes/o-tacos-070e61496a4f,Rattrapage 2026 depuis l’archive FrenchBreaches — O'Tacos.,nouveau
2026-01-26,Lyleoo,France,France,Industrie / Manufacture,Fuite de données,Inconnu,Référencé par FrenchBreaches ; corroboration variable,50,Alerte référencée dans l’archive 2026 de FrenchBreaches ; détails à enrichir depuis la fiche source.,https://frenchbreaches.com/alertes/lyleoo-4ad2b45ca3eb | https://www.bing.com/ck/a?!&&p=915766746f3bdc2fb0fd8814177127b5fb07e5b556eb2fac12cfccacd0175affJmltdHM9MTc4NjgzODQwMA&ptn=3&ver=2&hsh=4&fclid=0f91fa3e-aa6b-651e-139c-ed89abe964f5&u=a1aHR0cHM6Ly9zdXBwb3J0Lm1pY3Jvc29mdC5jb20vZGUtZGUvYWNjb3VudHMtYmlsbGluZy9tYW5hZ2UvaG93LXRvLXNpZ24taW4tdG8taG90bWFpbA&ntb=1 | https://www.bing.com/ck/a?!&&p=4924902dd166a9dde3676dd982cc3c6c6e46584634c3fb0b73f413fa2b717aebJmltdHM9MTc4NjgzODQwMA&ptn=3&ver=2&hsh=4&fclid=0f91fa3e-aa6b-651e-139c-ed89abe964f5&u=a1aHR0cHM6Ly90ZWNoY29tbXVuaXR5Lm1pY3Jvc29mdC5jb20vYmxvZy9NaWNyb3NvZnQzNjVDb3BpbG90QmxvZy93aGF0JUUyJTgwJTk5cy1uZXctaW4tbWljcm9zb2Z0LTM2NS1jb3BpbG90LS1qdW5lLTIwMjYvNDUyOTU3Mg&ntb=1 | https://www.bing.com/ck/a?!&&p=e657666e86b9a700d8049aa47248d87cea21b9b2d8cb9c1eff717cc247f7759dJmltdHM9MTc4NjgzODQwMA&ptn=3&ver=2&hsh=4&fclid=0f91fa3e-aa6b-651e-139c-ed89abe964f5&u=a1aHR0cHM6Ly93d3cuYmVudGVnYS5pby9ibG9nL3NwaWYtdnMuLXNwaWZmLXdoaWNoLXNhbGVzLXRlcm0taXMtY29ycmVjdC1hbmQtd2hhdHMtdGhlLWRpZmZlcmVuY2U&ntb=1,Rattrapage 2026 depuis l’archive FrenchBreaches — Lyleoo.,nouveau
2026-01-25,Livre en Poche,France,France,Inconnu,Fuite de données,Inconnu,Référencé par FrenchBreaches ; corroboration variable,50,Alerte référencée dans l’archive 2026 de FrenchBreaches ; détails à enrichir depuis la fiche source.,https://frenchbreaches.com/alertes/livre-en-poche-516f73252e12,Rattrapage 2026 depuis l’archive FrenchBreaches — Livre en Poche.,nouveau
2026-01-25,Coriolis Télécom,France,France,Numérique / Technologie,Fuite de données,Inconnu,Référencé par FrenchBreaches ; corroboration variable,50,Alerte référencée dans l’archive 2026 de FrenchBreaches ; détails à enrichir depuis la fiche source.,https://frenchbreaches.com/alertes/coriolis-telecom-facc20991ead,Rattrapage 2026 depuis l’archive FrenchBreaches — Coriolis Télécom.,nouveau
2026-01-24,Fédération française de la montagne et de l'escalade,France,France,Sport,Fuite de données,Inconnu,Référencé par FrenchBreaches ; corroboration variable,50,Alerte référencée dans l’archive 2026 de FrenchBreaches ; détails à enrichir depuis la fiche source.,https://frenchbreaches.com/alertes/federation-francaise-de-la-montagne-et-de-l-escalade-2141b0feca5b,Rattrapage 2026 depuis l’archive FrenchBreaches — Fédération française de la montagne et de l'escalade.,nouveau
2026-01-24,FFESSM (Fédération Française d’Études et de Sports Sous-Marins),France,France,Sport,Fuite de données,Inconnu,Référencé par FrenchBreaches ; corroboration variable,50,Alerte référencée dans l’archive 2026 de FrenchBreaches ; détails à enrichir depuis la fiche source.,https://frenchbreaches.com/alertes/ffessm-federation-francaise-d-etudes-et-de-sports-sous-marins-d0fffd825550,Rattrapage 2026 depuis l’archive FrenchBreaches — FFESSM (Fédération Française d’Études et de Sports Sous-Marins).,nouveau
2026-01-23,Waltio,France,France,Finance / Assurance,Fuite de données,Inconnu,Référencé par FrenchBreaches ; corroboration variable,50,Alerte référencée dans l’archive 2026 de FrenchBreaches ; détails à enrichir depuis la fiche source.,https://frenchbreaches.com/alertes/waltio-mpylw1pvfoth57jig87,Rattrapage 2026 depuis l’archive FrenchBreaches — Waltio.,nouveau
2026-01-23,Scoring.fit,France,France,Inconnu,Fuite de données,Inconnu,Référencé par FrenchBreaches ; corroboration variable,50,Alerte référencée dans l’archive 2026 de FrenchBreaches ; détails à enrichir depuis la fiche source.,https://frenchbreaches.com/alertes/scoring-fit-d13d3e0be632,Rattrapage 2026 depuis l’archive FrenchBreaches — Scoring.fit.,nouveau
2026-01-23,Fédération Française de Volley (FFVolley),France,France,Sport,Fuite de données,Inconnu,Référencé par FrenchBreaches ; corroboration variable,50,Alerte référencée dans l’archive 2026 de FrenchBreaches ; détails à enrichir depuis la fiche source.,https://frenchbreaches.com/alertes/federation-francaise-de-volley-ffvolley-2c02406421ad,Rattrapage 2026 depuis l’archive FrenchBreaches — Fédération Française de Volley (FFVolley).,nouveau
2026-01-22,Fédération Nationale des Sapeurs-Pompiers de France (FNSPF),France,France,Inconnu,Fuite de données,Inconnu,Référencé par FrenchBreaches ; corroboration variable,50,Alerte référencée dans l’archive 2026 de FrenchBreaches ; détails à enrichir depuis la fiche source.,https://frenchbreaches.com/alertes/federation-nationale-des-sapeurs-pompiers-de-france-fnspf-6bb0f77480ce,Rattrapage 2026 depuis l’archive FrenchBreaches — Fédération Nationale des Sapeurs-Pompiers de France (FNSPF).,nouveau
2026-01-22,Fédération Nationale des Chasseurs,France,France,Sport,Fuite de données,Inconnu,Référencé par FrenchBreaches ; corroboration variable,50,Alerte référencée dans l’archive 2026 de FrenchBreaches ; détails à enrichir depuis la fiche source.,https://frenchbreaches.com/alertes/federation-nationale-des-chasseurs-2416f8732a10,Rattrapage 2026 depuis l’archive FrenchBreaches — Fédération Nationale des Chasseurs.,nouveau
2026-01-22,Fédération Française de Golf (ffgolf),France,France,Sport,Fuite de données,Inconnu,Référencé par FrenchBreaches ; corroboration variable,50,Alerte référencée dans l’archive 2026 de FrenchBreaches ; détails à enrichir depuis la fiche source.,https://frenchbreaches.com/alertes/federation-francaise-de-golf-ffgolf-a117cb6ab537,Rattrapage 2026 depuis l’archive FrenchBreaches — Fédération Française de Golf (ffgolf).,nouveau
2026-01-21,École nationale supérieure d'arts et métiers (ENSAM),France,France,Éducation / Formation,Fuite de données,Inconnu,Référencé par FrenchBreaches ; corroboration variable,50,Alerte référencée dans l’archive 2026 de FrenchBreaches ; détails à enrichir depuis la fiche source.,https://frenchbreaches.com/alertes/ecole-nationale-superieure-d-arts-et-metiers-ensam-eafea991ea58,Rattrapage 2026 depuis l’archive FrenchBreaches — École nationale supérieure d'arts et métiers (ENSAM).,nouveau
2026-01-21,Babyvista,France,France,Transport / Logistique,Fuite de données,Inconnu,Référencé par FrenchBreaches ; corroboration variable,50,Alerte référencée dans l’archive 2026 de FrenchBreaches ; détails à enrichir depuis la fiche source.,https://frenchbreaches.com/alertes/babyvista-e96c276dca3b | https://www.bing.com/ck/a?!&&p=c5199cbd77fb170e0a26ec40cad41a495ad0814ff4a30c974d3f0041606e4f91JmltdHM9MTc4NjgzODQwMA&ptn=3&ver=2&hsh=4&fclid=0132f923-c776-6058-14a2-ee94c64a61ad&u=a1aHR0cHM6Ly9zdXBwb3J0Lmdvb2dsZS5jb20veW91dHViZS9hbnN3ZXIvMTY0NzUxOTI_aGw9ZW4&ntb=1 | https://www.bing.com/ck/a?!&&p=ea41976709615d8779819276f136f4f2003ec33a88b96645969be62e7f75e781JmltdHM9MTc4NjgzODQwMA&ptn=3&ver=2&hsh=4&fclid=0132f923-c776-6058-14a2-ee94c64a61ad&u=a1aHR0cHM6Ly9zdXBwb3J0Lmdvb2dsZS5jb20veW91dHViZXR2L2Fuc3dlci8xNjUxOTI3MD9obD1lbiZjbz1HRU5JRS5QbGF0Zm9ybSUzREFuZHJvaWQ&ntb=1 | https://www.bing.com/ck/a?!&&p=1a2ea22bda483fc6ef048c26740f6ec070cdf24b9601508dea897dd869bf0586JmltdHM9MTc4NjgzODQwMA&ptn=3&ver=2&hsh=4&fclid=0132f923-c776-6058-14a2-ee94c64a61ad&u=a1aHR0cHM6Ly93d3cuYWlybGluZXJzLm5ldC8&ntb=1,Rattrapage 2026 depuis l’archive FrenchBreaches — Babyvista.,nouveau
2026-01-20,Syma Mobile,France,France,Inconnu,Fuite de données,Inconnu,Référencé par FrenchBreaches ; corroboration variable,50,Alerte référencée dans l’archive 2026 de FrenchBreaches ; détails à enrichir depuis la fiche source.,https://frenchbreaches.com/alertes/syma-mobile-0c0a8a5ad258,Rattrapage 2026 depuis l’archive FrenchBreaches — Syma Mobile.,nouveau
2026-01-20,Delko,France,France,Inconnu,Fuite de données,Inconnu,Référencé par FrenchBreaches ; corroboration variable,50,Alerte référencée dans l’archive 2026 de FrenchBreaches ; détails à enrichir depuis la fiche source.,https://frenchbreaches.com/alertes/delko-af9b6dd8c860,Rattrapage 2026 depuis l’archive FrenchBreaches — Delko.,nouveau
2026-01-19,Urssaf — DPAE,France,France,Administration / Collectivité,Fuite de données,Inconnu,Référencé par FrenchBreaches ; corroboration variable,50,Alerte référencée dans l’archive 2026 de FrenchBreaches ; détails à enrichir depuis la fiche source.,https://frenchbreaches.com/alertes/urssaf-dpae-1a211c8c4c6e,Rattrapage 2026 depuis l’archive FrenchBreaches — Urssaf — DPAE.,nouveau
2026-01-18,Under Armour,France,France,Inconnu,Fuite de données,Inconnu,Référencé par FrenchBreaches ; corroboration variable,50,Alerte référencée dans l’archive 2026 de FrenchBreaches ; détails à enrichir depuis la fiche source.,https://frenchbreaches.com/alertes/under-armour-643071c26f29,Rattrapage 2026 depuis l’archive FrenchBreaches — Under Armour.,nouveau
2026-01-18,TooEasy Agence Web,France,France,Numérique / Technologie,Fuite de données,Inconnu,Référencé par FrenchBreaches ; corroboration variable,50,Alerte référencée dans l’archive 2026 de FrenchBreaches ; détails à enrichir depuis la fiche source.,https://frenchbreaches.com/alertes/tooeasy-agence-web-b0aac8f09a36,Rattrapage 2026 depuis l’archive FrenchBreaches — TooEasy Agence Web.,nouveau
2026-01-18,Pix Orga (scolaire),France,France,Inconnu,Fuite de données,Inconnu,Référencé par FrenchBreaches ; corroboration variable,50,Alerte référencée dans l’archive 2026 de FrenchBreaches ; détails à enrichir depuis la fiche source.,https://frenchbreaches.com/alertes/pix-orga-scolaire-aa2c6bdae01c,Rattrapage 2026 depuis l’archive FrenchBreaches — Pix Orga (scolaire).,nouveau
2026-01-17,Wobz (ex Dalvin),France,France,Inconnu,Fuite de données,Inconnu,Référencé par FrenchBreaches ; corroboration variable,50,Alerte référencée dans l’archive 2026 de FrenchBreaches ; détails à enrichir depuis la fiche source.,https://frenchbreaches.com/alertes/wobz-ex-dalvin-e57f9a3b234e,Rattrapage 2026 depuis l’archive FrenchBreaches — Wobz (ex Dalvin).,nouveau
2026-01-17,Le Bambou Castillonnais (Cartedepeche.fr),France,France,Numérique / Technologie,Fuite de données,Inconnu,Référencé par FrenchBreaches ; corroboration variable,50,Alerte référencée dans l’archive 2026 de FrenchBreaches ; détails à enrichir depuis la fiche source.,https://frenchbreaches.com/alertes/le-bambou-castillonnais-cartedepeche-fr-05c30606db08 | https://www.bing.com/ck/a?!&&p=087ac07f4ef25265d9f42c2bc931582005afc506b1b1c39b5e58eab3c3958ed6JmltdHM9MTc4NjgzODQwMA&ptn=3&ver=2&hsh=4&fclid=2fe2ab30-3ba2-6120-346a-bc873ae260dd&u=a1aHR0cHM6Ly93d3cuZ29vZ2xlLnVzLw&ntb=1 | https://www.bing.com/ck/a?!&&p=7916a90e9117f0eb6d7ec4effce8e34059869cfadfa0135f37220d53c3cef8bbJmltdHM9MTc4NjgzODQwMA&ptn=3&ver=2&hsh=4&fclid=2fe2ab30-3ba2-6120-346a-bc873ae260dd&u=a1aHR0cHM6Ly93d3cubWVycmlhbS13ZWJzdGVyLmNvbS9kaWN0aW9uYXJ5L0xF&ntb=1,Rattrapage 2026 depuis l’archive FrenchBreaches — Le Bambou Castillonnais (Cartedepeche.fr).,nouveau
2026-01-17,Ioburo,France,France,Transport / Logistique,Fuite de données,Inconnu,Référencé par FrenchBreaches ; corroboration variable,50,Alerte référencée dans l’archive 2026 de FrenchBreaches ; détails à enrichir depuis la fiche source.,https://frenchbreaches.com/alertes/ioburo-7f5a765b6bf0 | https://www.bing.com/ck/a?!&&p=149d05fd395ce2cb06bc4e39756fdf67c4c8fbb8b26639823d146cb536143215JmltdHM9MTc4NjgzODQwMA&ptn=3&ver=2&hsh=4&fclid=3e6db7c7-6f61-6bdb-214a-a0706e576a50&u=a1aHR0cHM6Ly93d3cuc3ltYm9sYWIuY29tLw&ntb=1 | https://www.bing.com/ck/a?!&&p=a60c0fb39a12a4b971e1e76d4da73125ceca5ebb04e389bda88188be7c4a5011JmltdHM9MTc4NjgzODQwMA&ptn=3&ver=2&hsh=4&fclid=3e6db7c7-6f61-6bdb-214a-a0706e576a50&u=a1aHR0cHM6Ly93d3cuYXNzaWdubWVudHM0dS5jb20vaG93LXR3by1wbHVzLXR3by1lcXVhbHMtZml2ZS8&ntb=1 | https://www.bing.com/ck/a?!&&p=caeaf236c7992f73efcdf50e7cf1b62087390266a5b7929b4c799198e0b1a35eJmltdHM9MTc4NjgzODQwMA&ptn=3&ver=2&hsh=4&fclid=3e6db7c7-6f61-6bdb-214a-a0706e576a50&u=a1aHR0cHM6Ly93d3cuaGFyYm9yZnJlaWdodC5jb20v&ntb=1,Rattrapage 2026 depuis l’archive FrenchBreaches — Ioburo.,nouveau
2026-01-16,StorePasCher,France,France,Inconnu,Fuite de données,Inconnu,Référencé par FrenchBreaches ; corroboration variable,50,Alerte référencée dans l’archive 2026 de FrenchBreaches ; détails à enrichir depuis la fiche source.,https://frenchbreaches.com/alertes/storepascher-f42a2418d296,Rattrapage 2026 depuis l’archive FrenchBreaches — StorePasCher.,nouveau
2026-01-15,Service-public.gouv.fr,France,France,Administration / Collectivité,Fuite de données,Inconnu,Référencé par FrenchBreaches ; corroboration variable,50,Alerte référencée dans l’archive 2026 de FrenchBreaches ; détails à enrichir depuis la fiche source.,https://frenchbreaches.com/alertes/service-public-gouv-fr-5faa17bc6b34,Rattrapage 2026 depuis l’archive FrenchBreaches — Service-public.gouv.fr.,nouveau
2026-01-15,Relais Colis #2,France,France,Transport / Logistique,Fuite de données,Inconnu,Référencé par FrenchBreaches ; corroboration variable,50,Alerte référencée dans l’archive 2026 de FrenchBreaches ; détails à enrichir depuis la fiche source.,https://frenchbreaches.com/alertes/relais-colis-2-67077c885f07,Rattrapage 2026 depuis l’archive FrenchBreaches — Relais Colis #2.,nouveau
2026-01-15,LBP Granville (Le Bureau de Prospection),France,France,Finance / Assurance,Fuite de données,Inconnu,Référencé par FrenchBreaches ; corroboration variable,50,Alerte référencée dans l’archive 2026 de FrenchBreaches ; détails à enrichir depuis la fiche source.,https://frenchbreaches.com/alertes/lbp-granville-le-bureau-de-prospection-4713a78ace93 | https://www.bing.com/ck/a?!&&p=ec9f78cdd5a09d1bdc751129d97efbee844743c0d101c1abbd77aef237e2a5ecJmltdHM9MTc4NjgzODQwMA&ptn=3&ver=2&hsh=4&fclid=093f8301-63e0-6f31-0a5c-94b662046ef8&u=a1aHR0cHM6Ly93d3cubGJwdW5pb24uY29tLw&ntb=1 | https://www.bing.com/ck/a?!&&p=dfc915205a9e06a4cbac246f66322b3a4d4e8fc4726590e1ade59be31fb9d40fJmltdHM9MTc4NjgzODQwMA&ptn=3&ver=2&hsh=4&fclid=093f8301-63e0-6f31-0a5c-94b662046ef8&u=a1aHR0cHM6Ly93d3cubGFuZGJhbmsuY29tLw&ntb=1,Rattrapage 2026 depuis l’archive FrenchBreaches — LBP Granville (Le Bureau de Prospection).,nouveau
2026-01-15,Groupe Fondasol,France,France,Inconnu,Fuite de données,Inconnu,Référencé par FrenchBreaches ; corroboration variable,50,Alerte référencée dans l’archive 2026 de FrenchBreaches ; détails à enrichir depuis la fiche source.,https://frenchbreaches.com/alertes/groupe-fondasol-6f77cb2e6e3f,Rattrapage 2026 depuis l’archive FrenchBreaches — Groupe Fondasol.,nouveau
2026-01-15,Fédération Française du Sport Automobile (FFSA),France,France,Sport,Fuite de données,Inconnu,Référencé par FrenchBreaches ; corroboration variable,50,Alerte référencée dans l’archive 2026 de FrenchBreaches ; détails à enrichir depuis la fiche source.,https://frenchbreaches.com/alertes/federation-francaise-du-sport-automobile-ffsa-97b9fda16da1,Rattrapage 2026 depuis l’archive FrenchBreaches — Fédération Française du Sport Automobile (FFSA).,nouveau
2026-01-15,Force Ouvrière (UD 75),France,France,Transport / Logistique,Fuite de données,Inconnu,Référencé par FrenchBreaches ; corroboration variable,50,Alerte référencée dans l’archive 2026 de FrenchBreaches ; détails à enrichir depuis la fiche source.,https://frenchbreaches.com/alertes/force-ouvriere-ud-75-705a64265f2c,Rattrapage 2026 depuis l’archive FrenchBreaches — Force Ouvrière (UD 75).,nouveau
2026-01-14,Fédération Française de Force,France,France,Sport,Fuite de données,Inconnu,Référencé par FrenchBreaches ; corroboration variable,50,Alerte référencée dans l’archive 2026 de FrenchBreaches ; détails à enrichir depuis la fiche source.,https://frenchbreaches.com/alertes/federation-francaise-de-force-76d7334b6d5b,Rattrapage 2026 depuis l’archive FrenchBreaches — Fédération Française de Force.,nouveau
2026-01-14,Fédération Française Roller Skateboard,France,France,Sport,Fuite de données,Inconnu,Référencé par FrenchBreaches ; corroboration variable,50,Alerte référencée dans l’archive 2026 de FrenchBreaches ; détails à enrichir depuis la fiche source.,https://frenchbreaches.com/alertes/federation-francaise-roller-skateboard-7c08dd228fce,Rattrapage 2026 depuis l’archive FrenchBreaches — Fédération Française Roller Skateboard.,nouveau
2026-01-13,Zurflüh-Feller,France,France,Inconnu,Fuite de données,Inconnu,Référencé par FrenchBreaches ; corroboration variable,50,Alerte référencée dans l’archive 2026 de FrenchBreaches ; détails à enrichir depuis la fiche source.,https://frenchbreaches.com/alertes/zurfluh-feller-ml5h33bikg7opmhdq1,Rattrapage 2026 depuis l’archive FrenchBreaches — Zurflüh-Feller.,nouveau
2026-01-13,Eurail / Interrail,France,France,Commerce / Distribution,Fuite de données,Inconnu,Référencé par FrenchBreaches ; corroboration variable,50,Alerte référencée dans l’archive 2026 de FrenchBreaches ; détails à enrichir depuis la fiche source.,https://frenchbreaches.com/alertes/eurail-interrail-3994d45b61f5 | https://www.bing.com/ck/a?!&&p=f751f75fbacf4d3969f605b8b4775636b20e64efcd7f0a95a4fdf8182011fc12JmltdHM9MTc4NjgzODQwMA&ptn=3&ver=2&hsh=4&fclid=11595114-e74b-65e9-2478-46a3e62b643c&u=a1aHR0cHM6Ly93d3cuZXVyYWlsLmNvbS9lbg&ntb=1 | https://www.bing.com/ck/a?!&&p=2560e586bc369f6d17f42095eaebc3ae049778c7a8c432d22efda3c13ea13849JmltdHM9MTc4NjgzODQwMA&ptn=3&ver=2&hsh=4&fclid=11595114-e74b-65e9-2478-46a3e62b643c&u=a1aHR0cHM6Ly93d3cuZXVyYWlsLmNvbS9lbi9ldXJhaWwtcGFzc2Vz&ntb=1,Rattrapage 2026 depuis l’archive FrenchBreaches — Eurail / Interrail.,nouveau
2026-01-12,nephael.net & chloesanchez.com,France,France,Commerce / Distribution,Fuite de données,Inconnu,Référencé par FrenchBreaches ; corroboration variable,50,Alerte référencée dans l’archive 2026 de FrenchBreaches ; détails à enrichir depuis la fiche source.,https://frenchbreaches.com/alertes/nephael-net-chloesanchez-com-49f29763aaf2 | https://www.bing.com/ck/a?!&&p=540c873b956e0842beb9c171d75617ff3a29d7778a663255da39977ce360d1baJmltdHM9MTc4NjgzODQwMA&ptn=3&ver=2&hsh=4&fclid=2fe2ab30-3ba2-6120-346a-bc873ae260dd&u=a1aHR0cHM6Ly93d3cubWljcm9zb2Z0LmNvbS9lbi11cy8_bXNvY2tpZD0yZmUyYWIzMDNiYTI2MTIwMzQ2YWJjODczYWUyNjBkZA&ntb=1 | https://www.bing.com/ck/a?!&&p=b889efb9086ca60ca51ddd723792b94488df0aa93ed89141754293f0b6d8d6e1JmltdHM9MTc4NjgzODQwMA&ptn=3&ver=2&hsh=4&fclid=2fe2ab30-3ba2-6120-346a-bc873ae260dd&u=a1aHR0cHM6Ly93d3cubWljcm9zb2Z0LmNvbS9lbi1pbi8_bXNvY2tpZD0yZmUyYWIzMDNiYTI2MTIwMzQ2YWJjODczYWUyNjBkZA&ntb=1 | https://www.bing.com/ck/a?!&&p=c0b690d713bd7c4178dad76538c7a44a73989d6c9747046467a4e0de46931c59JmltdHM9MTc4NjgzODQwMA&ptn=3&ver=2&hsh=4&fclid=2fe2ab30-3ba2-6120-346a-bc873ae260dd&u=a1aHR0cHM6Ly93d3cudW5pdmVyc2Fsb3JsYW5kby5jb20vd2ViL2VuL3VzP21zb2NraWQ9MmZlMmFiMzAzYmEyNjEyMDM0NmFiYzg3M2FlMjYwZGQ&ntb=1,Rattrapage 2026 depuis l’archive FrenchBreaches — nephael.net & chloesanchez.com.,nouveau
2026-01-12,Relais Colis,France,France,Transport / Logistique,Fuite de données,Inconnu,Référencé par FrenchBreaches ; corroboration variable,50,Alerte référencée dans l’archive 2026 de FrenchBreaches ; détails à enrichir depuis la fiche source.,https://frenchbreaches.com/alertes/relais-colis-f7bf801a3d0a,Rattrapage 2026 depuis l’archive FrenchBreaches — Relais Colis.,nouveau
2026-01-12,Fédération Française de Tennis (FFT) #2,France,France,Sport,Fuite de données,Inconnu,Référencé par FrenchBreaches ; corroboration variable,50,Alerte référencée dans l’archive 2026 de FrenchBreaches ; détails à enrichir depuis la fiche source.,https://frenchbreaches.com/alertes/federation-francaise-de-tennis-fft-2-f678f9eaa854,Rattrapage 2026 depuis l’archive FrenchBreaches — Fédération Française de Tennis (FFT) #2.,nouveau
2026-01-10,SOS Oxygène,France,France,Inconnu,Fuite de données,Inconnu,Référencé par FrenchBreaches ; corroboration variable,50,Alerte référencée dans l’archive 2026 de FrenchBreaches ; détails à enrichir depuis la fiche source.,https://frenchbreaches.com/alertes/sos-oxygene-55604dddd6f0,Rattrapage 2026 depuis l’archive FrenchBreaches — SOS Oxygène.,nouveau
2026-01-10,Panorabanques.com (2025),France,France,Finance / Assurance,Fuite de données,Inconnu,Référencé par FrenchBreaches ; corroboration variable,50,Alerte référencée dans l’archive 2026 de FrenchBreaches ; détails à enrichir depuis la fiche source.,https://frenchbreaches.com/alertes/panorabanques-com-2025-75f5c8de5582,Rattrapage 2026 depuis l’archive FrenchBreaches — Panorabanques.com (2025).,nouveau
2026-01-10,Breach Forums,France,France,Inconnu,Fuite de données,Inconnu,Référencé par FrenchBreaches ; corroboration variable,50,Alerte référencée dans l’archive 2026 de FrenchBreaches ; détails à enrichir depuis la fiche source.,https://frenchbreaches.com/alertes/breach-forums-2545474106f8,Rattrapage 2026 depuis l’archive FrenchBreaches — Breach Forums.,nouveau
2026-01-10,Audiophonics.fr,France,France,Inconnu,Fuite de données,Inconnu,Référencé par FrenchBreaches ; corroboration variable,50,Alerte référencée dans l’archive 2026 de FrenchBreaches ; détails à enrichir depuis la fiche source.,https://frenchbreaches.com/alertes/audiophonics-fr-5b68f55bb565,Rattrapage 2026 depuis l’archive FrenchBreaches — Audiophonics.fr.,nouveau
2026-01-10,ACRV.FR (Agence web),France,France,Numérique / Technologie,Fuite de données,Inconnu,Référencé par FrenchBreaches ; corroboration variable,50,Alerte référencée dans l’archive 2026 de FrenchBreaches ; détails à enrichir depuis la fiche source.,https://frenchbreaches.com/alertes/acrv-fr-agence-web-82a7eb66a9e9,Rattrapage 2026 depuis l’archive FrenchBreaches — ACRV.FR (Agence web).,nouveau
2026-01-09,Paris à cœur ouvert (site Sarah Knafo),France,France,Administration / Collectivité,Fuite de données,Inconnu,Référencé par FrenchBreaches ; corroboration variable,50,Alerte référencée dans l’archive 2026 de FrenchBreaches ; détails à enrichir depuis la fiche source.,https://frenchbreaches.com/alertes/paris-a-c-ur-ouvert-site-sarah-knafo-166a611cbdaa | https://www.bing.com/ck/a?!&&p=6adeb81ed810c30c7aafcc110dad35735e7e27afd4c4bcb19b42e964fb2e4873JmltdHM9MTc4NjgzODQwMA&ptn=3&ver=2&hsh=4&fclid=11595114-e74b-65e9-2478-46a3e62b643c&u=a1aHR0cHM6Ly9lbi53aWtpcGVkaWEub3JnL3dpa2kvUGFyaXM&ntb=1 | https://www.bing.com/ck/a?!&&p=fd957606aa8556a19060458008bf9e821a3b29f5e5f756f5f7148ca37e0ae0d5JmltdHM9MTc4NjgzODQwMA&ptn=3&ver=2&hsh=4&fclid=11595114-e74b-65e9-2478-46a3e62b643c&u=a1aHR0cHM6Ly90cmF2ZWwudXNuZXdzLmNvbS9QYXJpc19GcmFuY2UvVGhpbmdzX1RvX0RvLw&ntb=1,Rattrapage 2026 depuis l’archive FrenchBreaches — Paris à cœur ouvert (site Sarah Knafo).,nouveau
2026-01-09,Euronature (École de Naturopathie),France,France,Éducation / Formation,Fuite de données,Inconnu,Référencé par FrenchBreaches ; corroboration variable,50,Alerte référencée dans l’archive 2026 de FrenchBreaches ; détails à enrichir depuis la fiche source.,https://frenchbreaches.com/alertes/euronature-ecole-de-naturopathie-d1bfe84bf0e4,Rattrapage 2026 depuis l’archive FrenchBreaches — Euronature (École de Naturopathie).,nouveau
2026-01-09,Apec Région Occitanie (Montpellier / Nîmes / Toulouse),France,France,Administration / Collectivité,Fuite de données,Inconnu,Référencé par FrenchBreaches ; corroboration variable,50,Alerte référencée dans l’archive 2026 de FrenchBreaches ; détails à enrichir depuis la fiche source.,https://frenchbreaches.com/alertes/apec-region-occitanie-montpellier-nimes-toulouse-4f453d30da64,Rattrapage 2026 depuis l’archive FrenchBreaches — Apec Région Occitanie (Montpellier / Nîmes / Toulouse).,nouveau
2026-01-08,Fédération Sportive et Gymnique du Travail (FSGT),France,France,Sport,Fuite de données,Inconnu,Référencé par FrenchBreaches ; corroboration variable,50,Alerte référencée dans l’archive 2026 de FrenchBreaches ; détails à enrichir depuis la fiche source.,https://frenchbreaches.com/alertes/federation-sportive-et-gymnique-du-travail-fsgt-36f396433131,Rattrapage 2026 depuis l’archive FrenchBreaches — Fédération Sportive et Gymnique du Travail (FSGT).,nouveau
2026-01-08,Fédération Française de la Montagne et de l'Escalade (FFME) #2,France,France,Sport,Fuite de données,Inconnu,Référencé par FrenchBreaches ; corroboration variable,50,Alerte référencée dans l’archive 2026 de FrenchBreaches ; détails à enrichir depuis la fiche source.,https://frenchbreaches.com/alertes/federation-francaise-de-la-montagne-et-de-l-escalade-ffme-2-36f1acc98459,Rattrapage 2026 depuis l’archive FrenchBreaches — Fédération Française de la Montagne et de l'Escalade (FFME) #2.,nouveau
2026-01-08,Fédération Française de Football Américain (FFFA),États-Unis,États-Unis,Sport,Fuite de données,Inconnu,Référencé par FrenchBreaches ; corroboration variable,50,Alerte référencée dans l’archive 2026 de FrenchBreaches ; détails à enrichir depuis la fiche source.,https://frenchbreaches.com/alertes/federation-francaise-de-football-americain-fffa-47dfd0887e04,Rattrapage 2026 depuis l’archive FrenchBreaches — Fédération Française de Football Américain (FFFA).,nouveau
2026-01-08,Fédération Française de Bridge (FFB),France,France,Sport,Fuite de données,Inconnu,Référencé par FrenchBreaches ; corroboration variable,50,Alerte référencée dans l’archive 2026 de FrenchBreaches ; détails à enrichir depuis la fiche source.,https://frenchbreaches.com/alertes/federation-francaise-de-bridge-ffb-b328c640d429,Rattrapage 2026 depuis l’archive FrenchBreaches — Fédération Française de Bridge (FFB).,nouveau
2026-01-08,Corse GSM (2025),France,France,Commerce / Distribution,Fuite de données,Inconnu,Référencé par FrenchBreaches ; corroboration variable,50,Alerte référencée dans l’archive 2026 de FrenchBreaches ; détails à enrichir depuis la fiche source.,https://frenchbreaches.com/alertes/corse-gsm-2025-f64bbff1e9b5,Rattrapage 2026 depuis l’archive FrenchBreaches — Corse GSM (2025).,nouveau
2026-01-08,Casino de Paris,France,France,Inconnu,Fuite de données,Inconnu,Référencé par FrenchBreaches ; corroboration variable,50,Alerte référencée dans l’archive 2026 de FrenchBreaches ; détails à enrichir depuis la fiche source.,https://frenchbreaches.com/alertes/casino-de-paris-2e79e355cd3f,Rattrapage 2026 depuis l’archive FrenchBreaches — Casino de Paris.,nouveau
2026-01-08,Carte Avantages Jeunes (CRIJ Bourgogne-Franche-Comté),France,France,Inconnu,Fuite de données,Inconnu,Référencé par FrenchBreaches ; corroboration variable,50,Alerte référencée dans l’archive 2026 de FrenchBreaches ; détails à enrichir depuis la fiche source.,https://frenchbreaches.com/alertes/carte-avantages-jeunes-crij-bourgogne-franche-comte-22968c4379e8,Rattrapage 2026 depuis l’archive FrenchBreaches — Carte Avantages Jeunes (CRIJ Bourgogne-Franche-Comté).,nouveau
2026-01-07,Fédération Française de Squash (FFSquash),France,France,Sport,Fuite de données,Inconnu,Référencé par FrenchBreaches ; corroboration variable,50,Alerte référencée dans l’archive 2026 de FrenchBreaches ; détails à enrichir depuis la fiche source.,https://frenchbreaches.com/alertes/federation-francaise-de-squash-ffsquash-9e100b802381,Rattrapage 2026 depuis l’archive FrenchBreaches — Fédération Française de Squash (FFSquash).,nouveau
2026-01-07,Fédération Française de Roller et Skateboard (FFRS) #2,France,France,Sport,Fuite de données,Inconnu,Référencé par FrenchBreaches ; corroboration variable,50,Alerte référencée dans l’archive 2026 de FrenchBreaches ; détails à enrichir depuis la fiche source.,https://frenchbreaches.com/alertes/federation-francaise-de-roller-et-skateboard-ffrs-2-055503841220,Rattrapage 2026 depuis l’archive FrenchBreaches — Fédération Française de Roller et Skateboard (FFRS) #2.,nouveau
2026-01-07,FitnessPark,France,France,Sport,Fuite de données,Inconnu,Référencé par FrenchBreaches ; corroboration variable,50,Alerte référencée dans l’archive 2026 de FrenchBreaches ; détails à enrichir depuis la fiche source.,https://frenchbreaches.com/alertes/fitnesspark-ml1ez28kdfbynew8nc,Rattrapage 2026 depuis l’archive FrenchBreaches — FitnessPark.,nouveau
2026-01-06,Philharmonie de Paris (PAD),France,France,Inconnu,Fuite de données,Inconnu,Référencé par FrenchBreaches ; corroboration variable,50,Alerte référencée dans l’archive 2026 de FrenchBreaches ; détails à enrichir depuis la fiche source.,https://frenchbreaches.com/alertes/philharmonie-de-paris-pad-1fc3409fac96,Rattrapage 2026 depuis l’archive FrenchBreaches — Philharmonie de Paris (PAD).,nouveau
2026-01-06,L’Orange Bleue Fitness Club,France,France,Sport,Fuite de données,Inconnu,Référencé par FrenchBreaches ; corroboration variable,50,Alerte référencée dans l’archive 2026 de FrenchBreaches ; détails à enrichir depuis la fiche source.,https://frenchbreaches.com/alertes/l-orange-bleue-fitness-club-468e4700b9f4,Rattrapage 2026 depuis l’archive FrenchBreaches — L’Orange Bleue Fitness Club.,nouveau
2026-01-06,"Loft by Denis Moines(salon de coiffure, Paris)",France,France,Inconnu,Fuite de données,Inconnu,Référencé par FrenchBreaches ; corroboration variable,50,Alerte référencée dans l’archive 2026 de FrenchBreaches ; détails à enrichir depuis la fiche source.,https://frenchbreaches.com/alertes/loft-by-denis-moines-salon-de-coiffure-paris-803db0293d3d,"Rattrapage 2026 depuis l’archive FrenchBreaches — Loft by Denis Moines(salon de coiffure, Paris).",nouveau
2026-01-06,Fédération Française de Twirling Bâton (FFTwirl),France,France,Sport,Fuite de données,Inconnu,Référencé par FrenchBreaches ; corroboration variable,50,Alerte référencée dans l’archive 2026 de FrenchBreaches ; détails à enrichir depuis la fiche source.,https://frenchbreaches.com/alertes/federation-francaise-de-twirling-baton-fftwirl-9c009dd14b20,Rattrapage 2026 depuis l’archive FrenchBreaches — Fédération Française de Twirling Bâton (FFTwirl).,nouveau
2026-01-06,Fédération Française d'ULM (FFPLUM),France,France,Sport,Fuite de données,Inconnu,Référencé par FrenchBreaches ; corroboration variable,50,Alerte référencée dans l’archive 2026 de FrenchBreaches ; détails à enrichir depuis la fiche source.,https://frenchbreaches.com/alertes/federation-francaise-d-ulm-ffplum-f8483c412dab,Rattrapage 2026 depuis l’archive FrenchBreaches — Fédération Française d'ULM (FFPLUM).,nouveau
2026-01-06,Fondation des Lions de France (Lions Clubs de France),France,France,Sport,Fuite de données,Inconnu,Référencé par FrenchBreaches ; corroboration variable,50,Alerte référencée dans l’archive 2026 de FrenchBreaches ; détails à enrichir depuis la fiche source.,https://frenchbreaches.com/alertes/fondation-des-lions-de-france-lions-clubs-de-france-eaa9d8bb1320,Rattrapage 2026 depuis l’archive FrenchBreaches — Fondation des Lions de France (Lions Clubs de France).,nouveau
2026-01-05,Petits-fils,France,France,Inconnu,Fuite de données,Inconnu,Référencé par FrenchBreaches ; corroboration variable,50,Alerte référencée dans l’archive 2026 de FrenchBreaches ; détails à enrichir depuis la fiche source.,https://frenchbreaches.com/alertes/petits-fils-6a632c448f77,Rattrapage 2026 depuis l’archive FrenchBreaches — Petits-fils.,nouveau
2026-01-05,Ledger (via prestataire Global-e),France,France,Inconnu,Fuite de données,Inconnu,Référencé par FrenchBreaches ; corroboration variable,50,Alerte référencée dans l’archive 2026 de FrenchBreaches ; détails à enrichir depuis la fiche source.,https://frenchbreaches.com/alertes/ledger-via-prestataire-global-e-cf566860ea7d,Rattrapage 2026 depuis l’archive FrenchBreaches — Ledger (via prestataire Global-e).,nouveau
2026-01-05,"DCE Conseil (Partenaires divers : Prisons, Armées, Luxe etc)",France,France,Services aux entreprises,Fuite de données,Inconnu,Référencé par FrenchBreaches ; corroboration variable,50,Alerte référencée dans l’archive 2026 de FrenchBreaches ; détails à enrichir depuis la fiche source.,https://frenchbreaches.com/alertes/dce-conseil-partenaires-divers-prisons-armees-luxe-etc-60f2d4a11a5a,"Rattrapage 2026 depuis l’archive FrenchBreaches — DCE Conseil (Partenaires divers : Prisons, Armées, Luxe etc).",nouveau
2026-01-04,Dream Up (LAPSUS$) 40go multi sites,France,France,Inconnu,Fuite de données,Inconnu,Référencé par FrenchBreaches ; corroboration variable,50,Alerte référencée dans l’archive 2026 de FrenchBreaches ; détails à enrichir depuis la fiche source.,https://frenchbreaches.com/alertes/dream-up-lapsus-40go-multi-sites-fb9b70829d3d,Rattrapage 2026 depuis l’archive FrenchBreaches — Dream Up (LAPSUS$) 40go multi sites.,nouveau
2026-01-04,AgroParisTech,France,France,Éducation / Formation,Fuite de données,Inconnu,Référencé par FrenchBreaches ; corroboration variable,50,Alerte référencée dans l’archive 2026 de FrenchBreaches ; détails à enrichir depuis la fiche source.,https://frenchbreaches.com/alertes/agroparistech-ac6b9bdf0be2,Rattrapage 2026 depuis l’archive FrenchBreaches — AgroParisTech.,nouveau
2026-01-04,Adecco,France,France,Administration / Collectivité,Fuite de données,Inconnu,Référencé par FrenchBreaches ; corroboration variable,50,Alerte référencée dans l’archive 2026 de FrenchBreaches ; détails à enrichir depuis la fiche source.,https://frenchbreaches.com/alertes/adecco-2504c1a0ce38,Rattrapage 2026 depuis l’archive FrenchBreaches — Adecco.,nouveau
2026-01-04,"AXYON (EDF, Eiffage, Bouygues, Engie, Renault, etc.)",France,France,Énergie / Utilities,Fuite de données,Inconnu,Référencé par FrenchBreaches ; corroboration variable,50,Alerte référencée dans l’archive 2026 de FrenchBreaches ; détails à enrichir depuis la fiche source.,https://frenchbreaches.com/alertes/axyon-edf-eiffage-bouygues-engie-renault-etc-208677635b8f,"Rattrapage 2026 depuis l’archive FrenchBreaches — AXYON (EDF, Eiffage, Bouygues, Engie, Renault, etc.).",nouveau
2026-01-02,Trescal,France,France,Inconnu,Fuite de données,Inconnu,Référencé par FrenchBreaches ; corroboration variable,50,Alerte référencée dans l’archive 2026 de FrenchBreaches ; détails à enrichir depuis la fiche source.,https://frenchbreaches.com/alertes/trescal-197be0b167cc,Rattrapage 2026 depuis l’archive FrenchBreaches — Trescal.,nouveau
2026-01-02,AFPPCD-IDF,France,France,Santé,Fuite de données,Inconnu,Référencé par FrenchBreaches ; corroboration variable,50,Alerte référencée dans l’archive 2026 de FrenchBreaches ; détails à enrichir depuis la fiche source.,https://frenchbreaches.com/alertes/afppcd-idf-4945d68cfad7 | https://www.bing.com/ck/a?!&&p=5669d0fb127bdf8ab01b02665843e465689d541dae0a46449d3c8a6aa61bf2caJmltdHM9MTc4NjgzODQwMA&ptn=3&ver=2&hsh=4&fclid=151e357d-b0b4-67b2-00f5-22cab14d6699&u=a1aHR0cHM6Ly93d3cud2VibWQuY29tL3JoZXVtYXRvaWQtYXJ0aHJpdGlzL2hhbmQtYW5kLWZpbmdlci1yYQ&ntb=1 | https://www.bing.com/ck/a?!&&p=637f0bfabcb217711f02c9818f7ec3ed9791b50312c986d701960d54e7d2c3ccJmltdHM9MTc4NjgzODQwMA&ptn=3&ver=2&hsh=4&fclid=151e357d-b0b4-67b2-00f5-22cab14d6699&u=a1aHR0cHM6Ly93d3cuYXJ0aHJpdGlzLWhlYWx0aC5jb20vdHlwZXMvcmhldW1hdG9pZC9oYW5kLXBhaW4tYW5kLXJoZXVtYXRvaWQtYXJ0aHJpdGlz&ntb=1,Rattrapage 2026 depuis l’archive FrenchBreaches — AFPPCD-IDF.,nouveau
2026-01-01,"OFII / ANEF (Portail ""Étrangers en France"" – Ministère de l’Intérieur)",France,France,Administration / Collectivité,Fuite de données,Inconnu,Référencé par FrenchBreaches ; corroboration variable,50,Alerte référencée dans l’archive 2026 de FrenchBreaches ; détails à enrichir depuis la fiche source.,https://frenchbreaches.com/alertes/ofii-anef-portail-etrangers-en-france-ministere-de-l-interieur-50bcd071f430,"Rattrapage 2026 depuis l’archive FrenchBreaches — OFII / ANEF (Portail ""Étrangers en France"" – Ministère de l’Intérieur).",nouveau
