Item_ID,Qualification_Fingerprint,Policy_Version,Dependency_Digest,Last_Processed_Run_ID,Last_Processed_As_Of
ITM-005a36176dc24a3a,19ca03d57c83edbd1c712d901241a145ff6a54cb623f6f78354f133fb181ee29,OBS-FR-OI-SIMPLE-SOURCING-8,3a5c386500cd53b1784bb548d0555e2c225bcf9a7d02cef1b6041a600b62190a,RUN-20260821T114001,2026-08-21T11:40:01.305238+04:00
ITM-008e2729e5969f7f,6b9805dbda9ca23e6c6977a388e5df6c421f999c95a2255aa9808a3188b03cf2,OBS-FR-OI-SIMPLE-SOURCING-8,3a5c386500cd53b1784bb548d0555e2c225bcf9a7d02cef1b6041a600b62190a,RUN-20260821T114001,2026-08-21T11:40:01.305238+04:00
ITM-00e3e6e37ab04d64,27c6d1177e7fb4ec4379a6f3a2df51a40ba6f99354121e731a5b73cda511638f,OBS-FR-OI-SIMPLE-SOURCING-8,3a5c386500cd53b1784bb548d0555e2c225bcf9a7d02cef1b6041a600b62190a,RUN-20260821T114001,2026-08-21T11:40:01.305238+04:00
ITM-0146aaed9f0a5383,2d8253e8c60a590a87cb7543a539fb0def09b943dca89f596071a4c08b9c12e7,OBS-FR-OI-SIMPLE-SOURCING-8,3a5c386500cd53b1784bb548d0555e2c225bcf9a7d02cef1b6041a600b62190a,RUN-20260821T114001,2026-08-21T11:40:01.305238+04:00
ITM-014bb4da729676e9,3bde78b930d19dc7f031dad261770af277f0bfd84c851dc027b6aeceb809d719,OBS-FR-OI-SIMPLE-SOURCING-8,3a5c386500cd53b1784bb548d0555e2c225bcf9a7d02cef1b6041a600b62190a,RUN-20260821T114001,2026-08-21T11:40:01.305238+04:00
ITM-015da41dbb8ea80b,30c7f9f7953edc6820d28409fb980801dabcba4b9f89dffc0edd57a30416f0a0,OBS-FR-OI-SIMPLE-SOURCING-8,3a5c386500cd53b1784bb548d0555e2c225bcf9a7d02cef1b6041a600b62190a,RUN-20260821T114001,2026-08-21T11:40:01.305238+04:00
ITM-0301e932a02d3c7b,84874fbe95dea5312526ad1b593fbeea5f170586a44ae389b3c4f8c75689a516,OBS-FR-OI-SIMPLE-SOURCING-8,3a5c386500cd53b1784bb548d0555e2c225bcf9a7d02cef1b6041a600b62190a,RUN-20260821T114001,2026-08-21T11:40:01.305238+04:00
ITM-0356561a0ce1e8dc,86676972ab644f473ef18d19a148b03b674a437c6520e33de3d0d60511309871,OBS-FR-OI-SIMPLE-SOURCING-8,3a5c386500cd53b1784bb548d0555e2c225bcf9a7d02cef1b6041a600b62190a,RUN-20260821T114001,2026-08-21T11:40:01.305238+04:00
ITM-04382f2e8178ccb6,dec5fb28653c64fb783e8388478d059e058ab17da9bf2f9fcbacfde34749059f,OBS-FR-OI-SIMPLE-SOURCING-8,3a5c386500cd53b1784bb548d0555e2c225bcf9a7d02cef1b6041a600b62190a,RUN-20260821T114001,2026-08-21T11:40:01.305238+04:00
ITM-04a856475a59deb2,a5bcbedc1885f332a4deeab1d0c8896a91eacd57ab3c5ec65a65af2566ab79df,OBS-FR-OI-SIMPLE-SOURCING-8,3a5c386500cd53b1784bb548d0555e2c225bcf9a7d02cef1b6041a600b62190a,RUN-20260821T114001,2026-08-21T11:40:01.305238+04:00
ITM-04d6fe7da62a4060,8cf880e7428eda6a488f4c5d5ced64319f0216ad3d67228c62219277d9938676,OBS-FR-OI-SIMPLE-SOURCING-8,3a5c386500cd53b1784bb548d0555e2c225bcf9a7d02cef1b6041a600b62190a,RUN-20260821T114001,2026-08-21T11:40:01.305238+04:00
ITM-04e0d362bcf71382,cda89da7a4ed4e274068a4858e46c7d55df56d0d535e0a6a03040005b271857d,OBS-FR-OI-SIMPLE-SOURCING-8,3a5c386500cd53b1784bb548d0555e2c225bcf9a7d02cef1b6041a600b62190a,RUN-20260821T114001,2026-08-21T11:40:01.305238+04:00
ITM-054ef7e4c93e1e1e,1d0fc93d3efb7bc490213f4abba30cf5a26221ca3cf1a43f7ed79fb85295360f,OBS-FR-OI-SIMPLE-SOURCING-8,3a5c386500cd53b1784bb548d0555e2c225bcf9a7d02cef1b6041a600b62190a,RUN-20260821T114001,2026-08-21T11:40:01.305238+04:00
ITM-057b52f6d1ab1f67,5e12be1a674f03a0ebdab07154dcffae87aa829cb900f57505012e81ca9c9837,OBS-FR-OI-SIMPLE-SOURCING-8,3a5c386500cd53b1784bb548d0555e2c225bcf9a7d02cef1b6041a600b62190a,RUN-20260821T114001,2026-08-21T11:40:01.305238+04:00
ITM-061d9f43ac5d68be,60fd841c577ce2239d9d87a8d6a033c9007dee099743b189f3ac1f02ce8ba0c4,OBS-FR-OI-SIMPLE-SOURCING-8,3a5c386500cd53b1784bb548d0555e2c225bcf9a7d02cef1b6041a600b62190a,RUN-20260821T114001,2026-08-21T11:40:01.305238+04:00
ITM-06421cd29d6a0b11,30b8f39c55d0ea45c27286b7fc974929601d52d3470c8a96b71e8df8d6579329,OBS-FR-OI-SIMPLE-SOURCING-8,3a5c386500cd53b1784bb548d0555e2c225bcf9a7d02cef1b6041a600b62190a,RUN-20260821T114001,2026-08-21T11:40:01.305238+04:00
ITM-06a1986bae323c17,4cd4cc13f2d96bde1bc5298bfbe1c85ad4aac0379bd446b3840dca33c71e61b0,OBS-FR-OI-SIMPLE-SOURCING-8,3a5c386500cd53b1784bb548d0555e2c225bcf9a7d02cef1b6041a600b62190a,RUN-20260821T114001,2026-08-21T11:40:01.305238+04:00
ITM-0724785a877742c0,394f2afe250c4721213275c92b6e60638ae82004b245a06a961819c98789159e,OBS-FR-OI-SIMPLE-SOURCING-8,3a5c386500cd53b1784bb548d0555e2c225bcf9a7d02cef1b6041a600b62190a,RUN-20260821T114001,2026-08-21T11:40:01.305238+04:00
ITM-073165dc67597152,7a92511c4aeb7311ea60862f03462ac0fd4ddc50b63abd2fe57f32d81f1517ce,OBS-FR-OI-SIMPLE-SOURCING-8,3a5c386500cd53b1784bb548d0555e2c225bcf9a7d02cef1b6041a600b62190a,RUN-20260821T114001,2026-08-21T11:40:01.305238+04:00
ITM-07b9952774dc9686,df188132f12fcd18912c10bd2d1fd7b66165e6019cebc6281c259c5c98046719,OBS-FR-OI-SIMPLE-SOURCING-8,3a5c386500cd53b1784bb548d0555e2c225bcf9a7d02cef1b6041a600b62190a,RUN-20260821T114001,2026-08-21T11:40:01.305238+04:00
ITM-083a449d9f671b74,4ff7afa6b026aea3d6e6eb1770bd62f0ed45d930189aabc213383628dc9f1771,OBS-FR-OI-SIMPLE-SOURCING-8,3a5c386500cd53b1784bb548d0555e2c225bcf9a7d02cef1b6041a600b62190a,RUN-20260821T114001,2026-08-21T11:40:01.305238+04:00
ITM-0879efb5ba994b81,148c2092034cf67f1fe07d5c8ae39057b7f3b84a810232e802b51ed25569087e,OBS-FR-OI-SIMPLE-SOURCING-8,3a5c386500cd53b1784bb548d0555e2c225bcf9a7d02cef1b6041a600b62190a,RUN-20260821T114001,2026-08-21T11:40:01.305238+04:00
ITM-08ce576935520d87,d3b4b74b1971940050884885193d4bf9d452af936f58c0beb51c8985d61c2d95,OBS-FR-OI-SIMPLE-SOURCING-8,3a5c386500cd53b1784bb548d0555e2c225bcf9a7d02cef1b6041a600b62190a,RUN-20260821T114001,2026-08-21T11:40:01.305238+04:00
ITM-08ee2b51433078f2,8edd36df4f5277641b95feda9e4c8b728964f481850099d93ca03bdcc3239b64,OBS-FR-OI-SIMPLE-SOURCING-8,3a5c386500cd53b1784bb548d0555e2c225bcf9a7d02cef1b6041a600b62190a,RUN-20260821T114001,2026-08-21T11:40:01.305238+04:00
ITM-08ef3509bc450700,19e595d6dcdafe586bedc741c791b4f413a64886db2a789a719de904a25bd942,OBS-FR-OI-SIMPLE-SOURCING-8,3a5c386500cd53b1784bb548d0555e2c225bcf9a7d02cef1b6041a600b62190a,RUN-20260821T114001,2026-08-21T11:40:01.305238+04:00
ITM-08fb14d5587521ab,767cf41713ae08cf4db73ad2f642eab1f3057fa90870f09f08edda34fbb7b666,OBS-FR-OI-SIMPLE-SOURCING-8,3a5c386500cd53b1784bb548d0555e2c225bcf9a7d02cef1b6041a600b62190a,RUN-20260821T114001,2026-08-21T11:40:01.305238+04:00
ITM-08fe35f4fde7b20e,414938bdfc1c63212bcc1ee15d3f684112816aaadb0b8028ced56886ea43d673,OBS-FR-OI-SIMPLE-SOURCING-8,3a5c386500cd53b1784bb548d0555e2c225bcf9a7d02cef1b6041a600b62190a,RUN-20260821T114001,2026-08-21T11:40:01.305238+04:00
ITM-091fc8637ce58920,cea16777a41fe0c1c7e118c221518fdcd93bdf8bff30e692065b860dda4319f6,OBS-FR-OI-SIMPLE-SOURCING-8,3a5c386500cd53b1784bb548d0555e2c225bcf9a7d02cef1b6041a600b62190a,RUN-20260821T114001,2026-08-21T11:40:01.305238+04:00
ITM-094a3b986efdd194,e3141d3da281c9d3972561b9dbecc0171bd3dba3632a6d013989fb920788e8a3,OBS-FR-OI-SIMPLE-SOURCING-8,3a5c386500cd53b1784bb548d0555e2c225bcf9a7d02cef1b6041a600b62190a,RUN-20260821T114001,2026-08-21T11:40:01.305238+04:00
ITM-0972b9f1cdbf38ca,5d79ed23ca8bfa3d7c77ce79af44edbc0dcd95a5e6179566ae21fac95735eb5b,OBS-FR-OI-SIMPLE-SOURCING-8,3a5c386500cd53b1784bb548d0555e2c225bcf9a7d02cef1b6041a600b62190a,RUN-20260821T114001,2026-08-21T11:40:01.305238+04:00
ITM-09c61578497f8747,2bb1e45a0d8509175776ef0400654dde1675e070789f79fc7e8809131f30e792,OBS-FR-OI-SIMPLE-SOURCING-8,3a5c386500cd53b1784bb548d0555e2c225bcf9a7d02cef1b6041a600b62190a,RUN-20260821T114001,2026-08-21T11:40:01.305238+04:00
ITM-09eb6993763586d8,cc69849a8ce9c3c90b4f6c8a047fdbf4292ade725815a476108d5ef9e8bee932,OBS-FR-OI-SIMPLE-SOURCING-8,3a5c386500cd53b1784bb548d0555e2c225bcf9a7d02cef1b6041a600b62190a,RUN-20260821T114001,2026-08-21T11:40:01.305238+04:00
ITM-09ee3dd87a27ea02,f712708cf1ae44f7a40f2414b2e36752322434baaf15e5dc0d156727b658f61d,OBS-FR-OI-SIMPLE-SOURCING-8,3a5c386500cd53b1784bb548d0555e2c225bcf9a7d02cef1b6041a600b62190a,RUN-20260821T114001,2026-08-21T11:40:01.305238+04:00
ITM-0a082f20eda672d9,c2bc99b4f04640bd46ecadc945f23f90b99a36694e282479108818c771036deb,OBS-FR-OI-SIMPLE-SOURCING-8,3a5c386500cd53b1784bb548d0555e2c225bcf9a7d02cef1b6041a600b62190a,RUN-20260821T114001,2026-08-21T11:40:01.305238+04:00
ITM-0a66cd85dc848f8c,d401d80a9354a30c616f4be2744709150fd066d807a33ec77eaf03296c4fd3f4,OBS-FR-OI-SIMPLE-SOURCING-8,3a5c386500cd53b1784bb548d0555e2c225bcf9a7d02cef1b6041a600b62190a,RUN-20260821T114001,2026-08-21T11:40:01.305238+04:00
ITM-0a6898b2be76a259,f2f77b64b0c134a979e7ff1a182deb28415ebf3f2b5865cbc6cfb0a82c39dcfe,OBS-FR-OI-SIMPLE-SOURCING-8,3a5c386500cd53b1784bb548d0555e2c225bcf9a7d02cef1b6041a600b62190a,RUN-20260821T114001,2026-08-21T11:40:01.305238+04:00
ITM-0afdd42d79791efe,78974ea377c87146a80fef2bc3f58ff8ac68d7b356cea61047f9855349cd7f4b,OBS-FR-OI-SIMPLE-SOURCING-8,3a5c386500cd53b1784bb548d0555e2c225bcf9a7d02cef1b6041a600b62190a,RUN-20260821T114001,2026-08-21T11:40:01.305238+04:00
ITM-0b2017aee8c65950,3090636bccc77d8a4c76239df8812bee5d4d64e17712395fc77dd7749e521d0d,OBS-FR-OI-SIMPLE-SOURCING-8,3a5c386500cd53b1784bb548d0555e2c225bcf9a7d02cef1b6041a600b62190a,RUN-20260821T114001,2026-08-21T11:40:01.305238+04:00
ITM-0b61d23ad11d724e,f7570fe587605ce36fe385adf4a1b88201e40be270f6905d65d0730a6944c10b,OBS-FR-OI-SIMPLE-SOURCING-8,3a5c386500cd53b1784bb548d0555e2c225bcf9a7d02cef1b6041a600b62190a,RUN-20260821T114001,2026-08-21T11:40:01.305238+04:00
ITM-0b8854d4551e6f74,9c163a5ec794c5cce04f437b5b0334d4d7a58287442dc1723998a03bf1e56750,OBS-FR-OI-SIMPLE-SOURCING-8,3a5c386500cd53b1784bb548d0555e2c225bcf9a7d02cef1b6041a600b62190a,RUN-20260821T114001,2026-08-21T11:40:01.305238+04:00
ITM-0bdbce4aee4f8eb5,cffd93d3cba042e2b3584a9ac9165f452eebd3b90eecd74470b82823816d21e2,OBS-FR-OI-SIMPLE-SOURCING-8,3a5c386500cd53b1784bb548d0555e2c225bcf9a7d02cef1b6041a600b62190a,RUN-20260821T114001,2026-08-21T11:40:01.305238+04:00
ITM-0c05eddc40f69bfe,768fac37adfbdcc473472a118570aac86c22bcc89eaa264ff29df2ec6bb2e7af,OBS-FR-OI-SIMPLE-SOURCING-8,3a5c386500cd53b1784bb548d0555e2c225bcf9a7d02cef1b6041a600b62190a,RUN-20260821T114001,2026-08-21T11:40:01.305238+04:00
ITM-0c17e88035585450,2da3259aa39d013c517559cc3f1de1b15dcceb8d1842b911f2c9ac8063a641d1,OBS-FR-OI-SIMPLE-SOURCING-8,3a5c386500cd53b1784bb548d0555e2c225bcf9a7d02cef1b6041a600b62190a,RUN-20260821T114001,2026-08-21T11:40:01.305238+04:00
ITM-0c4c9229ba436a2d,b77ce174402e0f59a35f1ed02b34990fe68fc14e409389a757a76286476637f0,OBS-FR-OI-SIMPLE-SOURCING-8,3a5c386500cd53b1784bb548d0555e2c225bcf9a7d02cef1b6041a600b62190a,RUN-20260821T114001,2026-08-21T11:40:01.305238+04:00
ITM-0c71d9ac5b4e6492,1a4e160a80cce98387e7cc2cf12ab9f555f2e9e93473831605579b7ffc0a834d,OBS-FR-OI-SIMPLE-SOURCING-8,3a5c386500cd53b1784bb548d0555e2c225bcf9a7d02cef1b6041a600b62190a,RUN-20260821T114001,2026-08-21T11:40:01.305238+04:00
ITM-0c7b318a8fdf7645,de5b76584b25c6f9b6f6c1b0510d0824d802a6e114d1d30dda97965b4fa85d67,OBS-FR-OI-SIMPLE-SOURCING-8,3a5c386500cd53b1784bb548d0555e2c225bcf9a7d02cef1b6041a600b62190a,RUN-20260821T114001,2026-08-21T11:40:01.305238+04:00
ITM-0ca880336ac1979f,bee6f94ee264ea3ad6b881c3385659c2a538082cb8806f2d2352ce64bcb312be,OBS-FR-OI-SIMPLE-SOURCING-8,3a5c386500cd53b1784bb548d0555e2c225bcf9a7d02cef1b6041a600b62190a,RUN-20260821T114001,2026-08-21T11:40:01.305238+04:00
ITM-0ce8a5fd20327cea,f5a06398e0945b27e29be55f979e473f819c1ea3bc74b06813772d9e04ef0766,OBS-FR-OI-SIMPLE-SOURCING-8,3a5c386500cd53b1784bb548d0555e2c225bcf9a7d02cef1b6041a600b62190a,RUN-20260821T114001,2026-08-21T11:40:01.305238+04:00
ITM-0ce92c4a5b950c9d,2525baf6a19e6a30d35100f9cce3428a2e354eb7ac85b343651455e23b6ea58f,OBS-FR-OI-SIMPLE-SOURCING-8,3a5c386500cd53b1784bb548d0555e2c225bcf9a7d02cef1b6041a600b62190a,RUN-20260821T114001,2026-08-21T11:40:01.305238+04:00
ITM-0d0fd64f9195ae13,1f9a1fa1941ecefe0a76c6e061b18e4a60e86f8c080f2e95d874993aa0683d4d,OBS-FR-OI-SIMPLE-SOURCING-8,3a5c386500cd53b1784bb548d0555e2c225bcf9a7d02cef1b6041a600b62190a,RUN-20260821T114001,2026-08-21T11:40:01.305238+04:00
ITM-0d56a3768f074541,a830b561be26e2ba96a98cb41eb38dbe3b82c1ae32a50b4f1e0daf844348b085,OBS-FR-OI-SIMPLE-SOURCING-8,3a5c386500cd53b1784bb548d0555e2c225bcf9a7d02cef1b6041a600b62190a,RUN-20260821T114001,2026-08-21T11:40:01.305238+04:00
ITM-0d9cf70acb3f36fe,67e5c588ea50e5eb7645f864f4676bac277769f6f8e2db7d315ea5b470a5b9a6,OBS-FR-OI-SIMPLE-SOURCING-8,3a5c386500cd53b1784bb548d0555e2c225bcf9a7d02cef1b6041a600b62190a,RUN-20260821T114001,2026-08-21T11:40:01.305238+04:00
ITM-0dab9fb9f26c4852,f68439357d58bda243b85045cfd1830b48b4ac9fb629e4515412769e3966424e,OBS-FR-OI-SIMPLE-SOURCING-8,3a5c386500cd53b1784bb548d0555e2c225bcf9a7d02cef1b6041a600b62190a,RUN-20260821T114001,2026-08-21T11:40:01.305238+04:00
ITM-0dd0ead1cf4f8083,29c946a7ef5dec515ef68ab06642ec297460abad4c4f9ec253e3d05eaa581f9b,OBS-FR-OI-SIMPLE-SOURCING-8,3a5c386500cd53b1784bb548d0555e2c225bcf9a7d02cef1b6041a600b62190a,RUN-20260821T114001,2026-08-21T11:40:01.305238+04:00
ITM-0dd4151b5c4080e5,eb6c79a7f1857c98f703fd82fdb8c1a6e161416b87b719efc3165d71f799f3a4,OBS-FR-OI-SIMPLE-SOURCING-8,3a5c386500cd53b1784bb548d0555e2c225bcf9a7d02cef1b6041a600b62190a,RUN-20260821T114001,2026-08-21T11:40:01.305238+04:00
ITM-0e287e99fcee3d2f,fe5780791ca6701446f6e13f08f772d30e63dcb4bacb88b9ae2e0438828b9c04,OBS-FR-OI-SIMPLE-SOURCING-8,3a5c386500cd53b1784bb548d0555e2c225bcf9a7d02cef1b6041a600b62190a,RUN-20260821T114001,2026-08-21T11:40:01.305238+04:00
ITM-0e33f948422de680,bb7d1bcceb73f99610497c4fdd523509b8dcc8a2f0daef4d376cc9c1e5e30367,OBS-FR-OI-SIMPLE-SOURCING-8,3a5c386500cd53b1784bb548d0555e2c225bcf9a7d02cef1b6041a600b62190a,RUN-20260821T114001,2026-08-21T11:40:01.305238+04:00
ITM-0e7bb6157c9bc155,4bc565303fcff2848572ea24d85696c2b0c23b40be088a13b8ff36b83acdb597,OBS-FR-OI-SIMPLE-SOURCING-8,3a5c386500cd53b1784bb548d0555e2c225bcf9a7d02cef1b6041a600b62190a,RUN-20260821T114001,2026-08-21T11:40:01.305238+04:00
ITM-0eea4dcee7d727c2,34b9566e30e86433df131f5c8e6f1b16623bd133df636c4e2efdab55d5c443bf,OBS-FR-OI-SIMPLE-SOURCING-8,3a5c386500cd53b1784bb548d0555e2c225bcf9a7d02cef1b6041a600b62190a,RUN-20260821T114001,2026-08-21T11:40:01.305238+04:00
ITM-0f318ac62c789d1a,645ee29c44690c60ca5dc610685c85b44e46293a810652341aac96c6a7393063,OBS-FR-OI-SIMPLE-SOURCING-8,3a5c386500cd53b1784bb548d0555e2c225bcf9a7d02cef1b6041a600b62190a,RUN-20260821T114001,2026-08-21T11:40:01.305238+04:00
ITM-0fbbd7a366d814cb,3a75ada73943ed0c745472ff115aaf85cfd4b6a44cd837074f822d6806340fab,OBS-FR-OI-SIMPLE-SOURCING-8,3a5c386500cd53b1784bb548d0555e2c225bcf9a7d02cef1b6041a600b62190a,RUN-20260821T114001,2026-08-21T11:40:01.305238+04:00
ITM-100ca7046f841cee,ecabce2b625c389c72fa8f8f4e4a5c0efed623345e73c92f1ac85a7ee74d3b73,OBS-FR-OI-SIMPLE-SOURCING-8,3a5c386500cd53b1784bb548d0555e2c225bcf9a7d02cef1b6041a600b62190a,RUN-20260821T114001,2026-08-21T11:40:01.305238+04:00
ITM-1074f8abdc878a18,526822044eb3e66b836ba7bac602fe8be908898ad6422f91a51cc69a66a55170,OBS-FR-OI-SIMPLE-SOURCING-8,3a5c386500cd53b1784bb548d0555e2c225bcf9a7d02cef1b6041a600b62190a,RUN-20260821T114001,2026-08-21T11:40:01.305238+04:00
ITM-108999051c95181a,0c5c91429772831bdfecc1978d3204eb1380e9c40dc7e312c86d5023b632a465,OBS-FR-OI-SIMPLE-SOURCING-8,3a5c386500cd53b1784bb548d0555e2c225bcf9a7d02cef1b6041a600b62190a,RUN-20260821T114001,2026-08-21T11:40:01.305238+04:00
ITM-10963ce40ab3c845,9c43cd365936e3091580eddbb844d794dd700965c70fe32787940daba20c8f1f,OBS-FR-OI-SIMPLE-SOURCING-8,3a5c386500cd53b1784bb548d0555e2c225bcf9a7d02cef1b6041a600b62190a,RUN-20260821T114001,2026-08-21T11:40:01.305238+04:00
ITM-10bc2de399feb216,4bd7e624fd196d28058578fbd6aba5eece27a135d31f4e9c5444c553b4089d41,OBS-FR-OI-SIMPLE-SOURCING-8,3a5c386500cd53b1784bb548d0555e2c225bcf9a7d02cef1b6041a600b62190a,RUN-20260821T114001,2026-08-21T11:40:01.305238+04:00
ITM-10fc3f8594c71a78,4f193de7313f13548218cb970c41bf5c114854b5880ba5d32fabf3051ee2e7ba,OBS-FR-OI-SIMPLE-SOURCING-8,3a5c386500cd53b1784bb548d0555e2c225bcf9a7d02cef1b6041a600b62190a,RUN-20260821T114001,2026-08-21T11:40:01.305238+04:00
ITM-1124113b8a57eb93,d0816794334368ecc919d8dfaf76bafb3c534b4faec12e7b56c774d718a8deb0,OBS-FR-OI-SIMPLE-SOURCING-8,3a5c386500cd53b1784bb548d0555e2c225bcf9a7d02cef1b6041a600b62190a,RUN-20260821T114001,2026-08-21T11:40:01.305238+04:00
ITM-112bb20f4d798153,4603a9133993cd61bcc9f2d333fed09bd931d82bffa43cffe1a22ac6fd9f0b3a,OBS-FR-OI-SIMPLE-SOURCING-8,3a5c386500cd53b1784bb548d0555e2c225bcf9a7d02cef1b6041a600b62190a,RUN-20260821T114001,2026-08-21T11:40:01.305238+04:00
ITM-11f6cca2c8dd1c70,0a9d43918336935531f282a0657e759d8d1c1de568cbe754c1eb77ef44dc0f76,OBS-FR-OI-SIMPLE-SOURCING-8,3a5c386500cd53b1784bb548d0555e2c225bcf9a7d02cef1b6041a600b62190a,RUN-20260821T114001,2026-08-21T11:40:01.305238+04:00
ITM-1238c9d8f08a43be,a12c89bd438ee9e0e605b4dd31c86e9149be741c9857619ab8b60038aae410c6,OBS-FR-OI-SIMPLE-SOURCING-8,3a5c386500cd53b1784bb548d0555e2c225bcf9a7d02cef1b6041a600b62190a,RUN-20260821T114001,2026-08-21T11:40:01.305238+04:00
ITM-1239e1e69a0e1f6c,1fe2d9697ad04675a19016c428980d07de3ab25fdade971788a4592f267f25ad,OBS-FR-OI-SIMPLE-SOURCING-8,3a5c386500cd53b1784bb548d0555e2c225bcf9a7d02cef1b6041a600b62190a,RUN-20260821T114001,2026-08-21T11:40:01.305238+04:00
ITM-12725faa099ca51c,85b01e142e2426176037f3ef2017f72d74b45582f376e1e4b1f5fb4e1c836054,OBS-FR-OI-SIMPLE-SOURCING-8,3a5c386500cd53b1784bb548d0555e2c225bcf9a7d02cef1b6041a600b62190a,RUN-20260821T114001,2026-08-21T11:40:01.305238+04:00
ITM-12a4ed2f1cf8e7e8,723c342b987e2c1a6bab7660b29e6410fdd3eb644c288c6002684f82b7cda50b,OBS-FR-OI-SIMPLE-SOURCING-8,3a5c386500cd53b1784bb548d0555e2c225bcf9a7d02cef1b6041a600b62190a,RUN-20260821T114001,2026-08-21T11:40:01.305238+04:00
ITM-12a6212cedb8e5ce,eaf6be70d4d8e23c2b2bfa6e7a6a127cec554029358384dcdc8e31bae4166a77,OBS-FR-OI-SIMPLE-SOURCING-8,3a5c386500cd53b1784bb548d0555e2c225bcf9a7d02cef1b6041a600b62190a,RUN-20260821T114001,2026-08-21T11:40:01.305238+04:00
ITM-12bcfac430ef1cf0,716c12cd524defeca3189a57d7b1dd4701c3df4a542cc9042ae985cc0b3daef5,OBS-FR-OI-SIMPLE-SOURCING-8,3a5c386500cd53b1784bb548d0555e2c225bcf9a7d02cef1b6041a600b62190a,RUN-20260821T114001,2026-08-21T11:40:01.305238+04:00
ITM-12c2b662bcda52a1,c2fd84f645037d3c924c2f7165ec5028c0a5a50e35d4f2af76afb9d026e081da,OBS-FR-OI-SIMPLE-SOURCING-8,3a5c386500cd53b1784bb548d0555e2c225bcf9a7d02cef1b6041a600b62190a,RUN-20260821T114001,2026-08-21T11:40:01.305238+04:00
ITM-12c42e6cd7f7c288,19dd303481e39542987284979e6790cbde2a916561a08ae522898a7fc5ee523e,OBS-FR-OI-SIMPLE-SOURCING-8,3a5c386500cd53b1784bb548d0555e2c225bcf9a7d02cef1b6041a600b62190a,RUN-20260821T114001,2026-08-21T11:40:01.305238+04:00
ITM-12efd3c9f0ff5b86,1e23fbffc13f75539b6a803584938d31d48cbd7741d39412be988f798fe5e0f2,OBS-FR-OI-SIMPLE-SOURCING-8,3a5c386500cd53b1784bb548d0555e2c225bcf9a7d02cef1b6041a600b62190a,RUN-20260821T114001,2026-08-21T11:40:01.305238+04:00
ITM-12fddc4c0dc4222c,a653075afa22ede919a641059acb20c2b58b88b64369b38076fedb1691c40464,OBS-FR-OI-SIMPLE-SOURCING-8,3a5c386500cd53b1784bb548d0555e2c225bcf9a7d02cef1b6041a600b62190a,RUN-20260821T114001,2026-08-21T11:40:01.305238+04:00
ITM-138924ed9143382e,af21ea4e91f34663aa273ea104895b87961f8dc9e9e5716c4a086cbe3766dd25,OBS-FR-OI-SIMPLE-SOURCING-8,3a5c386500cd53b1784bb548d0555e2c225bcf9a7d02cef1b6041a600b62190a,RUN-20260821T114001,2026-08-21T11:40:01.305238+04:00
ITM-13c365aea8d21c31,38f217d33cbacb1d80fb0756e61ff0c8a628744e2b71456d7d8a68521b344fa1,OBS-FR-OI-SIMPLE-SOURCING-8,3a5c386500cd53b1784bb548d0555e2c225bcf9a7d02cef1b6041a600b62190a,RUN-20260821T114001,2026-08-21T11:40:01.305238+04:00
ITM-1405c2be130d1ecd,a42a1479648b1bab564b657a618857c9a5cba9c1019b48f8f051c8216947b759,OBS-FR-OI-SIMPLE-SOURCING-8,3a5c386500cd53b1784bb548d0555e2c225bcf9a7d02cef1b6041a600b62190a,RUN-20260821T114001,2026-08-21T11:40:01.305238+04:00
ITM-14097fe8c6268343,a22a777ed1c6f4f4912e848ac3c08abfaa9cbae4e5f1754d65c3670e1ce19ab5,OBS-FR-OI-SIMPLE-SOURCING-8,3a5c386500cd53b1784bb548d0555e2c225bcf9a7d02cef1b6041a600b62190a,RUN-20260821T114001,2026-08-21T11:40:01.305238+04:00
ITM-145ff5995c92a02d,acf26aaa28a437e3f060aa6b3d3ee024410e7c79969eec914d0462821a6850ad,OBS-FR-OI-SIMPLE-SOURCING-8,3a5c386500cd53b1784bb548d0555e2c225bcf9a7d02cef1b6041a600b62190a,RUN-20260821T114001,2026-08-21T11:40:01.305238+04:00
ITM-148d65792859dc97,28127cb2b34fc4a7902549eb4e1269623e074a8a7f130ce9c0b133b677a62298,OBS-FR-OI-SIMPLE-SOURCING-8,3a5c386500cd53b1784bb548d0555e2c225bcf9a7d02cef1b6041a600b62190a,RUN-20260821T114001,2026-08-21T11:40:01.305238+04:00
ITM-149382450d886235,100e73c1c5eab043824edb14cf8ca33d28b92cfc63644c15e64da759d01a8f78,OBS-FR-OI-SIMPLE-SOURCING-8,3a5c386500cd53b1784bb548d0555e2c225bcf9a7d02cef1b6041a600b62190a,RUN-20260821T114001,2026-08-21T11:40:01.305238+04:00
ITM-1531de5fcb7b2920,234a1acaeb7fe36189acfbe64b7211336d5578ffc91ab318350b943187095ceb,OBS-FR-OI-SIMPLE-SOURCING-8,3a5c386500cd53b1784bb548d0555e2c225bcf9a7d02cef1b6041a600b62190a,RUN-20260821T114001,2026-08-21T11:40:01.305238+04:00
ITM-157ec8180d223fb4,8cbfabe43eb633b682733a9eea72c170fee2419b57b3c751add519a3232a8d2b,OBS-FR-OI-SIMPLE-SOURCING-8,3a5c386500cd53b1784bb548d0555e2c225bcf9a7d02cef1b6041a600b62190a,RUN-20260821T114001,2026-08-21T11:40:01.305238+04:00
ITM-15e8d2e551df0802,8052065ccf01392552ab03c4e1a1782b60b36629eb71c3a260aeb30b090160d2,OBS-FR-OI-SIMPLE-SOURCING-8,3a5c386500cd53b1784bb548d0555e2c225bcf9a7d02cef1b6041a600b62190a,RUN-20260821T114001,2026-08-21T11:40:01.305238+04:00
ITM-163615d7c9f7aa59,c61fa8dc23ae3cd2902d1a06a31a0f6399cbac0d89f1160507350c49831f438e,OBS-FR-OI-SIMPLE-SOURCING-8,3a5c386500cd53b1784bb548d0555e2c225bcf9a7d02cef1b6041a600b62190a,RUN-20260821T114001,2026-08-21T11:40:01.305238+04:00
ITM-166bd5cffe402fcb,3056779c43b2a191adf128b7c47eda43cc67036cf3cbb1f27d4e0bdfce1698fc,OBS-FR-OI-SIMPLE-SOURCING-8,3a5c386500cd53b1784bb548d0555e2c225bcf9a7d02cef1b6041a600b62190a,RUN-20260821T114001,2026-08-21T11:40:01.305238+04:00
ITM-1684cdf6989b703f,f595a88b275d3bf3d729abb1de8c07f84425b0a0fed2cebcb282049a1b6a85a5,OBS-FR-OI-SIMPLE-SOURCING-8,3a5c386500cd53b1784bb548d0555e2c225bcf9a7d02cef1b6041a600b62190a,RUN-20260821T114001,2026-08-21T11:40:01.305238+04:00
ITM-16932e47eab9036d,49a0ab968e070e7b29bb6f33a1231176242fd9f808ab5a8e78c7f8d1f0641fe7,OBS-FR-OI-SIMPLE-SOURCING-8,3a5c386500cd53b1784bb548d0555e2c225bcf9a7d02cef1b6041a600b62190a,RUN-20260821T114001,2026-08-21T11:40:01.305238+04:00
ITM-16b33d8821d927b3,7c0814d26d41bb0ae90090b37da9e7fc4080c68dba9a1cf5d2f525956595e897,OBS-FR-OI-SIMPLE-SOURCING-8,3a5c386500cd53b1784bb548d0555e2c225bcf9a7d02cef1b6041a600b62190a,RUN-20260821T114001,2026-08-21T11:40:01.305238+04:00
ITM-16b6aa02661200f5,b93753088ddba92190512e2d4dee028de86f23ce3aa7ca11aa8f8a9e0f44c91e,OBS-FR-OI-SIMPLE-SOURCING-8,3a5c386500cd53b1784bb548d0555e2c225bcf9a7d02cef1b6041a600b62190a,RUN-20260821T114001,2026-08-21T11:40:01.305238+04:00
ITM-16baa08a1203a688,d6e9615f93448ad4e0143fad6446c68d3f1890c1d0c58b9eba05860ccd3767ee,OBS-FR-OI-SIMPLE-SOURCING-8,3a5c386500cd53b1784bb548d0555e2c225bcf9a7d02cef1b6041a600b62190a,RUN-20260821T114001,2026-08-21T11:40:01.305238+04:00
ITM-16e1b365df062e31,06a9795ccc1cae63f2da5effa8c9de639ffa2ea647b205ad1a02622ee7148efd,OBS-FR-OI-SIMPLE-SOURCING-8,3a5c386500cd53b1784bb548d0555e2c225bcf9a7d02cef1b6041a600b62190a,RUN-20260821T114001,2026-08-21T11:40:01.305238+04:00
ITM-1727d5995cd0b94f,0babb53b9cfe9ee1fe430a427054c9639514392961ead5ed111b94b10a79c662,OBS-FR-OI-SIMPLE-SOURCING-8,3a5c386500cd53b1784bb548d0555e2c225bcf9a7d02cef1b6041a600b62190a,RUN-20260821T114001,2026-08-21T11:40:01.305238+04:00
ITM-174aa1135065caa2,6ff7f06a5f8fa2678d8e29f88554059676e6db49cd87fdaccf9a94784719bdf1,OBS-FR-OI-SIMPLE-SOURCING-8,3a5c386500cd53b1784bb548d0555e2c225bcf9a7d02cef1b6041a600b62190a,RUN-20260821T114001,2026-08-21T11:40:01.305238+04:00
ITM-174e230214ed401f,d9fb267ca200055d5a346f2f9b77d991a22894b91e0a905030c5d3e2dc01610c,OBS-FR-OI-SIMPLE-SOURCING-8,3a5c386500cd53b1784bb548d0555e2c225bcf9a7d02cef1b6041a600b62190a,RUN-20260821T114001,2026-08-21T11:40:01.305238+04:00
ITM-176d6d6164dfd493,a254b5ceb0b34eb13753a67a2211e5fcfd48ff10f9ec012ad4dc95365551c9df,OBS-FR-OI-SIMPLE-SOURCING-8,3a5c386500cd53b1784bb548d0555e2c225bcf9a7d02cef1b6041a600b62190a,RUN-20260821T114001,2026-08-21T11:40:01.305238+04:00
ITM-178cfa85173845d7,0daf19ccdac5a8eb96ade81ad48cacb9859526c3604f717a2dea2c104f3daba1,OBS-FR-OI-SIMPLE-SOURCING-8,3a5c386500cd53b1784bb548d0555e2c225bcf9a7d02cef1b6041a600b62190a,RUN-20260821T114001,2026-08-21T11:40:01.305238+04:00
ITM-17e60b8a16b53009,b00f90ccadd0ec568069655e164fa6deca154857f85e04495b4891dff45a7a98,OBS-FR-OI-SIMPLE-SOURCING-8,3a5c386500cd53b1784bb548d0555e2c225bcf9a7d02cef1b6041a600b62190a,RUN-20260821T114001,2026-08-21T11:40:01.305238+04:00
ITM-186367d25b8353be,d3a847efce37eac8d689e782321df690f778d061db761854d331cdc2008c171e,OBS-FR-OI-SIMPLE-SOURCING-8,3a5c386500cd53b1784bb548d0555e2c225bcf9a7d02cef1b6041a600b62190a,RUN-20260821T114001,2026-08-21T11:40:01.305238+04:00
ITM-189bd07440b5fa3e,421bdb3c64b02988f1a13a8d32effbf5f0f52ee396a30dc1f78e4909682161f4,OBS-FR-OI-SIMPLE-SOURCING-8,3a5c386500cd53b1784bb548d0555e2c225bcf9a7d02cef1b6041a600b62190a,RUN-20260821T114001,2026-08-21T11:40:01.305238+04:00
ITM-191b5674790ce220,7439750788ea9057b9e01c07270e564d09ce8f551a8dba433cf7a5a499dc17b1,OBS-FR-OI-SIMPLE-SOURCING-8,3a5c386500cd53b1784bb548d0555e2c225bcf9a7d02cef1b6041a600b62190a,RUN-20260821T114001,2026-08-21T11:40:01.305238+04:00
ITM-1925f941acc44c6a,053059cc6f7f87b6817439e20ba1ca3beb23d9c47b81aabfae474b545e9d0bba,OBS-FR-OI-SIMPLE-SOURCING-8,3a5c386500cd53b1784bb548d0555e2c225bcf9a7d02cef1b6041a600b62190a,RUN-20260821T114001,2026-08-21T11:40:01.305238+04:00
ITM-1941a3ab487817da,e6ba0dbd99648cbd75be66e20936911a6bbcd24e218af0bb5acea2c06cd3d188,OBS-FR-OI-SIMPLE-SOURCING-8,3a5c386500cd53b1784bb548d0555e2c225bcf9a7d02cef1b6041a600b62190a,RUN-20260821T114001,2026-08-21T11:40:01.305238+04:00
ITM-19791620146f2ed3,8ab7266d45611c1e1d19f3ffba5fc27abc2f664fa35d29eda08fa0013a40b8b6,OBS-FR-OI-SIMPLE-SOURCING-8,3a5c386500cd53b1784bb548d0555e2c225bcf9a7d02cef1b6041a600b62190a,RUN-20260821T114001,2026-08-21T11:40:01.305238+04:00
ITM-198cb46c20a6d114,31ecaba9771547a36da35d55c12acf2c5022de392ff0550ec86251cad93c7c2b,OBS-FR-OI-SIMPLE-SOURCING-8,3a5c386500cd53b1784bb548d0555e2c225bcf9a7d02cef1b6041a600b62190a,RUN-20260821T114001,2026-08-21T11:40:01.305238+04:00
ITM-19a8ed99ad988174,41f267ed6015ffad3391a8c24dd5c7f5e694897cc9f86dcb7db8b558eb1982d7,OBS-FR-OI-SIMPLE-SOURCING-8,3a5c386500cd53b1784bb548d0555e2c225bcf9a7d02cef1b6041a600b62190a,RUN-20260821T114001,2026-08-21T11:40:01.305238+04:00
ITM-19c23a895740e5e6,31f4ccb2cfd8ffa197c478a994af7b131ac993d5f4989bc0e7e41fc28db367db,OBS-FR-OI-SIMPLE-SOURCING-8,3a5c386500cd53b1784bb548d0555e2c225bcf9a7d02cef1b6041a600b62190a,RUN-20260821T114001,2026-08-21T11:40:01.305238+04:00
ITM-19d1356065f238ef,4cbf891c307e115ef4752d25bd6dda6e26e8b53af38c113559039d5cb910e61f,OBS-FR-OI-SIMPLE-SOURCING-8,3a5c386500cd53b1784bb548d0555e2c225bcf9a7d02cef1b6041a600b62190a,RUN-20260821T114001,2026-08-21T11:40:01.305238+04:00
ITM-1a9b3e882ac9ef7a,6fd2609445d621471ede861ee265cf4d9a8c6a2a389eec6c7bd4afa1230850e4,OBS-FR-OI-SIMPLE-SOURCING-8,3a5c386500cd53b1784bb548d0555e2c225bcf9a7d02cef1b6041a600b62190a,RUN-20260821T114001,2026-08-21T11:40:01.305238+04:00
ITM-1aa602530f6dfa07,92d04c945969ec2305d42d2659ef7168aea9592e0f7c74692ffaf878a7c5ebaa,OBS-FR-OI-SIMPLE-SOURCING-8,3a5c386500cd53b1784bb548d0555e2c225bcf9a7d02cef1b6041a600b62190a,RUN-20260821T114001,2026-08-21T11:40:01.305238+04:00
ITM-1b1e27a63a03e0b0,dda761c50004532182448edef91e3979a530785c3f6c15b3741d3f379c648cd8,OBS-FR-OI-SIMPLE-SOURCING-8,3a5c386500cd53b1784bb548d0555e2c225bcf9a7d02cef1b6041a600b62190a,RUN-20260821T114001,2026-08-21T11:40:01.305238+04:00
ITM-1c429f2e5c0fd626,ec1ee8797c3ccca724544cef4a5e636867d67eeeaed2ba9500d6c0b318d21239,OBS-FR-OI-SIMPLE-SOURCING-8,3a5c386500cd53b1784bb548d0555e2c225bcf9a7d02cef1b6041a600b62190a,RUN-20260821T114001,2026-08-21T11:40:01.305238+04:00
ITM-1c5366e5d595a5b8,31b0eed3735993c5ef5bfba50789744fce1113e7b33289db712377410cd64722,OBS-FR-OI-SIMPLE-SOURCING-8,3a5c386500cd53b1784bb548d0555e2c225bcf9a7d02cef1b6041a600b62190a,RUN-20260821T114001,2026-08-21T11:40:01.305238+04:00
ITM-1d1f4b3772c629ec,70092108de0a69f45bd336863635683a00e5d1fb7fc1c04086eea6fd39cf7384,OBS-FR-OI-SIMPLE-SOURCING-8,3a5c386500cd53b1784bb548d0555e2c225bcf9a7d02cef1b6041a600b62190a,RUN-20260821T114001,2026-08-21T11:40:01.305238+04:00
ITM-1d4f3e5c7fa6b19e,ed447a41a4d2077152e3c12c4c6d960f28d7e94697810a7c5e42e063a680d7e6,OBS-FR-OI-SIMPLE-SOURCING-8,3a5c386500cd53b1784bb548d0555e2c225bcf9a7d02cef1b6041a600b62190a,RUN-20260821T114001,2026-08-21T11:40:01.305238+04:00
ITM-1d79908044660863,b75530fc21ac1e6e0c36fd57064910cb52b6b154381d735042297286d6310b6c,OBS-FR-OI-SIMPLE-SOURCING-8,3a5c386500cd53b1784bb548d0555e2c225bcf9a7d02cef1b6041a600b62190a,RUN-20260821T114001,2026-08-21T11:40:01.305238+04:00
ITM-1d7c7ad9592b5ba2,a8e5e6469f1dfe4aac75ac7c3f00abdc6ea3826a46fb36957f28c8e38af768b0,OBS-FR-OI-SIMPLE-SOURCING-8,3a5c386500cd53b1784bb548d0555e2c225bcf9a7d02cef1b6041a600b62190a,RUN-20260821T114001,2026-08-21T11:40:01.305238+04:00
ITM-1d969c0cb2336c84,b9dc8a55a1d25742e0550e4d6baa00eb585f2b9a2422edca607f69e4d0784e91,OBS-FR-OI-SIMPLE-SOURCING-8,3a5c386500cd53b1784bb548d0555e2c225bcf9a7d02cef1b6041a600b62190a,RUN-20260821T114001,2026-08-21T11:40:01.305238+04:00
ITM-1da1b871787bdc73,994b83b70b84779368cab5e64995c3d93ed8c97f5ae824cb30508ea696e340b8,OBS-FR-OI-SIMPLE-SOURCING-8,3a5c386500cd53b1784bb548d0555e2c225bcf9a7d02cef1b6041a600b62190a,RUN-20260821T114001,2026-08-21T11:40:01.305238+04:00
ITM-1df989f797ffbedb,37940a49c0b55dc6dbea2695b5999c4a002c1012c857edfecb17504f474ecebd,OBS-FR-OI-SIMPLE-SOURCING-8,3a5c386500cd53b1784bb548d0555e2c225bcf9a7d02cef1b6041a600b62190a,RUN-20260821T114001,2026-08-21T11:40:01.305238+04:00
ITM-1e10bd27f0de50d5,cd9cfbbfdf868c43c9866e5ad9b6f246b9f75928ade02c7fb1c2321c9eb6532b,OBS-FR-OI-SIMPLE-SOURCING-8,3a5c386500cd53b1784bb548d0555e2c225bcf9a7d02cef1b6041a600b62190a,RUN-20260821T114001,2026-08-21T11:40:01.305238+04:00
ITM-1e2583638be83a87,e5cfe13c06c02da77e8c4da4560ad32a87caad0586c1269e26631f568d51aead,OBS-FR-OI-SIMPLE-SOURCING-8,3a5c386500cd53b1784bb548d0555e2c225bcf9a7d02cef1b6041a600b62190a,RUN-20260821T114001,2026-08-21T11:40:01.305238+04:00
ITM-1e43c437c74b3c6c,c54c59a101f77977901c0b4a434c5c0351ab830658abcec631947743f862c10d,OBS-FR-OI-SIMPLE-SOURCING-8,3a5c386500cd53b1784bb548d0555e2c225bcf9a7d02cef1b6041a600b62190a,RUN-20260821T114001,2026-08-21T11:40:01.305238+04:00
ITM-1e5b448f3ca30e31,e11ee52bfddb9f7322371aa703238bc22e4d509fdf88e3894a1ada05f873bafa,OBS-FR-OI-SIMPLE-SOURCING-8,3a5c386500cd53b1784bb548d0555e2c225bcf9a7d02cef1b6041a600b62190a,RUN-20260821T114001,2026-08-21T11:40:01.305238+04:00
ITM-1eb6515e2ca46a8b,2a1028e3e969b418ced25b4a761b18eefff11a56097345b3fa8ffebc68a50481,OBS-FR-OI-SIMPLE-SOURCING-8,3a5c386500cd53b1784bb548d0555e2c225bcf9a7d02cef1b6041a600b62190a,RUN-20260821T114001,2026-08-21T11:40:01.305238+04:00
ITM-1ee6f6cbcdcfbbb3,87b89428e37fdc3a6ea3965e263fec3ad41a7a0bf1474038fab7396f6c526fa3,OBS-FR-OI-SIMPLE-SOURCING-8,3a5c386500cd53b1784bb548d0555e2c225bcf9a7d02cef1b6041a600b62190a,RUN-20260821T114001,2026-08-21T11:40:01.305238+04:00
ITM-1ef73e8b1eaed406,0aa54de9273eebc72f298f8f6057ab13adb7c9ca3cab575c06a61e39e18ac088,OBS-FR-OI-SIMPLE-SOURCING-8,3a5c386500cd53b1784bb548d0555e2c225bcf9a7d02cef1b6041a600b62190a,RUN-20260821T114001,2026-08-21T11:40:01.305238+04:00
ITM-1f052644476b0bdf,948e93f1c82543be0fa7290878954609a3a2e5b3de4c1fb754a70fb876f10368,OBS-FR-OI-SIMPLE-SOURCING-8,3a5c386500cd53b1784bb548d0555e2c225bcf9a7d02cef1b6041a600b62190a,RUN-20260821T114001,2026-08-21T11:40:01.305238+04:00
ITM-1f0ab32d274268c5,03bb162f0976b282184550456ef2e6baac5d4eb61a23dd349fca3dfdebed8637,OBS-FR-OI-SIMPLE-SOURCING-8,3a5c386500cd53b1784bb548d0555e2c225bcf9a7d02cef1b6041a600b62190a,RUN-20260821T114001,2026-08-21T11:40:01.305238+04:00
ITM-1f215ed45c170622,c25c3e47cdd7f5ba36aa44fc7865e91c66ab423f9add8c05189d41cf21f1fafc,OBS-FR-OI-SIMPLE-SOURCING-8,3a5c386500cd53b1784bb548d0555e2c225bcf9a7d02cef1b6041a600b62190a,RUN-20260821T114001,2026-08-21T11:40:01.305238+04:00
ITM-1f4e8297dec64af5,8f04541f7a5d6c874efb4ee0b471204b1cb18670db4f432d5767709796e8260f,OBS-FR-OI-SIMPLE-SOURCING-8,3a5c386500cd53b1784bb548d0555e2c225bcf9a7d02cef1b6041a600b62190a,RUN-20260821T114001,2026-08-21T11:40:01.305238+04:00
ITM-1f6e17c0ce60e40b,41be769cbfb15cbb24004e80940e6dc49d3f7603407045c53cd9741b9c7805b2,OBS-FR-OI-SIMPLE-SOURCING-8,3a5c386500cd53b1784bb548d0555e2c225bcf9a7d02cef1b6041a600b62190a,RUN-20260821T114001,2026-08-21T11:40:01.305238+04:00
ITM-1fd99d34255bf919,2686ad6d1d4afe8e4765ef1c5f0cb27d5b3c7d828d29a7f27b97dc3008f71492,OBS-FR-OI-SIMPLE-SOURCING-8,3a5c386500cd53b1784bb548d0555e2c225bcf9a7d02cef1b6041a600b62190a,RUN-20260821T114001,2026-08-21T11:40:01.305238+04:00
ITM-1fdcf3bb7afcc977,d09faad8562aeb9c41de9ca7248a13b4d4617a9c642812c583cea0284fba0383,OBS-FR-OI-SIMPLE-SOURCING-8,3a5c386500cd53b1784bb548d0555e2c225bcf9a7d02cef1b6041a600b62190a,RUN-20260821T114001,2026-08-21T11:40:01.305238+04:00
ITM-201dda3fd7cca1a6,0e97ca49d8fc43985d71300c21e0bedd608f26b4be25769822ec71767024a17a,OBS-FR-OI-SIMPLE-SOURCING-8,3a5c386500cd53b1784bb548d0555e2c225bcf9a7d02cef1b6041a600b62190a,RUN-20260821T114001,2026-08-21T11:40:01.305238+04:00
ITM-205fad16b2c103a8,ad94bfa6a3d3c389193dc311f18760abd0dd02eaebf410b26391282f385d10ab,OBS-FR-OI-SIMPLE-SOURCING-8,3a5c386500cd53b1784bb548d0555e2c225bcf9a7d02cef1b6041a600b62190a,RUN-20260821T114001,2026-08-21T11:40:01.305238+04:00
ITM-206f73f9e8b77bb9,9826fbb4031e51bfe8bb33fa5d89d1c4a34f82cc53f6cbad0ed7c0112c10e3bb,OBS-FR-OI-SIMPLE-SOURCING-8,3a5c386500cd53b1784bb548d0555e2c225bcf9a7d02cef1b6041a600b62190a,RUN-20260821T114001,2026-08-21T11:40:01.305238+04:00
ITM-2075525fe1b12382,ddb306d6a372800bbbb8dcb8cc547892cfb140b7f1f384f5b403e70f09458f8f,OBS-FR-OI-SIMPLE-SOURCING-8,3a5c386500cd53b1784bb548d0555e2c225bcf9a7d02cef1b6041a600b62190a,RUN-20260821T114001,2026-08-21T11:40:01.305238+04:00
ITM-20afe79fae511313,fe8b147bd3a814820c1abc826ff59cfb2be54b840e2aba2a5d8e8e28a79db43c,OBS-FR-OI-SIMPLE-SOURCING-8,3a5c386500cd53b1784bb548d0555e2c225bcf9a7d02cef1b6041a600b62190a,RUN-20260821T114001,2026-08-21T11:40:01.305238+04:00
ITM-20ebf0b4645653ac,5acff1da1bf722764f9f59220dbc11241e3383e56de91219eee2b90897f10d87,OBS-FR-OI-SIMPLE-SOURCING-8,3a5c386500cd53b1784bb548d0555e2c225bcf9a7d02cef1b6041a600b62190a,RUN-20260821T114001,2026-08-21T11:40:01.305238+04:00
ITM-213f922056c63ae5,a11821401bc67ce21c3b8229b6727da2809beaba04b56f5f040d02e16b720c69,OBS-FR-OI-SIMPLE-SOURCING-8,3a5c386500cd53b1784bb548d0555e2c225bcf9a7d02cef1b6041a600b62190a,RUN-20260821T114001,2026-08-21T11:40:01.305238+04:00
ITM-2177bfacf5e3aa66,816d95c82b61850c4c84993b72132d4cf25f823a1f7a4a9fe17ffa44c5a93dbc,OBS-FR-OI-SIMPLE-SOURCING-8,3a5c386500cd53b1784bb548d0555e2c225bcf9a7d02cef1b6041a600b62190a,RUN-20260821T114001,2026-08-21T11:40:01.305238+04:00
ITM-2182974e2680d4a9,28b172025a49f9db48351050ed633218939e26cdd44c7492ac2ae51cbd730088,OBS-FR-OI-SIMPLE-SOURCING-8,3a5c386500cd53b1784bb548d0555e2c225bcf9a7d02cef1b6041a600b62190a,RUN-20260821T114001,2026-08-21T11:40:01.305238+04:00
ITM-21e94b8e42c9be69,5d669e222a8d38a9ce29381fe97343ea1ed4fb8d5cf732082fc137caa2edbb13,OBS-FR-OI-SIMPLE-SOURCING-8,3a5c386500cd53b1784bb548d0555e2c225bcf9a7d02cef1b6041a600b62190a,RUN-20260821T114001,2026-08-21T11:40:01.305238+04:00
ITM-21fc6dd42b4e952c,00c2d96b2fdcac7afd7ac3e3dca006d7d2c34261511fd6c8bb821c8fc153f4c2,OBS-FR-OI-SIMPLE-SOURCING-8,3a5c386500cd53b1784bb548d0555e2c225bcf9a7d02cef1b6041a600b62190a,RUN-20260821T114001,2026-08-21T11:40:01.305238+04:00
ITM-22156441c933a214,657fc4455dc7b46ed268cd8cdf15393873fbfa32f4ffea7257034c744d4dbd6b,OBS-FR-OI-SIMPLE-SOURCING-8,3a5c386500cd53b1784bb548d0555e2c225bcf9a7d02cef1b6041a600b62190a,RUN-20260821T114001,2026-08-21T11:40:01.305238+04:00
ITM-22262d8dead57847,e252fe206156e750ea88be75b4c3801e53003e067abaa9f568f7e972a4c79de8,OBS-FR-OI-SIMPLE-SOURCING-8,3a5c386500cd53b1784bb548d0555e2c225bcf9a7d02cef1b6041a600b62190a,RUN-20260821T114001,2026-08-21T11:40:01.305238+04:00
ITM-22320d2daa338297,b55c4abc1766cf8c4481c2d383f068d2a1be974083f2d1ddc5e96c58b85ea4c1,OBS-FR-OI-SIMPLE-SOURCING-8,3a5c386500cd53b1784bb548d0555e2c225bcf9a7d02cef1b6041a600b62190a,RUN-20260821T114001,2026-08-21T11:40:01.305238+04:00
ITM-2249150bcb3835dc,c6e4ce0b277ae3a56c513964ce4afe087dcaa12cf9b9b955e1315fbc122d8380,OBS-FR-OI-SIMPLE-SOURCING-8,3a5c386500cd53b1784bb548d0555e2c225bcf9a7d02cef1b6041a600b62190a,RUN-20260821T114001,2026-08-21T11:40:01.305238+04:00
ITM-2314df5a3d3d6829,910e8731fe08cfdc6373e369e1cea3399665e5dfeab75772e93291b4ddd0bad3,OBS-FR-OI-SIMPLE-SOURCING-8,3a5c386500cd53b1784bb548d0555e2c225bcf9a7d02cef1b6041a600b62190a,RUN-20260821T114001,2026-08-21T11:40:01.305238+04:00
ITM-23191062b6effb9a,b2b4092eea616e7287ae6c66b6712c4dffa957d2f2ecd595d09c4f224b3cf10c,OBS-FR-OI-SIMPLE-SOURCING-8,3a5c386500cd53b1784bb548d0555e2c225bcf9a7d02cef1b6041a600b62190a,RUN-20260821T114001,2026-08-21T11:40:01.305238+04:00
ITM-23523fcc94824ff1,4e225dbe3b65d1ccaeba6d1ea6b0250624edaec12a329230f1982c67c627e692,OBS-FR-OI-SIMPLE-SOURCING-8,3a5c386500cd53b1784bb548d0555e2c225bcf9a7d02cef1b6041a600b62190a,RUN-20260821T114001,2026-08-21T11:40:01.305238+04:00
ITM-2398fc903726c14c,b830f84dce8d18ee221b22edae78e1ef8ba6cf36d6938bb97a6b4133bde3ba2b,OBS-FR-OI-SIMPLE-SOURCING-8,3a5c386500cd53b1784bb548d0555e2c225bcf9a7d02cef1b6041a600b62190a,RUN-20260821T114001,2026-08-21T11:40:01.305238+04:00
ITM-23c3e5e8d480aef2,616afcb0ed0b1255488236abc2afa87ca07e0648646fbed6c7d43bf5b9d4ae5c,OBS-FR-OI-SIMPLE-SOURCING-8,3a5c386500cd53b1784bb548d0555e2c225bcf9a7d02cef1b6041a600b62190a,RUN-20260821T114001,2026-08-21T11:40:01.305238+04:00
ITM-2468564128fe4e1a,89a31b0c6d79164fc961ba2c6b08c7a4bced1ef74b4072506fd9f312e88367e3,OBS-FR-OI-SIMPLE-SOURCING-8,3a5c386500cd53b1784bb548d0555e2c225bcf9a7d02cef1b6041a600b62190a,RUN-20260821T114001,2026-08-21T11:40:01.305238+04:00
ITM-246da658d179e870,c5697ab06bd64fccb8206a4bb60f7ddd2f59c67c5ea9a0945fbfa15b0f983137,OBS-FR-OI-SIMPLE-SOURCING-8,3a5c386500cd53b1784bb548d0555e2c225bcf9a7d02cef1b6041a600b62190a,RUN-20260821T114001,2026-08-21T11:40:01.305238+04:00
ITM-247f4dff97444f33,04027bad2848c8438dd35abd96ab8605ca129d9f6d0695372ddbebf37d03521a,OBS-FR-OI-SIMPLE-SOURCING-8,3a5c386500cd53b1784bb548d0555e2c225bcf9a7d02cef1b6041a600b62190a,RUN-20260821T114001,2026-08-21T11:40:01.305238+04:00
ITM-24855e8f5a8afd7f,28477abd15948edaaa64f6cea3599e5d0e29dcd57378cd177d71d1a1c9b2bae6,OBS-FR-OI-SIMPLE-SOURCING-8,3a5c386500cd53b1784bb548d0555e2c225bcf9a7d02cef1b6041a600b62190a,RUN-20260821T114001,2026-08-21T11:40:01.305238+04:00
ITM-249b4dde69a7ce06,f7eda44e4b288c48f24a8e002d6a2727e3e0399036665089f583de5d8021414d,OBS-FR-OI-SIMPLE-SOURCING-8,3a5c386500cd53b1784bb548d0555e2c225bcf9a7d02cef1b6041a600b62190a,RUN-20260821T114001,2026-08-21T11:40:01.305238+04:00
ITM-24c5d6d231b18f09,ade4f01d920ee79f9e694186997740f52dac702a54ed6c39dd859cc5c4cc6aeb,OBS-FR-OI-SIMPLE-SOURCING-8,3a5c386500cd53b1784bb548d0555e2c225bcf9a7d02cef1b6041a600b62190a,RUN-20260821T114001,2026-08-21T11:40:01.305238+04:00
ITM-24fa423026187314,5ee9a3a264e5b569dbcb03da4b8b965612cc225def94b312fe472510bcee9941,OBS-FR-OI-SIMPLE-SOURCING-8,3a5c386500cd53b1784bb548d0555e2c225bcf9a7d02cef1b6041a600b62190a,RUN-20260821T114001,2026-08-21T11:40:01.305238+04:00
ITM-255f58fa365fcd72,d72ebfa402c7505a3bebeff3dd03e612683e2cb9c6103e49b1f031e40325c951,OBS-FR-OI-SIMPLE-SOURCING-8,3a5c386500cd53b1784bb548d0555e2c225bcf9a7d02cef1b6041a600b62190a,RUN-20260821T114001,2026-08-21T11:40:01.305238+04:00
ITM-26487d3b2a36a30b,aa6f74f057380d90980523205dc5fc31b4644b7ba6419331f97fe24b901975e1,OBS-FR-OI-SIMPLE-SOURCING-8,3a5c386500cd53b1784bb548d0555e2c225bcf9a7d02cef1b6041a600b62190a,RUN-20260821T114001,2026-08-21T11:40:01.305238+04:00
ITM-2684104d81afedbf,833591a1e13366f722896b6b3d529404bc59bc2015b13fdb3d15197452260dc5,OBS-FR-OI-SIMPLE-SOURCING-8,3a5c386500cd53b1784bb548d0555e2c225bcf9a7d02cef1b6041a600b62190a,RUN-20260821T114001,2026-08-21T11:40:01.305238+04:00
ITM-268ef524b2d70fb5,8526838e998274cea89ff87c15be6c4f7a9bbe6c9df868589fb6684b7754d9da,OBS-FR-OI-SIMPLE-SOURCING-8,3a5c386500cd53b1784bb548d0555e2c225bcf9a7d02cef1b6041a600b62190a,RUN-20260821T114001,2026-08-21T11:40:01.305238+04:00
ITM-269b7ed2a6d0b273,b3d21d2b9007dd8962460fa96f0d505bd584255abab8891b9a9ff6ea93401a32,OBS-FR-OI-SIMPLE-SOURCING-8,3a5c386500cd53b1784bb548d0555e2c225bcf9a7d02cef1b6041a600b62190a,RUN-20260821T114001,2026-08-21T11:40:01.305238+04:00
ITM-26ce968e349877e9,3558d19e10eb2379cc37cccaf59d44eaab7fedf299c7dc1615653f6b011b5f38,OBS-FR-OI-SIMPLE-SOURCING-8,3a5c386500cd53b1784bb548d0555e2c225bcf9a7d02cef1b6041a600b62190a,RUN-20260821T114001,2026-08-21T11:40:01.305238+04:00
ITM-26e4653c4fae2e20,7d4d904f4e96610fbe5b978fdce8881f9e9227adf7922eb975caf37ce7f4336c,OBS-FR-OI-SIMPLE-SOURCING-8,3a5c386500cd53b1784bb548d0555e2c225bcf9a7d02cef1b6041a600b62190a,RUN-20260821T114001,2026-08-21T11:40:01.305238+04:00
ITM-26fa3664882d7189,7c4a17556209fdfe787682a9f864297f2673736e56183b91c51393fc647d4379,OBS-FR-OI-SIMPLE-SOURCING-8,3a5c386500cd53b1784bb548d0555e2c225bcf9a7d02cef1b6041a600b62190a,RUN-20260821T114001,2026-08-21T11:40:01.305238+04:00
ITM-277439c90b63e90f,fd62456eafe31c2984bb910800abdd5566665808c67a37a1f5a38886621d9e3d,OBS-FR-OI-SIMPLE-SOURCING-8,3a5c386500cd53b1784bb548d0555e2c225bcf9a7d02cef1b6041a600b62190a,RUN-20260821T114001,2026-08-21T11:40:01.305238+04:00
ITM-27b21f05fec3395b,d7960526a668e71c7831b5223b672f02a56308aaf3b44bf71a34c31bd412d510,OBS-FR-OI-SIMPLE-SOURCING-8,3a5c386500cd53b1784bb548d0555e2c225bcf9a7d02cef1b6041a600b62190a,RUN-20260821T114001,2026-08-21T11:40:01.305238+04:00
ITM-27cf1b69eb25d777,d7c1a27f3008c9414952c1829f60144ba588233942d7ce3df85882714e1ee2fa,OBS-FR-OI-SIMPLE-SOURCING-8,3a5c386500cd53b1784bb548d0555e2c225bcf9a7d02cef1b6041a600b62190a,RUN-20260821T114001,2026-08-21T11:40:01.305238+04:00
ITM-27e3f039685c5d6a,e9c9734e59d6a9ef227bafad883aaee2a7c565f53d4e8c14d03f5c7f7080b400,OBS-FR-OI-SIMPLE-SOURCING-8,3a5c386500cd53b1784bb548d0555e2c225bcf9a7d02cef1b6041a600b62190a,RUN-20260821T114001,2026-08-21T11:40:01.305238+04:00
ITM-27edc3db68b79f41,a76543eab18b1023ae6fc2499721425b57e8ee08f2aba81891200fd47c049a49,OBS-FR-OI-SIMPLE-SOURCING-8,3a5c386500cd53b1784bb548d0555e2c225bcf9a7d02cef1b6041a600b62190a,RUN-20260821T114001,2026-08-21T11:40:01.305238+04:00
ITM-27ee4be820a5f69e,87f112e239e1f0dae21addd6594afa039d3042e4e91a59ff0ea56b63381ad96a,OBS-FR-OI-SIMPLE-SOURCING-8,3a5c386500cd53b1784bb548d0555e2c225bcf9a7d02cef1b6041a600b62190a,RUN-20260821T114001,2026-08-21T11:40:01.305238+04:00
ITM-2896155f813de93a,d9d41e501d1f026b9714c17eea81e65c4a73885fcfe303c3e3a5fb9a691fe091,OBS-FR-OI-SIMPLE-SOURCING-8,3a5c386500cd53b1784bb548d0555e2c225bcf9a7d02cef1b6041a600b62190a,RUN-20260821T114001,2026-08-21T11:40:01.305238+04:00
ITM-28a0139ac09e8192,0e2d4a837f7d0b940c06e30efa2d7f917fe4df9bcd2582f6f467f00b1944142c,OBS-FR-OI-SIMPLE-SOURCING-8,3a5c386500cd53b1784bb548d0555e2c225bcf9a7d02cef1b6041a600b62190a,RUN-20260821T114001,2026-08-21T11:40:01.305238+04:00
ITM-28e9957400947090,9689514d4bc70fbbb41cd424eadd7016843f7ef1f119eb3f7de5df67561604dd,OBS-FR-OI-SIMPLE-SOURCING-8,3a5c386500cd53b1784bb548d0555e2c225bcf9a7d02cef1b6041a600b62190a,RUN-20260821T114001,2026-08-21T11:40:01.305238+04:00
ITM-295bbb44a2869caa,58e91b0d6c1678ea78dd630592ffe407c56ca8a7765a0db90cf3dd95a7f0f119,OBS-FR-OI-SIMPLE-SOURCING-8,3a5c386500cd53b1784bb548d0555e2c225bcf9a7d02cef1b6041a600b62190a,RUN-20260821T114001,2026-08-21T11:40:01.305238+04:00
ITM-295bfefc6fc53d5e,ee6f81be0c45b76f2a85012f7b9f087045490c63db67c29a7875b2a4973260b0,OBS-FR-OI-SIMPLE-SOURCING-8,3a5c386500cd53b1784bb548d0555e2c225bcf9a7d02cef1b6041a600b62190a,RUN-20260821T114001,2026-08-21T11:40:01.305238+04:00
ITM-296dcc1b98de858e,cdf6cbca620701225bc255284feeb53619fcafb9b1402535c7b8d922990f783f,OBS-FR-OI-SIMPLE-SOURCING-8,3a5c386500cd53b1784bb548d0555e2c225bcf9a7d02cef1b6041a600b62190a,RUN-20260821T114001,2026-08-21T11:40:01.305238+04:00
ITM-2980c7c892d07c1b,80005650fff0a12bef85f268d60e71e340cf4aec25f72f521f119659c2fb49de,OBS-FR-OI-SIMPLE-SOURCING-8,3a5c386500cd53b1784bb548d0555e2c225bcf9a7d02cef1b6041a600b62190a,RUN-20260821T114001,2026-08-21T11:40:01.305238+04:00
ITM-298d229e760740db,ab8f21b8887dd74dab0987e7865a7bc680a7d896fb193e79b7508688b2589248,OBS-FR-OI-SIMPLE-SOURCING-8,3a5c386500cd53b1784bb548d0555e2c225bcf9a7d02cef1b6041a600b62190a,RUN-20260821T114001,2026-08-21T11:40:01.305238+04:00
ITM-29a6c509ea96dd94,ca20574f5df25d4a6edfd4da8487f6e55871c256e6dbd07a375c4112f3446fdc,OBS-FR-OI-SIMPLE-SOURCING-8,3a5c386500cd53b1784bb548d0555e2c225bcf9a7d02cef1b6041a600b62190a,RUN-20260821T114001,2026-08-21T11:40:01.305238+04:00
ITM-29ad2fef543694a2,0c3092e52d43d2f8b0e5247f99c1d541a0175aa998dc3d4402017ea35272073b,OBS-FR-OI-SIMPLE-SOURCING-8,3a5c386500cd53b1784bb548d0555e2c225bcf9a7d02cef1b6041a600b62190a,RUN-20260821T114001,2026-08-21T11:40:01.305238+04:00
ITM-29aec06e45af16fa,3edf6b7ba679cfe554f6aba8e135bed5bc0c841a9461bb9b3db1afcb1ec8dfd7,OBS-FR-OI-SIMPLE-SOURCING-8,3a5c386500cd53b1784bb548d0555e2c225bcf9a7d02cef1b6041a600b62190a,RUN-20260821T114001,2026-08-21T11:40:01.305238+04:00
ITM-29dc67fbaae4c408,cf07cb73be12fbad63c2a18129898c2144f8133882482ef9337fa687ad42104a,OBS-FR-OI-SIMPLE-SOURCING-8,3a5c386500cd53b1784bb548d0555e2c225bcf9a7d02cef1b6041a600b62190a,RUN-20260821T114001,2026-08-21T11:40:01.305238+04:00
ITM-29f9a37181b762c0,1ecc1804e4cfc9d28b23bb330a8dd264082647e2ce9d826923481b6ce52a2d26,OBS-FR-OI-SIMPLE-SOURCING-8,3a5c386500cd53b1784bb548d0555e2c225bcf9a7d02cef1b6041a600b62190a,RUN-20260821T114001,2026-08-21T11:40:01.305238+04:00
ITM-2a0a03c7945724c5,9b64087c74e59c5e87698b6e949721d0374f9fc17d93937b567ca149b119b79d,OBS-FR-OI-SIMPLE-SOURCING-8,3a5c386500cd53b1784bb548d0555e2c225bcf9a7d02cef1b6041a600b62190a,RUN-20260821T114001,2026-08-21T11:40:01.305238+04:00
ITM-2a15e5cd24de9f02,23b3de82562e291e956c3dcab14c7abb6d56357812de6e5e9f555c31cb8fd2fa,OBS-FR-OI-SIMPLE-SOURCING-8,3a5c386500cd53b1784bb548d0555e2c225bcf9a7d02cef1b6041a600b62190a,RUN-20260821T114001,2026-08-21T11:40:01.305238+04:00
ITM-2a98e1f1110fd74e,5843f572fb22c828f9848f2613c7904ec971e236b29446a8bc676dad1b9c8a02,OBS-FR-OI-SIMPLE-SOURCING-8,3a5c386500cd53b1784bb548d0555e2c225bcf9a7d02cef1b6041a600b62190a,RUN-20260821T114001,2026-08-21T11:40:01.305238+04:00
ITM-2aa8d0673a0a0bdf,9a8c1f17427dfc3efe09d48ba77610caeab6dd60754446ae3e008f6b610d9b07,OBS-FR-OI-SIMPLE-SOURCING-8,3a5c386500cd53b1784bb548d0555e2c225bcf9a7d02cef1b6041a600b62190a,RUN-20260821T114001,2026-08-21T11:40:01.305238+04:00
ITM-2aebab4aa64a90ce,529cf7b64efda554eeea6d8b3882e67739f6782a0f843d3427a3179d1f656a5e,OBS-FR-OI-SIMPLE-SOURCING-8,3a5c386500cd53b1784bb548d0555e2c225bcf9a7d02cef1b6041a600b62190a,RUN-20260821T114001,2026-08-21T11:40:01.305238+04:00
ITM-2b76e8647a39221c,27452668b0efbcda4d99f1f4ab301ec1a9e60eeacacdc3432e6733c817181ead,OBS-FR-OI-SIMPLE-SOURCING-8,3a5c386500cd53b1784bb548d0555e2c225bcf9a7d02cef1b6041a600b62190a,RUN-20260821T114001,2026-08-21T11:40:01.305238+04:00
ITM-2b8c9b61526969e0,0b856c9eb6873558ef650faae73e89c4aa5acd2a6b22ebab83f975bde6720143,OBS-FR-OI-SIMPLE-SOURCING-8,3a5c386500cd53b1784bb548d0555e2c225bcf9a7d02cef1b6041a600b62190a,RUN-20260821T114001,2026-08-21T11:40:01.305238+04:00
ITM-2b9d8705c52c56ca,b4d7f51fe8e724aa95660ca911ce4dccbcbb697499f6f01461b2940ff93a4231,OBS-FR-OI-SIMPLE-SOURCING-8,3a5c386500cd53b1784bb548d0555e2c225bcf9a7d02cef1b6041a600b62190a,RUN-20260821T114001,2026-08-21T11:40:01.305238+04:00
ITM-2ba3e3c2f36fb9f7,58c9f96a0aeee806eab8ccbc13bc36060fd93ac579082f4fafa5f3ca6ad5a703,OBS-FR-OI-SIMPLE-SOURCING-8,3a5c386500cd53b1784bb548d0555e2c225bcf9a7d02cef1b6041a600b62190a,RUN-20260821T114001,2026-08-21T11:40:01.305238+04:00
ITM-2c144248ae323296,e96b6739a3e4f7e3b0da2b465c2b34bdba9e2815bd91e6d74b6ce27285126945,OBS-FR-OI-SIMPLE-SOURCING-8,3a5c386500cd53b1784bb548d0555e2c225bcf9a7d02cef1b6041a600b62190a,RUN-20260821T114001,2026-08-21T11:40:01.305238+04:00
ITM-2c396f6864f1d87b,d913be6d9146abb5df1b2e79fc96464cef484d4e45d09ae806cffb3e675e542c,OBS-FR-OI-SIMPLE-SOURCING-8,3a5c386500cd53b1784bb548d0555e2c225bcf9a7d02cef1b6041a600b62190a,RUN-20260821T114001,2026-08-21T11:40:01.305238+04:00
ITM-2c4ab0a765e83ffa,a099aaa07776fb7d15f6355f712a31aa975d8e4745e62a9fc0d94dcc5d8ecca2,OBS-FR-OI-SIMPLE-SOURCING-8,3a5c386500cd53b1784bb548d0555e2c225bcf9a7d02cef1b6041a600b62190a,RUN-20260821T114001,2026-08-21T11:40:01.305238+04:00
ITM-2c5f5d803c594745,ce7d28773fa6b052e12c00a693f0b21bcea218556c6cf535b77cc2af3d9cc27d,OBS-FR-OI-SIMPLE-SOURCING-8,3a5c386500cd53b1784bb548d0555e2c225bcf9a7d02cef1b6041a600b62190a,RUN-20260821T114001,2026-08-21T11:40:01.305238+04:00
ITM-2ca1bc720708b178,f04882257b4c4c820035fabb3b262c72e8adbc89acbc8c9b4f9a80416e291b91,OBS-FR-OI-SIMPLE-SOURCING-8,3a5c386500cd53b1784bb548d0555e2c225bcf9a7d02cef1b6041a600b62190a,RUN-20260821T114001,2026-08-21T11:40:01.305238+04:00
ITM-2ccefab3d66d64ac,f43859f62d99b689bde2825d1102c429e3b3ff83f789831315d38ddbc4e09b5c,OBS-FR-OI-SIMPLE-SOURCING-8,3a5c386500cd53b1784bb548d0555e2c225bcf9a7d02cef1b6041a600b62190a,RUN-20260821T114001,2026-08-21T11:40:01.305238+04:00
ITM-2d10a543a72f6167,4e944ddbcaf4810b73765548d068f4c34c1f52f6ee2d53f5256a945a7b185805,OBS-FR-OI-SIMPLE-SOURCING-8,3a5c386500cd53b1784bb548d0555e2c225bcf9a7d02cef1b6041a600b62190a,RUN-20260821T114001,2026-08-21T11:40:01.305238+04:00
ITM-2d4ba6100b97bf77,c03baa4af3e1fe3fc5b3b85255fb58079953e8555cfd80da1db6a57c8b82b60d,OBS-FR-OI-SIMPLE-SOURCING-8,3a5c386500cd53b1784bb548d0555e2c225bcf9a7d02cef1b6041a600b62190a,RUN-20260821T114001,2026-08-21T11:40:01.305238+04:00
ITM-2d70763cbfb162a1,3f9468a4e1e0d14e237d8f4c137411f66f25850d7a14616667062e96e44f61af,OBS-FR-OI-SIMPLE-SOURCING-8,3a5c386500cd53b1784bb548d0555e2c225bcf9a7d02cef1b6041a600b62190a,RUN-20260821T114001,2026-08-21T11:40:01.305238+04:00
ITM-2d9197b4bd0430e4,09ca7c64cf87bfff5e73544bb5747093242205f3d2ff46e45f13ad8a52778cd2,OBS-FR-OI-SIMPLE-SOURCING-8,3a5c386500cd53b1784bb548d0555e2c225bcf9a7d02cef1b6041a600b62190a,RUN-20260821T114001,2026-08-21T11:40:01.305238+04:00
ITM-2db30989bdd24f2f,7cc169759c736f78189b25eeb1664fc62afc7ae6d0fd0cada6090fbded9757ea,OBS-FR-OI-SIMPLE-SOURCING-8,3a5c386500cd53b1784bb548d0555e2c225bcf9a7d02cef1b6041a600b62190a,RUN-20260821T114001,2026-08-21T11:40:01.305238+04:00
ITM-2dc06829efb12d5a,136e5b0b138278d8c6905fe13f6b70d888adebe672fc7bd7a36cdd194fc5d5a8,OBS-FR-OI-SIMPLE-SOURCING-8,3a5c386500cd53b1784bb548d0555e2c225bcf9a7d02cef1b6041a600b62190a,RUN-20260821T114001,2026-08-21T11:40:01.305238+04:00
ITM-2deed703ef4198b6,a0572e37b05b3ea121350012e59ec6ab446cf7cc63be978d4cea91afa6be421e,OBS-FR-OI-SIMPLE-SOURCING-8,3a5c386500cd53b1784bb548d0555e2c225bcf9a7d02cef1b6041a600b62190a,RUN-20260821T114001,2026-08-21T11:40:01.305238+04:00
ITM-2e09c834c48baa53,6ba0f9d80d378abc263338c54e5a222c12c39bf1d70cc9df18b6b412f7ce9b34,OBS-FR-OI-SIMPLE-SOURCING-8,3a5c386500cd53b1784bb548d0555e2c225bcf9a7d02cef1b6041a600b62190a,RUN-20260821T114001,2026-08-21T11:40:01.305238+04:00
ITM-2e89c7628bc6e11b,7aee7735213636d4d81a063d385d8ace5d4199bfd693cbc924793f910d333564,OBS-FR-OI-SIMPLE-SOURCING-8,3a5c386500cd53b1784bb548d0555e2c225bcf9a7d02cef1b6041a600b62190a,RUN-20260821T114001,2026-08-21T11:40:01.305238+04:00
ITM-2e95686500507378,6fd7f810848f0badd5fcc53dac0d4f1a5e21e0dbd6154e39ec0a0f8603adbb16,OBS-FR-OI-SIMPLE-SOURCING-8,3a5c386500cd53b1784bb548d0555e2c225bcf9a7d02cef1b6041a600b62190a,RUN-20260821T114001,2026-08-21T11:40:01.305238+04:00
ITM-2f0f5128964772ac,7955d43988d6c0b2df8fbe5a102d3e253988b2dc911c2423a1328c7764d29259,OBS-FR-OI-SIMPLE-SOURCING-8,3a5c386500cd53b1784bb548d0555e2c225bcf9a7d02cef1b6041a600b62190a,RUN-20260821T114001,2026-08-21T11:40:01.305238+04:00
ITM-2fbe95fa2462d0d5,0df5394b14d4c312044a6db8b0be9ea6c72c412afe15a32ba80c87b3384871e4,OBS-FR-OI-SIMPLE-SOURCING-8,3a5c386500cd53b1784bb548d0555e2c225bcf9a7d02cef1b6041a600b62190a,RUN-20260821T114001,2026-08-21T11:40:01.305238+04:00
ITM-2ffd85beaea38385,1c1e51d6e38924277b5f584a7da7b977d44be5c4b16d05688ecafaa6f583bffd,OBS-FR-OI-SIMPLE-SOURCING-8,3a5c386500cd53b1784bb548d0555e2c225bcf9a7d02cef1b6041a600b62190a,RUN-20260821T114001,2026-08-21T11:40:01.305238+04:00
ITM-300f3dc131b10cb1,51fced92eee4c0b7c6887a6e70f199a8a3f8fe1a1ad4c1f03be86e229567ff02,OBS-FR-OI-SIMPLE-SOURCING-8,3a5c386500cd53b1784bb548d0555e2c225bcf9a7d02cef1b6041a600b62190a,RUN-20260821T114001,2026-08-21T11:40:01.305238+04:00
ITM-301e4ba5ce0f46c3,2aa9c03d3ac7124f6a632a476c569221f49bb2dc546fad8bc30cee53a26ec0bb,OBS-FR-OI-SIMPLE-SOURCING-8,3a5c386500cd53b1784bb548d0555e2c225bcf9a7d02cef1b6041a600b62190a,RUN-20260821T114001,2026-08-21T11:40:01.305238+04:00
ITM-302ff656df6d650e,3c33250c45c9b1683b15c07e61d78c373de0c6b704d1a8dbb67af43bf2bf488d,OBS-FR-OI-SIMPLE-SOURCING-8,3a5c386500cd53b1784bb548d0555e2c225bcf9a7d02cef1b6041a600b62190a,RUN-20260821T114001,2026-08-21T11:40:01.305238+04:00
ITM-306a484f0d79b344,8963b57338d21d97fa9794116dfd356b0f90cae4b458f9a8da821bbfbfb55ff5,OBS-FR-OI-SIMPLE-SOURCING-8,3a5c386500cd53b1784bb548d0555e2c225bcf9a7d02cef1b6041a600b62190a,RUN-20260821T114001,2026-08-21T11:40:01.305238+04:00
ITM-30b99ffa7476055b,762c5b6b6350896e164871a6f7c0771e2594b3ef2003d66f26f630193169304e,OBS-FR-OI-SIMPLE-SOURCING-8,3a5c386500cd53b1784bb548d0555e2c225bcf9a7d02cef1b6041a600b62190a,RUN-20260821T114001,2026-08-21T11:40:01.305238+04:00
ITM-30d32983380f4be9,3df581629b542d21fcbadd2ce241dac4e038a7c7baf54b97c43a140d48fa6fe0,OBS-FR-OI-SIMPLE-SOURCING-8,3a5c386500cd53b1784bb548d0555e2c225bcf9a7d02cef1b6041a600b62190a,RUN-20260821T114001,2026-08-21T11:40:01.305238+04:00
ITM-31165a2028701f4a,ae7215242477b851ab7790f6ee59d5a0eb6e49c6211730613b271f4c13d68ae9,OBS-FR-OI-SIMPLE-SOURCING-8,3a5c386500cd53b1784bb548d0555e2c225bcf9a7d02cef1b6041a600b62190a,RUN-20260821T114001,2026-08-21T11:40:01.305238+04:00
ITM-3124e925aca46b35,b6a6fa5ae28d7d55b6cfda0d4c4f10c117593c80e1f18851caf886cb4f89919d,OBS-FR-OI-SIMPLE-SOURCING-8,3a5c386500cd53b1784bb548d0555e2c225bcf9a7d02cef1b6041a600b62190a,RUN-20260821T114001,2026-08-21T11:40:01.305238+04:00
ITM-31440ee78c8e0a41,fec879289f05a893a1b07c8e2014625df766616ce66d73bcacab32c0b9dbcd84,OBS-FR-OI-SIMPLE-SOURCING-8,3a5c386500cd53b1784bb548d0555e2c225bcf9a7d02cef1b6041a600b62190a,RUN-20260821T114001,2026-08-21T11:40:01.305238+04:00
ITM-314468b5e3fd3824,81d4279a9838a4b73f32eff4990db78fa0818f5af545f0b87c400b4b21c293d7,OBS-FR-OI-SIMPLE-SOURCING-8,3a5c386500cd53b1784bb548d0555e2c225bcf9a7d02cef1b6041a600b62190a,RUN-20260821T114001,2026-08-21T11:40:01.305238+04:00
ITM-31473808a5c44562,54ff0bc607569ba6f1bfc9468a2c60d22ef3ffcb5912e90dc60af58a2c68bb02,OBS-FR-OI-SIMPLE-SOURCING-8,3a5c386500cd53b1784bb548d0555e2c225bcf9a7d02cef1b6041a600b62190a,RUN-20260821T114001,2026-08-21T11:40:01.305238+04:00
ITM-3161621bb1ea6814,431bd3959db151ef65d3253cf7d8be60f31e96b075b4db7f222024a9499b7161,OBS-FR-OI-SIMPLE-SOURCING-8,3a5c386500cd53b1784bb548d0555e2c225bcf9a7d02cef1b6041a600b62190a,RUN-20260821T114001,2026-08-21T11:40:01.305238+04:00
ITM-31a233dafb2b6617,254a046833efd71e234ff93a52d9616346953fb5aeccea4a14ad712658b65f61,OBS-FR-OI-SIMPLE-SOURCING-8,3a5c386500cd53b1784bb548d0555e2c225bcf9a7d02cef1b6041a600b62190a,RUN-20260821T114001,2026-08-21T11:40:01.305238+04:00
ITM-327d6d901340ac43,c13edb821382b5a070e3839b41323c50554e7f3d3fc5b1d84f17957df2b29b32,OBS-FR-OI-SIMPLE-SOURCING-8,3a5c386500cd53b1784bb548d0555e2c225bcf9a7d02cef1b6041a600b62190a,RUN-20260821T114001,2026-08-21T11:40:01.305238+04:00
ITM-32a5248d6e3be01d,7be9ba03bdf65ea4a4e26f6edd77a10047681e28495259509e8d66eaab6265a0,OBS-FR-OI-SIMPLE-SOURCING-8,3a5c386500cd53b1784bb548d0555e2c225bcf9a7d02cef1b6041a600b62190a,RUN-20260821T114001,2026-08-21T11:40:01.305238+04:00
ITM-32adc4810c1b28f3,e0a6e5d9e06465b16c8f4407e842b15c66a9e5725bb7f5bf22a313238eb1c98d,OBS-FR-OI-SIMPLE-SOURCING-8,3a5c386500cd53b1784bb548d0555e2c225bcf9a7d02cef1b6041a600b62190a,RUN-20260821T114001,2026-08-21T11:40:01.305238+04:00
ITM-32bbbfeebe25b49b,e9dd9fce5aa3ffc3bd07cfddde6e844cd23c957f914002bcd5cd0349e22814ea,OBS-FR-OI-SIMPLE-SOURCING-8,3a5c386500cd53b1784bb548d0555e2c225bcf9a7d02cef1b6041a600b62190a,RUN-20260821T114001,2026-08-21T11:40:01.305238+04:00
ITM-337671434c9f4562,b0c7c7e959f2f513466aed433fb3fec781b19b921baa251be003088b14b4c664,OBS-FR-OI-SIMPLE-SOURCING-8,3a5c386500cd53b1784bb548d0555e2c225bcf9a7d02cef1b6041a600b62190a,RUN-20260821T114001,2026-08-21T11:40:01.305238+04:00
ITM-33985d03c91ab4e1,28673cf92454fcd8c9b810ca2730c842861ddf7b526286cd1ef75872e920bdc7,OBS-FR-OI-SIMPLE-SOURCING-8,3a5c386500cd53b1784bb548d0555e2c225bcf9a7d02cef1b6041a600b62190a,RUN-20260821T114001,2026-08-21T11:40:01.305238+04:00
ITM-33a56ad7e361ee27,d5e3249cdcb16f5a6d24c990a662d28198fc96b917790563b10714c4ad5d9c67,OBS-FR-OI-SIMPLE-SOURCING-8,3a5c386500cd53b1784bb548d0555e2c225bcf9a7d02cef1b6041a600b62190a,RUN-20260821T114001,2026-08-21T11:40:01.305238+04:00
ITM-33a67e9f40f8745d,3de4487eea19ed66538daea7debb255662416978093a98862fc53fe29dd3bd74,OBS-FR-OI-SIMPLE-SOURCING-8,3a5c386500cd53b1784bb548d0555e2c225bcf9a7d02cef1b6041a600b62190a,RUN-20260821T114001,2026-08-21T11:40:01.305238+04:00
ITM-33b5597cb23fd4f8,415bad3816ae0a016136a9683dddf4e3bcde0889d3e862489751f850e40d2de5,OBS-FR-OI-SIMPLE-SOURCING-8,3a5c386500cd53b1784bb548d0555e2c225bcf9a7d02cef1b6041a600b62190a,RUN-20260821T114001,2026-08-21T11:40:01.305238+04:00
ITM-3421f9f17f7348e3,b1a7d16ebde955f8235f7429c4026944f9ad272164c824778b5b9ede5bd04e06,OBS-FR-OI-SIMPLE-SOURCING-8,3a5c386500cd53b1784bb548d0555e2c225bcf9a7d02cef1b6041a600b62190a,RUN-20260821T114001,2026-08-21T11:40:01.305238+04:00
ITM-34e28e6bc0f1471e,7ed309ecbc5760ffd7c9e812ccdc8712dc64e06f312afdd974fdbbe619148245,OBS-FR-OI-SIMPLE-SOURCING-8,3a5c386500cd53b1784bb548d0555e2c225bcf9a7d02cef1b6041a600b62190a,RUN-20260821T114001,2026-08-21T11:40:01.305238+04:00
ITM-357334c8f1d993ba,c48365d492747c71d61ab05ec00b6a36745c33923d6f31c9936f51198623332c,OBS-FR-OI-SIMPLE-SOURCING-8,3a5c386500cd53b1784bb548d0555e2c225bcf9a7d02cef1b6041a600b62190a,RUN-20260821T114001,2026-08-21T11:40:01.305238+04:00
ITM-360588917b99861a,ccd7ea100c0964fce8796687c22b29f098581ce5402bf171cf8bed3aa3fa2096,OBS-FR-OI-SIMPLE-SOURCING-8,3a5c386500cd53b1784bb548d0555e2c225bcf9a7d02cef1b6041a600b62190a,RUN-20260821T114001,2026-08-21T11:40:01.305238+04:00
ITM-3681baf873ee750a,3d9f0358dd5f6e013ce46c31e26d7d28c236c112abeecb5f047634b0df9c0d09,OBS-FR-OI-SIMPLE-SOURCING-8,3a5c386500cd53b1784bb548d0555e2c225bcf9a7d02cef1b6041a600b62190a,RUN-20260821T114001,2026-08-21T11:40:01.305238+04:00
ITM-3688aa52266b886f,1bc1a15d6c81a27d2927a971b26de038b6c8ace2c81fa136ce0415ea847a8597,OBS-FR-OI-SIMPLE-SOURCING-8,3a5c386500cd53b1784bb548d0555e2c225bcf9a7d02cef1b6041a600b62190a,RUN-20260821T114001,2026-08-21T11:40:01.305238+04:00
ITM-36c725c15bb2be4a,1342daa495dca8ad0f3864249eb666249bffc75d94bc0a1fc30613dd2cec6aaf,OBS-FR-OI-SIMPLE-SOURCING-8,3a5c386500cd53b1784bb548d0555e2c225bcf9a7d02cef1b6041a600b62190a,RUN-20260821T114001,2026-08-21T11:40:01.305238+04:00
ITM-36edf64a418688d6,30a0e4f4f18bd91ecc2410bddef4dc6a67cda2fc3a9473df37697aea3824df0b,OBS-FR-OI-SIMPLE-SOURCING-8,3a5c386500cd53b1784bb548d0555e2c225bcf9a7d02cef1b6041a600b62190a,RUN-20260821T114001,2026-08-21T11:40:01.305238+04:00
ITM-36fb7d45d2079ff9,efca22f767809e0c853fdc5193f593831514a12db1ebc2c2eb84cb8d6a6ece33,OBS-FR-OI-SIMPLE-SOURCING-8,3a5c386500cd53b1784bb548d0555e2c225bcf9a7d02cef1b6041a600b62190a,RUN-20260821T114001,2026-08-21T11:40:01.305238+04:00
ITM-377da6b2e065b8fa,758ee28c10c31c4ad845a566d8302d5c03ec2af6652476b93dec66e7b0d291d1,OBS-FR-OI-SIMPLE-SOURCING-8,3a5c386500cd53b1784bb548d0555e2c225bcf9a7d02cef1b6041a600b62190a,RUN-20260821T114001,2026-08-21T11:40:01.305238+04:00
ITM-383d8a66ff6e2220,4e47d395d0639743583c2a24cddf7afd54ccdb4556eb17eb0b7bada26848e2a8,OBS-FR-OI-SIMPLE-SOURCING-8,3a5c386500cd53b1784bb548d0555e2c225bcf9a7d02cef1b6041a600b62190a,RUN-20260821T114001,2026-08-21T11:40:01.305238+04:00
ITM-386bf2c572aa1262,ad6e8c061364e8858b238cf23b41fad2294710cb34a199755e587cabb635ffbd,OBS-FR-OI-SIMPLE-SOURCING-8,3a5c386500cd53b1784bb548d0555e2c225bcf9a7d02cef1b6041a600b62190a,RUN-20260821T114001,2026-08-21T11:40:01.305238+04:00
ITM-388754922f1334d8,06c3e00765ddae39a37176c97a2e6901558199e4af641adc267433f33130ba21,OBS-FR-OI-SIMPLE-SOURCING-8,3a5c386500cd53b1784bb548d0555e2c225bcf9a7d02cef1b6041a600b62190a,RUN-20260821T114001,2026-08-21T11:40:01.305238+04:00
ITM-38c266a12eff1272,f00441ede55aef06dd3e072474950b7dc79921879b4aacc0b81738e5d8dd97c6,OBS-FR-OI-SIMPLE-SOURCING-8,3a5c386500cd53b1784bb548d0555e2c225bcf9a7d02cef1b6041a600b62190a,RUN-20260821T114001,2026-08-21T11:40:01.305238+04:00
ITM-38c3391aa200710c,6c4d00c034e8f585739c3d1c93560ce395b965fcc324636b451916fa4283f10c,OBS-FR-OI-SIMPLE-SOURCING-8,3a5c386500cd53b1784bb548d0555e2c225bcf9a7d02cef1b6041a600b62190a,RUN-20260821T114001,2026-08-21T11:40:01.305238+04:00
ITM-38cfb6b435b9c1f5,2498426e63219aacaa69eaac5595a806e2b0abb9fabe14e97e9a0723ca49cc19,OBS-FR-OI-SIMPLE-SOURCING-8,3a5c386500cd53b1784bb548d0555e2c225bcf9a7d02cef1b6041a600b62190a,RUN-20260821T114001,2026-08-21T11:40:01.305238+04:00
ITM-38f7e4f5a09b85e4,f8daeaa2923d37416852df968f69e3064a5679c85577d983382df44a3cf7887a,OBS-FR-OI-SIMPLE-SOURCING-8,3a5c386500cd53b1784bb548d0555e2c225bcf9a7d02cef1b6041a600b62190a,RUN-20260821T114001,2026-08-21T11:40:01.305238+04:00
ITM-3911dd4642f35c3b,bf768d823f98154761c5358029e1d7b8fcc410bfe63b6d5d8a48f3d05c5cedca,OBS-FR-OI-SIMPLE-SOURCING-8,3a5c386500cd53b1784bb548d0555e2c225bcf9a7d02cef1b6041a600b62190a,RUN-20260821T114001,2026-08-21T11:40:01.305238+04:00
ITM-392d9c69f0c69280,063d03d0b28b6a03c7df667bec5f349e7ca15110027a01d29c803967389969a1,OBS-FR-OI-SIMPLE-SOURCING-8,3a5c386500cd53b1784bb548d0555e2c225bcf9a7d02cef1b6041a600b62190a,RUN-20260821T114001,2026-08-21T11:40:01.305238+04:00
ITM-39b6b41eeb5dc3bb,6c0987448ee9db667c57ba417ae8ffe014f9e169692b91e9f3c04aa1b8a64187,OBS-FR-OI-SIMPLE-SOURCING-8,3a5c386500cd53b1784bb548d0555e2c225bcf9a7d02cef1b6041a600b62190a,RUN-20260821T114001,2026-08-21T11:40:01.305238+04:00
ITM-39bba874d5289dd9,9c7c2c772fcfbb0d8c58c3852dabe00ff879c3e3f52c2b8bd78cf0fd647b4472,OBS-FR-OI-SIMPLE-SOURCING-8,3a5c386500cd53b1784bb548d0555e2c225bcf9a7d02cef1b6041a600b62190a,RUN-20260821T114001,2026-08-21T11:40:01.305238+04:00
ITM-3a3a1e654fe82a2b,60d66e77151f25075208020fbfcee6dedcce72212663bc693156db84d26edbeb,OBS-FR-OI-SIMPLE-SOURCING-8,3a5c386500cd53b1784bb548d0555e2c225bcf9a7d02cef1b6041a600b62190a,RUN-20260821T114001,2026-08-21T11:40:01.305238+04:00
ITM-3aa294289a2dc6f8,17d79d68f728e91ecdd30bbbbf8e36ee8e08e3d5de8e086ab1535fd6b70b45aa,OBS-FR-OI-SIMPLE-SOURCING-8,3a5c386500cd53b1784bb548d0555e2c225bcf9a7d02cef1b6041a600b62190a,RUN-20260821T114001,2026-08-21T11:40:01.305238+04:00
ITM-3ae917385f81a2aa,71e0add17b0d8a2504c6e676d0d8ed518217290d5a2f0a9ef8bbc4ce765a37be,OBS-FR-OI-SIMPLE-SOURCING-8,3a5c386500cd53b1784bb548d0555e2c225bcf9a7d02cef1b6041a600b62190a,RUN-20260821T114001,2026-08-21T11:40:01.305238+04:00
ITM-3afd2a42857b165b,c073d1fe5a71285f0fa254b728e81bc14c8c14bbd138ff4b61a3a52f7fee0476,OBS-FR-OI-SIMPLE-SOURCING-8,3a5c386500cd53b1784bb548d0555e2c225bcf9a7d02cef1b6041a600b62190a,RUN-20260821T114001,2026-08-21T11:40:01.305238+04:00
ITM-3b3dc88186c87b68,8f04486c5bef1cfdfc83c3de0995f124b223615a286754fb240ae67cd6a412dd,OBS-FR-OI-SIMPLE-SOURCING-8,3a5c386500cd53b1784bb548d0555e2c225bcf9a7d02cef1b6041a600b62190a,RUN-20260821T114001,2026-08-21T11:40:01.305238+04:00
ITM-3b4183babfb4e7e6,a32b48d7822bf7f57c420655107989264c04a77f73e50d305bdbcc51cc724684,OBS-FR-OI-SIMPLE-SOURCING-8,3a5c386500cd53b1784bb548d0555e2c225bcf9a7d02cef1b6041a600b62190a,RUN-20260821T114001,2026-08-21T11:40:01.305238+04:00
ITM-3bb5237007419649,be1c8d744a4aa9a634e0a0d40ee156cea60339ee904a2f65d88cc81a607e074c,OBS-FR-OI-SIMPLE-SOURCING-8,3a5c386500cd53b1784bb548d0555e2c225bcf9a7d02cef1b6041a600b62190a,RUN-20260821T114001,2026-08-21T11:40:01.305238+04:00
ITM-3c0e930e83b4d77e,ea4ac4ab71ed113eb19f0fd36930fa4ffe7a2f207cf1f726ecde159f50ef8688,OBS-FR-OI-SIMPLE-SOURCING-8,3a5c386500cd53b1784bb548d0555e2c225bcf9a7d02cef1b6041a600b62190a,RUN-20260821T114001,2026-08-21T11:40:01.305238+04:00
ITM-3c78303a0184667b,fef8f641aa8536639b95bd6504e68abccd407d0a506b81731cce0a1b4d2c056e,OBS-FR-OI-SIMPLE-SOURCING-8,3a5c386500cd53b1784bb548d0555e2c225bcf9a7d02cef1b6041a600b62190a,RUN-20260821T114001,2026-08-21T11:40:01.305238+04:00
ITM-3cfffe553d2b37e7,a04820de6dcbfc5d2e7ac3f6b93603d53cc642591e812b274ddec11f5d1cea1f,OBS-FR-OI-SIMPLE-SOURCING-8,3a5c386500cd53b1784bb548d0555e2c225bcf9a7d02cef1b6041a600b62190a,RUN-20260821T114001,2026-08-21T11:40:01.305238+04:00
ITM-3d43838629d9de74,b924a4a45b53b4d4332530f63303a21dcc8953b59dbc6690603e78b330db5f1a,OBS-FR-OI-SIMPLE-SOURCING-8,3a5c386500cd53b1784bb548d0555e2c225bcf9a7d02cef1b6041a600b62190a,RUN-20260821T114001,2026-08-21T11:40:01.305238+04:00
ITM-3d4bbd2296a67743,d7643a47621403ae5670eae25f3056359e94ae5e1c401ca8eba61d57fe709317,OBS-FR-OI-SIMPLE-SOURCING-8,3a5c386500cd53b1784bb548d0555e2c225bcf9a7d02cef1b6041a600b62190a,RUN-20260821T114001,2026-08-21T11:40:01.305238+04:00
ITM-3d8cfa4857ad5047,1bbb3f711e0c891bd72cca84edaacd7f0f3adc44bb7d7e44b6450be6e3aababc,OBS-FR-OI-SIMPLE-SOURCING-8,3a5c386500cd53b1784bb548d0555e2c225bcf9a7d02cef1b6041a600b62190a,RUN-20260821T114001,2026-08-21T11:40:01.305238+04:00
ITM-3dabd6bdfdecb4e2,fb50f15a7bd3ca80d9fd0e67cf415e26a6780bfb500992ccbeb2571fe838cd49,OBS-FR-OI-SIMPLE-SOURCING-8,3a5c386500cd53b1784bb548d0555e2c225bcf9a7d02cef1b6041a600b62190a,RUN-20260821T114001,2026-08-21T11:40:01.305238+04:00
ITM-3e008fa243b802c2,211bfa88ef12cbdee4893a461da9e04d9e8b8ef61b27914703051cf734448a26,OBS-FR-OI-SIMPLE-SOURCING-8,3a5c386500cd53b1784bb548d0555e2c225bcf9a7d02cef1b6041a600b62190a,RUN-20260821T114001,2026-08-21T11:40:01.305238+04:00
ITM-3e1aec1085c58493,7b6c5acc931a24cfd8be8ec6b99ca94610f33cdfd493a6f4212e9a69db836cfc,OBS-FR-OI-SIMPLE-SOURCING-8,3a5c386500cd53b1784bb548d0555e2c225bcf9a7d02cef1b6041a600b62190a,RUN-20260821T114001,2026-08-21T11:40:01.305238+04:00
ITM-3e5d703112ec92b8,59432390ecb0f0f68c25373ae6f8d6d48dcbe395f5b00e76c88eba60ebce4ece,OBS-FR-OI-SIMPLE-SOURCING-8,3a5c386500cd53b1784bb548d0555e2c225bcf9a7d02cef1b6041a600b62190a,RUN-20260821T114001,2026-08-21T11:40:01.305238+04:00
ITM-3e747f2bbf3f1804,0122daea51707aa68928ab8b8d803b6b35e0f665af5bb310bc82590aebd7c0b9,OBS-FR-OI-SIMPLE-SOURCING-8,3a5c386500cd53b1784bb548d0555e2c225bcf9a7d02cef1b6041a600b62190a,RUN-20260821T114001,2026-08-21T11:40:01.305238+04:00
ITM-3e8e3659c36af014,b9d617d4d64ecd18b7b6c7272d1adee4fff502d69306ebd2021524b2bdd98934,OBS-FR-OI-SIMPLE-SOURCING-8,3a5c386500cd53b1784bb548d0555e2c225bcf9a7d02cef1b6041a600b62190a,RUN-20260821T114001,2026-08-21T11:40:01.305238+04:00
ITM-3f4a4b1c2bd43c76,6b8522a7a83717262aa218cf87f6e3376783f865c0a93f631b7c47fd6f55248b,OBS-FR-OI-SIMPLE-SOURCING-8,3a5c386500cd53b1784bb548d0555e2c225bcf9a7d02cef1b6041a600b62190a,RUN-20260821T114001,2026-08-21T11:40:01.305238+04:00
ITM-3faf29a11aa2d120,3ff59cb1d953ce66b1789d69793211e9b2084926719a91335e53fa113e2152c6,OBS-FR-OI-SIMPLE-SOURCING-8,3a5c386500cd53b1784bb548d0555e2c225bcf9a7d02cef1b6041a600b62190a,RUN-20260821T114001,2026-08-21T11:40:01.305238+04:00
ITM-3fc9eba93a38dd6e,aae9505540486c24109a33335d18368e0f2cccea2267ed58a12dde932bc40ca8,OBS-FR-OI-SIMPLE-SOURCING-8,3a5c386500cd53b1784bb548d0555e2c225bcf9a7d02cef1b6041a600b62190a,RUN-20260821T114001,2026-08-21T11:40:01.305238+04:00
ITM-3fe09fc3870f6751,43ffdac3e9ac712c88c1c3ba1dc256a576c6ae64400f58031426d8b1b0d97e73,OBS-FR-OI-SIMPLE-SOURCING-8,3a5c386500cd53b1784bb548d0555e2c225bcf9a7d02cef1b6041a600b62190a,RUN-20260821T114001,2026-08-21T11:40:01.305238+04:00
ITM-3ffd219722fda342,220e1b35cbb4414bff5f44825fb0bb8e6a7344f5066bb3752da7b3bf3c5d2b0b,OBS-FR-OI-SIMPLE-SOURCING-8,3a5c386500cd53b1784bb548d0555e2c225bcf9a7d02cef1b6041a600b62190a,RUN-20260821T114001,2026-08-21T11:40:01.305238+04:00
ITM-407c0484b5a27135,84dcbe6ad0ffb62067965e9acc55557b6ed638074d5cac41010ff5fcce255dda,OBS-FR-OI-SIMPLE-SOURCING-8,3a5c386500cd53b1784bb548d0555e2c225bcf9a7d02cef1b6041a600b62190a,RUN-20260821T114001,2026-08-21T11:40:01.305238+04:00
ITM-4098b59c5c132913,a6e78cea4bd7b2533db425c0d461b3f528ee68d37dc58079e776437e3e396b30,OBS-FR-OI-SIMPLE-SOURCING-8,3a5c386500cd53b1784bb548d0555e2c225bcf9a7d02cef1b6041a600b62190a,RUN-20260821T114001,2026-08-21T11:40:01.305238+04:00
ITM-40b394bef3a1fe44,7f323557f8d28580f78c67cc61ac1a81360c648edab42a10defcf11cfef4208c,OBS-FR-OI-SIMPLE-SOURCING-8,3a5c386500cd53b1784bb548d0555e2c225bcf9a7d02cef1b6041a600b62190a,RUN-20260821T114001,2026-08-21T11:40:01.305238+04:00
ITM-410dbe7b91c57c0c,e436b47ef83f0247e24c525b5c454321ee58df65361cac8e7fb7eb0bab2b7556,OBS-FR-OI-SIMPLE-SOURCING-8,3a5c386500cd53b1784bb548d0555e2c225bcf9a7d02cef1b6041a600b62190a,RUN-20260821T114001,2026-08-21T11:40:01.305238+04:00
ITM-411d9699b70d5c2a,45d2a56078ed1e7bf95019937fd972219f0d547e87fe6fea45fd4c48add2eabb,OBS-FR-OI-SIMPLE-SOURCING-8,3a5c386500cd53b1784bb548d0555e2c225bcf9a7d02cef1b6041a600b62190a,RUN-20260821T114001,2026-08-21T11:40:01.305238+04:00
ITM-4123a8c8dd76e72b,0cf946091f1936cbcbbc509580e52bc76d4a1c93dbf4e4f379f8161b7254a514,OBS-FR-OI-SIMPLE-SOURCING-8,3a5c386500cd53b1784bb548d0555e2c225bcf9a7d02cef1b6041a600b62190a,RUN-20260821T114001,2026-08-21T11:40:01.305238+04:00
ITM-4168c464e94c7b7e,0306c116d87ef0c35654ff371b244803d5e02c279cc047844c7d2f032c06fe80,OBS-FR-OI-SIMPLE-SOURCING-8,3a5c386500cd53b1784bb548d0555e2c225bcf9a7d02cef1b6041a600b62190a,RUN-20260821T114001,2026-08-21T11:40:01.305238+04:00
ITM-41a32f160602c2b3,be1989c68031b29ff7312345506d5cfd9c8dac43097206450a8bee805da32c82,OBS-FR-OI-SIMPLE-SOURCING-8,3a5c386500cd53b1784bb548d0555e2c225bcf9a7d02cef1b6041a600b62190a,RUN-20260821T114001,2026-08-21T11:40:01.305238+04:00
ITM-41b1800a129f39f5,c8d720b44d9a5917fd0a0906cee2777cf6ea1fb5776f13185f3ff6bf948ca8c0,OBS-FR-OI-SIMPLE-SOURCING-8,3a5c386500cd53b1784bb548d0555e2c225bcf9a7d02cef1b6041a600b62190a,RUN-20260821T114001,2026-08-21T11:40:01.305238+04:00
ITM-41baf7135554388a,300a90693d1704aaefee840a6fc481f3704d4fb1b408cf5ec024b86cc34d26e0,OBS-FR-OI-SIMPLE-SOURCING-8,3a5c386500cd53b1784bb548d0555e2c225bcf9a7d02cef1b6041a600b62190a,RUN-20260821T114001,2026-08-21T11:40:01.305238+04:00
ITM-41ce3144208bea57,0ad4ab48a2b430d0af00279be34777229735502ea3cee3f36314f7261195c669,OBS-FR-OI-SIMPLE-SOURCING-8,3a5c386500cd53b1784bb548d0555e2c225bcf9a7d02cef1b6041a600b62190a,RUN-20260821T114001,2026-08-21T11:40:01.305238+04:00
ITM-421af925e36f5e92,667a1b112faa87f001a39da24ca7639d2e2d0deed7c74334eb03b78ee2ec3242,OBS-FR-OI-SIMPLE-SOURCING-8,3a5c386500cd53b1784bb548d0555e2c225bcf9a7d02cef1b6041a600b62190a,RUN-20260821T114001,2026-08-21T11:40:01.305238+04:00
ITM-4227c4e5d3e439fa,d5640d2016e4e93239665f700a923999a21e600bc2ca37b815cd45d69d7a69bf,OBS-FR-OI-SIMPLE-SOURCING-8,3a5c386500cd53b1784bb548d0555e2c225bcf9a7d02cef1b6041a600b62190a,RUN-20260821T114001,2026-08-21T11:40:01.305238+04:00
ITM-4245230a13c94517,b885d688ace3694c0daafeb3ec1051a60fad287050cc7a9064e00ec686c124fb,OBS-FR-OI-SIMPLE-SOURCING-8,3a5c386500cd53b1784bb548d0555e2c225bcf9a7d02cef1b6041a600b62190a,RUN-20260821T114001,2026-08-21T11:40:01.305238+04:00
ITM-42cd1072a1de5e25,426df8435a8dbcb4601c4d5b9ef1da1ed7449676afeac0b72633918531b2dd4c,OBS-FR-OI-SIMPLE-SOURCING-8,3a5c386500cd53b1784bb548d0555e2c225bcf9a7d02cef1b6041a600b62190a,RUN-20260821T114001,2026-08-21T11:40:01.305238+04:00
ITM-42e40635dd6dc4e0,eec1f7174ff684cfe8d049605a053ea2621ae82eadfd8980c4f3671c050f76ff,OBS-FR-OI-SIMPLE-SOURCING-8,3a5c386500cd53b1784bb548d0555e2c225bcf9a7d02cef1b6041a600b62190a,RUN-20260821T114001,2026-08-21T11:40:01.305238+04:00
ITM-435a61c36aff8c50,167dc4a158634b7ac9b89e1556a4f5c41543422c1b9d91d0527c44a04a27b9a7,OBS-FR-OI-SIMPLE-SOURCING-8,3a5c386500cd53b1784bb548d0555e2c225bcf9a7d02cef1b6041a600b62190a,RUN-20260821T114001,2026-08-21T11:40:01.305238+04:00
ITM-43ac91aa02e03ec9,0c24555b7cecd81e169b8e3780071ede8ed5cc18ae510deb2aceba3da566bec7,OBS-FR-OI-SIMPLE-SOURCING-8,3a5c386500cd53b1784bb548d0555e2c225bcf9a7d02cef1b6041a600b62190a,RUN-20260821T114001,2026-08-21T11:40:01.305238+04:00
ITM-43fb98510242f7c0,43f848c783f5162ba241f730543478398f8906bbfbd2ab075f9c1da73b7ab1bc,OBS-FR-OI-SIMPLE-SOURCING-8,3a5c386500cd53b1784bb548d0555e2c225bcf9a7d02cef1b6041a600b62190a,RUN-20260821T114001,2026-08-21T11:40:01.305238+04:00
ITM-443066696ecd0fa1,10e8364b7f94a587af3773d3e414b61e2282237622cf79f67537ecd14b07fccb,OBS-FR-OI-SIMPLE-SOURCING-8,3a5c386500cd53b1784bb548d0555e2c225bcf9a7d02cef1b6041a600b62190a,RUN-20260821T114001,2026-08-21T11:40:01.305238+04:00
ITM-4471af0669161a1e,b039f67e7d8ca7d76e9177adee37c848d63b8831a672d9e512e5709fa504e685,OBS-FR-OI-SIMPLE-SOURCING-8,3a5c386500cd53b1784bb548d0555e2c225bcf9a7d02cef1b6041a600b62190a,RUN-20260821T114001,2026-08-21T11:40:01.305238+04:00
ITM-44d1712a78265b5c,795ee545354659190a69e3e08d3add3bcc03221e26234e6c5b1b30cecf5b912b,OBS-FR-OI-SIMPLE-SOURCING-8,3a5c386500cd53b1784bb548d0555e2c225bcf9a7d02cef1b6041a600b62190a,RUN-20260821T114001,2026-08-21T11:40:01.305238+04:00
ITM-4541376470a8e8fa,c92293a75ee4f0a9ddf0ea5145b8727f2831bfd24c29213685588cb7b95b077d,OBS-FR-OI-SIMPLE-SOURCING-8,3a5c386500cd53b1784bb548d0555e2c225bcf9a7d02cef1b6041a600b62190a,RUN-20260821T114001,2026-08-21T11:40:01.305238+04:00
ITM-456d5e14f20e0592,2588739fbaec92bf5920f63832857b9a2b42e9913dc7da08274415dec98d9e98,OBS-FR-OI-SIMPLE-SOURCING-8,3a5c386500cd53b1784bb548d0555e2c225bcf9a7d02cef1b6041a600b62190a,RUN-20260821T114001,2026-08-21T11:40:01.305238+04:00
ITM-458c65ac5da17f3f,2264eef56d36b0fa5e545cd88a187108eec5e14e829a66e2875f94abab62b5d1,OBS-FR-OI-SIMPLE-SOURCING-8,3a5c386500cd53b1784bb548d0555e2c225bcf9a7d02cef1b6041a600b62190a,RUN-20260821T114001,2026-08-21T11:40:01.305238+04:00
ITM-45b5bba10a7796b4,c2c485814fb52ddc35e078e4966151657aa06b48fbdf81400769947f7d73aabc,OBS-FR-OI-SIMPLE-SOURCING-8,3a5c386500cd53b1784bb548d0555e2c225bcf9a7d02cef1b6041a600b62190a,RUN-20260821T114001,2026-08-21T11:40:01.305238+04:00
ITM-464180dceec58b0f,fa2526f0d115b7ac17fc9f683e25a209bec1d98dc6edec8e52f85e6b21523fe5,OBS-FR-OI-SIMPLE-SOURCING-8,3a5c386500cd53b1784bb548d0555e2c225bcf9a7d02cef1b6041a600b62190a,RUN-20260821T114001,2026-08-21T11:40:01.305238+04:00
ITM-464f9dfbb19200db,1ac8aa575d7fc180d760b26b0eac239cb4661a6e117eff3cd34f6aa5604e0e65,OBS-FR-OI-SIMPLE-SOURCING-8,3a5c386500cd53b1784bb548d0555e2c225bcf9a7d02cef1b6041a600b62190a,RUN-20260821T114001,2026-08-21T11:40:01.305238+04:00
ITM-465255d6ae8ab559,643d7b5c53255cdef8b83065805c6133ce9d04ff678f9571d66a258fbbb3451c,OBS-FR-OI-SIMPLE-SOURCING-8,3a5c386500cd53b1784bb548d0555e2c225bcf9a7d02cef1b6041a600b62190a,RUN-20260821T114001,2026-08-21T11:40:01.305238+04:00
ITM-46c96799cba619ff,4a557ec85608ac23d6340c4a6b2f60373edfc6fc97f19c3335b52c892a70453f,OBS-FR-OI-SIMPLE-SOURCING-8,3a5c386500cd53b1784bb548d0555e2c225bcf9a7d02cef1b6041a600b62190a,RUN-20260821T114001,2026-08-21T11:40:01.305238+04:00
ITM-46ff6121cfa97761,b4d47dc3b73056be7ac266d8ccd0310e16c357a155881131ef7a49074e87f071,OBS-FR-OI-SIMPLE-SOURCING-8,3a5c386500cd53b1784bb548d0555e2c225bcf9a7d02cef1b6041a600b62190a,RUN-20260821T114001,2026-08-21T11:40:01.305238+04:00
ITM-476ca705ec80202b,b9d0534e2cba5c28408592ecfd73c6fa140f6d6cffa70509528a314bde467991,OBS-FR-OI-SIMPLE-SOURCING-8,3a5c386500cd53b1784bb548d0555e2c225bcf9a7d02cef1b6041a600b62190a,RUN-20260821T114001,2026-08-21T11:40:01.305238+04:00
ITM-477192de09971703,2941471bd20357f3742fcb2b62b671fa2c6647a2a8fe3d9af53425a4ec24a94f,OBS-FR-OI-SIMPLE-SOURCING-8,3a5c386500cd53b1784bb548d0555e2c225bcf9a7d02cef1b6041a600b62190a,RUN-20260821T114001,2026-08-21T11:40:01.305238+04:00
ITM-47841ca9f37a01a9,a3259ab23682e0576616e080165b065435fb7d4aea034f0b90f031e404d84790,OBS-FR-OI-SIMPLE-SOURCING-8,3a5c386500cd53b1784bb548d0555e2c225bcf9a7d02cef1b6041a600b62190a,RUN-20260821T114001,2026-08-21T11:40:01.305238+04:00
ITM-47fbc45d8cb1322d,e2fc454ab80a354a44301685c914f6725a21d618324bc4a22e4ce6708b3e6c05,OBS-FR-OI-SIMPLE-SOURCING-8,3a5c386500cd53b1784bb548d0555e2c225bcf9a7d02cef1b6041a600b62190a,RUN-20260821T114001,2026-08-21T11:40:01.305238+04:00
ITM-48283b2fc86cc545,c2ef61c6e955aac5aa87c7c4ff89473ce11a332c45d3bba574e9c02e901932da,OBS-FR-OI-SIMPLE-SOURCING-8,3a5c386500cd53b1784bb548d0555e2c225bcf9a7d02cef1b6041a600b62190a,RUN-20260821T114001,2026-08-21T11:40:01.305238+04:00
ITM-4856fed59a50d116,ea9231dcb5757685b201cf5cbb06cbb55e44382157ed67de540b77cc2aadc3e9,OBS-FR-OI-SIMPLE-SOURCING-8,3a5c386500cd53b1784bb548d0555e2c225bcf9a7d02cef1b6041a600b62190a,RUN-20260821T114001,2026-08-21T11:40:01.305238+04:00
ITM-486f08701ff57650,77bc70dfafd8c7a830f66c73a7f78a36b70a5ee43e890dd8defd8c21b928e04c,OBS-FR-OI-SIMPLE-SOURCING-8,3a5c386500cd53b1784bb548d0555e2c225bcf9a7d02cef1b6041a600b62190a,RUN-20260821T114001,2026-08-21T11:40:01.305238+04:00
ITM-4879fc78a32b9a32,5ae0fd14161a2e5f0c0921f1e137aa72b7ac0b8b0db3ce406a999fec6d3afdfb,OBS-FR-OI-SIMPLE-SOURCING-8,3a5c386500cd53b1784bb548d0555e2c225bcf9a7d02cef1b6041a600b62190a,RUN-20260821T114001,2026-08-21T11:40:01.305238+04:00
ITM-49153d15337fd28b,956e0531bcb97a107850ebe5c1f6bcc0f3a735dddfb84e14e6865bb517f2b1dd,OBS-FR-OI-SIMPLE-SOURCING-8,3a5c386500cd53b1784bb548d0555e2c225bcf9a7d02cef1b6041a600b62190a,RUN-20260821T114001,2026-08-21T11:40:01.305238+04:00
ITM-49b4bda3f6d704ea,bd8f8088da988c5a2e42a4fccb238761af9651a11b829121c5878ea53fe2aab2,OBS-FR-OI-SIMPLE-SOURCING-8,3a5c386500cd53b1784bb548d0555e2c225bcf9a7d02cef1b6041a600b62190a,RUN-20260821T114001,2026-08-21T11:40:01.305238+04:00
ITM-4a352d042f265e0e,51314bce6c2fdf0ce27539c236bc8ba4d5d6fb623b4d05cab7c98825f8f3f908,OBS-FR-OI-SIMPLE-SOURCING-8,3a5c386500cd53b1784bb548d0555e2c225bcf9a7d02cef1b6041a600b62190a,RUN-20260821T114001,2026-08-21T11:40:01.305238+04:00
ITM-4a37f0a39ac9ee0f,67de6e0aaffb7dfbfae225551415f059adf95741c0720e76d3b2a4336d3e9923,OBS-FR-OI-SIMPLE-SOURCING-8,3a5c386500cd53b1784bb548d0555e2c225bcf9a7d02cef1b6041a600b62190a,RUN-20260821T114001,2026-08-21T11:40:01.305238+04:00
ITM-4acbbed09e3890af,e39b377a869d8cc517307a8246837835ca03c99cc7e29bf27db4fd7679951948,OBS-FR-OI-SIMPLE-SOURCING-8,3a5c386500cd53b1784bb548d0555e2c225bcf9a7d02cef1b6041a600b62190a,RUN-20260821T114001,2026-08-21T11:40:01.305238+04:00
ITM-4af3012cc8843eef,499a2342ff35982b03cd77a696d5c9b96a906c2d95dacbd9f93f66f0a9669800,OBS-FR-OI-SIMPLE-SOURCING-8,3a5c386500cd53b1784bb548d0555e2c225bcf9a7d02cef1b6041a600b62190a,RUN-20260821T114001,2026-08-21T11:40:01.305238+04:00
ITM-4b24135d56fb402f,e0215c2c72253784fa1d5865dfcbdd0f37385af6a18e568e15420acd6e33daa2,OBS-FR-OI-SIMPLE-SOURCING-8,3a5c386500cd53b1784bb548d0555e2c225bcf9a7d02cef1b6041a600b62190a,RUN-20260821T114001,2026-08-21T11:40:01.305238+04:00
ITM-4b55ff7064532fe0,a0468c8e1de2f02b27356af72a29e615c4f784304a2b575650859dfd8495fbe3,OBS-FR-OI-SIMPLE-SOURCING-8,3a5c386500cd53b1784bb548d0555e2c225bcf9a7d02cef1b6041a600b62190a,RUN-20260821T114001,2026-08-21T11:40:01.305238+04:00
ITM-4b79645d80ad2ef9,e9f360a90016fd158c64de26dca6379f97a34b62d50888cb44fca32b19a6a98b,OBS-FR-OI-SIMPLE-SOURCING-8,3a5c386500cd53b1784bb548d0555e2c225bcf9a7d02cef1b6041a600b62190a,RUN-20260821T114001,2026-08-21T11:40:01.305238+04:00
ITM-4bfa09a25398f690,9bcacd1eb27e1572a879b7464fc70a47136a52d8795a6d391bdaa715bcc422a2,OBS-FR-OI-SIMPLE-SOURCING-8,3a5c386500cd53b1784bb548d0555e2c225bcf9a7d02cef1b6041a600b62190a,RUN-20260821T114001,2026-08-21T11:40:01.305238+04:00
ITM-4c0f816830f7ed1a,05450d221f6cbbeef937dd0b8d5ccaac46cd3aba7ecfec7f01dd219af9c50f3b,OBS-FR-OI-SIMPLE-SOURCING-8,3a5c386500cd53b1784bb548d0555e2c225bcf9a7d02cef1b6041a600b62190a,RUN-20260821T114001,2026-08-21T11:40:01.305238+04:00
ITM-4c1aec321d7cd504,829c830e9269b6e03c1ce1e09a4c0b8b4a318cee407a5a3208171a38303769f2,OBS-FR-OI-SIMPLE-SOURCING-8,3a5c386500cd53b1784bb548d0555e2c225bcf9a7d02cef1b6041a600b62190a,RUN-20260821T114001,2026-08-21T11:40:01.305238+04:00
ITM-4c31ad23daadfdd4,42ca861ef96bdf9a62339848ac21caa31bf5b0d7709f2b3f450750f6b89ace79,OBS-FR-OI-SIMPLE-SOURCING-8,3a5c386500cd53b1784bb548d0555e2c225bcf9a7d02cef1b6041a600b62190a,RUN-20260821T114001,2026-08-21T11:40:01.305238+04:00
ITM-4c3549bd8c462486,63bc8894f1d5ec6b0f5873c6b85a5cdce158f69964f95fae736e232372c5daa2,OBS-FR-OI-SIMPLE-SOURCING-8,3a5c386500cd53b1784bb548d0555e2c225bcf9a7d02cef1b6041a600b62190a,RUN-20260821T114001,2026-08-21T11:40:01.305238+04:00
ITM-4c3bb280ccd0a626,43c23719a902f468c89952e614beadd0c8c82860c5b0b3f9f4c20eff2a9f805e,OBS-FR-OI-SIMPLE-SOURCING-8,3a5c386500cd53b1784bb548d0555e2c225bcf9a7d02cef1b6041a600b62190a,RUN-20260821T114001,2026-08-21T11:40:01.305238+04:00
ITM-4c6b7aed766b02c2,c008d2737cdc3eb16fe98bafb70227d036b0a45d326d3945e46fe915a573a352,OBS-FR-OI-SIMPLE-SOURCING-8,3a5c386500cd53b1784bb548d0555e2c225bcf9a7d02cef1b6041a600b62190a,RUN-20260821T114001,2026-08-21T11:40:01.305238+04:00
ITM-4c80a47facb79e82,47cd249d245576e1e1529eeda1cd29addcd116c2e1ff6988c904eb9c44e0f633,OBS-FR-OI-SIMPLE-SOURCING-8,3a5c386500cd53b1784bb548d0555e2c225bcf9a7d02cef1b6041a600b62190a,RUN-20260821T114001,2026-08-21T11:40:01.305238+04:00
ITM-4c832b1de1bb40af,f00f80d3cad4c3b791f278b11cf2119c12b3aa003a18205d4942bb851f710c25,OBS-FR-OI-SIMPLE-SOURCING-8,3a5c386500cd53b1784bb548d0555e2c225bcf9a7d02cef1b6041a600b62190a,RUN-20260821T114001,2026-08-21T11:40:01.305238+04:00
ITM-4cc8816fbf2bf2c7,e5ff527ad3875ffa3fb01bf491d515e408e3f3a96f7b3274806aef178b090c5b,OBS-FR-OI-SIMPLE-SOURCING-8,3a5c386500cd53b1784bb548d0555e2c225bcf9a7d02cef1b6041a600b62190a,RUN-20260821T114001,2026-08-21T11:40:01.305238+04:00
ITM-4d4f9cab97dd323b,fad6a505adece983b9f21135bfd115e2c117990da5a6aa97d0050b9129a9d05a,OBS-FR-OI-SIMPLE-SOURCING-8,3a5c386500cd53b1784bb548d0555e2c225bcf9a7d02cef1b6041a600b62190a,RUN-20260821T114001,2026-08-21T11:40:01.305238+04:00
ITM-4ddbde07eb7bc484,5162175c46baa5fcf3128f814e25a34d79eb7d98e0e0dc80e92e767a94a6fea1,OBS-FR-OI-SIMPLE-SOURCING-8,3a5c386500cd53b1784bb548d0555e2c225bcf9a7d02cef1b6041a600b62190a,RUN-20260821T114001,2026-08-21T11:40:01.305238+04:00
ITM-4de5cf91bb4e0f3b,5aeb5cabed6efefd9a0affdc9782cb5d986bc3ea67ccb3e9062bf271eb92e13a,OBS-FR-OI-SIMPLE-SOURCING-8,3a5c386500cd53b1784bb548d0555e2c225bcf9a7d02cef1b6041a600b62190a,RUN-20260821T114001,2026-08-21T11:40:01.305238+04:00
ITM-4e34b7f2e45eaad2,55d8270174a656880d9486ff0eace934189a7894d8aa6ef25057f3ae739bf272,OBS-FR-OI-SIMPLE-SOURCING-8,3a5c386500cd53b1784bb548d0555e2c225bcf9a7d02cef1b6041a600b62190a,RUN-20260821T114001,2026-08-21T11:40:01.305238+04:00
ITM-4e4b8b80b3af1e77,adb170fb57ee67d0dc032677d44eda3fc3111edd3d18edfee074c0c604bd570c,OBS-FR-OI-SIMPLE-SOURCING-8,3a5c386500cd53b1784bb548d0555e2c225bcf9a7d02cef1b6041a600b62190a,RUN-20260821T114001,2026-08-21T11:40:01.305238+04:00
ITM-4e5ee1bd7fd8a874,e9029e2a79bfb59d8f94d5a41d21a60c03ba2c9503923bc599fb147d30675c64,OBS-FR-OI-SIMPLE-SOURCING-8,3a5c386500cd53b1784bb548d0555e2c225bcf9a7d02cef1b6041a600b62190a,RUN-20260821T114001,2026-08-21T11:40:01.305238+04:00
ITM-4e60695bf0907969,dba92bd01e7c6acd50e66fa749ef84a515f89d1f71edad9baa207ba73b54c32d,OBS-FR-OI-SIMPLE-SOURCING-8,3a5c386500cd53b1784bb548d0555e2c225bcf9a7d02cef1b6041a600b62190a,RUN-20260821T114001,2026-08-21T11:40:01.305238+04:00
ITM-4eaca779380317ce,130089873870d2f6034c6a5650f0530ba807fbbd50e2ea813cfaa1be376f9f02,OBS-FR-OI-SIMPLE-SOURCING-8,3a5c386500cd53b1784bb548d0555e2c225bcf9a7d02cef1b6041a600b62190a,RUN-20260821T114001,2026-08-21T11:40:01.305238+04:00
ITM-4f1645b29b463600,1827438babe7aaaf7cbded8705bbbb23b15a2dd72f484666eec5bb397009ecf2,OBS-FR-OI-SIMPLE-SOURCING-8,3a5c386500cd53b1784bb548d0555e2c225bcf9a7d02cef1b6041a600b62190a,RUN-20260821T114001,2026-08-21T11:40:01.305238+04:00
ITM-4f622a23e140c541,6947b6a5d7c062bdd613744579f7615cb4dee4d8d6f7b65d1002c9873cfcd9c0,OBS-FR-OI-SIMPLE-SOURCING-8,3a5c386500cd53b1784bb548d0555e2c225bcf9a7d02cef1b6041a600b62190a,RUN-20260821T114001,2026-08-21T11:40:01.305238+04:00
ITM-5011931f94e0fb39,5b260d4dee2f0a2ba0eac0c716252e3c57f6855fa24b3add138b02a3f11e64f1,OBS-FR-OI-SIMPLE-SOURCING-8,3a5c386500cd53b1784bb548d0555e2c225bcf9a7d02cef1b6041a600b62190a,RUN-20260821T114001,2026-08-21T11:40:01.305238+04:00
ITM-503ed2199ab8ebba,2aad3410e738aa6cd3973b86b80a7a34301ab05d1ae6c0a02460d227943051d6,OBS-FR-OI-SIMPLE-SOURCING-8,3a5c386500cd53b1784bb548d0555e2c225bcf9a7d02cef1b6041a600b62190a,RUN-20260821T114001,2026-08-21T11:40:01.305238+04:00
ITM-5060676509ac6f03,97bcbd10d5088c4cb5ed5c6d0fed344702c124ca687db7cd8d224c29f151be58,OBS-FR-OI-SIMPLE-SOURCING-8,3a5c386500cd53b1784bb548d0555e2c225bcf9a7d02cef1b6041a600b62190a,RUN-20260821T114001,2026-08-21T11:40:01.305238+04:00
ITM-50808b81d1fe1645,374a2c9bdd50ec976127d6d6478ea5474ad88be96d90b018a9f5f58cf8f453a3,OBS-FR-OI-SIMPLE-SOURCING-8,3a5c386500cd53b1784bb548d0555e2c225bcf9a7d02cef1b6041a600b62190a,RUN-20260821T114001,2026-08-21T11:40:01.305238+04:00
ITM-5087f77865a98d13,d86de660c20f9c23f3ec16b3dba6eb52272d9885f86689459ebc48ef2bc7b77d,OBS-FR-OI-SIMPLE-SOURCING-8,3a5c386500cd53b1784bb548d0555e2c225bcf9a7d02cef1b6041a600b62190a,RUN-20260821T114001,2026-08-21T11:40:01.305238+04:00
ITM-50e32c52ab3d8a05,df8d944c00896eed2f924b91c17c027bd4b8aa833c7d88da73a67eab22674171,OBS-FR-OI-SIMPLE-SOURCING-8,3a5c386500cd53b1784bb548d0555e2c225bcf9a7d02cef1b6041a600b62190a,RUN-20260821T114001,2026-08-21T11:40:01.305238+04:00
ITM-511f948ed3eebed5,1d0e5e829258f4a4ad53a9ab6fb2efcb2c567e6968a2c826f8fc007658537bf5,OBS-FR-OI-SIMPLE-SOURCING-8,3a5c386500cd53b1784bb548d0555e2c225bcf9a7d02cef1b6041a600b62190a,RUN-20260821T114001,2026-08-21T11:40:01.305238+04:00
ITM-513c8fde62b8cae3,987c1b807014164cf931c6350c91287fb5ebf6f5610378a3494cb9e6a46cf2aa,OBS-FR-OI-SIMPLE-SOURCING-8,3a5c386500cd53b1784bb548d0555e2c225bcf9a7d02cef1b6041a600b62190a,RUN-20260821T114001,2026-08-21T11:40:01.305238+04:00
ITM-5195e435f4b81c8c,93fad8482f0ae56d6fd9b34b4d2f853dc592bef9275fd5756df13c585d51515d,OBS-FR-OI-SIMPLE-SOURCING-8,3a5c386500cd53b1784bb548d0555e2c225bcf9a7d02cef1b6041a600b62190a,RUN-20260821T114001,2026-08-21T11:40:01.305238+04:00
ITM-51d1441b43e29f73,7f8e79e3c511eaff0f9d30f42db818bd61f73ebf743da37a90fa10e3f2e3c0dd,OBS-FR-OI-SIMPLE-SOURCING-8,3a5c386500cd53b1784bb548d0555e2c225bcf9a7d02cef1b6041a600b62190a,RUN-20260821T114001,2026-08-21T11:40:01.305238+04:00
ITM-520e6431eea63f00,b50eadc00a31d9460f0e09b7e1f9be2fa7bf30b9b53cfa80d6ec0a73716373be,OBS-FR-OI-SIMPLE-SOURCING-8,3a5c386500cd53b1784bb548d0555e2c225bcf9a7d02cef1b6041a600b62190a,RUN-20260821T114001,2026-08-21T11:40:01.305238+04:00
ITM-522aa38c30b008dc,92dbfbbe10e9fbffaedd89730b9afde1883115156d6ef00770d6ea9ec3344478,OBS-FR-OI-SIMPLE-SOURCING-8,3a5c386500cd53b1784bb548d0555e2c225bcf9a7d02cef1b6041a600b62190a,RUN-20260821T114001,2026-08-21T11:40:01.305238+04:00
ITM-525f9068fd6b7ab1,d691dc1165403a301af9fc17d47ab7eb147bc1d065a2da495d8fb5db187a30fa,OBS-FR-OI-SIMPLE-SOURCING-8,3a5c386500cd53b1784bb548d0555e2c225bcf9a7d02cef1b6041a600b62190a,RUN-20260821T114001,2026-08-21T11:40:01.305238+04:00
ITM-5299e7c10746fa62,1923627b9592e270c01ec740ed8b8f5087c9e8dc2fda934d5624423a7c39d441,OBS-FR-OI-SIMPLE-SOURCING-8,3a5c386500cd53b1784bb548d0555e2c225bcf9a7d02cef1b6041a600b62190a,RUN-20260821T114001,2026-08-21T11:40:01.305238+04:00
ITM-530518f6cfbc1d68,8b59b770697d02987cd792741f09c5a22e9742867394862178b134f7e209ea35,OBS-FR-OI-SIMPLE-SOURCING-8,3a5c386500cd53b1784bb548d0555e2c225bcf9a7d02cef1b6041a600b62190a,RUN-20260821T114001,2026-08-21T11:40:01.305238+04:00
ITM-533dcdbec3437d5a,dc541b24f07e30a201235fdebf8209f504ddc475c1fb20334701ca3abf1dbd49,OBS-FR-OI-SIMPLE-SOURCING-8,3a5c386500cd53b1784bb548d0555e2c225bcf9a7d02cef1b6041a600b62190a,RUN-20260821T114001,2026-08-21T11:40:01.305238+04:00
ITM-5384bb2edc1e590e,4116b4a9f7ce1ed36d8919b33b6632d619e74f3ca8876175c2c3f3b4d0d9006a,OBS-FR-OI-SIMPLE-SOURCING-8,3a5c386500cd53b1784bb548d0555e2c225bcf9a7d02cef1b6041a600b62190a,RUN-20260821T114001,2026-08-21T11:40:01.305238+04:00
ITM-539e9416bad4a918,dad4e6111264a0acdf74019a7bd9e1afdf52ef40e48732bb8c58f66de6de36e0,OBS-FR-OI-SIMPLE-SOURCING-8,3a5c386500cd53b1784bb548d0555e2c225bcf9a7d02cef1b6041a600b62190a,RUN-20260821T114001,2026-08-21T11:40:01.305238+04:00
ITM-53bccaa6091fe456,e37ae1bd96a7ed95a872971b2e1c99b17be830c14b0306db95945d9ef5364729,OBS-FR-OI-SIMPLE-SOURCING-8,3a5c386500cd53b1784bb548d0555e2c225bcf9a7d02cef1b6041a600b62190a,RUN-20260821T114001,2026-08-21T11:40:01.305238+04:00
ITM-54224a642d605adb,7cd3941fe4e3441c6c5762990ef747063c456bd073de571d39e8ba2965e8a063,OBS-FR-OI-SIMPLE-SOURCING-8,3a5c386500cd53b1784bb548d0555e2c225bcf9a7d02cef1b6041a600b62190a,RUN-20260821T114001,2026-08-21T11:40:01.305238+04:00
ITM-54413e569df7ef7b,b2880406068e05b3de5c93687b22b62bba9f0dfaceb38ae02401c6618d50b93d,OBS-FR-OI-SIMPLE-SOURCING-8,3a5c386500cd53b1784bb548d0555e2c225bcf9a7d02cef1b6041a600b62190a,RUN-20260821T114001,2026-08-21T11:40:01.305238+04:00
ITM-54bfa9e5b4a8842e,6a4754de515fba5a24063e770d96081acbd0a8f8b6f9b0ab54c4e76f69e1fe10,OBS-FR-OI-SIMPLE-SOURCING-8,3a5c386500cd53b1784bb548d0555e2c225bcf9a7d02cef1b6041a600b62190a,RUN-20260821T114001,2026-08-21T11:40:01.305238+04:00
ITM-55009a7fcb0bbb0b,e277007b1b3265b6667615d8823618c84c3bf2d8c5c60211daf5ece09e971bf4,OBS-FR-OI-SIMPLE-SOURCING-8,3a5c386500cd53b1784bb548d0555e2c225bcf9a7d02cef1b6041a600b62190a,RUN-20260821T114001,2026-08-21T11:40:01.305238+04:00
ITM-552149bd1bd6474d,1ca3097715d4c6e13f9dcdcc9c58f46ad514d82080187d84f1ff1e67f9c64512,OBS-FR-OI-SIMPLE-SOURCING-8,3a5c386500cd53b1784bb548d0555e2c225bcf9a7d02cef1b6041a600b62190a,RUN-20260821T114001,2026-08-21T11:40:01.305238+04:00
ITM-55973f575f4233f9,5029a7dfe2efd7c3e6db081f75ea66ab5e4ba9c42babb003386bf70f36f83d79,OBS-FR-OI-SIMPLE-SOURCING-8,3a5c386500cd53b1784bb548d0555e2c225bcf9a7d02cef1b6041a600b62190a,RUN-20260821T114001,2026-08-21T11:40:01.305238+04:00
ITM-55ff361328afaab5,298a6e7a13c036d8aee39ad8a5391dc421460014c1298b218d9f9951dec7d73a,OBS-FR-OI-SIMPLE-SOURCING-8,3a5c386500cd53b1784bb548d0555e2c225bcf9a7d02cef1b6041a600b62190a,RUN-20260821T114001,2026-08-21T11:40:01.305238+04:00
ITM-56760f5811985a28,c7e632792fade7f6f40ce0abb5874596522b08ebd00f45479b0b9774d2251d68,OBS-FR-OI-SIMPLE-SOURCING-8,3a5c386500cd53b1784bb548d0555e2c225bcf9a7d02cef1b6041a600b62190a,RUN-20260821T114001,2026-08-21T11:40:01.305238+04:00
ITM-56c9e482212ffba9,c7c54f2f31044592aa93728a866e4b05339dffdd80b77b4def232aa69ca41b46,OBS-FR-OI-SIMPLE-SOURCING-8,3a5c386500cd53b1784bb548d0555e2c225bcf9a7d02cef1b6041a600b62190a,RUN-20260821T114001,2026-08-21T11:40:01.305238+04:00
ITM-56d4439d472896c2,a60b71b98b8bad20bdc4422667831898712de4f803e1e523164997535e2117fd,OBS-FR-OI-SIMPLE-SOURCING-8,3a5c386500cd53b1784bb548d0555e2c225bcf9a7d02cef1b6041a600b62190a,RUN-20260821T114001,2026-08-21T11:40:01.305238+04:00
ITM-571b51a7d00802b7,9dac8ed7c5a658146fade8fe59192663c1364e56b685fd30631fdc342691dc70,OBS-FR-OI-SIMPLE-SOURCING-8,3a5c386500cd53b1784bb548d0555e2c225bcf9a7d02cef1b6041a600b62190a,RUN-20260821T114001,2026-08-21T11:40:01.305238+04:00
ITM-572762a3c6c97af5,f8144bdb08211483d7e934140d469791b52a4ae132cff72a8bbbb1ae08e64116,OBS-FR-OI-SIMPLE-SOURCING-8,3a5c386500cd53b1784bb548d0555e2c225bcf9a7d02cef1b6041a600b62190a,RUN-20260821T114001,2026-08-21T11:40:01.305238+04:00
ITM-5803deee6aaef043,49d3663be92a731edf57ccc4d50636e646abe50b432aeff48b4ee06623ae6824,OBS-FR-OI-SIMPLE-SOURCING-8,3a5c386500cd53b1784bb548d0555e2c225bcf9a7d02cef1b6041a600b62190a,RUN-20260821T114001,2026-08-21T11:40:01.305238+04:00
ITM-580b80276a00138e,c712e2360d63012d3695cf7f27ecab53d721f8f022b384d7a4f00974442d94fc,OBS-FR-OI-SIMPLE-SOURCING-8,3a5c386500cd53b1784bb548d0555e2c225bcf9a7d02cef1b6041a600b62190a,RUN-20260821T114001,2026-08-21T11:40:01.305238+04:00
ITM-582eb78bcb240856,c7ba96a14c534e6fea91e4594009824e6c6d76576da472c09e57489d8af32c81,OBS-FR-OI-SIMPLE-SOURCING-8,3a5c386500cd53b1784bb548d0555e2c225bcf9a7d02cef1b6041a600b62190a,RUN-20260821T114001,2026-08-21T11:40:01.305238+04:00
ITM-58547cd515824b45,2bdacc3ee89283c8cd93186965215452d699f6479c4bf207aa61d4e9b118ccb7,OBS-FR-OI-SIMPLE-SOURCING-8,3a5c386500cd53b1784bb548d0555e2c225bcf9a7d02cef1b6041a600b62190a,RUN-20260821T114001,2026-08-21T11:40:01.305238+04:00
ITM-5893fb24d8b9ccf3,4cebb8807c69fe41454ad7636d3ed4386ed30170f606f0fc346c82c8c91a42ba,OBS-FR-OI-SIMPLE-SOURCING-8,3a5c386500cd53b1784bb548d0555e2c225bcf9a7d02cef1b6041a600b62190a,RUN-20260821T114001,2026-08-21T11:40:01.305238+04:00
ITM-589ef74c132ae0a2,0476dc2f58b2d9f4801773fd3d45f147a4836543be363e616b9a741daff1f5e6,OBS-FR-OI-SIMPLE-SOURCING-8,3a5c386500cd53b1784bb548d0555e2c225bcf9a7d02cef1b6041a600b62190a,RUN-20260821T114001,2026-08-21T11:40:01.305238+04:00
ITM-5907f5a5b306f012,77ba3421250b05785cbe6a55912e57a45eedd59e374a0df8f4f53764ae1a5f13,OBS-FR-OI-SIMPLE-SOURCING-8,3a5c386500cd53b1784bb548d0555e2c225bcf9a7d02cef1b6041a600b62190a,RUN-20260821T114001,2026-08-21T11:40:01.305238+04:00
ITM-59c2e598ee47471d,87a66dae9c048acbb58a990fab98246db225505397aef0fba1c7f3a3ab862f6b,OBS-FR-OI-SIMPLE-SOURCING-8,3a5c386500cd53b1784bb548d0555e2c225bcf9a7d02cef1b6041a600b62190a,RUN-20260821T114001,2026-08-21T11:40:01.305238+04:00
ITM-5a10a8949c397f2d,1db2680b40fcff0e390d43ad0d5e05cc2858e24895f3ec0d73a7a1d08be47046,OBS-FR-OI-SIMPLE-SOURCING-8,3a5c386500cd53b1784bb548d0555e2c225bcf9a7d02cef1b6041a600b62190a,RUN-20260821T114001,2026-08-21T11:40:01.305238+04:00
ITM-5a4a266d279fda15,9422ff4315f270da956c4bfa0dccf873e0a9c130b6124103045f97246c6b7840,OBS-FR-OI-SIMPLE-SOURCING-8,3a5c386500cd53b1784bb548d0555e2c225bcf9a7d02cef1b6041a600b62190a,RUN-20260821T114001,2026-08-21T11:40:01.305238+04:00
ITM-5a921aaebb3181e9,aa70185d01d412120b4391b057a4596c2078b95c7dbefd4c557677b37b08e0c0,OBS-FR-OI-SIMPLE-SOURCING-8,3a5c386500cd53b1784bb548d0555e2c225bcf9a7d02cef1b6041a600b62190a,RUN-20260821T114001,2026-08-21T11:40:01.305238+04:00
ITM-5ab13a9b8c40816f,f94e053af97b983dcaefef9c124d64c173bacbd082f73ef52d226cf3ba75da4c,OBS-FR-OI-SIMPLE-SOURCING-8,3a5c386500cd53b1784bb548d0555e2c225bcf9a7d02cef1b6041a600b62190a,RUN-20260821T114001,2026-08-21T11:40:01.305238+04:00
ITM-5ad9dee2bb8a4173,3451f8aea603afd7e757ad8d84d6476f0b9b84c3c7a51f17ac9cdcf200bae8d7,OBS-FR-OI-SIMPLE-SOURCING-8,3a5c386500cd53b1784bb548d0555e2c225bcf9a7d02cef1b6041a600b62190a,RUN-20260821T114001,2026-08-21T11:40:01.305238+04:00
ITM-5b224f2217bc78a0,679d5ce7c33b8d4a73ea4c641bc311ee67f8aa47d16d59bdc56498771cef0967,OBS-FR-OI-SIMPLE-SOURCING-8,3a5c386500cd53b1784bb548d0555e2c225bcf9a7d02cef1b6041a600b62190a,RUN-20260821T114001,2026-08-21T11:40:01.305238+04:00
ITM-5b2aaeb7311dd267,7a3acf174b39479016153538dc01c6c1422e359719b839e5406be7d6217ce656,OBS-FR-OI-SIMPLE-SOURCING-8,3a5c386500cd53b1784bb548d0555e2c225bcf9a7d02cef1b6041a600b62190a,RUN-20260821T114001,2026-08-21T11:40:01.305238+04:00
ITM-5b6991aaa5085b79,e58a508ee9586e225bcd6c58319bb12569f842f57cbe07d0840eb4de316f02cc,OBS-FR-OI-SIMPLE-SOURCING-8,3a5c386500cd53b1784bb548d0555e2c225bcf9a7d02cef1b6041a600b62190a,RUN-20260821T114001,2026-08-21T11:40:01.305238+04:00
ITM-5be7f4f4816ada3e,eac17f1d94d929a24ccde0379286e44e7717d4536048f0b55f459f13522ff5ad,OBS-FR-OI-SIMPLE-SOURCING-8,3a5c386500cd53b1784bb548d0555e2c225bcf9a7d02cef1b6041a600b62190a,RUN-20260821T114001,2026-08-21T11:40:01.305238+04:00
ITM-5c2e0a1a7c553b74,ecbc032376e4aac0b1c570c3f990c1173f73d12e40d0c0f0a956e73f637b68ed,OBS-FR-OI-SIMPLE-SOURCING-8,3a5c386500cd53b1784bb548d0555e2c225bcf9a7d02cef1b6041a600b62190a,RUN-20260821T114001,2026-08-21T11:40:01.305238+04:00
ITM-5c8b6fd4791892aa,6d3edeb0daf84dc9c3709cc79baae4dc0609d0dbe878152a5a64298a9d160466,OBS-FR-OI-SIMPLE-SOURCING-8,3a5c386500cd53b1784bb548d0555e2c225bcf9a7d02cef1b6041a600b62190a,RUN-20260821T114001,2026-08-21T11:40:01.305238+04:00
ITM-5de129f1515265ed,f18c0d5fa1b58bbf28b34d3364233e0659fb76e2075d566c43964a8b05036d2c,OBS-FR-OI-SIMPLE-SOURCING-8,3a5c386500cd53b1784bb548d0555e2c225bcf9a7d02cef1b6041a600b62190a,RUN-20260821T114001,2026-08-21T11:40:01.305238+04:00
ITM-5dfcab08de0f6e21,73ddc9833adeaef2df0c7ddbd08ad4b9fa1a196dd340fea75c55c465bc5d9692,OBS-FR-OI-SIMPLE-SOURCING-8,3a5c386500cd53b1784bb548d0555e2c225bcf9a7d02cef1b6041a600b62190a,RUN-20260821T114001,2026-08-21T11:40:01.305238+04:00
ITM-5e135e88502f97bd,8e62ff15846caff69d4ca3d6715ec1261f73895a1abbb710104b1862710532c5,OBS-FR-OI-SIMPLE-SOURCING-8,3a5c386500cd53b1784bb548d0555e2c225bcf9a7d02cef1b6041a600b62190a,RUN-20260821T114001,2026-08-21T11:40:01.305238+04:00
ITM-5e23e9d1f63da027,20454e737faed8dcd2455bfbe115d854e0dda1afa9b6b415a4ddb0d2a56f1bf2,OBS-FR-OI-SIMPLE-SOURCING-8,3a5c386500cd53b1784bb548d0555e2c225bcf9a7d02cef1b6041a600b62190a,RUN-20260821T114001,2026-08-21T11:40:01.305238+04:00
ITM-5e272386cb9a578e,9e2eb39ee73a8b6e7108784640307bb8527bc7694d00d43983aed2213e8a584c,OBS-FR-OI-SIMPLE-SOURCING-8,3a5c386500cd53b1784bb548d0555e2c225bcf9a7d02cef1b6041a600b62190a,RUN-20260821T114001,2026-08-21T11:40:01.305238+04:00
ITM-5e2dc4d4478dbb5d,6c22cb9039612fa2b5ad835d5bc4646008887dd938c4294930460248ce6a36bb,OBS-FR-OI-SIMPLE-SOURCING-8,3a5c386500cd53b1784bb548d0555e2c225bcf9a7d02cef1b6041a600b62190a,RUN-20260821T114001,2026-08-21T11:40:01.305238+04:00
ITM-5e5ac5f23a02d0b4,53f16ea4bfda4cb9185a14431fc2fa407e943f12c677369bb9d6315dd86fd323,OBS-FR-OI-SIMPLE-SOURCING-8,3a5c386500cd53b1784bb548d0555e2c225bcf9a7d02cef1b6041a600b62190a,RUN-20260821T114001,2026-08-21T11:40:01.305238+04:00
ITM-5ec91c7b0bb76ae4,71888eca718235ba6e76ac7cf875bd14d8c1fbe217bf0b1a00fbee794e728d32,OBS-FR-OI-SIMPLE-SOURCING-8,3a5c386500cd53b1784bb548d0555e2c225bcf9a7d02cef1b6041a600b62190a,RUN-20260821T114001,2026-08-21T11:40:01.305238+04:00
ITM-5ed30ac0b6b94ced,46fa3e2324c01b54f51b0a56b81a427510a7c06e21e42f0714bc84e24c062e48,OBS-FR-OI-SIMPLE-SOURCING-8,3a5c386500cd53b1784bb548d0555e2c225bcf9a7d02cef1b6041a600b62190a,RUN-20260821T114001,2026-08-21T11:40:01.305238+04:00
ITM-5ef16bdb42a2ded8,723b25558d92b6b86e891a98e5c9c69a81996e6b06195f9734135936aa362894,OBS-FR-OI-SIMPLE-SOURCING-8,3a5c386500cd53b1784bb548d0555e2c225bcf9a7d02cef1b6041a600b62190a,RUN-20260821T114001,2026-08-21T11:40:01.305238+04:00
ITM-5ef1e91900f382aa,ddfc376ea02b7d0336a8b23e4b430fade8720289ad223dd1405cef65bf072a15,OBS-FR-OI-SIMPLE-SOURCING-8,3a5c386500cd53b1784bb548d0555e2c225bcf9a7d02cef1b6041a600b62190a,RUN-20260821T114001,2026-08-21T11:40:01.305238+04:00
ITM-5f4d35c89fc47f90,164610abae6f96cfcd2def99f6fff7388e1f9d53e9cb2675c3387a7ca62c88be,OBS-FR-OI-SIMPLE-SOURCING-8,3a5c386500cd53b1784bb548d0555e2c225bcf9a7d02cef1b6041a600b62190a,RUN-20260821T114001,2026-08-21T11:40:01.305238+04:00
ITM-5f5d736c0ab6bd08,fd0495ff29d4b2ee3e08cd8d32bccb83f0dbda6f7b7398ffd3cd00ce25f49ba3,OBS-FR-OI-SIMPLE-SOURCING-8,3a5c386500cd53b1784bb548d0555e2c225bcf9a7d02cef1b6041a600b62190a,RUN-20260821T114001,2026-08-21T11:40:01.305238+04:00
ITM-5fcf2b78f3a8f4ad,c8bc6d50486c67fb2bdd6c227783ccc99117a129bbc17528f69125d8e057dffd,OBS-FR-OI-SIMPLE-SOURCING-8,3a5c386500cd53b1784bb548d0555e2c225bcf9a7d02cef1b6041a600b62190a,RUN-20260821T114001,2026-08-21T11:40:01.305238+04:00
ITM-5fe0b6e65458e8c2,869b27ada489f03db37213c756576d1433d3a44f021650868366912f9972b471,OBS-FR-OI-SIMPLE-SOURCING-8,3a5c386500cd53b1784bb548d0555e2c225bcf9a7d02cef1b6041a600b62190a,RUN-20260821T114001,2026-08-21T11:40:01.305238+04:00
ITM-5ff54b3426c5d095,101e5c8d66d81246fb054c8d4cb2d2ef6859777e6b9091dc59267b6e98866196,OBS-FR-OI-SIMPLE-SOURCING-8,3a5c386500cd53b1784bb548d0555e2c225bcf9a7d02cef1b6041a600b62190a,RUN-20260821T114001,2026-08-21T11:40:01.305238+04:00
ITM-601868916e7adbcf,c4631127a87abf11766068bd4b40979ef7c5b894eb0ee70eed484ee1663623da,OBS-FR-OI-SIMPLE-SOURCING-8,3a5c386500cd53b1784bb548d0555e2c225bcf9a7d02cef1b6041a600b62190a,RUN-20260821T114001,2026-08-21T11:40:01.305238+04:00
ITM-6023eead5a989ee1,fa40bfbb2ce0e993e30f56fea4c8105c2832b62c2894bf8f11020180de02ae98,OBS-FR-OI-SIMPLE-SOURCING-8,3a5c386500cd53b1784bb548d0555e2c225bcf9a7d02cef1b6041a600b62190a,RUN-20260821T114001,2026-08-21T11:40:01.305238+04:00
ITM-608ba5a181f84f40,012f13f1a39ed7ae6dce716cdd7f5c8ceb6c3ba6568d219fee900931976b6086,OBS-FR-OI-SIMPLE-SOURCING-8,3a5c386500cd53b1784bb548d0555e2c225bcf9a7d02cef1b6041a600b62190a,RUN-20260821T114001,2026-08-21T11:40:01.305238+04:00
ITM-60c784ad4e524fe4,bee94b41fb198ab78e7d38edb9b875872d10582b48fdf30e05d1abda8b45f103,OBS-FR-OI-SIMPLE-SOURCING-8,3a5c386500cd53b1784bb548d0555e2c225bcf9a7d02cef1b6041a600b62190a,RUN-20260821T114001,2026-08-21T11:40:01.305238+04:00
ITM-612dc60d840f78da,dbeccd774349705efd38ecd09861ab0e67bd066d884fd2eae9472e752dd0ec75,OBS-FR-OI-SIMPLE-SOURCING-8,3a5c386500cd53b1784bb548d0555e2c225bcf9a7d02cef1b6041a600b62190a,RUN-20260821T114001,2026-08-21T11:40:01.305238+04:00
ITM-6152c6e03391a140,8dbba3484f543d581ee199b5cc89f91b70102d5d8c46fd7a7d7d8407ef4fd2f2,OBS-FR-OI-SIMPLE-SOURCING-8,3a5c386500cd53b1784bb548d0555e2c225bcf9a7d02cef1b6041a600b62190a,RUN-20260821T114001,2026-08-21T11:40:01.305238+04:00
ITM-617c9e36ad9111f9,bc8f7ed4d1a4754ce25f7c6af99449083d162b90578a665e5c71bd1e8db911ee,OBS-FR-OI-SIMPLE-SOURCING-8,3a5c386500cd53b1784bb548d0555e2c225bcf9a7d02cef1b6041a600b62190a,RUN-20260821T114001,2026-08-21T11:40:01.305238+04:00
ITM-62001f9e3983d410,311196dd27bd533667616f796ec5b8e4ce30398dcb744d3da9d75093cef62e13,OBS-FR-OI-SIMPLE-SOURCING-8,3a5c386500cd53b1784bb548d0555e2c225bcf9a7d02cef1b6041a600b62190a,RUN-20260821T114001,2026-08-21T11:40:01.305238+04:00
ITM-621ab3d04c1a7786,2acba9ab9b87eef55412893580968d7f3e4c3d2745d6f82ab98e42f37f3b465f,OBS-FR-OI-SIMPLE-SOURCING-8,3a5c386500cd53b1784bb548d0555e2c225bcf9a7d02cef1b6041a600b62190a,RUN-20260821T114001,2026-08-21T11:40:01.305238+04:00
ITM-6261906376079f45,816db989ca0fe7f9fe34e6cdf1136d2a31cc0efaeb1a9e92b2c2ec6cbe85c152,OBS-FR-OI-SIMPLE-SOURCING-8,3a5c386500cd53b1784bb548d0555e2c225bcf9a7d02cef1b6041a600b62190a,RUN-20260821T114001,2026-08-21T11:40:01.305238+04:00
ITM-628755b3a7846d5c,3f5b5a306c7390120561d7b5ab7be94a246ecfddd589bfc3910385537e6a8c92,OBS-FR-OI-SIMPLE-SOURCING-8,3a5c386500cd53b1784bb548d0555e2c225bcf9a7d02cef1b6041a600b62190a,RUN-20260821T114001,2026-08-21T11:40:01.305238+04:00
ITM-6303806dfda26cef,a4c08a4c27bd09e8670ed53eb3c1e8d067fd96fbe772d992794b25ba6745adfb,OBS-FR-OI-SIMPLE-SOURCING-8,3a5c386500cd53b1784bb548d0555e2c225bcf9a7d02cef1b6041a600b62190a,RUN-20260821T114001,2026-08-21T11:40:01.305238+04:00
ITM-63098fe3dbf180ac,fddaad0b7714d7406a16b719d1143fde5ce25280da1b32023c3eea8522198475,OBS-FR-OI-SIMPLE-SOURCING-8,3a5c386500cd53b1784bb548d0555e2c225bcf9a7d02cef1b6041a600b62190a,RUN-20260821T114001,2026-08-21T11:40:01.305238+04:00
ITM-637343689cfb8ae6,5b381d80f986c48d6feb98438ad52d076d9fd42f92747d05b2d250dc19c14842,OBS-FR-OI-SIMPLE-SOURCING-8,3a5c386500cd53b1784bb548d0555e2c225bcf9a7d02cef1b6041a600b62190a,RUN-20260821T114001,2026-08-21T11:40:01.305238+04:00
ITM-63e80c535cc0ba3d,a1c77f87d85bbf338e2d9759681decdea5ff23cdd1653eb85f1647be7bad5f56,OBS-FR-OI-SIMPLE-SOURCING-8,3a5c386500cd53b1784bb548d0555e2c225bcf9a7d02cef1b6041a600b62190a,RUN-20260821T114001,2026-08-21T11:40:01.305238+04:00
ITM-6434a5e7b1d21b73,46828e76bd6d681511d448a667caa65bc8804a43dbe0d5be86a81b0a3b7c389d,OBS-FR-OI-SIMPLE-SOURCING-8,3a5c386500cd53b1784bb548d0555e2c225bcf9a7d02cef1b6041a600b62190a,RUN-20260821T114001,2026-08-21T11:40:01.305238+04:00
ITM-6443c8aab653e7d2,e9d43ad202d9ebd922781e2b5cf9146dcec9023c67e0c80d470ec01212a60f85,OBS-FR-OI-SIMPLE-SOURCING-8,3a5c386500cd53b1784bb548d0555e2c225bcf9a7d02cef1b6041a600b62190a,RUN-20260821T114001,2026-08-21T11:40:01.305238+04:00
ITM-64485c5121289c6d,2d0825617ca8eeb7685236ae4ad0f739de48ba91cfe05f1db56aa38b380e17cc,OBS-FR-OI-SIMPLE-SOURCING-8,3a5c386500cd53b1784bb548d0555e2c225bcf9a7d02cef1b6041a600b62190a,RUN-20260821T114001,2026-08-21T11:40:01.305238+04:00
ITM-650997d490245a1e,60d5788df265cd9f61f35e6362becf437d3b6a275f02b8d5bb7c878297c45ae3,OBS-FR-OI-SIMPLE-SOURCING-8,3a5c386500cd53b1784bb548d0555e2c225bcf9a7d02cef1b6041a600b62190a,RUN-20260821T114001,2026-08-21T11:40:01.305238+04:00
ITM-653edd7cc3538318,3beefe0b9d740616544aed691bc10245b90e3c3e90fc4b91354bec0f767380d3,OBS-FR-OI-SIMPLE-SOURCING-8,3a5c386500cd53b1784bb548d0555e2c225bcf9a7d02cef1b6041a600b62190a,RUN-20260821T114001,2026-08-21T11:40:01.305238+04:00
ITM-6540e15e4bb1089d,a2d0affbe4c41cffb36101e77fa2a82cbe902f40bf42a4608ec5d77e0f23e58b,OBS-FR-OI-SIMPLE-SOURCING-8,3a5c386500cd53b1784bb548d0555e2c225bcf9a7d02cef1b6041a600b62190a,RUN-20260821T114001,2026-08-21T11:40:01.305238+04:00
ITM-658a1c05df63653b,7480241bfb416d26f1cb4e8356fe0e131ba1676406d13360f218892d05096c05,OBS-FR-OI-SIMPLE-SOURCING-8,3a5c386500cd53b1784bb548d0555e2c225bcf9a7d02cef1b6041a600b62190a,RUN-20260821T114001,2026-08-21T11:40:01.305238+04:00
ITM-65ce0dab605eb5e8,04a2ef8b3f136e351a957bfa20ab10d811fe01dc2a87747cfc84d4e90ae96a3e,OBS-FR-OI-SIMPLE-SOURCING-8,3a5c386500cd53b1784bb548d0555e2c225bcf9a7d02cef1b6041a600b62190a,RUN-20260821T114001,2026-08-21T11:40:01.305238+04:00
ITM-65e543f390e5b3b5,db4d77d357aabc3f9148236cec33751c1f6cb4b94a2193f28017c37f4acaa0fc,OBS-FR-OI-SIMPLE-SOURCING-8,3a5c386500cd53b1784bb548d0555e2c225bcf9a7d02cef1b6041a600b62190a,RUN-20260821T114001,2026-08-21T11:40:01.305238+04:00
ITM-65f350809a5a3828,b48f5df2f90d3a22eb63a8f3b86697890ba736947e8cf1ad8a49cf4ecd677296,OBS-FR-OI-SIMPLE-SOURCING-8,3a5c386500cd53b1784bb548d0555e2c225bcf9a7d02cef1b6041a600b62190a,RUN-20260821T114001,2026-08-21T11:40:01.305238+04:00
ITM-65fc228311f0ac68,e785c056ceeaeea69c2447db4b47f37b0a6d252ad5185a89c626b05213f6f13b,OBS-FR-OI-SIMPLE-SOURCING-8,3a5c386500cd53b1784bb548d0555e2c225bcf9a7d02cef1b6041a600b62190a,RUN-20260821T114001,2026-08-21T11:40:01.305238+04:00
ITM-661df1461c218991,e2d3cb5e620ee45ceec87c344f0a74bb9de0d4650b490af5ef6e993489a327c8,OBS-FR-OI-SIMPLE-SOURCING-8,3a5c386500cd53b1784bb548d0555e2c225bcf9a7d02cef1b6041a600b62190a,RUN-20260821T114001,2026-08-21T11:40:01.305238+04:00
ITM-66285aa24e7daecb,a23c3b88038faccd4a46793cf864280160cc8e751dc1884bc6fae18a37bf3bd0,OBS-FR-OI-SIMPLE-SOURCING-8,3a5c386500cd53b1784bb548d0555e2c225bcf9a7d02cef1b6041a600b62190a,RUN-20260821T114001,2026-08-21T11:40:01.305238+04:00
ITM-66bf0cf28479575f,b9a6210e865dd4c89478c718c3f2d8e36e5ca9487c4a1afb52d2f0abd432a483,OBS-FR-OI-SIMPLE-SOURCING-8,3a5c386500cd53b1784bb548d0555e2c225bcf9a7d02cef1b6041a600b62190a,RUN-20260821T114001,2026-08-21T11:40:01.305238+04:00
ITM-670c735118df98c4,ca95b51bf8d88842c5bc64dff19a66bc95ca6670d5e2b1398e4d5860449d261e,OBS-FR-OI-SIMPLE-SOURCING-8,3a5c386500cd53b1784bb548d0555e2c225bcf9a7d02cef1b6041a600b62190a,RUN-20260821T114001,2026-08-21T11:40:01.305238+04:00
ITM-673d112781447f3b,837979f5b0570e384b8e3c846846cacacee0abe5b9e930e3cb0dfbe3d4467640,OBS-FR-OI-SIMPLE-SOURCING-8,3a5c386500cd53b1784bb548d0555e2c225bcf9a7d02cef1b6041a600b62190a,RUN-20260821T114001,2026-08-21T11:40:01.305238+04:00
ITM-678f490b7e3fa135,1ad368eb1c4e751cd47f83ad4481ff0c4daeff2d12f58eaace70dfeef542adef,OBS-FR-OI-SIMPLE-SOURCING-8,3a5c386500cd53b1784bb548d0555e2c225bcf9a7d02cef1b6041a600b62190a,RUN-20260821T114001,2026-08-21T11:40:01.305238+04:00
ITM-67c04c6b5d60a618,a2deb2e8b6bc66cf7e7edc6d631f677a177fff2a32fa0b322b4da0298ba65806,OBS-FR-OI-SIMPLE-SOURCING-8,3a5c386500cd53b1784bb548d0555e2c225bcf9a7d02cef1b6041a600b62190a,RUN-20260821T114001,2026-08-21T11:40:01.305238+04:00
ITM-67c0c759836a906c,b1b5e62c9bfdd4750bfdfbaf5d70330d3c97412985dfbda63a9cf5bf3e2ae160,OBS-FR-OI-SIMPLE-SOURCING-8,3a5c386500cd53b1784bb548d0555e2c225bcf9a7d02cef1b6041a600b62190a,RUN-20260821T114001,2026-08-21T11:40:01.305238+04:00
ITM-680463799d591869,1e058f31f46b745e327fbd26267772fe6524b7fbeb23e2ff0e11d20c0311500d,OBS-FR-OI-SIMPLE-SOURCING-8,3a5c386500cd53b1784bb548d0555e2c225bcf9a7d02cef1b6041a600b62190a,RUN-20260821T114001,2026-08-21T11:40:01.305238+04:00
ITM-683227387ea6357c,4229a2c882bbfef6a065105fb87453f471134d8d1ae725563b8eee6f0f186446,OBS-FR-OI-SIMPLE-SOURCING-8,3a5c386500cd53b1784bb548d0555e2c225bcf9a7d02cef1b6041a600b62190a,RUN-20260821T114001,2026-08-21T11:40:01.305238+04:00
ITM-684738bbbed34293,9e4b6f985245374519d3166991e18306317e21d2eca5a058b2bcefa43157b12f,OBS-FR-OI-SIMPLE-SOURCING-8,3a5c386500cd53b1784bb548d0555e2c225bcf9a7d02cef1b6041a600b62190a,RUN-20260821T114001,2026-08-21T11:40:01.305238+04:00
ITM-68ac2f6a3f12d775,a3ff50e4af95fb717195bc9a6e1dde0a559066608055ff4cb621809693fe9fb9,OBS-FR-OI-SIMPLE-SOURCING-8,3a5c386500cd53b1784bb548d0555e2c225bcf9a7d02cef1b6041a600b62190a,RUN-20260821T114001,2026-08-21T11:40:01.305238+04:00
ITM-6956e8db07f07944,d91606f4d70d6b971dbbf191a2390a5a35144b58424cae5f1d33bcb5585bafb7,OBS-FR-OI-SIMPLE-SOURCING-8,3a5c386500cd53b1784bb548d0555e2c225bcf9a7d02cef1b6041a600b62190a,RUN-20260821T114001,2026-08-21T11:40:01.305238+04:00
ITM-69af84c23a50cee3,dbae31ac67ef380e30afa4d303602acb2bb47853db4ecf327666ca6a1b40768d,OBS-FR-OI-SIMPLE-SOURCING-8,3a5c386500cd53b1784bb548d0555e2c225bcf9a7d02cef1b6041a600b62190a,RUN-20260821T114001,2026-08-21T11:40:01.305238+04:00
ITM-69bb07edea4d4585,c7d3f1bb21cc0ec3c64deef262683eec18e04d76eedeea3337508c6eaf1e2104,OBS-FR-OI-SIMPLE-SOURCING-8,3a5c386500cd53b1784bb548d0555e2c225bcf9a7d02cef1b6041a600b62190a,RUN-20260821T114001,2026-08-21T11:40:01.305238+04:00
ITM-6a8c316d3b798998,cf21125c4293c0495b5cce576d6bbcc17b00518c25b2bcdc0425b1f3b199475a,OBS-FR-OI-SIMPLE-SOURCING-8,3a5c386500cd53b1784bb548d0555e2c225bcf9a7d02cef1b6041a600b62190a,RUN-20260821T114001,2026-08-21T11:40:01.305238+04:00
ITM-6ae1ae71bd4ae564,44aff81036a79572570c6dc9d3ca440444f915880110bcb5f60bef99fdbbeee4,OBS-FR-OI-SIMPLE-SOURCING-8,3a5c386500cd53b1784bb548d0555e2c225bcf9a7d02cef1b6041a600b62190a,RUN-20260821T114001,2026-08-21T11:40:01.305238+04:00
ITM-6b6b114355b4e382,4cb03054d16f42723db51e69e4821d7523004373f987c4f3428c8c34e54bce78,OBS-FR-OI-SIMPLE-SOURCING-8,3a5c386500cd53b1784bb548d0555e2c225bcf9a7d02cef1b6041a600b62190a,RUN-20260821T114001,2026-08-21T11:40:01.305238+04:00
ITM-6bc58685cc74eb76,63b682557cc4c555bcf65a5cda2cc562e1e02ae7699a862e599f3553901186d9,OBS-FR-OI-SIMPLE-SOURCING-8,3a5c386500cd53b1784bb548d0555e2c225bcf9a7d02cef1b6041a600b62190a,RUN-20260821T114001,2026-08-21T11:40:01.305238+04:00
ITM-6bfa36e2b7739b94,a0910f65d42a25260fcf0d9aa269d2c250d1802cfca69234621f10d54f0efe0b,OBS-FR-OI-SIMPLE-SOURCING-8,3a5c386500cd53b1784bb548d0555e2c225bcf9a7d02cef1b6041a600b62190a,RUN-20260821T114001,2026-08-21T11:40:01.305238+04:00
ITM-6c40605f8540852c,5e5a91c4448ce994e15c10a057d0acb2fad06f0046b2e23140758a2648cc76a6,OBS-FR-OI-SIMPLE-SOURCING-8,3a5c386500cd53b1784bb548d0555e2c225bcf9a7d02cef1b6041a600b62190a,RUN-20260821T114001,2026-08-21T11:40:01.305238+04:00
ITM-6c7f2c9c13a2413c,e607a253d1c2b89ddcbfc338d10e9d0bd351c3f581fe65880028e11f838e5181,OBS-FR-OI-SIMPLE-SOURCING-8,3a5c386500cd53b1784bb548d0555e2c225bcf9a7d02cef1b6041a600b62190a,RUN-20260821T114001,2026-08-21T11:40:01.305238+04:00
ITM-6cd906cccf4e1d39,d7b0910114371aeddf33c980a693b3acfa6f308dafa2c1021b76cb4b22b40633,OBS-FR-OI-SIMPLE-SOURCING-8,3a5c386500cd53b1784bb548d0555e2c225bcf9a7d02cef1b6041a600b62190a,RUN-20260821T114001,2026-08-21T11:40:01.305238+04:00
ITM-6d575af765841054,d7595730a7f3db9c3db91b70b2ae30e3fda32ebcfdc71209d61e379bee593217,OBS-FR-OI-SIMPLE-SOURCING-8,3a5c386500cd53b1784bb548d0555e2c225bcf9a7d02cef1b6041a600b62190a,RUN-20260821T114001,2026-08-21T11:40:01.305238+04:00
ITM-6dc9846b78e49a70,4da2bbf11aa90dfd0db570afa3a6ead7e5362682d6054746e375801b51f87464,OBS-FR-OI-SIMPLE-SOURCING-8,3a5c386500cd53b1784bb548d0555e2c225bcf9a7d02cef1b6041a600b62190a,RUN-20260821T114001,2026-08-21T11:40:01.305238+04:00
ITM-6e3243743693785c,2c4446009956a7efcac12281a43941c450569ad74356515f948e2fdecdf6259d,OBS-FR-OI-SIMPLE-SOURCING-8,3a5c386500cd53b1784bb548d0555e2c225bcf9a7d02cef1b6041a600b62190a,RUN-20260821T114001,2026-08-21T11:40:01.305238+04:00
ITM-6e76853753006061,7b4aac703111d8b5382cef1cdc89941b726b39d17799d60ae008c74c121f4ee4,OBS-FR-OI-SIMPLE-SOURCING-8,3a5c386500cd53b1784bb548d0555e2c225bcf9a7d02cef1b6041a600b62190a,RUN-20260821T114001,2026-08-21T11:40:01.305238+04:00
ITM-6f803c07a32519a9,5763b6ce37d07618aded0e766d115da76b8fbe9da2655740c06c6264853d3e66,OBS-FR-OI-SIMPLE-SOURCING-8,3a5c386500cd53b1784bb548d0555e2c225bcf9a7d02cef1b6041a600b62190a,RUN-20260821T114001,2026-08-21T11:40:01.305238+04:00
ITM-7053e5e8c0fbb1a7,dee6893131f24c0214017064546809c9a904a26957290d8be5dbfe829db8fb03,OBS-FR-OI-SIMPLE-SOURCING-8,3a5c386500cd53b1784bb548d0555e2c225bcf9a7d02cef1b6041a600b62190a,RUN-20260821T114001,2026-08-21T11:40:01.305238+04:00
ITM-70543a64df50de81,a27c9e34a5d63db16ea18c5d14017a76822308ba818d36c5721d9d66781c3d0f,OBS-FR-OI-SIMPLE-SOURCING-8,3a5c386500cd53b1784bb548d0555e2c225bcf9a7d02cef1b6041a600b62190a,RUN-20260821T114001,2026-08-21T11:40:01.305238+04:00
ITM-705dad067669f909,1d6f1f5ea5b9d7d53eb9642da17c144f86d60485cc9d8bbd3a44f936b79b2f87,OBS-FR-OI-SIMPLE-SOURCING-8,3a5c386500cd53b1784bb548d0555e2c225bcf9a7d02cef1b6041a600b62190a,RUN-20260821T114001,2026-08-21T11:40:01.305238+04:00
ITM-706944f425da80e8,ca6d30d63bc56a6ff098f0666552975a25034db1d2a05ed5d342a93f28db98ea,OBS-FR-OI-SIMPLE-SOURCING-8,3a5c386500cd53b1784bb548d0555e2c225bcf9a7d02cef1b6041a600b62190a,RUN-20260821T114001,2026-08-21T11:40:01.305238+04:00
ITM-70a383630c21a266,f76716d7edef908ef61c8afcbade7d1030950d0d0551802a49943d3561ae88bd,OBS-FR-OI-SIMPLE-SOURCING-8,3a5c386500cd53b1784bb548d0555e2c225bcf9a7d02cef1b6041a600b62190a,RUN-20260821T114001,2026-08-21T11:40:01.305238+04:00
ITM-70d251534d26af50,7d1e3a296724e67fda345c687eff7a54ad14e95ff93c164d25d197b123638cdb,OBS-FR-OI-SIMPLE-SOURCING-8,3a5c386500cd53b1784bb548d0555e2c225bcf9a7d02cef1b6041a600b62190a,RUN-20260821T114001,2026-08-21T11:40:01.305238+04:00
ITM-71664af3c267eb3d,85cdd51c62915c2ce529c3982def9183c04ddd4421dfa28e7b22f14f2c8677f0,OBS-FR-OI-SIMPLE-SOURCING-8,3a5c386500cd53b1784bb548d0555e2c225bcf9a7d02cef1b6041a600b62190a,RUN-20260821T114001,2026-08-21T11:40:01.305238+04:00
ITM-719727fac88493c1,458386c4a1f414d815e5941ea3d61e42e65b68d82d65c0e8d168b967bf225a17,OBS-FR-OI-SIMPLE-SOURCING-8,3a5c386500cd53b1784bb548d0555e2c225bcf9a7d02cef1b6041a600b62190a,RUN-20260821T114001,2026-08-21T11:40:01.305238+04:00
ITM-719c70712ed574e8,3d105576bbfee9c6f990119fc26ecc44c13a090aa0c37e54621ec782e2db5665,OBS-FR-OI-SIMPLE-SOURCING-8,3a5c386500cd53b1784bb548d0555e2c225bcf9a7d02cef1b6041a600b62190a,RUN-20260821T114001,2026-08-21T11:40:01.305238+04:00
ITM-71a62b32365c1652,1f013567ad0158a1ff2b07a25d6c562bbc14262805c7fcdb4248bfa7726bfc03,OBS-FR-OI-SIMPLE-SOURCING-8,3a5c386500cd53b1784bb548d0555e2c225bcf9a7d02cef1b6041a600b62190a,RUN-20260821T114001,2026-08-21T11:40:01.305238+04:00
ITM-71e8bf8985fa65c1,302bb630a7bcb6b673a789d99602d29ba280b4f21d1e0e8a52da8ce9661d4cc8,OBS-FR-OI-SIMPLE-SOURCING-8,3a5c386500cd53b1784bb548d0555e2c225bcf9a7d02cef1b6041a600b62190a,RUN-20260821T114001,2026-08-21T11:40:01.305238+04:00
ITM-72079a8da8425a21,ab8d774abc3b9fc0aa10132261f3660b8b4fe03e3f6cd20848ec23597661e66e,OBS-FR-OI-SIMPLE-SOURCING-8,3a5c386500cd53b1784bb548d0555e2c225bcf9a7d02cef1b6041a600b62190a,RUN-20260821T114001,2026-08-21T11:40:01.305238+04:00
ITM-7224d9b57b64273c,0c2cb9c82091927ca83628e59b2475b52b384e68e16739df1342d4268cf337cf,OBS-FR-OI-SIMPLE-SOURCING-8,3a5c386500cd53b1784bb548d0555e2c225bcf9a7d02cef1b6041a600b62190a,RUN-20260821T114001,2026-08-21T11:40:01.305238+04:00
ITM-72672d945d4ed973,584bc9138225bdde1168322f987ea630b5e819bdd15a438d1cc33f299aa15e0a,OBS-FR-OI-SIMPLE-SOURCING-8,3a5c386500cd53b1784bb548d0555e2c225bcf9a7d02cef1b6041a600b62190a,RUN-20260821T114001,2026-08-21T11:40:01.305238+04:00
ITM-728468c245751d1f,20e50bbb0e38a28da931e3e29fa14db1020b8ff561aa2123abe3dad5d07209ae,OBS-FR-OI-SIMPLE-SOURCING-8,3a5c386500cd53b1784bb548d0555e2c225bcf9a7d02cef1b6041a600b62190a,RUN-20260821T114001,2026-08-21T11:40:01.305238+04:00
ITM-72b2101fc9791988,4372827a690a48b88742080efefce31667696b32b76c868b4c98e54df8f319fd,OBS-FR-OI-SIMPLE-SOURCING-8,3a5c386500cd53b1784bb548d0555e2c225bcf9a7d02cef1b6041a600b62190a,RUN-20260821T114001,2026-08-21T11:40:01.305238+04:00
ITM-731439817b4fe753,12e3bea45ee9fd059c5d8fefcf3be1a60eb681ad3b57c34a962504d53586d6ea,OBS-FR-OI-SIMPLE-SOURCING-8,3a5c386500cd53b1784bb548d0555e2c225bcf9a7d02cef1b6041a600b62190a,RUN-20260821T114001,2026-08-21T11:40:01.305238+04:00
ITM-737920915fbb19df,4384450b6f7d6e1ab2b5eaa9c6d8667a99d7f3dbdcbfb97b4ceb930d81de5a04,OBS-FR-OI-SIMPLE-SOURCING-8,3a5c386500cd53b1784bb548d0555e2c225bcf9a7d02cef1b6041a600b62190a,RUN-20260821T114001,2026-08-21T11:40:01.305238+04:00
ITM-73a822a3b6314f09,1197ba298538e4af60b4733c7d401ae724f848ba67a5fa076904787a675b325f,OBS-FR-OI-SIMPLE-SOURCING-8,3a5c386500cd53b1784bb548d0555e2c225bcf9a7d02cef1b6041a600b62190a,RUN-20260821T114001,2026-08-21T11:40:01.305238+04:00
ITM-73a830fda37fc8dc,bd57ace35b1b71a7554008908779903c261c6d7014cf19eb497a89e797d3094f,OBS-FR-OI-SIMPLE-SOURCING-8,3a5c386500cd53b1784bb548d0555e2c225bcf9a7d02cef1b6041a600b62190a,RUN-20260821T114001,2026-08-21T11:40:01.305238+04:00
ITM-747e8d9b1c8dac45,21f2515cd1d2d202006484547e9a9313199dcc6179213838d8120d40f99ce94f,OBS-FR-OI-SIMPLE-SOURCING-8,3a5c386500cd53b1784bb548d0555e2c225bcf9a7d02cef1b6041a600b62190a,RUN-20260821T114001,2026-08-21T11:40:01.305238+04:00
ITM-74e55b7d0e556eff,f891c6f461d16b44de362053ee59076af43d9708861a2ba5541a389070a5456b,OBS-FR-OI-SIMPLE-SOURCING-8,3a5c386500cd53b1784bb548d0555e2c225bcf9a7d02cef1b6041a600b62190a,RUN-20260821T114001,2026-08-21T11:40:01.305238+04:00
ITM-762c11acce8e01cf,126e2badd76110e00c05b5affeb4adc0ff02eb0f934751ce90ced09416de6e41,OBS-FR-OI-SIMPLE-SOURCING-8,3a5c386500cd53b1784bb548d0555e2c225bcf9a7d02cef1b6041a600b62190a,RUN-20260821T114001,2026-08-21T11:40:01.305238+04:00
ITM-764290f2f70f1276,e2d820c997805c4e08ed34fa66fe4c0be4b40d2bd8d358357cd34baef7f49cd4,OBS-FR-OI-SIMPLE-SOURCING-8,3a5c386500cd53b1784bb548d0555e2c225bcf9a7d02cef1b6041a600b62190a,RUN-20260821T114001,2026-08-21T11:40:01.305238+04:00
ITM-7671767ff22c2342,72bd5d68d7c4caf9432fb17530fe0b7fcec041ace21dc81db95fc4c2ee938e91,OBS-FR-OI-SIMPLE-SOURCING-8,3a5c386500cd53b1784bb548d0555e2c225bcf9a7d02cef1b6041a600b62190a,RUN-20260821T114001,2026-08-21T11:40:01.305238+04:00
ITM-7698717fa16655cf,0820d4296d5545bdb516a4dcaf060b127ba5122a51b3a4c8d80b85ff89648861,OBS-FR-OI-SIMPLE-SOURCING-8,3a5c386500cd53b1784bb548d0555e2c225bcf9a7d02cef1b6041a600b62190a,RUN-20260821T114001,2026-08-21T11:40:01.305238+04:00
ITM-76a4c07de4838701,6d6bf6c05a8e1fe4f771432436bc66a9dd81ea3b8cb4eb319c117eb4e34cf60f,OBS-FR-OI-SIMPLE-SOURCING-8,3a5c386500cd53b1784bb548d0555e2c225bcf9a7d02cef1b6041a600b62190a,RUN-20260821T114001,2026-08-21T11:40:01.305238+04:00
ITM-76d52fcd842492d5,7b6f28c083e009994319d9ef196343af87f579904c78b20bb578880d5e2a9481,OBS-FR-OI-SIMPLE-SOURCING-8,3a5c386500cd53b1784bb548d0555e2c225bcf9a7d02cef1b6041a600b62190a,RUN-20260821T114001,2026-08-21T11:40:01.305238+04:00
ITM-77d99da3eb7846e3,6b602b0349aac325d1e7b0da65d670066ee3b044f371aae1bb5b2c1153a4259b,OBS-FR-OI-SIMPLE-SOURCING-8,3a5c386500cd53b1784bb548d0555e2c225bcf9a7d02cef1b6041a600b62190a,RUN-20260821T114001,2026-08-21T11:40:01.305238+04:00
ITM-780254ccd9565bfa,427c62610b8fcd9145da6553d06a2f8a68c8a9a5909de0eb115cbfd4e4b13dff,OBS-FR-OI-SIMPLE-SOURCING-8,3a5c386500cd53b1784bb548d0555e2c225bcf9a7d02cef1b6041a600b62190a,RUN-20260821T114001,2026-08-21T11:40:01.305238+04:00
ITM-783dfbd911a6ea5d,dce9689f23fbab74d3aab7be235fcadbb5316c755c613461b38bb8ad39c4fbfc,OBS-FR-OI-SIMPLE-SOURCING-8,3a5c386500cd53b1784bb548d0555e2c225bcf9a7d02cef1b6041a600b62190a,RUN-20260821T114001,2026-08-21T11:40:01.305238+04:00
ITM-78511140c3e0d931,081427c31543cd7630f0caebf31e6e00c518b3a66082b5c015a031c9068c94e1,OBS-FR-OI-SIMPLE-SOURCING-8,3a5c386500cd53b1784bb548d0555e2c225bcf9a7d02cef1b6041a600b62190a,RUN-20260821T114001,2026-08-21T11:40:01.305238+04:00
ITM-7902d7c7ba499791,00882ee656d33307ef92fd709ed0b3f4f8587d7a31b0688df9436a6583b4eb82,OBS-FR-OI-SIMPLE-SOURCING-8,3a5c386500cd53b1784bb548d0555e2c225bcf9a7d02cef1b6041a600b62190a,RUN-20260821T114001,2026-08-21T11:40:01.305238+04:00
ITM-79443a3771add68b,7d6ca25d55650c52550abb268c86ff797c4820993fb2e3cb01cdb77e3d8e753d,OBS-FR-OI-SIMPLE-SOURCING-8,3a5c386500cd53b1784bb548d0555e2c225bcf9a7d02cef1b6041a600b62190a,RUN-20260821T114001,2026-08-21T11:40:01.305238+04:00
ITM-79580a52d536f918,8549fda7e717cd7012fe2d16fc8bd299b283826db49ebf0ec73fc2ee3c0d1bd3,OBS-FR-OI-SIMPLE-SOURCING-8,3a5c386500cd53b1784bb548d0555e2c225bcf9a7d02cef1b6041a600b62190a,RUN-20260821T114001,2026-08-21T11:40:01.305238+04:00
ITM-79b4708568399367,5ec7e2359036ac9d7a215277561ff2352aa301f1a6d35872e5a16b0a245bde7e,OBS-FR-OI-SIMPLE-SOURCING-8,3a5c386500cd53b1784bb548d0555e2c225bcf9a7d02cef1b6041a600b62190a,RUN-20260821T114001,2026-08-21T11:40:01.305238+04:00
ITM-79be8c6752bdc475,d821767a26e103edef53cbf875987cae81fa330429826b06cf82267688373c66,OBS-FR-OI-SIMPLE-SOURCING-8,3a5c386500cd53b1784bb548d0555e2c225bcf9a7d02cef1b6041a600b62190a,RUN-20260821T114001,2026-08-21T11:40:01.305238+04:00
ITM-79d6014bde53dcf9,ad6053bba188ba3f248055e0accdc047876f52ccf43c98a0bfa07f581a6370dc,OBS-FR-OI-SIMPLE-SOURCING-8,3a5c386500cd53b1784bb548d0555e2c225bcf9a7d02cef1b6041a600b62190a,RUN-20260821T114001,2026-08-21T11:40:01.305238+04:00
ITM-79e960ea98038f0d,a5bff46dcafb434d1261e116703cab2b84152daf6199942769df7ebebd1f5fcd,OBS-FR-OI-SIMPLE-SOURCING-8,3a5c386500cd53b1784bb548d0555e2c225bcf9a7d02cef1b6041a600b62190a,RUN-20260821T114001,2026-08-21T11:40:01.305238+04:00
ITM-79ebb35641de2339,addd9669ddc9a639e5f5b86228f1c69c4892ce050eedc0f13367e9f3070e3378,OBS-FR-OI-SIMPLE-SOURCING-8,3a5c386500cd53b1784bb548d0555e2c225bcf9a7d02cef1b6041a600b62190a,RUN-20260821T114001,2026-08-21T11:40:01.305238+04:00
ITM-79ff395b4b5864a4,584a822e18e5975fdd360197e2d9a7e03b47811e44684d03843f47c1069d1666,OBS-FR-OI-SIMPLE-SOURCING-8,3a5c386500cd53b1784bb548d0555e2c225bcf9a7d02cef1b6041a600b62190a,RUN-20260821T114001,2026-08-21T11:40:01.305238+04:00
ITM-7aab2c2ee9bc6b49,f1e2b7961baa198c6aefa1b120d0b731de041b8cb8b69eebc2c4b518df3e77c3,OBS-FR-OI-SIMPLE-SOURCING-8,3a5c386500cd53b1784bb548d0555e2c225bcf9a7d02cef1b6041a600b62190a,RUN-20260821T114001,2026-08-21T11:40:01.305238+04:00
ITM-7abef61056c1dc74,4093de8d639d400938cd981213eb0dd137aa269cc7e0350d8a5d7b1c2de51454,OBS-FR-OI-SIMPLE-SOURCING-8,3a5c386500cd53b1784bb548d0555e2c225bcf9a7d02cef1b6041a600b62190a,RUN-20260821T114001,2026-08-21T11:40:01.305238+04:00
ITM-7b2d0395d0266dbe,a4dd3a76de9537d8b5583914170300ca7868790697460b57afd8d98777eed1af,OBS-FR-OI-SIMPLE-SOURCING-8,3a5c386500cd53b1784bb548d0555e2c225bcf9a7d02cef1b6041a600b62190a,RUN-20260821T114001,2026-08-21T11:40:01.305238+04:00
ITM-7b44e271fa72b3fc,ff992260abce30cad2db3e2c90a60a6d1406d19df45ea12256447bc1111dc5df,OBS-FR-OI-SIMPLE-SOURCING-8,3a5c386500cd53b1784bb548d0555e2c225bcf9a7d02cef1b6041a600b62190a,RUN-20260821T114001,2026-08-21T11:40:01.305238+04:00
ITM-7b4652f77219dd98,3c4caaf90319e5b58d59d72c27df85623d9d637a8a8cc5dfcef292ac12bab0ec,OBS-FR-OI-SIMPLE-SOURCING-8,3a5c386500cd53b1784bb548d0555e2c225bcf9a7d02cef1b6041a600b62190a,RUN-20260821T114001,2026-08-21T11:40:01.305238+04:00
ITM-7b6a330a123ae6d0,05a00c9495830760eadf383d91efe096dd069634a6253430f6bd2dd8eded9e7f,OBS-FR-OI-SIMPLE-SOURCING-8,3a5c386500cd53b1784bb548d0555e2c225bcf9a7d02cef1b6041a600b62190a,RUN-20260821T114001,2026-08-21T11:40:01.305238+04:00
ITM-7b9bd6dd625d25a9,b2044a97a377b6a12835fcd7ebf860bc779647ddbfe5eef6d4284ce4b4756380,OBS-FR-OI-SIMPLE-SOURCING-8,3a5c386500cd53b1784bb548d0555e2c225bcf9a7d02cef1b6041a600b62190a,RUN-20260821T114001,2026-08-21T11:40:01.305238+04:00
ITM-7bc62b4065396782,2516094a36a12970346875f00420065380f3b15ec88ee301db016741f63c0baa,OBS-FR-OI-SIMPLE-SOURCING-8,3a5c386500cd53b1784bb548d0555e2c225bcf9a7d02cef1b6041a600b62190a,RUN-20260821T114001,2026-08-21T11:40:01.305238+04:00
ITM-7c6ff69b57b9f2e8,7d5bdc7e5c40469ec4b6a366e1647e50e68a592f628c7384a0596d67f2e7f450,OBS-FR-OI-SIMPLE-SOURCING-8,3a5c386500cd53b1784bb548d0555e2c225bcf9a7d02cef1b6041a600b62190a,RUN-20260821T114001,2026-08-21T11:40:01.305238+04:00
ITM-7cd9766a15c98805,b69a2592f5457a4220f4a69a924e418126bda7737a3c2e8a4c5a45bfdab2a7d4,OBS-FR-OI-SIMPLE-SOURCING-8,3a5c386500cd53b1784bb548d0555e2c225bcf9a7d02cef1b6041a600b62190a,RUN-20260821T114001,2026-08-21T11:40:01.305238+04:00
ITM-7cffcc1c4dabc835,462f32cc718089157820b19d192f25db2db771a088ec3c4fbfd2377ea6f217dd,OBS-FR-OI-SIMPLE-SOURCING-8,3a5c386500cd53b1784bb548d0555e2c225bcf9a7d02cef1b6041a600b62190a,RUN-20260821T114001,2026-08-21T11:40:01.305238+04:00
ITM-7d300de6f2b501d4,83a905fb34b0b89189299decf75d0589015c887d6f9ec0c053de631fd2927cbe,OBS-FR-OI-SIMPLE-SOURCING-8,3a5c386500cd53b1784bb548d0555e2c225bcf9a7d02cef1b6041a600b62190a,RUN-20260821T114001,2026-08-21T11:40:01.305238+04:00
ITM-7d3ea37810917080,685bb2dcebb3d4a9d0b86531020750e0aea0de72fc1151557d517c8fb740b8f2,OBS-FR-OI-SIMPLE-SOURCING-8,3a5c386500cd53b1784bb548d0555e2c225bcf9a7d02cef1b6041a600b62190a,RUN-20260821T114001,2026-08-21T11:40:01.305238+04:00
ITM-7dd1f0e4d1e8c057,a982f3b891a4b7402089b60e7c4a42338f3f65438215f6873b0595ebf5dc7f63,OBS-FR-OI-SIMPLE-SOURCING-8,3a5c386500cd53b1784bb548d0555e2c225bcf9a7d02cef1b6041a600b62190a,RUN-20260821T114001,2026-08-21T11:40:01.305238+04:00
ITM-7ddb7ad99d50b44e,dc1e203a1041cc5d2dea477b9d3d6167146930ea104f6799cb8eed629b2a4de3,OBS-FR-OI-SIMPLE-SOURCING-8,3a5c386500cd53b1784bb548d0555e2c225bcf9a7d02cef1b6041a600b62190a,RUN-20260821T114001,2026-08-21T11:40:01.305238+04:00
ITM-7e18bbecb36b2a39,474074490088f42dffc6ff9fea8470f326379120ea2140e3befad601e1e07277,OBS-FR-OI-SIMPLE-SOURCING-8,3a5c386500cd53b1784bb548d0555e2c225bcf9a7d02cef1b6041a600b62190a,RUN-20260821T114001,2026-08-21T11:40:01.305238+04:00
ITM-7e239857c1866b2f,ca99611062d578409335b982f6be36ef7cbf9eeaf0d710ca8c0a0e55bfa47383,OBS-FR-OI-SIMPLE-SOURCING-8,3a5c386500cd53b1784bb548d0555e2c225bcf9a7d02cef1b6041a600b62190a,RUN-20260821T114001,2026-08-21T11:40:01.305238+04:00
ITM-7e79e18fad39d1f3,e08efe45798a766224f4d10f74e308d24c215443a63a6c12388bd8ae3d8928c6,OBS-FR-OI-SIMPLE-SOURCING-8,3a5c386500cd53b1784bb548d0555e2c225bcf9a7d02cef1b6041a600b62190a,RUN-20260821T114001,2026-08-21T11:40:01.305238+04:00
ITM-7e83aee578513585,00197145a935b48a6a52206f371b2565258bf0378ea0a3ab8fb249d4ac3167f7,OBS-FR-OI-SIMPLE-SOURCING-8,3a5c386500cd53b1784bb548d0555e2c225bcf9a7d02cef1b6041a600b62190a,RUN-20260821T114001,2026-08-21T11:40:01.305238+04:00
ITM-7eb270a7dc3ede4a,37ee0855d1cf4ab23501a7c911e0c09dc2222f5ca17b55b5c04fee95d82453b6,OBS-FR-OI-SIMPLE-SOURCING-8,3a5c386500cd53b1784bb548d0555e2c225bcf9a7d02cef1b6041a600b62190a,RUN-20260821T114001,2026-08-21T11:40:01.305238+04:00
ITM-7f146f99ee4e4fa1,083e98d7cba785e81cfc01d6eb9a53921abd9c92ed864de8f6f9b8a990709b75,OBS-FR-OI-SIMPLE-SOURCING-8,3a5c386500cd53b1784bb548d0555e2c225bcf9a7d02cef1b6041a600b62190a,RUN-20260821T114001,2026-08-21T11:40:01.305238+04:00
ITM-7f47d1b3c6ff01f6,ccae79a2a2e444407583db756d71f3287150182ce52140a4b47bcc53060d4081,OBS-FR-OI-SIMPLE-SOURCING-8,3a5c386500cd53b1784bb548d0555e2c225bcf9a7d02cef1b6041a600b62190a,RUN-20260821T114001,2026-08-21T11:40:01.305238+04:00
ITM-7f532dfa32a07e54,adadc2f1715a627e3140ad03dd22c90ceec5f14b2888b8e54b79cb69323aa1b0,OBS-FR-OI-SIMPLE-SOURCING-8,3a5c386500cd53b1784bb548d0555e2c225bcf9a7d02cef1b6041a600b62190a,RUN-20260821T114001,2026-08-21T11:40:01.305238+04:00
ITM-7fb2d95bc3dfb5dc,ca8ce183d937f29708b8e71db7167a1caf68c43abd5ea71fc04002ddd5fd0db3,OBS-FR-OI-SIMPLE-SOURCING-8,3a5c386500cd53b1784bb548d0555e2c225bcf9a7d02cef1b6041a600b62190a,RUN-20260821T114001,2026-08-21T11:40:01.305238+04:00
ITM-7ff564a8b1e8a571,d8bfb74a67f53d7e0eebf100119b80c02e850a91b6c15fe8e621634d9e167c1c,OBS-FR-OI-SIMPLE-SOURCING-8,3a5c386500cd53b1784bb548d0555e2c225bcf9a7d02cef1b6041a600b62190a,RUN-20260821T114001,2026-08-21T11:40:01.305238+04:00
ITM-8005bd30ea3951cd,f66bc43a815f4ebb6870e5c5d276d82d3636e232f3943033113dd6bab646c05e,OBS-FR-OI-SIMPLE-SOURCING-8,3a5c386500cd53b1784bb548d0555e2c225bcf9a7d02cef1b6041a600b62190a,RUN-20260821T114001,2026-08-21T11:40:01.305238+04:00
ITM-80375e093b23aa4f,b13f927a36cec004e99cfb75757597a00b17f6d33aeaae5512bda932ff9e73a9,OBS-FR-OI-SIMPLE-SOURCING-8,3a5c386500cd53b1784bb548d0555e2c225bcf9a7d02cef1b6041a600b62190a,RUN-20260821T114001,2026-08-21T11:40:01.305238+04:00
ITM-803dbab7e2fdcb4d,0e84a8547fb351ef9643ab3e51bd00632bf68168ba5980dfd8addd49c04bd5a6,OBS-FR-OI-SIMPLE-SOURCING-8,3a5c386500cd53b1784bb548d0555e2c225bcf9a7d02cef1b6041a600b62190a,RUN-20260821T114001,2026-08-21T11:40:01.305238+04:00
ITM-808b105e4a3b43fe,4d3e05d813e087714af1768da9caa7c5e07adb136418b3d9f44647a4d88d7c23,OBS-FR-OI-SIMPLE-SOURCING-8,3a5c386500cd53b1784bb548d0555e2c225bcf9a7d02cef1b6041a600b62190a,RUN-20260821T114001,2026-08-21T11:40:01.305238+04:00
ITM-80afdf216d137be6,4a1c779aefde531efe92f8968c5f456f0e3dcb771c6fb8c701ce141bfeef6971,OBS-FR-OI-SIMPLE-SOURCING-8,3a5c386500cd53b1784bb548d0555e2c225bcf9a7d02cef1b6041a600b62190a,RUN-20260821T114001,2026-08-21T11:40:01.305238+04:00
ITM-80c5569eb89575bf,1fc346ff84ef94dd8ffc7687b9fa059ad93b1976359845a2ebeaa5a95a2ca5ea,OBS-FR-OI-SIMPLE-SOURCING-8,3a5c386500cd53b1784bb548d0555e2c225bcf9a7d02cef1b6041a600b62190a,RUN-20260821T114001,2026-08-21T11:40:01.305238+04:00
ITM-80fc55c362cadec5,5420563eb8952df3b07d92f744e241019dc5b53264cae17f86f0649ccd4231b2,OBS-FR-OI-SIMPLE-SOURCING-8,3a5c386500cd53b1784bb548d0555e2c225bcf9a7d02cef1b6041a600b62190a,RUN-20260821T114001,2026-08-21T11:40:01.305238+04:00
ITM-814be5d038aa702e,f14fedece0703041d1a2508981a09c05d2fcdc5c457344b1249f7179d6cd7b87,OBS-FR-OI-SIMPLE-SOURCING-8,3a5c386500cd53b1784bb548d0555e2c225bcf9a7d02cef1b6041a600b62190a,RUN-20260821T114001,2026-08-21T11:40:01.305238+04:00
ITM-8169181bb38a6aac,845aacc81d5f6f1113f9b30b6b8443107e3a5c45cec160685f3620c7a93b0c20,OBS-FR-OI-SIMPLE-SOURCING-8,3a5c386500cd53b1784bb548d0555e2c225bcf9a7d02cef1b6041a600b62190a,RUN-20260821T114001,2026-08-21T11:40:01.305238+04:00
ITM-8193ad52d36c8866,b17a41f84512cc7d5f2af5d4a3614a366c9c885cbd5e8e39489930141db3c27e,OBS-FR-OI-SIMPLE-SOURCING-8,3a5c386500cd53b1784bb548d0555e2c225bcf9a7d02cef1b6041a600b62190a,RUN-20260821T114001,2026-08-21T11:40:01.305238+04:00
ITM-819c1253cef2e590,df9db5d4e641298ab439f0ba193b6a83f1128c8148dbac7747c2e76018b00470,OBS-FR-OI-SIMPLE-SOURCING-8,3a5c386500cd53b1784bb548d0555e2c225bcf9a7d02cef1b6041a600b62190a,RUN-20260821T114001,2026-08-21T11:40:01.305238+04:00
ITM-81af3ba335c6e836,ffb486d5f8b9286792004856cf1f83cc1b092c11bdc5039124693fe837fe9c52,OBS-FR-OI-SIMPLE-SOURCING-8,3a5c386500cd53b1784bb548d0555e2c225bcf9a7d02cef1b6041a600b62190a,RUN-20260821T114001,2026-08-21T11:40:01.305238+04:00
ITM-81dcb357169fc36d,f1da4185b324517528099992da67308f1efcb81d1c71fc421c0feee09b05396d,OBS-FR-OI-SIMPLE-SOURCING-8,3a5c386500cd53b1784bb548d0555e2c225bcf9a7d02cef1b6041a600b62190a,RUN-20260821T114001,2026-08-21T11:40:01.305238+04:00
ITM-82ce5dcedf7e0911,965052550077acfdd7f5dbce7163db2e6add23864ca98e8f71a00802b77dc3a5,OBS-FR-OI-SIMPLE-SOURCING-8,3a5c386500cd53b1784bb548d0555e2c225bcf9a7d02cef1b6041a600b62190a,RUN-20260821T114001,2026-08-21T11:40:01.305238+04:00
ITM-82e696286d6a8f52,a076c94b868a41c8e1777ae1f83cbc34d54edf4ff59a5f360acd2d93e8b6dc83,OBS-FR-OI-SIMPLE-SOURCING-8,3a5c386500cd53b1784bb548d0555e2c225bcf9a7d02cef1b6041a600b62190a,RUN-20260821T114001,2026-08-21T11:40:01.305238+04:00
ITM-8348ab1cd5e80e51,3208b0c12477bd2734741970c86cecd611493b0e1867da872ee9560e9b4faa31,OBS-FR-OI-SIMPLE-SOURCING-8,3a5c386500cd53b1784bb548d0555e2c225bcf9a7d02cef1b6041a600b62190a,RUN-20260821T114001,2026-08-21T11:40:01.305238+04:00
ITM-83c01dd73b4edf67,85c0f3f1059b40f93d3d19fee79934673c34bb58e99d6bcbb5080dd49719b058,OBS-FR-OI-SIMPLE-SOURCING-8,3a5c386500cd53b1784bb548d0555e2c225bcf9a7d02cef1b6041a600b62190a,RUN-20260821T114001,2026-08-21T11:40:01.305238+04:00
ITM-8418237b10f98a73,9d47766c3b0ae85355fd337a65e5deca399d4723dbd86ab14ed6b9887fce3e2c,OBS-FR-OI-SIMPLE-SOURCING-8,3a5c386500cd53b1784bb548d0555e2c225bcf9a7d02cef1b6041a600b62190a,RUN-20260821T114001,2026-08-21T11:40:01.305238+04:00
ITM-8423a0294151cd00,b90a2455a6456e3501f5c9b97eb1b885bb68b01c6b9df9f0ea4cbcf29732f96d,OBS-FR-OI-SIMPLE-SOURCING-8,3a5c386500cd53b1784bb548d0555e2c225bcf9a7d02cef1b6041a600b62190a,RUN-20260821T114001,2026-08-21T11:40:01.305238+04:00
ITM-84758253203f8d43,8a00d3882ed3ff76bfdd8cffcec3a4dc6b9327c0e225975172c59c5103e83321,OBS-FR-OI-SIMPLE-SOURCING-8,3a5c386500cd53b1784bb548d0555e2c225bcf9a7d02cef1b6041a600b62190a,RUN-20260821T114001,2026-08-21T11:40:01.305238+04:00
ITM-848675c6890d874d,30265200aa8da0ae4277ecccacbd2f71eca99f2916b53ac61619cf64d5dfd7d0,OBS-FR-OI-SIMPLE-SOURCING-8,3a5c386500cd53b1784bb548d0555e2c225bcf9a7d02cef1b6041a600b62190a,RUN-20260821T114001,2026-08-21T11:40:01.305238+04:00
ITM-84939a45d4322a5b,5b049e356dbead23ee4916071ed64d31891f9755f1c458d0e23b9525c88cc902,OBS-FR-OI-SIMPLE-SOURCING-8,3a5c386500cd53b1784bb548d0555e2c225bcf9a7d02cef1b6041a600b62190a,RUN-20260821T114001,2026-08-21T11:40:01.305238+04:00
ITM-852993e926f2b7fe,bded42c4dca0b8329b3f89d9ccca5d5b9dc19ad7d16598d60514b5d1c7c03eba,OBS-FR-OI-SIMPLE-SOURCING-8,3a5c386500cd53b1784bb548d0555e2c225bcf9a7d02cef1b6041a600b62190a,RUN-20260821T114001,2026-08-21T11:40:01.305238+04:00
ITM-852f65c340aa5d3e,7fa9c7af990a8a643bff952397aca06783331505ca07d938b2503745c7b761f5,OBS-FR-OI-SIMPLE-SOURCING-8,3a5c386500cd53b1784bb548d0555e2c225bcf9a7d02cef1b6041a600b62190a,RUN-20260821T114001,2026-08-21T11:40:01.305238+04:00
ITM-85af7a40c5100fa1,a52ab9ebebf7964ece45957b6aa2a7edfb6888607fb2935b2e36fd31951b02be,OBS-FR-OI-SIMPLE-SOURCING-8,3a5c386500cd53b1784bb548d0555e2c225bcf9a7d02cef1b6041a600b62190a,RUN-20260821T114001,2026-08-21T11:40:01.305238+04:00
ITM-85c12f45cfea9c52,fab3aebd107dafe1f50b00e6b047e1b5e9ca2a5bef17c60a94f60aa5456d2b8d,OBS-FR-OI-SIMPLE-SOURCING-8,3a5c386500cd53b1784bb548d0555e2c225bcf9a7d02cef1b6041a600b62190a,RUN-20260821T114001,2026-08-21T11:40:01.305238+04:00
ITM-862244b6b8a1e9c0,3f221b9067ad8deeda0ebc8f30ddb2609473ff5ef77aadcdb25aefc5215366d5,OBS-FR-OI-SIMPLE-SOURCING-8,3a5c386500cd53b1784bb548d0555e2c225bcf9a7d02cef1b6041a600b62190a,RUN-20260821T114001,2026-08-21T11:40:01.305238+04:00
ITM-8637398000870f80,57d399ad3f55094eea3ace4dd58e74099b27421c5aaf41257e72e225ac503bda,OBS-FR-OI-SIMPLE-SOURCING-8,3a5c386500cd53b1784bb548d0555e2c225bcf9a7d02cef1b6041a600b62190a,RUN-20260821T114001,2026-08-21T11:40:01.305238+04:00
ITM-8674902bf68ade1a,a3b24cb804ad5a6ce042b420c9b0b42232e786c89b5e6b9cf263f06a418ef7fa,OBS-FR-OI-SIMPLE-SOURCING-8,3a5c386500cd53b1784bb548d0555e2c225bcf9a7d02cef1b6041a600b62190a,RUN-20260821T114001,2026-08-21T11:40:01.305238+04:00
ITM-871ab665f5629d74,dc6b4b228ba854cb5cdb474cfd67e2d6557ba3c051e91022e0d1820966977f18,OBS-FR-OI-SIMPLE-SOURCING-8,3a5c386500cd53b1784bb548d0555e2c225bcf9a7d02cef1b6041a600b62190a,RUN-20260821T114001,2026-08-21T11:40:01.305238+04:00
ITM-8734fecfbe81d332,1c014c34df75cd8d9d2168d78995865c9b4e55a2f728db80abe1b03e2c72814b,OBS-FR-OI-SIMPLE-SOURCING-8,3a5c386500cd53b1784bb548d0555e2c225bcf9a7d02cef1b6041a600b62190a,RUN-20260821T114001,2026-08-21T11:40:01.305238+04:00
ITM-878f9b9e06521460,1f2d04189c323c032d7eae9badce8bdf6a1e7d7b2dcd2893e828ef1c35905d7f,OBS-FR-OI-SIMPLE-SOURCING-8,3a5c386500cd53b1784bb548d0555e2c225bcf9a7d02cef1b6041a600b62190a,RUN-20260821T114001,2026-08-21T11:40:01.305238+04:00
ITM-87b31991f8b8ee47,8e42f610fa7b05ad198b2dab9ad546ac814394d8619b87fe5ee02cd419d9f98e,OBS-FR-OI-SIMPLE-SOURCING-8,3a5c386500cd53b1784bb548d0555e2c225bcf9a7d02cef1b6041a600b62190a,RUN-20260821T114001,2026-08-21T11:40:01.305238+04:00
ITM-87ee7fa8aa98fe91,4109d472b21a7139b2f480807cf84f0a521c037577b0dd07b972a01f863f96ec,OBS-FR-OI-SIMPLE-SOURCING-8,3a5c386500cd53b1784bb548d0555e2c225bcf9a7d02cef1b6041a600b62190a,RUN-20260821T114001,2026-08-21T11:40:01.305238+04:00
ITM-8817ff72468c8bb3,67823a0b60567207e4c469ca3bb7dfb787645ec3b29a4c943f9030c11212dd63,OBS-FR-OI-SIMPLE-SOURCING-8,3a5c386500cd53b1784bb548d0555e2c225bcf9a7d02cef1b6041a600b62190a,RUN-20260821T114001,2026-08-21T11:40:01.305238+04:00
ITM-881dc55d3e5f1f27,5ac309d774a7bf43397a13076aad3d33b8971536d7d9370d0ece31baa3798208,OBS-FR-OI-SIMPLE-SOURCING-8,3a5c386500cd53b1784bb548d0555e2c225bcf9a7d02cef1b6041a600b62190a,RUN-20260821T114001,2026-08-21T11:40:01.305238+04:00
ITM-882ba308caf166f6,8a747ca85c7765b39d463440e796eb74012cb7757497e6902ab6fdbc00752e47,OBS-FR-OI-SIMPLE-SOURCING-8,3a5c386500cd53b1784bb548d0555e2c225bcf9a7d02cef1b6041a600b62190a,RUN-20260821T114001,2026-08-21T11:40:01.305238+04:00
ITM-884675afe5968ccc,12f8aa1c87282a18b42f714fc85384e7599f8520237745d8e24f7af666ee649d,OBS-FR-OI-SIMPLE-SOURCING-8,3a5c386500cd53b1784bb548d0555e2c225bcf9a7d02cef1b6041a600b62190a,RUN-20260821T114001,2026-08-21T11:40:01.305238+04:00
ITM-88543cf208949594,9a04314ac548414913fd1c9777902dbef452b7a5490c47a7f572b7152bd6c27e,OBS-FR-OI-SIMPLE-SOURCING-8,3a5c386500cd53b1784bb548d0555e2c225bcf9a7d02cef1b6041a600b62190a,RUN-20260821T114001,2026-08-21T11:40:01.305238+04:00
ITM-88dbeaa705f554a4,05209d17081554b66c7af12db68878986b70e90736bf10ac44c3508966a9df79,OBS-FR-OI-SIMPLE-SOURCING-8,3a5c386500cd53b1784bb548d0555e2c225bcf9a7d02cef1b6041a600b62190a,RUN-20260821T114001,2026-08-21T11:40:01.305238+04:00
ITM-88f4149781907f75,a31a7449b5d6d1034096518b6e07f45f40497e30eb90e33652de52e13391907b,OBS-FR-OI-SIMPLE-SOURCING-8,3a5c386500cd53b1784bb548d0555e2c225bcf9a7d02cef1b6041a600b62190a,RUN-20260821T114001,2026-08-21T11:40:01.305238+04:00
ITM-89230a8f51b8c522,a817625fadaf89b5be7c1fbf334c2b5cedc2738d9ea1c5388babfdea65e94d44,OBS-FR-OI-SIMPLE-SOURCING-8,3a5c386500cd53b1784bb548d0555e2c225bcf9a7d02cef1b6041a600b62190a,RUN-20260821T114001,2026-08-21T11:40:01.305238+04:00
ITM-8969a4f72f7c88de,fd08d6b05abc2d1cabbcfc56b85aa7180feb654d224d8694fe97ab2f6d19f08f,OBS-FR-OI-SIMPLE-SOURCING-8,3a5c386500cd53b1784bb548d0555e2c225bcf9a7d02cef1b6041a600b62190a,RUN-20260821T114001,2026-08-21T11:40:01.305238+04:00
ITM-89bac7302dd3e4ff,2c3993098e1dd792dad3f2ebcb63fbf98718edd3b40c34fd8c4a2c081d108da1,OBS-FR-OI-SIMPLE-SOURCING-8,3a5c386500cd53b1784bb548d0555e2c225bcf9a7d02cef1b6041a600b62190a,RUN-20260821T114001,2026-08-21T11:40:01.305238+04:00
ITM-8a9a801419f857b5,471288f87770d9bb4aa85cfcb7733a21e84b93fb1b82620698b71e00051f5903,OBS-FR-OI-SIMPLE-SOURCING-8,3a5c386500cd53b1784bb548d0555e2c225bcf9a7d02cef1b6041a600b62190a,RUN-20260821T114001,2026-08-21T11:40:01.305238+04:00
ITM-8ac674a73961229d,9746e0cab8e11ab1ffb1da93f51824a32da9f275d05496f33e416494950670f3,OBS-FR-OI-SIMPLE-SOURCING-8,3a5c386500cd53b1784bb548d0555e2c225bcf9a7d02cef1b6041a600b62190a,RUN-20260821T114001,2026-08-21T11:40:01.305238+04:00
ITM-8b0cf0e2e0f0c7d3,827afdefdc121f36c31fa0589921815f87a131d30120e7f4fa2ef86eb69a7720,OBS-FR-OI-SIMPLE-SOURCING-8,3a5c386500cd53b1784bb548d0555e2c225bcf9a7d02cef1b6041a600b62190a,RUN-20260821T114001,2026-08-21T11:40:01.305238+04:00
ITM-8bbdf4f200b886ef,705217cf8402eebd22b7ba4f6a3d74dec8b06b2c9d725a7a6eb4201c25a23380,OBS-FR-OI-SIMPLE-SOURCING-8,3a5c386500cd53b1784bb548d0555e2c225bcf9a7d02cef1b6041a600b62190a,RUN-20260821T114001,2026-08-21T11:40:01.305238+04:00
ITM-8c43763b416fa35b,878eb2ed562d653030faa8d45f8ef4975fd4629c4061edb12006ad7c1e53749d,OBS-FR-OI-SIMPLE-SOURCING-8,3a5c386500cd53b1784bb548d0555e2c225bcf9a7d02cef1b6041a600b62190a,RUN-20260821T114001,2026-08-21T11:40:01.305238+04:00
ITM-8c53bc5da74c2816,764aa363e001600b4cbe61a06e7514569f199ec57b722eb83e45308f109a870e,OBS-FR-OI-SIMPLE-SOURCING-8,3a5c386500cd53b1784bb548d0555e2c225bcf9a7d02cef1b6041a600b62190a,RUN-20260821T114001,2026-08-21T11:40:01.305238+04:00
ITM-8c8fcde431c411ec,163fa7b981a6777538999ae171bebd3d89eb2d340315ec27079fb433e7cd3382,OBS-FR-OI-SIMPLE-SOURCING-8,3a5c386500cd53b1784bb548d0555e2c225bcf9a7d02cef1b6041a600b62190a,RUN-20260821T114001,2026-08-21T11:40:01.305238+04:00
ITM-8cf6a69132cf2117,a907d13706742db664d69ff3a675e10684b71a66ade3ef2369f0f41de653327b,OBS-FR-OI-SIMPLE-SOURCING-8,3a5c386500cd53b1784bb548d0555e2c225bcf9a7d02cef1b6041a600b62190a,RUN-20260821T114001,2026-08-21T11:40:01.305238+04:00
ITM-8d003a8330691b07,23838c0742169ea3370e9f520bcac51df8a5d7e1a83103391044deba812a55b8,OBS-FR-OI-SIMPLE-SOURCING-8,3a5c386500cd53b1784bb548d0555e2c225bcf9a7d02cef1b6041a600b62190a,RUN-20260821T114001,2026-08-21T11:40:01.305238+04:00
ITM-8d608315a4249243,d6eb36d161f1c44535ce2b20120cdb7f91668aa5b76b57a7745b8a023227af8d,OBS-FR-OI-SIMPLE-SOURCING-8,3a5c386500cd53b1784bb548d0555e2c225bcf9a7d02cef1b6041a600b62190a,RUN-20260821T114001,2026-08-21T11:40:01.305238+04:00
ITM-8daad3dbf9019014,260138ad11d8de6ff50f5ab518eb6644e5b05ff0d1ea4bbe3b740c535c602d70,OBS-FR-OI-SIMPLE-SOURCING-8,3a5c386500cd53b1784bb548d0555e2c225bcf9a7d02cef1b6041a600b62190a,RUN-20260821T114001,2026-08-21T11:40:01.305238+04:00
ITM-8df6691fac71c797,88c7278ded2fb1ea2d1269b9858912f31173c95b925f79b917c575e8956eaa74,OBS-FR-OI-SIMPLE-SOURCING-8,3a5c386500cd53b1784bb548d0555e2c225bcf9a7d02cef1b6041a600b62190a,RUN-20260821T114001,2026-08-21T11:40:01.305238+04:00
ITM-8e0808360148a999,09c4cbc8c74defa14e83d693cf7ff178a6cde1416dd22212ab744c888acd9f38,OBS-FR-OI-SIMPLE-SOURCING-8,3a5c386500cd53b1784bb548d0555e2c225bcf9a7d02cef1b6041a600b62190a,RUN-20260821T114001,2026-08-21T11:40:01.305238+04:00
ITM-8e41c903de39950c,a4f917e2ba787ee0c4e6bdd21e4bd9229e960c04d46a18f99131444ceaef5de3,OBS-FR-OI-SIMPLE-SOURCING-8,3a5c386500cd53b1784bb548d0555e2c225bcf9a7d02cef1b6041a600b62190a,RUN-20260821T114001,2026-08-21T11:40:01.305238+04:00
ITM-8e7f56364b2ef96c,cb6e0ba2bf6caab3b70f81483170b76dcbd6e46ea4b74e7334230eff22042dff,OBS-FR-OI-SIMPLE-SOURCING-8,3a5c386500cd53b1784bb548d0555e2c225bcf9a7d02cef1b6041a600b62190a,RUN-20260821T114001,2026-08-21T11:40:01.305238+04:00
ITM-8e9fe728b00ab8ff,2a93d99a0a93362485403d44322754873f8d21235cf22a067f06d374d183d8be,OBS-FR-OI-SIMPLE-SOURCING-8,3a5c386500cd53b1784bb548d0555e2c225bcf9a7d02cef1b6041a600b62190a,RUN-20260821T114001,2026-08-21T11:40:01.305238+04:00
ITM-8ecc4929c8252388,c424210bceff1bc285e6e3cfcfe35ec677117d5f5cf1f1063671d07d0254c20b,OBS-FR-OI-SIMPLE-SOURCING-8,3a5c386500cd53b1784bb548d0555e2c225bcf9a7d02cef1b6041a600b62190a,RUN-20260821T114001,2026-08-21T11:40:01.305238+04:00
ITM-8f3a0130248034f0,54f8e2e5a752fe94d4d33881d30981afc9789a497997687d50e991374a3aa504,OBS-FR-OI-SIMPLE-SOURCING-8,3a5c386500cd53b1784bb548d0555e2c225bcf9a7d02cef1b6041a600b62190a,RUN-20260821T114001,2026-08-21T11:40:01.305238+04:00
ITM-8fe06e4d51cfd8b0,7a9bde5e92195a0a162c8e057bea7388aa886646e62b69bf2819f5f3e2162e6c,OBS-FR-OI-SIMPLE-SOURCING-8,3a5c386500cd53b1784bb548d0555e2c225bcf9a7d02cef1b6041a600b62190a,RUN-20260821T114001,2026-08-21T11:40:01.305238+04:00
ITM-9021b9aa28ea4a6a,fa3ef1e149fe397ec2dbf2ed68d56ca35f25bb18ee27249e5190a73c4b870a69,OBS-FR-OI-SIMPLE-SOURCING-8,3a5c386500cd53b1784bb548d0555e2c225bcf9a7d02cef1b6041a600b62190a,RUN-20260821T114001,2026-08-21T11:40:01.305238+04:00
ITM-90529f4d732ad667,8e0c4734cfaae562aa7aba7bdc2f5254e5ef408dfde032c595c6ddb6f6c49e31,OBS-FR-OI-SIMPLE-SOURCING-8,3a5c386500cd53b1784bb548d0555e2c225bcf9a7d02cef1b6041a600b62190a,RUN-20260821T114001,2026-08-21T11:40:01.305238+04:00
ITM-90e58b42c415c23c,ff6c237276c42e6c939e1ae21994ccf68e6b32bd4607949b65276508668be801,OBS-FR-OI-SIMPLE-SOURCING-8,3a5c386500cd53b1784bb548d0555e2c225bcf9a7d02cef1b6041a600b62190a,RUN-20260821T114001,2026-08-21T11:40:01.305238+04:00
ITM-911173befeb9b292,5b953272b206e7f78ed84c958b597e73786b83f0f7903cdb737258e1f6d54645,OBS-FR-OI-SIMPLE-SOURCING-8,3a5c386500cd53b1784bb548d0555e2c225bcf9a7d02cef1b6041a600b62190a,RUN-20260821T114001,2026-08-21T11:40:01.305238+04:00
ITM-91291fe3d63c936b,2d3b343728c3544b34adfd35ce6143952700cbffb1cdb6cf885914f7e2284e9e,OBS-FR-OI-SIMPLE-SOURCING-8,3a5c386500cd53b1784bb548d0555e2c225bcf9a7d02cef1b6041a600b62190a,RUN-20260821T114001,2026-08-21T11:40:01.305238+04:00
ITM-91911763bdbfa5aa,da691924d5e1c69991c33234dabebc3a0cb287fb9c64ea60c6a2cf4caf3a94b7,OBS-FR-OI-SIMPLE-SOURCING-8,3a5c386500cd53b1784bb548d0555e2c225bcf9a7d02cef1b6041a600b62190a,RUN-20260821T114001,2026-08-21T11:40:01.305238+04:00
ITM-919c8ba44aca1fb3,8fece51302f674ee8cb14da85e5607590c674d9531fa3fe82ecb42cf4835fd00,OBS-FR-OI-SIMPLE-SOURCING-8,3a5c386500cd53b1784bb548d0555e2c225bcf9a7d02cef1b6041a600b62190a,RUN-20260821T114001,2026-08-21T11:40:01.305238+04:00
ITM-9219fb3c2b5d4270,b4486bb08cc343e28e4bc3e0d1a0d73d95926dbbb0e28c2a6f0fabf6c0d875a6,OBS-FR-OI-SIMPLE-SOURCING-8,3a5c386500cd53b1784bb548d0555e2c225bcf9a7d02cef1b6041a600b62190a,RUN-20260821T114001,2026-08-21T11:40:01.305238+04:00
ITM-9250cae26eee3bff,5338dac8006e247d9fdf7863eaab3e54930551fa02cf7a11fc17259df86278ae,OBS-FR-OI-SIMPLE-SOURCING-8,3a5c386500cd53b1784bb548d0555e2c225bcf9a7d02cef1b6041a600b62190a,RUN-20260821T114001,2026-08-21T11:40:01.305238+04:00
ITM-9251a5829fa108ad,90e34dd9af2ea6bcb08c6b0af9360802ebcc6b7bd79f71703969400b62a9f4df,OBS-FR-OI-SIMPLE-SOURCING-8,3a5c386500cd53b1784bb548d0555e2c225bcf9a7d02cef1b6041a600b62190a,RUN-20260821T114001,2026-08-21T11:40:01.305238+04:00
ITM-9282cff3bbf8b927,f97d986fd163f2666db422eb24fd6f6befd293e0c6690225c2c6022bbac08a06,OBS-FR-OI-SIMPLE-SOURCING-8,3a5c386500cd53b1784bb548d0555e2c225bcf9a7d02cef1b6041a600b62190a,RUN-20260821T114001,2026-08-21T11:40:01.305238+04:00
ITM-928432a62e0635b8,4f06e93209f10864bb1caf352aebcaf4c1a29b52e1c9860e4ca2114929dc46a7,OBS-FR-OI-SIMPLE-SOURCING-8,3a5c386500cd53b1784bb548d0555e2c225bcf9a7d02cef1b6041a600b62190a,RUN-20260821T114001,2026-08-21T11:40:01.305238+04:00
ITM-92a96f0fdce3b161,4fc7697825cb6eb902f73c5522eb7be8ae3777f1574bc461a2450dd3fcdc19f8,OBS-FR-OI-SIMPLE-SOURCING-8,3a5c386500cd53b1784bb548d0555e2c225bcf9a7d02cef1b6041a600b62190a,RUN-20260821T114001,2026-08-21T11:40:01.305238+04:00
ITM-92e2c21a5af8354b,711e899117b845cc35125251c6005046bd712bca8ddc0d8d32ce377743b2f4b0,OBS-FR-OI-SIMPLE-SOURCING-8,3a5c386500cd53b1784bb548d0555e2c225bcf9a7d02cef1b6041a600b62190a,RUN-20260821T114001,2026-08-21T11:40:01.305238+04:00
ITM-93079355e83964c6,4cfbbe6acc5961e47aa215fd0d351e46e4160b28e08f35881e688e7d18536231,OBS-FR-OI-SIMPLE-SOURCING-8,3a5c386500cd53b1784bb548d0555e2c225bcf9a7d02cef1b6041a600b62190a,RUN-20260821T114001,2026-08-21T11:40:01.305238+04:00
ITM-9343be30f16a545b,ed1c8011c61a9f5aaf94f3e9e22d1bcdcdadd7d2a773b5bb093ba5e32b804206,OBS-FR-OI-SIMPLE-SOURCING-8,3a5c386500cd53b1784bb548d0555e2c225bcf9a7d02cef1b6041a600b62190a,RUN-20260821T114001,2026-08-21T11:40:01.305238+04:00
ITM-9371d05789705127,ed6fce8044832b49da7dd2bf1cffc62e5dd103232f86f73dcfdf09a0f300f0eb,OBS-FR-OI-SIMPLE-SOURCING-8,3a5c386500cd53b1784bb548d0555e2c225bcf9a7d02cef1b6041a600b62190a,RUN-20260821T114001,2026-08-21T11:40:01.305238+04:00
ITM-93765c1fabb60a6e,ada29dd187aeca8aae6ce39b17ebf0f41286ff2e140643fba1c3bf5a2a194d1b,OBS-FR-OI-SIMPLE-SOURCING-8,3a5c386500cd53b1784bb548d0555e2c225bcf9a7d02cef1b6041a600b62190a,RUN-20260821T114001,2026-08-21T11:40:01.305238+04:00
ITM-93b096784d925e50,1194dfade63a24a73cb23021d44f8f8d8d7829d22361afaff7f3a70ac1148177,OBS-FR-OI-SIMPLE-SOURCING-8,3a5c386500cd53b1784bb548d0555e2c225bcf9a7d02cef1b6041a600b62190a,RUN-20260821T114001,2026-08-21T11:40:01.305238+04:00
ITM-942a3e37a827b327,f3af5619c9cd451ac6a6f482acd8b83044696ff86536082a339d9b6397904f3c,OBS-FR-OI-SIMPLE-SOURCING-8,3a5c386500cd53b1784bb548d0555e2c225bcf9a7d02cef1b6041a600b62190a,RUN-20260821T114001,2026-08-21T11:40:01.305238+04:00
ITM-944f8afd7e27abbe,8fb7b240f7019d8f848990e2eaae44416c1f325b496dc8efe6a52a32450158bb,OBS-FR-OI-SIMPLE-SOURCING-8,3a5c386500cd53b1784bb548d0555e2c225bcf9a7d02cef1b6041a600b62190a,RUN-20260821T114001,2026-08-21T11:40:01.305238+04:00
ITM-9486678c6e4228f0,d84a931ae481e312983b273d4a2edb95774116f4ca55e6979bfd49c62c08c2d2,OBS-FR-OI-SIMPLE-SOURCING-8,3a5c386500cd53b1784bb548d0555e2c225bcf9a7d02cef1b6041a600b62190a,RUN-20260821T114001,2026-08-21T11:40:01.305238+04:00
ITM-949905a149730db2,bd00ebbc1344dd38d8f37630801e5ede1e2f5ec03ff2f13b2ee29398bde96803,OBS-FR-OI-SIMPLE-SOURCING-8,3a5c386500cd53b1784bb548d0555e2c225bcf9a7d02cef1b6041a600b62190a,RUN-20260821T114001,2026-08-21T11:40:01.305238+04:00
ITM-94f3a30c48dc77ad,6b35582045eddf28828084c8d57f25a76e10c18151ed04894a141921a214d087,OBS-FR-OI-SIMPLE-SOURCING-8,3a5c386500cd53b1784bb548d0555e2c225bcf9a7d02cef1b6041a600b62190a,RUN-20260821T114001,2026-08-21T11:40:01.305238+04:00
ITM-951309e49e05c229,99ff1fc1cc6a3b1bb1fe5b9a2410c486b01eaf1776bc812e4d8d132c97d2975e,OBS-FR-OI-SIMPLE-SOURCING-8,3a5c386500cd53b1784bb548d0555e2c225bcf9a7d02cef1b6041a600b62190a,RUN-20260821T114001,2026-08-21T11:40:01.305238+04:00
ITM-9523cb31d2dd33d8,4666f0e720fdcde9249df63c17b043e926301d617d86a90cb791ceab0931c978,OBS-FR-OI-SIMPLE-SOURCING-8,3a5c386500cd53b1784bb548d0555e2c225bcf9a7d02cef1b6041a600b62190a,RUN-20260821T114001,2026-08-21T11:40:01.305238+04:00
ITM-957af030cd68ea4a,7d9a07cd07adbf2ea7c8d34151fa9c1089fd362a52d9c6b38118d262a1876ce1,OBS-FR-OI-SIMPLE-SOURCING-8,3a5c386500cd53b1784bb548d0555e2c225bcf9a7d02cef1b6041a600b62190a,RUN-20260821T114001,2026-08-21T11:40:01.305238+04:00
ITM-95f5692ecababc20,8a169b463641493f9209295242d35cadf4c02c9d8048459730e596c17fed6d3c,OBS-FR-OI-SIMPLE-SOURCING-8,3a5c386500cd53b1784bb548d0555e2c225bcf9a7d02cef1b6041a600b62190a,RUN-20260821T114001,2026-08-21T11:40:01.305238+04:00
ITM-961d0a1917f09f88,3e92d6143ca5bf4340a768913f7fe13d3b736d343fabfa40c9175b48eb2ae6f2,OBS-FR-OI-SIMPLE-SOURCING-8,3a5c386500cd53b1784bb548d0555e2c225bcf9a7d02cef1b6041a600b62190a,RUN-20260821T114001,2026-08-21T11:40:01.305238+04:00
ITM-9636eb7345e44605,510ce0edd040782de6201d12f126affa7204aa188de624972aca5a085184bb74,OBS-FR-OI-SIMPLE-SOURCING-8,3a5c386500cd53b1784bb548d0555e2c225bcf9a7d02cef1b6041a600b62190a,RUN-20260821T114001,2026-08-21T11:40:01.305238+04:00
ITM-9641cf2b7eb20d65,a36ed56c919d21e4038bbd321841aa787125914e3d796b8af0f2119c51688ec7,OBS-FR-OI-SIMPLE-SOURCING-8,3a5c386500cd53b1784bb548d0555e2c225bcf9a7d02cef1b6041a600b62190a,RUN-20260821T114001,2026-08-21T11:40:01.305238+04:00
ITM-96713e4e0984f000,f004e8e190f506b625386c04481f4789400238c4787537c901d31ceee3fb48fc,OBS-FR-OI-SIMPLE-SOURCING-8,3a5c386500cd53b1784bb548d0555e2c225bcf9a7d02cef1b6041a600b62190a,RUN-20260821T114001,2026-08-21T11:40:01.305238+04:00
ITM-96728e715b7df298,da112e6fcaf929c2d4a1fcd76d4049f7b8abed03d440a4f8ac2a4797fac3b335,OBS-FR-OI-SIMPLE-SOURCING-8,3a5c386500cd53b1784bb548d0555e2c225bcf9a7d02cef1b6041a600b62190a,RUN-20260821T114001,2026-08-21T11:40:01.305238+04:00
ITM-96f8f98301895906,6859fc2d48484aba7f0f32c4995391e0372685efbc91bb328e5c426cf60e3d68,OBS-FR-OI-SIMPLE-SOURCING-8,3a5c386500cd53b1784bb548d0555e2c225bcf9a7d02cef1b6041a600b62190a,RUN-20260821T114001,2026-08-21T11:40:01.305238+04:00
ITM-9703baeeb03a2b89,6f52791ec657d09834ee882882c9c354b9f2ecf8560c4c7b5b723fdac9bc7e7b,OBS-FR-OI-SIMPLE-SOURCING-8,3a5c386500cd53b1784bb548d0555e2c225bcf9a7d02cef1b6041a600b62190a,RUN-20260821T114001,2026-08-21T11:40:01.305238+04:00
ITM-97112c9335752862,4f71ba3d744785b4f3173fd82799cd5f8d73926c8628d97fa4bfb73ecc4c6a56,OBS-FR-OI-SIMPLE-SOURCING-8,3a5c386500cd53b1784bb548d0555e2c225bcf9a7d02cef1b6041a600b62190a,RUN-20260821T114001,2026-08-21T11:40:01.305238+04:00
ITM-9790792731096f89,51426ed66ebf18b01d1762bf86306c4ddc8400d7cf5b8b1c3f9600dad8a99b43,OBS-FR-OI-SIMPLE-SOURCING-8,3a5c386500cd53b1784bb548d0555e2c225bcf9a7d02cef1b6041a600b62190a,RUN-20260821T114001,2026-08-21T11:40:01.305238+04:00
ITM-97c25ac2b10664ff,ba9f42a23cbfbe7e9ceaf6cd0c072f728d7ea3a0d9d2cdbdc2f20ae464a637de,OBS-FR-OI-SIMPLE-SOURCING-8,3a5c386500cd53b1784bb548d0555e2c225bcf9a7d02cef1b6041a600b62190a,RUN-20260821T114001,2026-08-21T11:40:01.305238+04:00
ITM-983ec069efa370f6,3f8b79310b3761c2db603fc1ce4e2ab33b89dd3f780397efe75c6b1c47bb02b6,OBS-FR-OI-SIMPLE-SOURCING-8,3a5c386500cd53b1784bb548d0555e2c225bcf9a7d02cef1b6041a600b62190a,RUN-20260821T114001,2026-08-21T11:40:01.305238+04:00
ITM-98a9777be59f5417,d3d3dab0b9fda6ef7f40385acef9df87b2db058c64a1be0a9f1f2552bfa155dc,OBS-FR-OI-SIMPLE-SOURCING-8,3a5c386500cd53b1784bb548d0555e2c225bcf9a7d02cef1b6041a600b62190a,RUN-20260821T114001,2026-08-21T11:40:01.305238+04:00
ITM-993496f822d07abc,6b888dc7e6b2b4b1a5f35c949f8f9bd10bbb7b4054b49635e9ded80a6de8509f,OBS-FR-OI-SIMPLE-SOURCING-8,3a5c386500cd53b1784bb548d0555e2c225bcf9a7d02cef1b6041a600b62190a,RUN-20260821T114001,2026-08-21T11:40:01.305238+04:00
ITM-9998dfdf85b1e174,8a08e0c2c27a33e2fa73b2d5b9c644fe1e5890166eedba8762d4439de2e4fc23,OBS-FR-OI-SIMPLE-SOURCING-8,3a5c386500cd53b1784bb548d0555e2c225bcf9a7d02cef1b6041a600b62190a,RUN-20260821T114001,2026-08-21T11:40:01.305238+04:00
ITM-99b6dac52e59dc9e,335e7c1849efb24a6c24293153d10061cfe1ce5e80be2917e8efc34c6066c94a,OBS-FR-OI-SIMPLE-SOURCING-8,3a5c386500cd53b1784bb548d0555e2c225bcf9a7d02cef1b6041a600b62190a,RUN-20260821T114001,2026-08-21T11:40:01.305238+04:00
ITM-99c7981a385185fb,e893b3824f3c32c83f59be8f00cf24f9d2821d29a0b5ea3fdaf7d0f392fb5850,OBS-FR-OI-SIMPLE-SOURCING-8,3a5c386500cd53b1784bb548d0555e2c225bcf9a7d02cef1b6041a600b62190a,RUN-20260821T114001,2026-08-21T11:40:01.305238+04:00
ITM-99e173cc1072d3e1,fb78d398c0b2317911e4a54488e22fe0b0d0d6fc89aed3a0100f83431c3670a1,OBS-FR-OI-SIMPLE-SOURCING-8,3a5c386500cd53b1784bb548d0555e2c225bcf9a7d02cef1b6041a600b62190a,RUN-20260821T114001,2026-08-21T11:40:01.305238+04:00
ITM-9a6be01421b972ed,885e0706f192179072068cdcda1f6fedd094c35a96c8e6438765d3c8aef0d9df,OBS-FR-OI-SIMPLE-SOURCING-8,3a5c386500cd53b1784bb548d0555e2c225bcf9a7d02cef1b6041a600b62190a,RUN-20260821T114001,2026-08-21T11:40:01.305238+04:00
ITM-9a97507a6afab0dc,bcd6035391543a3796018f4ce68957e7a63945e80be2f25b67f40f50f8b8f00e,OBS-FR-OI-SIMPLE-SOURCING-8,3a5c386500cd53b1784bb548d0555e2c225bcf9a7d02cef1b6041a600b62190a,RUN-20260821T114001,2026-08-21T11:40:01.305238+04:00
ITM-9ad83ebdae6c5575,a6c31dea3871c97896405d5b69b9b2223b9b4c3b130cf1836c2d071510ad80e0,OBS-FR-OI-SIMPLE-SOURCING-8,3a5c386500cd53b1784bb548d0555e2c225bcf9a7d02cef1b6041a600b62190a,RUN-20260821T114001,2026-08-21T11:40:01.305238+04:00
ITM-9b0aa546dd04ae21,8f81a1863ab80162595e28752a5f60be44ae440dcbca998efb2acdeedbc1d9fe,OBS-FR-OI-SIMPLE-SOURCING-8,3a5c386500cd53b1784bb548d0555e2c225bcf9a7d02cef1b6041a600b62190a,RUN-20260821T114001,2026-08-21T11:40:01.305238+04:00
ITM-9b4e79df031dfd35,04bdf9af05ad62dc5210aa4b73b8adb0f15033e065ba89bc9598e1e3cc946c8a,OBS-FR-OI-SIMPLE-SOURCING-8,3a5c386500cd53b1784bb548d0555e2c225bcf9a7d02cef1b6041a600b62190a,RUN-20260821T114001,2026-08-21T11:40:01.305238+04:00
ITM-9c445199e7e2d045,4dbc4181549a74f75d3eae4875a14bb0ffc4d6e8ff77df114833a2bb8ec6c337,OBS-FR-OI-SIMPLE-SOURCING-8,3a5c386500cd53b1784bb548d0555e2c225bcf9a7d02cef1b6041a600b62190a,RUN-20260821T114001,2026-08-21T11:40:01.305238+04:00
ITM-9c579c051bccfbeb,f8bade9e67b300640391c1ceece586aac6383b299884a18490f9daa0ac3b2261,OBS-FR-OI-SIMPLE-SOURCING-8,3a5c386500cd53b1784bb548d0555e2c225bcf9a7d02cef1b6041a600b62190a,RUN-20260821T114001,2026-08-21T11:40:01.305238+04:00
ITM-9c8cd87affdadf8a,81720e19dfdf50cf6e7d84d6da9c9640b3686aafb4c63feaedf7870ad63b7fa3,OBS-FR-OI-SIMPLE-SOURCING-8,3a5c386500cd53b1784bb548d0555e2c225bcf9a7d02cef1b6041a600b62190a,RUN-20260821T114001,2026-08-21T11:40:01.305238+04:00
ITM-9ca61968dda6a6f9,2a2a3130c75c6d60d24b43b6299c99345520b24348f90dffe9e7d1a734562a3e,OBS-FR-OI-SIMPLE-SOURCING-8,3a5c386500cd53b1784bb548d0555e2c225bcf9a7d02cef1b6041a600b62190a,RUN-20260821T114001,2026-08-21T11:40:01.305238+04:00
ITM-9cb9a9183df4e680,38b6e11cbcfdb20ccfbaf7f5c8562ae5473d08a1229c2a9bb3d7784197dd116c,OBS-FR-OI-SIMPLE-SOURCING-8,3a5c386500cd53b1784bb548d0555e2c225bcf9a7d02cef1b6041a600b62190a,RUN-20260821T114001,2026-08-21T11:40:01.305238+04:00
ITM-9cd6f6010d244f5a,361a1ecc4b7b0f4a2221ce3ee23c624256e3536efe709221a381912c23b485d9,OBS-FR-OI-SIMPLE-SOURCING-8,3a5c386500cd53b1784bb548d0555e2c225bcf9a7d02cef1b6041a600b62190a,RUN-20260821T114001,2026-08-21T11:40:01.305238+04:00
ITM-9cdaa8fdb8bab85e,b6549ecad3d9f019db80db204f4b860d50bd5c69c3a03f7f3ffb4c183e9e0540,OBS-FR-OI-SIMPLE-SOURCING-8,3a5c386500cd53b1784bb548d0555e2c225bcf9a7d02cef1b6041a600b62190a,RUN-20260821T114001,2026-08-21T11:40:01.305238+04:00
ITM-9cfb605da9a64bbe,26c9ab2df9af234e929ae121af39d5432f6ce73f47d609789f8d1f8537e44288,OBS-FR-OI-SIMPLE-SOURCING-8,3a5c386500cd53b1784bb548d0555e2c225bcf9a7d02cef1b6041a600b62190a,RUN-20260821T114001,2026-08-21T11:40:01.305238+04:00
ITM-9d8bb8665519f8bd,cdbf2341bc37bff28a71c15e2b5d74a404798388aa0357b9f190bd0ddd9340bd,OBS-FR-OI-SIMPLE-SOURCING-8,3a5c386500cd53b1784bb548d0555e2c225bcf9a7d02cef1b6041a600b62190a,RUN-20260821T114001,2026-08-21T11:40:01.305238+04:00
ITM-9d9ca06511ef3e4a,31ebc29667f793bc397cf43f54584756400e798c85e245405746fa3b2b78ad4e,OBS-FR-OI-SIMPLE-SOURCING-8,3a5c386500cd53b1784bb548d0555e2c225bcf9a7d02cef1b6041a600b62190a,RUN-20260821T114001,2026-08-21T11:40:01.305238+04:00
ITM-9d9d1376f1b77c8f,bf3eec0b527f51306d389466bba50d84cca2cdf00014dc7d0542fa4ba5e389d5,OBS-FR-OI-SIMPLE-SOURCING-8,3a5c386500cd53b1784bb548d0555e2c225bcf9a7d02cef1b6041a600b62190a,RUN-20260821T114001,2026-08-21T11:40:01.305238+04:00
ITM-9df785fa5a931c1c,7fdd06d68fdace2516e403fed23173226191cddc25068289d2a21928a7d366cd,OBS-FR-OI-SIMPLE-SOURCING-8,3a5c386500cd53b1784bb548d0555e2c225bcf9a7d02cef1b6041a600b62190a,RUN-20260821T114001,2026-08-21T11:40:01.305238+04:00
ITM-9f6117dfe9bcd437,1aaea614e33bb82d5432a29cfb47300cef3671739aaa691ad8efae2486f990f8,OBS-FR-OI-SIMPLE-SOURCING-8,3a5c386500cd53b1784bb548d0555e2c225bcf9a7d02cef1b6041a600b62190a,RUN-20260821T114001,2026-08-21T11:40:01.305238+04:00
ITM-9f6678f10f2f2337,8da7eea1d00bd23a32ffde4e14e8403ee636b5d11ba50fed3d18d869402e8772,OBS-FR-OI-SIMPLE-SOURCING-8,3a5c386500cd53b1784bb548d0555e2c225bcf9a7d02cef1b6041a600b62190a,RUN-20260821T114001,2026-08-21T11:40:01.305238+04:00
ITM-9f971301be909349,22d52f3b390f2d93e025a9dd72a36b2c316facc6d66a61e36d77e44edcb72b2b,OBS-FR-OI-SIMPLE-SOURCING-8,3a5c386500cd53b1784bb548d0555e2c225bcf9a7d02cef1b6041a600b62190a,RUN-20260821T114001,2026-08-21T11:40:01.305238+04:00
ITM-9fb7da13535cf670,8867d9fc00c4e23f23782e003492366e7cd8899f64a88e0125814b4beeea17c7,OBS-FR-OI-SIMPLE-SOURCING-8,3a5c386500cd53b1784bb548d0555e2c225bcf9a7d02cef1b6041a600b62190a,RUN-20260821T114001,2026-08-21T11:40:01.305238+04:00
ITM-a01ce923c4709d1c,f2debfb589094089cfab9d2af58ec3763af0cb4b7922b21837b201bd636c62ee,OBS-FR-OI-SIMPLE-SOURCING-8,3a5c386500cd53b1784bb548d0555e2c225bcf9a7d02cef1b6041a600b62190a,RUN-20260821T114001,2026-08-21T11:40:01.305238+04:00
ITM-a0efabc3a54a7902,73b4cfe25d3b87990b13c9de26320de48f26d1aade33df8cac73a349108862ea,OBS-FR-OI-SIMPLE-SOURCING-8,3a5c386500cd53b1784bb548d0555e2c225bcf9a7d02cef1b6041a600b62190a,RUN-20260821T114001,2026-08-21T11:40:01.305238+04:00
ITM-a109173d4410efc7,ca7ad9fc35a40022bb85bf766d4ff4b53740b42da83bc42f4867a2ef4fed64fd,OBS-FR-OI-SIMPLE-SOURCING-8,3a5c386500cd53b1784bb548d0555e2c225bcf9a7d02cef1b6041a600b62190a,RUN-20260821T114001,2026-08-21T11:40:01.305238+04:00
ITM-a10d191484db05d5,8a595f650b82abfccdd3c19adaea00c2d03b3052de34845057435dd9e9dae46d,OBS-FR-OI-SIMPLE-SOURCING-8,3a5c386500cd53b1784bb548d0555e2c225bcf9a7d02cef1b6041a600b62190a,RUN-20260821T114001,2026-08-21T11:40:01.305238+04:00
ITM-a13247ab74e017e2,dba2341c5c26cc4290e3f7d5f6e2472b4fb3cb3f53f348d5d5a5273bdc5dd4f7,OBS-FR-OI-SIMPLE-SOURCING-8,3a5c386500cd53b1784bb548d0555e2c225bcf9a7d02cef1b6041a600b62190a,RUN-20260821T114001,2026-08-21T11:40:01.305238+04:00
ITM-a150c143ef9ec2aa,2009b8a3331b27229fbd7d8b8f70ecfd5e9efb1a4f565a74c4d05756bdfa3e7a,OBS-FR-OI-SIMPLE-SOURCING-8,3a5c386500cd53b1784bb548d0555e2c225bcf9a7d02cef1b6041a600b62190a,RUN-20260821T114001,2026-08-21T11:40:01.305238+04:00
ITM-a153af549c4669ca,ec58b4b054f48ce6d41942ede225b1c6a9e39c9573de2cbf4069fca014d30f67,OBS-FR-OI-SIMPLE-SOURCING-8,3a5c386500cd53b1784bb548d0555e2c225bcf9a7d02cef1b6041a600b62190a,RUN-20260821T114001,2026-08-21T11:40:01.305238+04:00
ITM-a19c3225b871ccd1,446576c82ad5e391f89ffb7854473db55adf10f8f2ec59a7b881286cbc144d0b,OBS-FR-OI-SIMPLE-SOURCING-8,3a5c386500cd53b1784bb548d0555e2c225bcf9a7d02cef1b6041a600b62190a,RUN-20260821T114001,2026-08-21T11:40:01.305238+04:00
ITM-a1a03ef67f01bd1d,ba5ffd3a9ac7a73abd2f112fda88c9cc55ab6adfc3049df26eeb6725148f7e06,OBS-FR-OI-SIMPLE-SOURCING-8,3a5c386500cd53b1784bb548d0555e2c225bcf9a7d02cef1b6041a600b62190a,RUN-20260821T114001,2026-08-21T11:40:01.305238+04:00
ITM-a1a99e283b35c3a7,dc14256709d8e407439d8573891d6d884f0bc5c819cc610be92fd464938e952f,OBS-FR-OI-SIMPLE-SOURCING-8,3a5c386500cd53b1784bb548d0555e2c225bcf9a7d02cef1b6041a600b62190a,RUN-20260821T114001,2026-08-21T11:40:01.305238+04:00
ITM-a221beef2834362d,aafad1ffc5b1d3734ade67498d69dc06c581eec34033b88151b9dc3808423d45,OBS-FR-OI-SIMPLE-SOURCING-8,3a5c386500cd53b1784bb548d0555e2c225bcf9a7d02cef1b6041a600b62190a,RUN-20260821T114001,2026-08-21T11:40:01.305238+04:00
ITM-a22ac787d2b98d3c,609e01d24abf3814f054bc94dd1b6befcdd2c2e9e6595cd114daf7af8aec54c4,OBS-FR-OI-SIMPLE-SOURCING-8,3a5c386500cd53b1784bb548d0555e2c225bcf9a7d02cef1b6041a600b62190a,RUN-20260821T114001,2026-08-21T11:40:01.305238+04:00
ITM-a23e7f1a9ebc7036,bc38de5e45d1a854affbf2a7f6883e1a520cf48a23e83d4d76ad52c8996e88e1,OBS-FR-OI-SIMPLE-SOURCING-8,3a5c386500cd53b1784bb548d0555e2c225bcf9a7d02cef1b6041a600b62190a,RUN-20260821T114001,2026-08-21T11:40:01.305238+04:00
ITM-a2bec723b02d1203,b3ff3b9206cd0204ac9e5a95101ade9b2bd8456c68b6d540e3614c8a722318db,OBS-FR-OI-SIMPLE-SOURCING-8,3a5c386500cd53b1784bb548d0555e2c225bcf9a7d02cef1b6041a600b62190a,RUN-20260821T114001,2026-08-21T11:40:01.305238+04:00
ITM-a2dfa9d484e90c2e,eabf05ccdacad6514ac1ca06ef904e3a9af71bc470c833647dbb21d4fd1dd252,OBS-FR-OI-SIMPLE-SOURCING-8,3a5c386500cd53b1784bb548d0555e2c225bcf9a7d02cef1b6041a600b62190a,RUN-20260821T114001,2026-08-21T11:40:01.305238+04:00
ITM-a31788aa2ba0c85a,d21c5682c1e6514c78d943e7e1f74ee48bf4dfdb784b6134e36c1991f28385a1,OBS-FR-OI-SIMPLE-SOURCING-8,3a5c386500cd53b1784bb548d0555e2c225bcf9a7d02cef1b6041a600b62190a,RUN-20260821T114001,2026-08-21T11:40:01.305238+04:00
ITM-a37b2f2064d1e0e9,64f7679665fafe62a9e34e85c56c6db5a2242c27a01eaa699c1b2ca63c70b925,OBS-FR-OI-SIMPLE-SOURCING-8,3a5c386500cd53b1784bb548d0555e2c225bcf9a7d02cef1b6041a600b62190a,RUN-20260821T114001,2026-08-21T11:40:01.305238+04:00
ITM-a37cb69e3617bb6c,9429681cdeab699f0fc0b2fd45797b109c087564f2e7a4afca5f0a140266911b,OBS-FR-OI-SIMPLE-SOURCING-8,3a5c386500cd53b1784bb548d0555e2c225bcf9a7d02cef1b6041a600b62190a,RUN-20260821T114001,2026-08-21T11:40:01.305238+04:00
ITM-a41c3c69231506b9,7c92d7283dec35646afe03da086bbbdbfa9740cf0893844c671d200217eed41c,OBS-FR-OI-SIMPLE-SOURCING-8,3a5c386500cd53b1784bb548d0555e2c225bcf9a7d02cef1b6041a600b62190a,RUN-20260821T114001,2026-08-21T11:40:01.305238+04:00
ITM-a43a547526ffdd3a,75648a916eee6c4827554b3dc1839c873de489deab690dd682ef234171526f14,OBS-FR-OI-SIMPLE-SOURCING-8,3a5c386500cd53b1784bb548d0555e2c225bcf9a7d02cef1b6041a600b62190a,RUN-20260821T114001,2026-08-21T11:40:01.305238+04:00
ITM-a51dc2e8c89bb9ae,373934076884561cb5cf237fcc7c124a709a36c3a865fe72b15b89d1a06de0dd,OBS-FR-OI-SIMPLE-SOURCING-8,3a5c386500cd53b1784bb548d0555e2c225bcf9a7d02cef1b6041a600b62190a,RUN-20260821T114001,2026-08-21T11:40:01.305238+04:00
ITM-a55a5fe0d67a9df3,4047ee31a247f92889cbabc6d8ed0b941e352cafd65fcb8378edf47808966ec5,OBS-FR-OI-SIMPLE-SOURCING-8,3a5c386500cd53b1784bb548d0555e2c225bcf9a7d02cef1b6041a600b62190a,RUN-20260821T114001,2026-08-21T11:40:01.305238+04:00
ITM-a583befb63a42cfd,4911c0924cec1be18495034cbad6fa2258c95d228fd1a139f2a5103d1682f3e4,OBS-FR-OI-SIMPLE-SOURCING-8,3a5c386500cd53b1784bb548d0555e2c225bcf9a7d02cef1b6041a600b62190a,RUN-20260821T114001,2026-08-21T11:40:01.305238+04:00
ITM-a586cbf8305237e0,6ba7f0cb793b4bdee902011ac33d4a0d6106a240cf0eecffb08049b9743508bd,OBS-FR-OI-SIMPLE-SOURCING-8,3a5c386500cd53b1784bb548d0555e2c225bcf9a7d02cef1b6041a600b62190a,RUN-20260821T114001,2026-08-21T11:40:01.305238+04:00
ITM-a5c26ee9d8b76175,3ff2c6d4fe50c97ba07ce4f00f20ab653fca430ac7067c7ef15c9a23ecd59c33,OBS-FR-OI-SIMPLE-SOURCING-8,3a5c386500cd53b1784bb548d0555e2c225bcf9a7d02cef1b6041a600b62190a,RUN-20260821T114001,2026-08-21T11:40:01.305238+04:00
ITM-a60baa28c63e07fd,8669a2d04b860e7f5f471b3a7db70fa544b18261ee2d59889dc1e9a432f60c9d,OBS-FR-OI-SIMPLE-SOURCING-8,3a5c386500cd53b1784bb548d0555e2c225bcf9a7d02cef1b6041a600b62190a,RUN-20260821T114001,2026-08-21T11:40:01.305238+04:00
ITM-a6e114003818e4c1,ff69f3b8acda32a4b7f52c469b9a1de70a3be8b14bea69b3691eee4ca1c7f3dc,OBS-FR-OI-SIMPLE-SOURCING-8,3a5c386500cd53b1784bb548d0555e2c225bcf9a7d02cef1b6041a600b62190a,RUN-20260821T114001,2026-08-21T11:40:01.305238+04:00
ITM-a6ff0c2afd66ef04,ef7b066ff72b68449fc1329a1de57bdcb5396ad826d7fddf26d54c71b7c16151,OBS-FR-OI-SIMPLE-SOURCING-8,3a5c386500cd53b1784bb548d0555e2c225bcf9a7d02cef1b6041a600b62190a,RUN-20260821T114001,2026-08-21T11:40:01.305238+04:00
ITM-a777e7f2bc1409da,b1ec8211ff38695fc0e748461d0ec17e98cd916283acbfb7177622e7b8de408b,OBS-FR-OI-SIMPLE-SOURCING-8,3a5c386500cd53b1784bb548d0555e2c225bcf9a7d02cef1b6041a600b62190a,RUN-20260821T114001,2026-08-21T11:40:01.305238+04:00
ITM-a80915894e379c2e,f10e034d1dc05266880d8dcc543e6784620cf2acffe3c4fa81eb763633136bad,OBS-FR-OI-SIMPLE-SOURCING-8,3a5c386500cd53b1784bb548d0555e2c225bcf9a7d02cef1b6041a600b62190a,RUN-20260821T114001,2026-08-21T11:40:01.305238+04:00
ITM-a820a252aa5455d9,e28f9cbb1457f6f9d7daa7a81e3717360bc2cbb00f59ba433a996b9cd82d15ce,OBS-FR-OI-SIMPLE-SOURCING-8,3a5c386500cd53b1784bb548d0555e2c225bcf9a7d02cef1b6041a600b62190a,RUN-20260821T114001,2026-08-21T11:40:01.305238+04:00
ITM-a841b4d229200c42,b05fd4b69d78808b472b8edaf176ede430555039fe2b2c3a10c32a78b8e09581,OBS-FR-OI-SIMPLE-SOURCING-8,3a5c386500cd53b1784bb548d0555e2c225bcf9a7d02cef1b6041a600b62190a,RUN-20260821T114001,2026-08-21T11:40:01.305238+04:00
ITM-a88c0d6da432d213,656b5316c82c1f1791f9661eb713bb0eeee0a37a04580379ac79d5330b132e1b,OBS-FR-OI-SIMPLE-SOURCING-8,3a5c386500cd53b1784bb548d0555e2c225bcf9a7d02cef1b6041a600b62190a,RUN-20260821T114001,2026-08-21T11:40:01.305238+04:00
ITM-a8c67b146a456060,a95eafdc51b761e9e5ddc07657ed3f35d37a94d5060768227b51f0bfc039c532,OBS-FR-OI-SIMPLE-SOURCING-8,3a5c386500cd53b1784bb548d0555e2c225bcf9a7d02cef1b6041a600b62190a,RUN-20260821T114001,2026-08-21T11:40:01.305238+04:00
ITM-a8d2195ebece67ab,1d9a9c0d3efdc831d968a2a38ea3b49ff243bf2aaf2040d489e44c5ac95b5000,OBS-FR-OI-SIMPLE-SOURCING-8,3a5c386500cd53b1784bb548d0555e2c225bcf9a7d02cef1b6041a600b62190a,RUN-20260821T114001,2026-08-21T11:40:01.305238+04:00
ITM-a8e3dfb36918dc98,6993d17cf3072843140a79d2003a1598b04755b0e34844c9bf72a30079e515eb,OBS-FR-OI-SIMPLE-SOURCING-8,3a5c386500cd53b1784bb548d0555e2c225bcf9a7d02cef1b6041a600b62190a,RUN-20260821T114001,2026-08-21T11:40:01.305238+04:00
ITM-a935e2896bf42300,e8dfa3222633af05b44024b762bf79ec90136fa7ca40bb3c34a63f43b360b718,OBS-FR-OI-SIMPLE-SOURCING-8,3a5c386500cd53b1784bb548d0555e2c225bcf9a7d02cef1b6041a600b62190a,RUN-20260821T114001,2026-08-21T11:40:01.305238+04:00
ITM-a954736eafe569de,d8fcb6061bac8c77df8149a37e4a95df8c78bea98dfa7a15a285b16331afd8f6,OBS-FR-OI-SIMPLE-SOURCING-8,3a5c386500cd53b1784bb548d0555e2c225bcf9a7d02cef1b6041a600b62190a,RUN-20260821T114001,2026-08-21T11:40:01.305238+04:00
ITM-a9e391cbc4f07068,206870b6b65319f6dd6753301051930d1d745ab22eb68f263a9c82fa4aff0208,OBS-FR-OI-SIMPLE-SOURCING-8,3a5c386500cd53b1784bb548d0555e2c225bcf9a7d02cef1b6041a600b62190a,RUN-20260821T114001,2026-08-21T11:40:01.305238+04:00
ITM-aa25adec433a94b1,b3e44a682ddf5941ce42e79666d553f39b010d0cd2d784795fe46938712b9dbb,OBS-FR-OI-SIMPLE-SOURCING-8,3a5c386500cd53b1784bb548d0555e2c225bcf9a7d02cef1b6041a600b62190a,RUN-20260821T114001,2026-08-21T11:40:01.305238+04:00
ITM-aa8fb21d7be32c38,31942e8dfad0cd620cecd675046116cce181f6e61ff6b23e188dc0af4b412455,OBS-FR-OI-SIMPLE-SOURCING-8,3a5c386500cd53b1784bb548d0555e2c225bcf9a7d02cef1b6041a600b62190a,RUN-20260821T114001,2026-08-21T11:40:01.305238+04:00
ITM-aa9b72699972ffc5,c7610cb999154eda92eb49ae3a17224c4863ff70cf054352196a342ed250a23f,OBS-FR-OI-SIMPLE-SOURCING-8,3a5c386500cd53b1784bb548d0555e2c225bcf9a7d02cef1b6041a600b62190a,RUN-20260821T114001,2026-08-21T11:40:01.305238+04:00
ITM-aadcd9745e9d382b,545a03572afb0b15f95e64f40f7da95b8663c3da02b2f586b87258a186db5277,OBS-FR-OI-SIMPLE-SOURCING-8,3a5c386500cd53b1784bb548d0555e2c225bcf9a7d02cef1b6041a600b62190a,RUN-20260821T114001,2026-08-21T11:40:01.305238+04:00
ITM-ab2d908260eda1da,cc1ac5315bc490947c602f35dc4eeb735cc2009fa3c0b8d6a8d78d2e994bf18b,OBS-FR-OI-SIMPLE-SOURCING-8,3a5c386500cd53b1784bb548d0555e2c225bcf9a7d02cef1b6041a600b62190a,RUN-20260821T114001,2026-08-21T11:40:01.305238+04:00
ITM-ab5e3c71f5584819,a8e0b15b6bc46dac6f682de019e97c0210cc4ca2158b70ea75626be921c05d61,OBS-FR-OI-SIMPLE-SOURCING-8,3a5c386500cd53b1784bb548d0555e2c225bcf9a7d02cef1b6041a600b62190a,RUN-20260821T114001,2026-08-21T11:40:01.305238+04:00
ITM-ab75fc41eb5d5909,de6b2b088c34e6d00d8da97b688872f8395a056a8656c46a2b0d77e2731713af,OBS-FR-OI-SIMPLE-SOURCING-8,3a5c386500cd53b1784bb548d0555e2c225bcf9a7d02cef1b6041a600b62190a,RUN-20260821T114001,2026-08-21T11:40:01.305238+04:00
ITM-ab78e43de13dbffc,fb38c6093ec14601c38d2a60b08a9b2f5aa901c5035e8cd7dbd1b2f163335e52,OBS-FR-OI-SIMPLE-SOURCING-8,3a5c386500cd53b1784bb548d0555e2c225bcf9a7d02cef1b6041a600b62190a,RUN-20260821T114001,2026-08-21T11:40:01.305238+04:00
ITM-aba3d0296b074c1e,8646c4254e770587fd5707c4b83e8d65f8016299a620fab2fc5113336cd1fe57,OBS-FR-OI-SIMPLE-SOURCING-8,3a5c386500cd53b1784bb548d0555e2c225bcf9a7d02cef1b6041a600b62190a,RUN-20260821T114001,2026-08-21T11:40:01.305238+04:00
ITM-aba544c42eaedbb6,4573179c5f43e71fd2d657f64bee00f3f7488057facd063b7776605cec7f382b,OBS-FR-OI-SIMPLE-SOURCING-8,3a5c386500cd53b1784bb548d0555e2c225bcf9a7d02cef1b6041a600b62190a,RUN-20260821T114001,2026-08-21T11:40:01.305238+04:00
ITM-ac19902efd22a9b5,691a9dd9c41781a773c76338950a05012dc28fe050dfff0443feb8dd4530e89b,OBS-FR-OI-SIMPLE-SOURCING-8,3a5c386500cd53b1784bb548d0555e2c225bcf9a7d02cef1b6041a600b62190a,RUN-20260821T114001,2026-08-21T11:40:01.305238+04:00
ITM-ac39f8f0affc1b99,c69bfeea54173865caea08ce14174584ade2233c8f78567351f55d6378dbf0db,OBS-FR-OI-SIMPLE-SOURCING-8,3a5c386500cd53b1784bb548d0555e2c225bcf9a7d02cef1b6041a600b62190a,RUN-20260821T114001,2026-08-21T11:40:01.305238+04:00
ITM-aca32618aa410ca5,c12c9990c2dce22a42126538a6661f9d9757694889b02e56f3aa6dc9b62f5e18,OBS-FR-OI-SIMPLE-SOURCING-8,3a5c386500cd53b1784bb548d0555e2c225bcf9a7d02cef1b6041a600b62190a,RUN-20260821T114001,2026-08-21T11:40:01.305238+04:00
ITM-ad8244a335639038,1f5f8caf1533eec35932f696635a5e31ceb15fc8008fc2f24d390de387bf1996,OBS-FR-OI-SIMPLE-SOURCING-8,3a5c386500cd53b1784bb548d0555e2c225bcf9a7d02cef1b6041a600b62190a,RUN-20260821T114001,2026-08-21T11:40:01.305238+04:00
ITM-ae057fb8c00db297,e3ea973d837670c47621630db4433e62f947a181aed1ff46def9e9510082aef6,OBS-FR-OI-SIMPLE-SOURCING-8,3a5c386500cd53b1784bb548d0555e2c225bcf9a7d02cef1b6041a600b62190a,RUN-20260821T114001,2026-08-21T11:40:01.305238+04:00
ITM-ae6e1ceb651cc761,4101b3f9da3484f745a470b33e254232e52ba43630acce7e7d7eddf4cbbf8763,OBS-FR-OI-SIMPLE-SOURCING-8,3a5c386500cd53b1784bb548d0555e2c225bcf9a7d02cef1b6041a600b62190a,RUN-20260821T114001,2026-08-21T11:40:01.305238+04:00
ITM-aeeae44604b6bc0b,a431795c7d77d9e69e2e7eaf5bf4584447347ae38630ba6439dcdf5389ae9260,OBS-FR-OI-SIMPLE-SOURCING-8,3a5c386500cd53b1784bb548d0555e2c225bcf9a7d02cef1b6041a600b62190a,RUN-20260821T114001,2026-08-21T11:40:01.305238+04:00
ITM-aef9f3bcd2b4716a,5bfd85eeab47c1c62fd15aa815439925d2f35eab0f7c249a1c7fb0e5b6009c10,OBS-FR-OI-SIMPLE-SOURCING-8,3a5c386500cd53b1784bb548d0555e2c225bcf9a7d02cef1b6041a600b62190a,RUN-20260821T114001,2026-08-21T11:40:01.305238+04:00
ITM-afb44d2fccc4b1df,ba6cc8c14c8c9475f59d951956570fcbe8196311105ea4146ebc63f5c976fd13,OBS-FR-OI-SIMPLE-SOURCING-8,3a5c386500cd53b1784bb548d0555e2c225bcf9a7d02cef1b6041a600b62190a,RUN-20260821T114001,2026-08-21T11:40:01.305238+04:00
ITM-afc773a158f765dd,4a93f70f6bc3c5c74c2d7b78d23bfe460fe87337cc19df2edc8143d7fa22af3c,OBS-FR-OI-SIMPLE-SOURCING-8,3a5c386500cd53b1784bb548d0555e2c225bcf9a7d02cef1b6041a600b62190a,RUN-20260821T114001,2026-08-21T11:40:01.305238+04:00
ITM-b049b9a40149154f,c6d817538df0b1c837cc0c41a928d80f32f7d94947806f1b0aff78c48a28c6ef,OBS-FR-OI-SIMPLE-SOURCING-8,3a5c386500cd53b1784bb548d0555e2c225bcf9a7d02cef1b6041a600b62190a,RUN-20260821T114001,2026-08-21T11:40:01.305238+04:00
ITM-b04e502985266164,83abb5413361bbc1a07018e0ebbd823c8661c713f8303007eee877651d7a6cdb,OBS-FR-OI-SIMPLE-SOURCING-8,3a5c386500cd53b1784bb548d0555e2c225bcf9a7d02cef1b6041a600b62190a,RUN-20260821T114001,2026-08-21T11:40:01.305238+04:00
ITM-b0891a9a217dbaa8,911364b5dd41cbea632e534d0282a5e3b2cc1d97a929433965c6a4608e49a878,OBS-FR-OI-SIMPLE-SOURCING-8,3a5c386500cd53b1784bb548d0555e2c225bcf9a7d02cef1b6041a600b62190a,RUN-20260821T114001,2026-08-21T11:40:01.305238+04:00
ITM-b0ddc3cf67573caa,38214ebfffb67d5f238a7035304261aedafbfce90934bc3f02c93d8e98c030d3,OBS-FR-OI-SIMPLE-SOURCING-8,3a5c386500cd53b1784bb548d0555e2c225bcf9a7d02cef1b6041a600b62190a,RUN-20260821T114001,2026-08-21T11:40:01.305238+04:00
ITM-b16aac7c818c8355,956e8214e8d4eeafe6498edf63e8c44ccb0425ee19975e30789aa814f76ae6b1,OBS-FR-OI-SIMPLE-SOURCING-8,3a5c386500cd53b1784bb548d0555e2c225bcf9a7d02cef1b6041a600b62190a,RUN-20260821T114001,2026-08-21T11:40:01.305238+04:00
ITM-b16cc486136d6422,0883c912ee0b341a2af92ff2c46816cde5c7b5152700591d66189544ab767f8f,OBS-FR-OI-SIMPLE-SOURCING-8,3a5c386500cd53b1784bb548d0555e2c225bcf9a7d02cef1b6041a600b62190a,RUN-20260821T114001,2026-08-21T11:40:01.305238+04:00
ITM-b19f56f106f4d9d0,95ac1e8cebe1c6b35be571092d5bda24faff8c9d33991c6eb831085065942f91,OBS-FR-OI-SIMPLE-SOURCING-8,3a5c386500cd53b1784bb548d0555e2c225bcf9a7d02cef1b6041a600b62190a,RUN-20260821T114001,2026-08-21T11:40:01.305238+04:00
ITM-b254b646ab9aef23,a53273e4eb6869b032e2094dfd8a6dae8ad38ad5c4320f0f45f04dbf9b133da3,OBS-FR-OI-SIMPLE-SOURCING-8,3a5c386500cd53b1784bb548d0555e2c225bcf9a7d02cef1b6041a600b62190a,RUN-20260821T114001,2026-08-21T11:40:01.305238+04:00
ITM-b2a439e3d1533f8a,b5787ccbea5e73db25d76105f2462f0bca548b36d1aede2c5d52a6a0585b302f,OBS-FR-OI-SIMPLE-SOURCING-8,3a5c386500cd53b1784bb548d0555e2c225bcf9a7d02cef1b6041a600b62190a,RUN-20260821T114001,2026-08-21T11:40:01.305238+04:00
ITM-b2b8dc0d3bc97d0d,b9ffb0ea1b7f8dd9116676c54a0f856b4eefc04cee6b909570746053effa9745,OBS-FR-OI-SIMPLE-SOURCING-8,3a5c386500cd53b1784bb548d0555e2c225bcf9a7d02cef1b6041a600b62190a,RUN-20260821T114001,2026-08-21T11:40:01.305238+04:00
ITM-b2e59f48865b1285,038ea0daa000cc827dbcdf16c86da715f87dc999cf7dc04da9bda193b9dc8081,OBS-FR-OI-SIMPLE-SOURCING-8,3a5c386500cd53b1784bb548d0555e2c225bcf9a7d02cef1b6041a600b62190a,RUN-20260821T114001,2026-08-21T11:40:01.305238+04:00
ITM-b399093caeec76f7,cb7258c2fc35b709a42ceae964863c261d084b55873ef13a282823891d967ec4,OBS-FR-OI-SIMPLE-SOURCING-8,3a5c386500cd53b1784bb548d0555e2c225bcf9a7d02cef1b6041a600b62190a,RUN-20260821T114001,2026-08-21T11:40:01.305238+04:00
ITM-b3f2d99e99e17110,d840403d095142061b09d31947b245d2c363259ea6a876663d6172de11b71166,OBS-FR-OI-SIMPLE-SOURCING-8,3a5c386500cd53b1784bb548d0555e2c225bcf9a7d02cef1b6041a600b62190a,RUN-20260821T114001,2026-08-21T11:40:01.305238+04:00
ITM-b439381ec1c6ad4d,dfafc086a5823b54c0cb87b8eb8a77efd4c9c6589aa413e935cd44b3cd497aa6,OBS-FR-OI-SIMPLE-SOURCING-8,3a5c386500cd53b1784bb548d0555e2c225bcf9a7d02cef1b6041a600b62190a,RUN-20260821T114001,2026-08-21T11:40:01.305238+04:00
ITM-b44ea012e26fdae2,9299c142b70cdeb210ddc107cd6301d8d73367deed2391e8f3ece7120ccd8b8c,OBS-FR-OI-SIMPLE-SOURCING-8,3a5c386500cd53b1784bb548d0555e2c225bcf9a7d02cef1b6041a600b62190a,RUN-20260821T114001,2026-08-21T11:40:01.305238+04:00
ITM-b494106fa068356e,d11ef470835dc68f5c8b1315913b04f2766fdc8ae58ae720c34657852684e032,OBS-FR-OI-SIMPLE-SOURCING-8,3a5c386500cd53b1784bb548d0555e2c225bcf9a7d02cef1b6041a600b62190a,RUN-20260821T114001,2026-08-21T11:40:01.305238+04:00
ITM-b5326d76500a093f,d2729c5d3af6495a634f1bce6e3fbbc7023c6fecbcb737e94d8fcfececaa64a8,OBS-FR-OI-SIMPLE-SOURCING-8,3a5c386500cd53b1784bb548d0555e2c225bcf9a7d02cef1b6041a600b62190a,RUN-20260821T114001,2026-08-21T11:40:01.305238+04:00
ITM-b542aac24c6bcd5b,d7be0dbaf4bbfa73d2e9798c58cb98ca477543693ef20eb8c61572024dbffbc0,OBS-FR-OI-SIMPLE-SOURCING-8,3a5c386500cd53b1784bb548d0555e2c225bcf9a7d02cef1b6041a600b62190a,RUN-20260821T114001,2026-08-21T11:40:01.305238+04:00
ITM-b5c3b342000faf0a,6cc3ef5882a64e9634015ab45154220f3d7dd0a6742d9d5efd13d44e2586390f,OBS-FR-OI-SIMPLE-SOURCING-8,3a5c386500cd53b1784bb548d0555e2c225bcf9a7d02cef1b6041a600b62190a,RUN-20260821T114001,2026-08-21T11:40:01.305238+04:00
ITM-b5fdd2d18d6b6f52,3e3749850d14f76a9e8b1fe8736f63c4d47401db098ccb185bd6efe665041b60,OBS-FR-OI-SIMPLE-SOURCING-8,3a5c386500cd53b1784bb548d0555e2c225bcf9a7d02cef1b6041a600b62190a,RUN-20260821T114001,2026-08-21T11:40:01.305238+04:00
ITM-b633d519b65e766e,d60b9628f4a9c3e603b92799b1fc0e0989210a6746b78738a50b51f99872996d,OBS-FR-OI-SIMPLE-SOURCING-8,3a5c386500cd53b1784bb548d0555e2c225bcf9a7d02cef1b6041a600b62190a,RUN-20260821T114001,2026-08-21T11:40:01.305238+04:00
ITM-b6394de3c04ade2e,c639c9fdb62ae50c982f9ebab69eede6e79d257317b57d56a95a297774abd62e,OBS-FR-OI-SIMPLE-SOURCING-8,3a5c386500cd53b1784bb548d0555e2c225bcf9a7d02cef1b6041a600b62190a,RUN-20260821T114001,2026-08-21T11:40:01.305238+04:00
ITM-b7099e3a9061d109,4960f446130c2686c9313bb67ad0b124c49a7e7a367fee3b1a08a94f09233e3c,OBS-FR-OI-SIMPLE-SOURCING-8,3a5c386500cd53b1784bb548d0555e2c225bcf9a7d02cef1b6041a600b62190a,RUN-20260821T114001,2026-08-21T11:40:01.305238+04:00
ITM-b756d71522aca3e1,930ab98a81012dd34c5e45377bf2d58cc2e33c37610c962a1660bacbbd134289,OBS-FR-OI-SIMPLE-SOURCING-8,3a5c386500cd53b1784bb548d0555e2c225bcf9a7d02cef1b6041a600b62190a,RUN-20260821T114001,2026-08-21T11:40:01.305238+04:00
ITM-b7ccfa4cc5840de5,a03dcea827b010e810418a444290dededf81a87445bb6ffed596546f0d9bce91,OBS-FR-OI-SIMPLE-SOURCING-8,3a5c386500cd53b1784bb548d0555e2c225bcf9a7d02cef1b6041a600b62190a,RUN-20260821T114001,2026-08-21T11:40:01.305238+04:00
ITM-b83d200b5df2be76,327c12432c825c1e20e6d155087a0bb08ddbe4f2bec87d207b85ee90c117258a,OBS-FR-OI-SIMPLE-SOURCING-8,3a5c386500cd53b1784bb548d0555e2c225bcf9a7d02cef1b6041a600b62190a,RUN-20260821T114001,2026-08-21T11:40:01.305238+04:00
ITM-b84cf8432daa801d,deec8a845a82cae147b081ece029a835b12206538a20357e818225b664e423ab,OBS-FR-OI-SIMPLE-SOURCING-8,3a5c386500cd53b1784bb548d0555e2c225bcf9a7d02cef1b6041a600b62190a,RUN-20260821T114001,2026-08-21T11:40:01.305238+04:00
ITM-b84e4685bfd4f8d2,b00155f76609b1c598c0161c95cb9402a24acd567c8686a9e6c761fc2ee63dfb,OBS-FR-OI-SIMPLE-SOURCING-8,3a5c386500cd53b1784bb548d0555e2c225bcf9a7d02cef1b6041a600b62190a,RUN-20260821T114001,2026-08-21T11:40:01.305238+04:00
ITM-b8abe8026abadbef,08c81274098104e0f7978afcbef293351e7b84b7695cf677dbb6ed4419071f1b,OBS-FR-OI-SIMPLE-SOURCING-8,3a5c386500cd53b1784bb548d0555e2c225bcf9a7d02cef1b6041a600b62190a,RUN-20260821T114001,2026-08-21T11:40:01.305238+04:00
ITM-b8f59e73458e855a,331449e486950110adc409b95992c92715e79b5f27c6c1062186c39a3e5612db,OBS-FR-OI-SIMPLE-SOURCING-8,3a5c386500cd53b1784bb548d0555e2c225bcf9a7d02cef1b6041a600b62190a,RUN-20260821T114001,2026-08-21T11:40:01.305238+04:00
ITM-b93a2aca2f972f30,bf6ba10fe1e50da4e519ad09043ba7f363c9813a3793c4832b720db8faff7796,OBS-FR-OI-SIMPLE-SOURCING-8,3a5c386500cd53b1784bb548d0555e2c225bcf9a7d02cef1b6041a600b62190a,RUN-20260821T114001,2026-08-21T11:40:01.305238+04:00
ITM-b98ae133209fb9f2,a6912e2266349e71bdc54ead9dce8c65696bde5fa069399f5a5e3d333994ab72,OBS-FR-OI-SIMPLE-SOURCING-8,3a5c386500cd53b1784bb548d0555e2c225bcf9a7d02cef1b6041a600b62190a,RUN-20260821T114001,2026-08-21T11:40:01.305238+04:00
ITM-b9d29b65529747b2,ca43e530417a3a648e2e6a8b3d12f0799ae5c83dad29c898b12b544e7e78cdf8,OBS-FR-OI-SIMPLE-SOURCING-8,3a5c386500cd53b1784bb548d0555e2c225bcf9a7d02cef1b6041a600b62190a,RUN-20260821T114001,2026-08-21T11:40:01.305238+04:00
ITM-b9d85bc9bae61ee5,05da3612632127f909a6d734713f828415856788f60153ff5f844da897fa53f8,OBS-FR-OI-SIMPLE-SOURCING-8,3a5c386500cd53b1784bb548d0555e2c225bcf9a7d02cef1b6041a600b62190a,RUN-20260821T114001,2026-08-21T11:40:01.305238+04:00
ITM-ba1f25b580e58fba,41d141d731fabd483bae2e07884d33d8989979b27df2701eaaf01fc69eb99a63,OBS-FR-OI-SIMPLE-SOURCING-8,3a5c386500cd53b1784bb548d0555e2c225bcf9a7d02cef1b6041a600b62190a,RUN-20260821T114001,2026-08-21T11:40:01.305238+04:00
ITM-ba8b77ddf30be74b,b35d4fafdfdef50f0bbd1cff54de152271544486183155c7e894b1e1c80fbd4f,OBS-FR-OI-SIMPLE-SOURCING-8,3a5c386500cd53b1784bb548d0555e2c225bcf9a7d02cef1b6041a600b62190a,RUN-20260821T114001,2026-08-21T11:40:01.305238+04:00
ITM-baa0fb47fe88a88f,c600df026708cd6995ab8c21321d4cba6446381426840bd85b870823cab0dbb2,OBS-FR-OI-SIMPLE-SOURCING-8,3a5c386500cd53b1784bb548d0555e2c225bcf9a7d02cef1b6041a600b62190a,RUN-20260821T114001,2026-08-21T11:40:01.305238+04:00
ITM-baae2bcc12b6b999,169e33c545d1d7536c32a5c59401a97d8e00b121094727351d74654875583dd7,OBS-FR-OI-SIMPLE-SOURCING-8,3a5c386500cd53b1784bb548d0555e2c225bcf9a7d02cef1b6041a600b62190a,RUN-20260821T114001,2026-08-21T11:40:01.305238+04:00
ITM-bb0576894f6aa30f,842ad3641801ca43d3a242c5d880301fc609edb348068fff7fd0f86f75a582fa,OBS-FR-OI-SIMPLE-SOURCING-8,3a5c386500cd53b1784bb548d0555e2c225bcf9a7d02cef1b6041a600b62190a,RUN-20260821T114001,2026-08-21T11:40:01.305238+04:00
ITM-bb13d17602511733,2eb6ec113dfe7334ba18142a4f4ee53edd0dcc923fc05e50e8cddd046ebac35d,OBS-FR-OI-SIMPLE-SOURCING-8,3a5c386500cd53b1784bb548d0555e2c225bcf9a7d02cef1b6041a600b62190a,RUN-20260821T114001,2026-08-21T11:40:01.305238+04:00
ITM-bb56377a9973ada2,e5b0764a947f10850138e418e141a10a0ad6d26fa372c5dccbaa166c07b71658,OBS-FR-OI-SIMPLE-SOURCING-8,3a5c386500cd53b1784bb548d0555e2c225bcf9a7d02cef1b6041a600b62190a,RUN-20260821T114001,2026-08-21T11:40:01.305238+04:00
ITM-bbb320037d561b6a,7b47ff5ae7045ce30b2c32fb2c0398c5e9b794d6819d5f02ed936794a47ed3fa,OBS-FR-OI-SIMPLE-SOURCING-8,3a5c386500cd53b1784bb548d0555e2c225bcf9a7d02cef1b6041a600b62190a,RUN-20260821T114001,2026-08-21T11:40:01.305238+04:00
ITM-bc4cd90ae231a88c,b44cea32cdf6645b231e0dcc97da8b6cb41dbfe3fa4a9cfa8338012ebd4db941,OBS-FR-OI-SIMPLE-SOURCING-8,3a5c386500cd53b1784bb548d0555e2c225bcf9a7d02cef1b6041a600b62190a,RUN-20260821T114001,2026-08-21T11:40:01.305238+04:00
ITM-bc6df761f7629ee0,d8d407427abaf1a2c0579980c4f8885f21b6e1cb5ebadf8cb61da4b57feb4e31,OBS-FR-OI-SIMPLE-SOURCING-8,3a5c386500cd53b1784bb548d0555e2c225bcf9a7d02cef1b6041a600b62190a,RUN-20260821T114001,2026-08-21T11:40:01.305238+04:00
ITM-bc8a73cd227f3239,fc2c38c51cd0ccd71399ea504a1a1f69e6e82c54b12724ca30032588bd7d5c25,OBS-FR-OI-SIMPLE-SOURCING-8,3a5c386500cd53b1784bb548d0555e2c225bcf9a7d02cef1b6041a600b62190a,RUN-20260821T114001,2026-08-21T11:40:01.305238+04:00
ITM-bc95baaaefb63a6f,eb67bb2ebad1a14ebb83a7286084ea3c97a0cfc198392857462c264c6f1d25b1,OBS-FR-OI-SIMPLE-SOURCING-8,3a5c386500cd53b1784bb548d0555e2c225bcf9a7d02cef1b6041a600b62190a,RUN-20260821T114001,2026-08-21T11:40:01.305238+04:00
ITM-bc9e362299d10a42,07a7fc2ad909733108a566019409064674e5df2ddddc721071e7acc815855ce2,OBS-FR-OI-SIMPLE-SOURCING-8,3a5c386500cd53b1784bb548d0555e2c225bcf9a7d02cef1b6041a600b62190a,RUN-20260821T114001,2026-08-21T11:40:01.305238+04:00
ITM-bd11c7e485a09175,ac6215622cd2eae9d5659f08a11988fe5f52da12951e21a77538ea767cc7b54b,OBS-FR-OI-SIMPLE-SOURCING-8,3a5c386500cd53b1784bb548d0555e2c225bcf9a7d02cef1b6041a600b62190a,RUN-20260821T114001,2026-08-21T11:40:01.305238+04:00
ITM-bd52dba21c00c966,178678c5247d7af2d0c363f8e0e94529a2a3c536703ae5d7b2ff82c2184f8ffd,OBS-FR-OI-SIMPLE-SOURCING-8,3a5c386500cd53b1784bb548d0555e2c225bcf9a7d02cef1b6041a600b62190a,RUN-20260821T114001,2026-08-21T11:40:01.305238+04:00
ITM-bd831565d9b32054,40097a91f868113fbe5e4d89024798edeb7244f0d872007658f2220bdda6797b,OBS-FR-OI-SIMPLE-SOURCING-8,3a5c386500cd53b1784bb548d0555e2c225bcf9a7d02cef1b6041a600b62190a,RUN-20260821T114001,2026-08-21T11:40:01.305238+04:00
ITM-bd9e3b1df8c48f96,0feed228e6422bd4a163f99e6f61c253fbc23955ddec8b6301bf65866fb3d203,OBS-FR-OI-SIMPLE-SOURCING-8,3a5c386500cd53b1784bb548d0555e2c225bcf9a7d02cef1b6041a600b62190a,RUN-20260821T114001,2026-08-21T11:40:01.305238+04:00
ITM-bdcc43d12bf37809,2b69db6f22e7cc292545c23e1290087c6b28113ad7318241ec233e9570ed4e67,OBS-FR-OI-SIMPLE-SOURCING-8,3a5c386500cd53b1784bb548d0555e2c225bcf9a7d02cef1b6041a600b62190a,RUN-20260821T114001,2026-08-21T11:40:01.305238+04:00
ITM-be38d1b0fe5af572,6d128917acc72f72669b6ff324c73a26a65384abb3a0caebd0ce0fd6fff0b9d5,OBS-FR-OI-SIMPLE-SOURCING-8,3a5c386500cd53b1784bb548d0555e2c225bcf9a7d02cef1b6041a600b62190a,RUN-20260821T114001,2026-08-21T11:40:01.305238+04:00
ITM-be84f4700e6a9051,cb3ccac4d4c80d01a9545fadafe620db0129d54341c13bd2e092ecca636a1ab3,OBS-FR-OI-SIMPLE-SOURCING-8,3a5c386500cd53b1784bb548d0555e2c225bcf9a7d02cef1b6041a600b62190a,RUN-20260821T114001,2026-08-21T11:40:01.305238+04:00
ITM-be911ee1e26ce916,520580a9a24644628f8dc2a603baa74f00dc2ace057d944b0e2af3cb6bb4be24,OBS-FR-OI-SIMPLE-SOURCING-8,3a5c386500cd53b1784bb548d0555e2c225bcf9a7d02cef1b6041a600b62190a,RUN-20260821T114001,2026-08-21T11:40:01.305238+04:00
ITM-bef54a4a3bb5c9a9,b4a4ceee0aeec678567e5ce336697205dc7a0a25cb32cc8317f89b144fffae42,OBS-FR-OI-SIMPLE-SOURCING-8,3a5c386500cd53b1784bb548d0555e2c225bcf9a7d02cef1b6041a600b62190a,RUN-20260821T114001,2026-08-21T11:40:01.305238+04:00
ITM-bf5c091ca84d0052,e53d463e5d62c35b193dfd5343c31ade0c76390067ff019b71500e2ac08f0998,OBS-FR-OI-SIMPLE-SOURCING-8,3a5c386500cd53b1784bb548d0555e2c225bcf9a7d02cef1b6041a600b62190a,RUN-20260821T114001,2026-08-21T11:40:01.305238+04:00
ITM-bf749ed5ff0d8336,09bb142ac184da30d79638ac1a7e441396c28db11d1f692a266dd93fd242e427,OBS-FR-OI-SIMPLE-SOURCING-8,3a5c386500cd53b1784bb548d0555e2c225bcf9a7d02cef1b6041a600b62190a,RUN-20260821T114001,2026-08-21T11:40:01.305238+04:00
ITM-bfc6a693480fb347,829a0af766d4eb5cb23da5bf736e061749f8be9bde3dccdd5285c89d7fb3f2bd,OBS-FR-OI-SIMPLE-SOURCING-8,3a5c386500cd53b1784bb548d0555e2c225bcf9a7d02cef1b6041a600b62190a,RUN-20260821T114001,2026-08-21T11:40:01.305238+04:00
ITM-bfd05428131d7138,e23613da091bb6a18a8119f9c87abac565fbe78a6e8aa340598486deec43f12e,OBS-FR-OI-SIMPLE-SOURCING-8,3a5c386500cd53b1784bb548d0555e2c225bcf9a7d02cef1b6041a600b62190a,RUN-20260821T114001,2026-08-21T11:40:01.305238+04:00
ITM-bfd8e6d2d0921066,193f9cbf558e48fe09f51aa65e5485e1c7bc65c28bfe057e285b106f4feb134a,OBS-FR-OI-SIMPLE-SOURCING-8,3a5c386500cd53b1784bb548d0555e2c225bcf9a7d02cef1b6041a600b62190a,RUN-20260821T114001,2026-08-21T11:40:01.305238+04:00
ITM-c0014f29d9b132d7,c7011cfe35d06b38ea25d8b15b40d8f2e7279f39059dd37eecbe7b60444d193b,OBS-FR-OI-SIMPLE-SOURCING-8,3a5c386500cd53b1784bb548d0555e2c225bcf9a7d02cef1b6041a600b62190a,RUN-20260821T114001,2026-08-21T11:40:01.305238+04:00
ITM-c05241ed01d8b313,55679d123391a16d4d01bc796330f1cc5033ae040fc2f28b0e09c91d1e184b3f,OBS-FR-OI-SIMPLE-SOURCING-8,3a5c386500cd53b1784bb548d0555e2c225bcf9a7d02cef1b6041a600b62190a,RUN-20260821T114001,2026-08-21T11:40:01.305238+04:00
ITM-c0642652474ead00,8f2d1a03ecda68c8abae5f19a0a567474fba180480762f8384453aea9ca55d49,OBS-FR-OI-SIMPLE-SOURCING-8,3a5c386500cd53b1784bb548d0555e2c225bcf9a7d02cef1b6041a600b62190a,RUN-20260821T114001,2026-08-21T11:40:01.305238+04:00
ITM-c0a596a3dca82a10,374484ad55d1f07e19f03f1c15beb6f7bef41b1075d51d8203dea04ce63f9303,OBS-FR-OI-SIMPLE-SOURCING-8,3a5c386500cd53b1784bb548d0555e2c225bcf9a7d02cef1b6041a600b62190a,RUN-20260821T114001,2026-08-21T11:40:01.305238+04:00
ITM-c0dd7d9d53fb5987,a2e5e2450b02026c5c49465c52fc77f21d11ee34f1e85c477c8dcdceb5ec4c51,OBS-FR-OI-SIMPLE-SOURCING-8,3a5c386500cd53b1784bb548d0555e2c225bcf9a7d02cef1b6041a600b62190a,RUN-20260821T114001,2026-08-21T11:40:01.305238+04:00
ITM-c1696804ee7c16b8,c1e62ef2ef3862038a0b414db9441534b0220dfde645491c9882fa5238642ff3,OBS-FR-OI-SIMPLE-SOURCING-8,3a5c386500cd53b1784bb548d0555e2c225bcf9a7d02cef1b6041a600b62190a,RUN-20260821T114001,2026-08-21T11:40:01.305238+04:00
ITM-c16e9eb6c929d646,49d7ac87ce32102993457678d688c34fc07c751cd3b51619876cb5289041764d,OBS-FR-OI-SIMPLE-SOURCING-8,3a5c386500cd53b1784bb548d0555e2c225bcf9a7d02cef1b6041a600b62190a,RUN-20260821T114001,2026-08-21T11:40:01.305238+04:00
ITM-c183629523269186,ff2ee05c7168d5e80478480ba8c12f26fcbc4829fc0326ebe032ac8ffc7bff52,OBS-FR-OI-SIMPLE-SOURCING-8,3a5c386500cd53b1784bb548d0555e2c225bcf9a7d02cef1b6041a600b62190a,RUN-20260821T114001,2026-08-21T11:40:01.305238+04:00
ITM-c1c803f9c97e7fc9,836895220af455309670253d623383682ecffb3a29331db3883f7e03e70af174,OBS-FR-OI-SIMPLE-SOURCING-8,3a5c386500cd53b1784bb548d0555e2c225bcf9a7d02cef1b6041a600b62190a,RUN-20260821T114001,2026-08-21T11:40:01.305238+04:00
ITM-c1d763ec6a8ad2e3,c918dbe5f9b65f56faad2b15bf87e1005a9dc8a0b28aaa9da399341951d7bc69,OBS-FR-OI-SIMPLE-SOURCING-8,3a5c386500cd53b1784bb548d0555e2c225bcf9a7d02cef1b6041a600b62190a,RUN-20260821T114001,2026-08-21T11:40:01.305238+04:00
ITM-c21731189ef7c509,ddaa61ecf1344208e9454f5bbb23732237389c3629273a1158926ba40bbd7711,OBS-FR-OI-SIMPLE-SOURCING-8,3a5c386500cd53b1784bb548d0555e2c225bcf9a7d02cef1b6041a600b62190a,RUN-20260821T114001,2026-08-21T11:40:01.305238+04:00
ITM-c24a41afa9a4ed45,be28fcf606f486daac51512cbd7fc560ffcbce2290467536e03de781d05ea536,OBS-FR-OI-SIMPLE-SOURCING-8,3a5c386500cd53b1784bb548d0555e2c225bcf9a7d02cef1b6041a600b62190a,RUN-20260821T114001,2026-08-21T11:40:01.305238+04:00
ITM-c2afda4adb1fae02,4d5b9391b19e2345847ec64154ec04c367d587d409d167ddff84cae7ae51a3bd,OBS-FR-OI-SIMPLE-SOURCING-8,3a5c386500cd53b1784bb548d0555e2c225bcf9a7d02cef1b6041a600b62190a,RUN-20260821T114001,2026-08-21T11:40:01.305238+04:00
ITM-c2ee72fcb6ba89cb,9515153649fdd63845ecf663c4ae7e6ecb9d044a9134b2c656aa14feba223e46,OBS-FR-OI-SIMPLE-SOURCING-8,3a5c386500cd53b1784bb548d0555e2c225bcf9a7d02cef1b6041a600b62190a,RUN-20260821T114001,2026-08-21T11:40:01.305238+04:00
ITM-c36adf82e2aed6a3,6fd80ae4b5b268a822e885c59cdbcd90f2fa0c0137a4d8c22114d7aaa3e7b460,OBS-FR-OI-SIMPLE-SOURCING-8,3a5c386500cd53b1784bb548d0555e2c225bcf9a7d02cef1b6041a600b62190a,RUN-20260821T114001,2026-08-21T11:40:01.305238+04:00
ITM-c36d17638bb274fd,2c272254ccf5f71d8e69c44461fd012e8df23de95bc66643c3683b6da4dc14cd,OBS-FR-OI-SIMPLE-SOURCING-8,3a5c386500cd53b1784bb548d0555e2c225bcf9a7d02cef1b6041a600b62190a,RUN-20260821T114001,2026-08-21T11:40:01.305238+04:00
ITM-c36f9e339fcef7c2,4727f6af4c22fb70e97137a1a82773a4848354b559f42989918eeb6886023cab,OBS-FR-OI-SIMPLE-SOURCING-8,3a5c386500cd53b1784bb548d0555e2c225bcf9a7d02cef1b6041a600b62190a,RUN-20260821T114001,2026-08-21T11:40:01.305238+04:00
ITM-c389af547863c329,715f770aed5ff7edc422853a46b15bec0fe6a83ed57b42989a47748ac4b0bd8a,OBS-FR-OI-SIMPLE-SOURCING-8,3a5c386500cd53b1784bb548d0555e2c225bcf9a7d02cef1b6041a600b62190a,RUN-20260821T114001,2026-08-21T11:40:01.305238+04:00
ITM-c3aec95bc556f24e,1889024ef187d07862be8d0f3708e0adc9d4ee7824970f20a3c7905d96e15417,OBS-FR-OI-SIMPLE-SOURCING-8,3a5c386500cd53b1784bb548d0555e2c225bcf9a7d02cef1b6041a600b62190a,RUN-20260821T114001,2026-08-21T11:40:01.305238+04:00
ITM-c3c7300aaf9ce1f3,aec5e7a36ee76c2d82b6d13a5957234a2dcf0b8e47ea3fa937b5f54baeaf7a76,OBS-FR-OI-SIMPLE-SOURCING-8,3a5c386500cd53b1784bb548d0555e2c225bcf9a7d02cef1b6041a600b62190a,RUN-20260821T114001,2026-08-21T11:40:01.305238+04:00
ITM-c3e189cc721c6fd7,927c81c63f05f5139f39573b5dc96b4bb3f5f3f4d7161eb38b609cd9a864bb68,OBS-FR-OI-SIMPLE-SOURCING-8,3a5c386500cd53b1784bb548d0555e2c225bcf9a7d02cef1b6041a600b62190a,RUN-20260821T114001,2026-08-21T11:40:01.305238+04:00
ITM-c44fd98342a51f6e,1bdfdd37d78ded186005d127697b4dd1e6f82f4aba8587e9f647ffc799a74bed,OBS-FR-OI-SIMPLE-SOURCING-8,3a5c386500cd53b1784bb548d0555e2c225bcf9a7d02cef1b6041a600b62190a,RUN-20260821T114001,2026-08-21T11:40:01.305238+04:00
ITM-c4b4c011082dd04b,8de6bb93d18ce6333a27fdb096bfaaa9c1ab8865c8a08942cebbaf3ece394696,OBS-FR-OI-SIMPLE-SOURCING-8,3a5c386500cd53b1784bb548d0555e2c225bcf9a7d02cef1b6041a600b62190a,RUN-20260821T114001,2026-08-21T11:40:01.305238+04:00
ITM-c507b969927dad37,1d03668425b909b41d2c0008b8f10618562779529685158d4f43ed327462afac,OBS-FR-OI-SIMPLE-SOURCING-8,3a5c386500cd53b1784bb548d0555e2c225bcf9a7d02cef1b6041a600b62190a,RUN-20260821T114001,2026-08-21T11:40:01.305238+04:00
ITM-c538f9c068d04c25,dca58e1a1ec62a019f0095f2d778fac20e4f2d2878dc2331e8da44417afa37ea,OBS-FR-OI-SIMPLE-SOURCING-8,3a5c386500cd53b1784bb548d0555e2c225bcf9a7d02cef1b6041a600b62190a,RUN-20260821T114001,2026-08-21T11:40:01.305238+04:00
ITM-c55ae9e6cb1ea980,b4a1c41dcfaf131ae7d56ffc75738fd1a08991ccd184e9b52d7a3198d2cb7905,OBS-FR-OI-SIMPLE-SOURCING-8,3a5c386500cd53b1784bb548d0555e2c225bcf9a7d02cef1b6041a600b62190a,RUN-20260821T114001,2026-08-21T11:40:01.305238+04:00
ITM-c5861529ddc6e2b8,8000bca367e64c99f6fe454f14046536582c3dfcc5c0eba635efd0b2558a4014,OBS-FR-OI-SIMPLE-SOURCING-8,3a5c386500cd53b1784bb548d0555e2c225bcf9a7d02cef1b6041a600b62190a,RUN-20260821T114001,2026-08-21T11:40:01.305238+04:00
ITM-c58f43838542b80e,b9938d7afe2b71d220e8226ab68ed5f70c532519bf07720532c4db7da4eae57b,OBS-FR-OI-SIMPLE-SOURCING-8,3a5c386500cd53b1784bb548d0555e2c225bcf9a7d02cef1b6041a600b62190a,RUN-20260821T114001,2026-08-21T11:40:01.305238+04:00
ITM-c5b1a45c1f6d719b,317b1d916415c7a5a18ee9a2b86f009a126ac5f158cb55805f68eb136b3a3bdc,OBS-FR-OI-SIMPLE-SOURCING-8,3a5c386500cd53b1784bb548d0555e2c225bcf9a7d02cef1b6041a600b62190a,RUN-20260821T114001,2026-08-21T11:40:01.305238+04:00
ITM-c5c173e47248dd47,7e20862670f496a50cb586d8ee0c7d1d15dc92064eb25ba752523dc14998b4bd,OBS-FR-OI-SIMPLE-SOURCING-8,3a5c386500cd53b1784bb548d0555e2c225bcf9a7d02cef1b6041a600b62190a,RUN-20260821T114001,2026-08-21T11:40:01.305238+04:00
ITM-c5d6e68764f9a13e,43d6d8a467c871da3d687c2f4dbf657f8e710e87bdff0cab352445c1f9912495,OBS-FR-OI-SIMPLE-SOURCING-8,3a5c386500cd53b1784bb548d0555e2c225bcf9a7d02cef1b6041a600b62190a,RUN-20260821T114001,2026-08-21T11:40:01.305238+04:00
ITM-c60c614239f45a5a,26bfac8a268784ac4ef4a63e425b518e96da5d06d5abf7aaef9b7de72dcaca07,OBS-FR-OI-SIMPLE-SOURCING-8,3a5c386500cd53b1784bb548d0555e2c225bcf9a7d02cef1b6041a600b62190a,RUN-20260821T114001,2026-08-21T11:40:01.305238+04:00
ITM-c621479dcef4906e,09a275079a8ebd732779455590a21ad59b9d155c8f77fe8cb2a909f3177bbab4,OBS-FR-OI-SIMPLE-SOURCING-8,3a5c386500cd53b1784bb548d0555e2c225bcf9a7d02cef1b6041a600b62190a,RUN-20260821T114001,2026-08-21T11:40:01.305238+04:00
ITM-c67b5d5ab01b9115,f9b4beb04b6db0ae5f274520c6ca9ab5c74f6613de3852f9a47ae8f64d014cc9,OBS-FR-OI-SIMPLE-SOURCING-8,3a5c386500cd53b1784bb548d0555e2c225bcf9a7d02cef1b6041a600b62190a,RUN-20260821T114001,2026-08-21T11:40:01.305238+04:00
ITM-c78e4e6f84e53d74,6235eb3b8a2bea4cf50506adac72860a4b149eb8be5125b0ae91d7c53f941005,OBS-FR-OI-SIMPLE-SOURCING-8,3a5c386500cd53b1784bb548d0555e2c225bcf9a7d02cef1b6041a600b62190a,RUN-20260821T114001,2026-08-21T11:40:01.305238+04:00
ITM-c7e78c27eef98f6c,06d54a876e5a45fbffd45667b47cfb2e04f85ffa647ea3f54a327fbd3adc5765,OBS-FR-OI-SIMPLE-SOURCING-8,3a5c386500cd53b1784bb548d0555e2c225bcf9a7d02cef1b6041a600b62190a,RUN-20260821T114001,2026-08-21T11:40:01.305238+04:00
ITM-c832da4cf95fd1f6,2f764be05bac116a633d6dc8ae89e2dc67c9dc3f217d760957ad68a199ca8ca0,OBS-FR-OI-SIMPLE-SOURCING-8,3a5c386500cd53b1784bb548d0555e2c225bcf9a7d02cef1b6041a600b62190a,RUN-20260821T114001,2026-08-21T11:40:01.305238+04:00
ITM-c842c5f7cd3989e3,87968b330fc6d47cdc0af10a2a3338df80bf334bb8932542a227b3938463ba78,OBS-FR-OI-SIMPLE-SOURCING-8,3a5c386500cd53b1784bb548d0555e2c225bcf9a7d02cef1b6041a600b62190a,RUN-20260821T114001,2026-08-21T11:40:01.305238+04:00
ITM-c85694f011094907,5011116b22ffbb200bc4fb5799d3ee873ddcc6f1cf19f9c53ee3f37234d0ca4a,OBS-FR-OI-SIMPLE-SOURCING-8,3a5c386500cd53b1784bb548d0555e2c225bcf9a7d02cef1b6041a600b62190a,RUN-20260821T114001,2026-08-21T11:40:01.305238+04:00
ITM-c9580edbb16db01d,664550adc8f228765667a013bc644503072ccdc0d76eeeff2a06f88889e5fe9d,OBS-FR-OI-SIMPLE-SOURCING-8,3a5c386500cd53b1784bb548d0555e2c225bcf9a7d02cef1b6041a600b62190a,RUN-20260821T114001,2026-08-21T11:40:01.305238+04:00
ITM-c98e62d20fec910a,a103262e2660f93a680fc97713825b5ab533bb47499f8c35b1fe7c28c3896bbe,OBS-FR-OI-SIMPLE-SOURCING-8,3a5c386500cd53b1784bb548d0555e2c225bcf9a7d02cef1b6041a600b62190a,RUN-20260821T114001,2026-08-21T11:40:01.305238+04:00
ITM-c9fed154f8e2461f,158e126ec57a8e5217b43a0955841d807cfb78eecff2bb53fd3575d67d503922,OBS-FR-OI-SIMPLE-SOURCING-8,3a5c386500cd53b1784bb548d0555e2c225bcf9a7d02cef1b6041a600b62190a,RUN-20260821T114001,2026-08-21T11:40:01.305238+04:00
ITM-ca067630b425e2dc,ccdedc78d23bc109b989b258691805f8553e3ccd782bfad4fe7bdb81d99903b5,OBS-FR-OI-SIMPLE-SOURCING-8,3a5c386500cd53b1784bb548d0555e2c225bcf9a7d02cef1b6041a600b62190a,RUN-20260821T114001,2026-08-21T11:40:01.305238+04:00
ITM-ca7f0a3243815e6c,5d83b2aec94a4f2368285d837a42636d90520ca09267bb3aba3500e7f2ea1fcf,OBS-FR-OI-SIMPLE-SOURCING-8,3a5c386500cd53b1784bb548d0555e2c225bcf9a7d02cef1b6041a600b62190a,RUN-20260821T114001,2026-08-21T11:40:01.305238+04:00
ITM-ca8b03dfc8c45eeb,8ff5bfe642bc447b1d2759bf467b39897291869a6b0c25f8a05290459ccbf5da,OBS-FR-OI-SIMPLE-SOURCING-8,3a5c386500cd53b1784bb548d0555e2c225bcf9a7d02cef1b6041a600b62190a,RUN-20260821T114001,2026-08-21T11:40:01.305238+04:00
ITM-ca9ac8b47f4a0789,13cf58a1496a442def3cc265e31b7cfb6606e21bfefb9be740d67b6ec68f0251,OBS-FR-OI-SIMPLE-SOURCING-8,3a5c386500cd53b1784bb548d0555e2c225bcf9a7d02cef1b6041a600b62190a,RUN-20260821T114001,2026-08-21T11:40:01.305238+04:00
ITM-caeb675602bbf77f,7bb151adf2f64d79c16285f848a1b0fa574d843083409286e6d32eee90bcba7e,OBS-FR-OI-SIMPLE-SOURCING-8,3a5c386500cd53b1784bb548d0555e2c225bcf9a7d02cef1b6041a600b62190a,RUN-20260821T114001,2026-08-21T11:40:01.305238+04:00
ITM-cb125fc4a05c20db,a2e725d7e2f1ace03ea5317d8fa574a586ce19486691a700ad5b333b78adf2df,OBS-FR-OI-SIMPLE-SOURCING-8,3a5c386500cd53b1784bb548d0555e2c225bcf9a7d02cef1b6041a600b62190a,RUN-20260821T114001,2026-08-21T11:40:01.305238+04:00
ITM-cb88c9b2a409830f,427813b641d4cbe47eedc54abd5e32304f0c42cf8b3295dc61e0a62b1cf9ac9a,OBS-FR-OI-SIMPLE-SOURCING-8,3a5c386500cd53b1784bb548d0555e2c225bcf9a7d02cef1b6041a600b62190a,RUN-20260821T114001,2026-08-21T11:40:01.305238+04:00
ITM-cb938c2a8dfa6eb0,433b20d159b7b897859404eef87e719759cdd5aad3d73e0c39a252a1a1feef36,OBS-FR-OI-SIMPLE-SOURCING-8,3a5c386500cd53b1784bb548d0555e2c225bcf9a7d02cef1b6041a600b62190a,RUN-20260821T114001,2026-08-21T11:40:01.305238+04:00
ITM-cccbb065e9daf7f6,94377116caa362dcc5dab266b0283b78a6b488bef5e0c1a7cf66054aec1ff72b,OBS-FR-OI-SIMPLE-SOURCING-8,3a5c386500cd53b1784bb548d0555e2c225bcf9a7d02cef1b6041a600b62190a,RUN-20260821T114001,2026-08-21T11:40:01.305238+04:00
ITM-ccd403e172173939,ccb51ef292637da7216aecbcb79e9d20821f874ccacb2b2ad262f00b97c95f6e,OBS-FR-OI-SIMPLE-SOURCING-8,3a5c386500cd53b1784bb548d0555e2c225bcf9a7d02cef1b6041a600b62190a,RUN-20260821T114001,2026-08-21T11:40:01.305238+04:00
ITM-ccf5491ab2cd980d,541935c95f91729ee6190eec698ff2d01b10fcc64789d99e135a4a29ed2ac1aa,OBS-FR-OI-SIMPLE-SOURCING-8,3a5c386500cd53b1784bb548d0555e2c225bcf9a7d02cef1b6041a600b62190a,RUN-20260821T114001,2026-08-21T11:40:01.305238+04:00
ITM-cd30e9a8b647f4f9,2837f6685a30209f37c21c39472e55a802535375e0fc764e636f8fcb74880625,OBS-FR-OI-SIMPLE-SOURCING-8,3a5c386500cd53b1784bb548d0555e2c225bcf9a7d02cef1b6041a600b62190a,RUN-20260821T114001,2026-08-21T11:40:01.305238+04:00
ITM-cd6e9a635bc24784,44112bd22e9140aef7c362bedac85167e581d6188f61041868b78a6668eb3c64,OBS-FR-OI-SIMPLE-SOURCING-8,3a5c386500cd53b1784bb548d0555e2c225bcf9a7d02cef1b6041a600b62190a,RUN-20260821T114001,2026-08-21T11:40:01.305238+04:00
ITM-cd8749b027c1c9f4,6df6c6abde10f5f203233f36eb3891cafb160cd34ffd055808fe28e2a3832069,OBS-FR-OI-SIMPLE-SOURCING-8,3a5c386500cd53b1784bb548d0555e2c225bcf9a7d02cef1b6041a600b62190a,RUN-20260821T114001,2026-08-21T11:40:01.305238+04:00
ITM-cd88c1584e907ee6,3b0d7a2bef3288ad55dff0854f10fc2136445916a7c53769033356bebb8334f1,OBS-FR-OI-SIMPLE-SOURCING-8,3a5c386500cd53b1784bb548d0555e2c225bcf9a7d02cef1b6041a600b62190a,RUN-20260821T114001,2026-08-21T11:40:01.305238+04:00
ITM-cdd54044e6c334cc,03653fb892a516b183d32161d5777de4b905ff13a107317878d8f0de7f2883ce,OBS-FR-OI-SIMPLE-SOURCING-8,3a5c386500cd53b1784bb548d0555e2c225bcf9a7d02cef1b6041a600b62190a,RUN-20260821T114001,2026-08-21T11:40:01.305238+04:00
ITM-ce18df22a525e6e8,411ada75e32a900a9f71ba7559a41b1d245789b14a08c00bf367f9a1984f6afb,OBS-FR-OI-SIMPLE-SOURCING-8,3a5c386500cd53b1784bb548d0555e2c225bcf9a7d02cef1b6041a600b62190a,RUN-20260821T114001,2026-08-21T11:40:01.305238+04:00
ITM-ce1fc2e7b68d61d9,8f5112ecb92a4b6cc610bf86fcbd9ccbf944e83ff68e3503cd0312e6521a6dc9,OBS-FR-OI-SIMPLE-SOURCING-8,3a5c386500cd53b1784bb548d0555e2c225bcf9a7d02cef1b6041a600b62190a,RUN-20260821T114001,2026-08-21T11:40:01.305238+04:00
ITM-ce24145b3039bbc0,ee0901cc18ab11ee7bbc502ee054bbe6fb7ea6ecb440086976d7fafbabb0a504,OBS-FR-OI-SIMPLE-SOURCING-8,3a5c386500cd53b1784bb548d0555e2c225bcf9a7d02cef1b6041a600b62190a,RUN-20260821T114001,2026-08-21T11:40:01.305238+04:00
ITM-ce51e4cd76737af7,a641ca8ba3684159fba420c433c00bd8d44d06d5d15db9ecbcf8dcfe7944d9e8,OBS-FR-OI-SIMPLE-SOURCING-8,3a5c386500cd53b1784bb548d0555e2c225bcf9a7d02cef1b6041a600b62190a,RUN-20260821T114001,2026-08-21T11:40:01.305238+04:00
ITM-ce752a744dba5618,9a4d7361515a65dfbddf4ace34ec6cb600a145d8866342b2ab69e30b38a10c75,OBS-FR-OI-SIMPLE-SOURCING-8,3a5c386500cd53b1784bb548d0555e2c225bcf9a7d02cef1b6041a600b62190a,RUN-20260821T114001,2026-08-21T11:40:01.305238+04:00
ITM-ce8ac7a39d01a15a,f1269dcdc53d4471900ba4a2a745e33a1266377eb5ff894926a81859166153cd,OBS-FR-OI-SIMPLE-SOURCING-8,3a5c386500cd53b1784bb548d0555e2c225bcf9a7d02cef1b6041a600b62190a,RUN-20260821T114001,2026-08-21T11:40:01.305238+04:00
ITM-ce8f85e1f54ddb77,07fc759e731b529bfc60117ecf8e97aacdc9ebe1dfea7be7a893f50912fdf499,OBS-FR-OI-SIMPLE-SOURCING-8,3a5c386500cd53b1784bb548d0555e2c225bcf9a7d02cef1b6041a600b62190a,RUN-20260821T114001,2026-08-21T11:40:01.305238+04:00
ITM-ceb260515060909c,ce4c8c47521a0856dbf6db06decd37c731d77f5b36acd6eb67818be56201f00c,OBS-FR-OI-SIMPLE-SOURCING-8,3a5c386500cd53b1784bb548d0555e2c225bcf9a7d02cef1b6041a600b62190a,RUN-20260821T114001,2026-08-21T11:40:01.305238+04:00
ITM-ceb889fb3480c817,52da1a294722adda2a865e83e77cb78c11355aeb9a9dc2ff5f379b2c91e0f735,OBS-FR-OI-SIMPLE-SOURCING-8,3a5c386500cd53b1784bb548d0555e2c225bcf9a7d02cef1b6041a600b62190a,RUN-20260821T114001,2026-08-21T11:40:01.305238+04:00
ITM-cecbb98655e18daf,59ece0d9232f65b37da6a31966ffe01e80ee7c8f6a33252888b5833a83328e4d,OBS-FR-OI-SIMPLE-SOURCING-8,3a5c386500cd53b1784bb548d0555e2c225bcf9a7d02cef1b6041a600b62190a,RUN-20260821T114001,2026-08-21T11:40:01.305238+04:00
ITM-cef674ff9773f734,f7b6db004ea0a01392a6a5350f56419f1240f1dfb13c63c99cf482c65ae2c3d4,OBS-FR-OI-SIMPLE-SOURCING-8,3a5c386500cd53b1784bb548d0555e2c225bcf9a7d02cef1b6041a600b62190a,RUN-20260821T114001,2026-08-21T11:40:01.305238+04:00
ITM-cf02526a534d66c5,e409fd39a621bfb1064c87f799cc11600843659a7169f96f765bf3627f8c177d,OBS-FR-OI-SIMPLE-SOURCING-8,3a5c386500cd53b1784bb548d0555e2c225bcf9a7d02cef1b6041a600b62190a,RUN-20260821T114001,2026-08-21T11:40:01.305238+04:00
ITM-cf04b1c55e5b841a,c7e0764d8b37edb1634e3b0b5e2158ce77df336459050a2170e16518444fed8a,OBS-FR-OI-SIMPLE-SOURCING-8,3a5c386500cd53b1784bb548d0555e2c225bcf9a7d02cef1b6041a600b62190a,RUN-20260821T114001,2026-08-21T11:40:01.305238+04:00
ITM-cf1ac71d277f667b,6a88a347ab0d7310c44996cf995568ae1c7f435ae30b7e0c37e4e6cda35ac4e8,OBS-FR-OI-SIMPLE-SOURCING-8,3a5c386500cd53b1784bb548d0555e2c225bcf9a7d02cef1b6041a600b62190a,RUN-20260821T114001,2026-08-21T11:40:01.305238+04:00
ITM-cf6e1c9d4ed6b8a4,ba5dc16b2c9a8b365b4db8fa834f3989872a515fe1a2b1e82bf3869dc16725e7,OBS-FR-OI-SIMPLE-SOURCING-8,3a5c386500cd53b1784bb548d0555e2c225bcf9a7d02cef1b6041a600b62190a,RUN-20260821T114001,2026-08-21T11:40:01.305238+04:00
ITM-cf71d3eb1d53642b,63721d9c8c9893dd51c8d96b1c1cb1d78cdf82471c49c79fcaf1b35298a258df,OBS-FR-OI-SIMPLE-SOURCING-8,3a5c386500cd53b1784bb548d0555e2c225bcf9a7d02cef1b6041a600b62190a,RUN-20260821T114001,2026-08-21T11:40:01.305238+04:00
ITM-cfef6105a170d038,a8a2f41d4c78f8b7f98fb5aced99d0892c12bbb26b092e8e650d0f76a653d660,OBS-FR-OI-SIMPLE-SOURCING-8,3a5c386500cd53b1784bb548d0555e2c225bcf9a7d02cef1b6041a600b62190a,RUN-20260821T114001,2026-08-21T11:40:01.305238+04:00
ITM-cffdf16cf3a079cd,3679efdbaeb10d5c74a475d1f262b3e1a012530d898ff8c72458329a00b66f8d,OBS-FR-OI-SIMPLE-SOURCING-8,3a5c386500cd53b1784bb548d0555e2c225bcf9a7d02cef1b6041a600b62190a,RUN-20260821T114001,2026-08-21T11:40:01.305238+04:00
ITM-d08086f886b642e8,624a81d5f2431d486cf8ac2a8df1b79c4b0d9b6c90422674bd09997c4c0089f7,OBS-FR-OI-SIMPLE-SOURCING-8,3a5c386500cd53b1784bb548d0555e2c225bcf9a7d02cef1b6041a600b62190a,RUN-20260821T114001,2026-08-21T11:40:01.305238+04:00
ITM-d0bae6afaee7a926,c747cc4b1debf62e625ca39ead2b06c4568b69d4a2e6307a3f4d5e15591f0cdc,OBS-FR-OI-SIMPLE-SOURCING-8,3a5c386500cd53b1784bb548d0555e2c225bcf9a7d02cef1b6041a600b62190a,RUN-20260821T114001,2026-08-21T11:40:01.305238+04:00
ITM-d0c4e4e46300d8ab,e447c1118466609f47bae0669e4308f09f205b1de0ea499690ee1888c259717d,OBS-FR-OI-SIMPLE-SOURCING-8,3a5c386500cd53b1784bb548d0555e2c225bcf9a7d02cef1b6041a600b62190a,RUN-20260821T114001,2026-08-21T11:40:01.305238+04:00
ITM-d0f4301554d6490e,42651e755dbe7b9f0f8f8ae6ef358a2ce20a327c0f6a8d3bb6c76fead27e909a,OBS-FR-OI-SIMPLE-SOURCING-8,3a5c386500cd53b1784bb548d0555e2c225bcf9a7d02cef1b6041a600b62190a,RUN-20260821T114001,2026-08-21T11:40:01.305238+04:00
ITM-d1faa0e5ff8862b0,17c960c4f39cd77c5658a118675f1ca9f3a8bde48d0c9008416d1ab9f85e4c06,OBS-FR-OI-SIMPLE-SOURCING-8,3a5c386500cd53b1784bb548d0555e2c225bcf9a7d02cef1b6041a600b62190a,RUN-20260821T114001,2026-08-21T11:40:01.305238+04:00
ITM-d250833332bab181,35c2e11d21d2316c378ef822ce3aaa34b5e2b086a1b3601a2a1e7a8d786ee99a,OBS-FR-OI-SIMPLE-SOURCING-8,3a5c386500cd53b1784bb548d0555e2c225bcf9a7d02cef1b6041a600b62190a,RUN-20260821T114001,2026-08-21T11:40:01.305238+04:00
ITM-d2628fb1acb04f88,e6221eda85df6a24c018a0c675df87e2677d983819190deca220413da1dba9e6,OBS-FR-OI-SIMPLE-SOURCING-8,3a5c386500cd53b1784bb548d0555e2c225bcf9a7d02cef1b6041a600b62190a,RUN-20260821T114001,2026-08-21T11:40:01.305238+04:00
ITM-d26dae0072b444e8,e941fe3bb60af923f01941ee0f166c83b76b8752627bced2ad6af440b4f556b0,OBS-FR-OI-SIMPLE-SOURCING-8,3a5c386500cd53b1784bb548d0555e2c225bcf9a7d02cef1b6041a600b62190a,RUN-20260821T114001,2026-08-21T11:40:01.305238+04:00
ITM-d28051fafeac1245,f8593bffa7ea80bb55d57ce709bdbeb71bf25aab922961e99d47a577d4ad0829,OBS-FR-OI-SIMPLE-SOURCING-8,3a5c386500cd53b1784bb548d0555e2c225bcf9a7d02cef1b6041a600b62190a,RUN-20260821T114001,2026-08-21T11:40:01.305238+04:00
ITM-d2d1dcd7fa40be8e,67bf7ab6a84c852939a1cddce8d1d35cc73af5d0d2dfdc0ee54948f45db26f0a,OBS-FR-OI-SIMPLE-SOURCING-8,3a5c386500cd53b1784bb548d0555e2c225bcf9a7d02cef1b6041a600b62190a,RUN-20260821T114001,2026-08-21T11:40:01.305238+04:00
ITM-d321a147e33b0576,db05ec83a9586ed2bb4627521b094552960b8c254b37c690f2d75125ee5639c5,OBS-FR-OI-SIMPLE-SOURCING-8,3a5c386500cd53b1784bb548d0555e2c225bcf9a7d02cef1b6041a600b62190a,RUN-20260821T114001,2026-08-21T11:40:01.305238+04:00
ITM-d36badbf794e3abd,c52fb19dab91aab7b8272cf6f850d5e9f937eef9aa157bcfeb865dd31bccba06,OBS-FR-OI-SIMPLE-SOURCING-8,3a5c386500cd53b1784bb548d0555e2c225bcf9a7d02cef1b6041a600b62190a,RUN-20260821T114001,2026-08-21T11:40:01.305238+04:00
ITM-d36bcd540023748b,72d6904b114432df401790b5e93a42e52594907048a7e56bed697a1d89da1994,OBS-FR-OI-SIMPLE-SOURCING-8,3a5c386500cd53b1784bb548d0555e2c225bcf9a7d02cef1b6041a600b62190a,RUN-20260821T114001,2026-08-21T11:40:01.305238+04:00
ITM-d3a051b6eea96d4f,05346e6df00fb2624ba9c2732cbe5bdaef89a44c309eb0c4ac954b2bc3e1482a,OBS-FR-OI-SIMPLE-SOURCING-8,3a5c386500cd53b1784bb548d0555e2c225bcf9a7d02cef1b6041a600b62190a,RUN-20260821T114001,2026-08-21T11:40:01.305238+04:00
ITM-d3f714f5383f6a9d,549c7c895cbe8b215488404eb4056c9d32640961b43a02e1c1d76a97d13043c0,OBS-FR-OI-SIMPLE-SOURCING-8,3a5c386500cd53b1784bb548d0555e2c225bcf9a7d02cef1b6041a600b62190a,RUN-20260821T114001,2026-08-21T11:40:01.305238+04:00
ITM-d46bf80844cdff78,bc308ad84010c47d6c1c8561e66bc176931f955abf641d2bd3974933927fafc0,OBS-FR-OI-SIMPLE-SOURCING-8,3a5c386500cd53b1784bb548d0555e2c225bcf9a7d02cef1b6041a600b62190a,RUN-20260821T114001,2026-08-21T11:40:01.305238+04:00
ITM-d48c60eacc212e96,e5428ffc20cba6a3164391beb9eefe8b50652a3815e2cfd6326b2ab011fd7aca,OBS-FR-OI-SIMPLE-SOURCING-8,3a5c386500cd53b1784bb548d0555e2c225bcf9a7d02cef1b6041a600b62190a,RUN-20260821T114001,2026-08-21T11:40:01.305238+04:00
ITM-d48f00fd5761f252,1f341a5ae83239e6416a22c19a5ac539b1f1736b79d9abc51649f941e17e4402,OBS-FR-OI-SIMPLE-SOURCING-8,3a5c386500cd53b1784bb548d0555e2c225bcf9a7d02cef1b6041a600b62190a,RUN-20260821T114001,2026-08-21T11:40:01.305238+04:00
ITM-d4b8d8befcf5dab4,b8494415c9eee0db040a130f429c5dc1cc224b93bf1b790916e4055ee78f4cf9,OBS-FR-OI-SIMPLE-SOURCING-8,3a5c386500cd53b1784bb548d0555e2c225bcf9a7d02cef1b6041a600b62190a,RUN-20260821T114001,2026-08-21T11:40:01.305238+04:00
ITM-d4f6befb84bab55c,c0671b5d4b0ef51bac230bf2bcedb4344e1886c9d36aa49ba884a5a90dffd9ec,OBS-FR-OI-SIMPLE-SOURCING-8,3a5c386500cd53b1784bb548d0555e2c225bcf9a7d02cef1b6041a600b62190a,RUN-20260821T114001,2026-08-21T11:40:01.305238+04:00
ITM-d54fc0e27ec1d10d,00248df1c1d4ef2208b58b0174dc49c5dc707f3c089fe69d142a57ffe5fa328f,OBS-FR-OI-SIMPLE-SOURCING-8,3a5c386500cd53b1784bb548d0555e2c225bcf9a7d02cef1b6041a600b62190a,RUN-20260821T114001,2026-08-21T11:40:01.305238+04:00
ITM-d56d0476ec3ac7a7,081bcd556b7d6d4328885403bb468b9cc23b30b7bc89deeca6c0485389572153,OBS-FR-OI-SIMPLE-SOURCING-8,3a5c386500cd53b1784bb548d0555e2c225bcf9a7d02cef1b6041a600b62190a,RUN-20260821T114001,2026-08-21T11:40:01.305238+04:00
ITM-d5db638faf36933a,6447ce1049c74246a00d94b241fa30a2aec493e94770769216d2741ce17e4c03,OBS-FR-OI-SIMPLE-SOURCING-8,3a5c386500cd53b1784bb548d0555e2c225bcf9a7d02cef1b6041a600b62190a,RUN-20260821T114001,2026-08-21T11:40:01.305238+04:00
ITM-d6ecd9f9ba150106,e2ebdc5f06e1b2cb30bd09281b0523360f6dd5648ba14daa7870c5645e774454,OBS-FR-OI-SIMPLE-SOURCING-8,3a5c386500cd53b1784bb548d0555e2c225bcf9a7d02cef1b6041a600b62190a,RUN-20260821T114001,2026-08-21T11:40:01.305238+04:00
ITM-d707eb7f81a94033,0657f2e5b9fbe6fd3129accab1953602abd72faf319d8e41ec6fe55ba169e886,OBS-FR-OI-SIMPLE-SOURCING-8,3a5c386500cd53b1784bb548d0555e2c225bcf9a7d02cef1b6041a600b62190a,RUN-20260821T114001,2026-08-21T11:40:01.305238+04:00
ITM-d79b2e288ccad695,4374480772dfec753b0f3e51c06cd8c8d6e837b5338f4e28d2ea5a09a50a97e1,OBS-FR-OI-SIMPLE-SOURCING-8,3a5c386500cd53b1784bb548d0555e2c225bcf9a7d02cef1b6041a600b62190a,RUN-20260821T114001,2026-08-21T11:40:01.305238+04:00
ITM-d8ba9b5d6def84c8,4a71758dc676144d504b23230c6bef4c6d63e4fa7f1347d8fd5b15f1ca8377a4,OBS-FR-OI-SIMPLE-SOURCING-8,3a5c386500cd53b1784bb548d0555e2c225bcf9a7d02cef1b6041a600b62190a,RUN-20260821T114001,2026-08-21T11:40:01.305238+04:00
ITM-d9036779f1243d29,0c188a7e0e8f07a7292426477c780f9b5bfefd6e05d3bd03bdeb85525362c95c,OBS-FR-OI-SIMPLE-SOURCING-8,3a5c386500cd53b1784bb548d0555e2c225bcf9a7d02cef1b6041a600b62190a,RUN-20260821T114001,2026-08-21T11:40:01.305238+04:00
ITM-d90ed50c38bf2e83,04c77f6b41dbe4341efbd9a79e2d404cb551c04ea23d986910574cdbf02d07c2,OBS-FR-OI-SIMPLE-SOURCING-8,3a5c386500cd53b1784bb548d0555e2c225bcf9a7d02cef1b6041a600b62190a,RUN-20260821T114001,2026-08-21T11:40:01.305238+04:00
ITM-d92a29351eac188e,af1121d761e7dc6d9eb238a510bfa8460383530fe072302f64a85ad8e33aa8c6,OBS-FR-OI-SIMPLE-SOURCING-8,3a5c386500cd53b1784bb548d0555e2c225bcf9a7d02cef1b6041a600b62190a,RUN-20260821T114001,2026-08-21T11:40:01.305238+04:00
ITM-d9c18e353c35018d,548f2567b6d612b2f72f3b9ac150813ca36837fcea22fc4e011e48f082d6882d,OBS-FR-OI-SIMPLE-SOURCING-8,3a5c386500cd53b1784bb548d0555e2c225bcf9a7d02cef1b6041a600b62190a,RUN-20260821T114001,2026-08-21T11:40:01.305238+04:00
ITM-d9c45b306e69a075,9f7b75c8c7a93bc576e301fdd7983fcb8a31669bbb1d8d419c0f289d39055f32,OBS-FR-OI-SIMPLE-SOURCING-8,3a5c386500cd53b1784bb548d0555e2c225bcf9a7d02cef1b6041a600b62190a,RUN-20260821T114001,2026-08-21T11:40:01.305238+04:00
ITM-d9c8dfb18c969bad,eeb4846e9a476fb99742ee94174093e79872519ee3e4eeffdca629015ace7caa,OBS-FR-OI-SIMPLE-SOURCING-8,3a5c386500cd53b1784bb548d0555e2c225bcf9a7d02cef1b6041a600b62190a,RUN-20260821T114001,2026-08-21T11:40:01.305238+04:00
ITM-da20f43d56acb923,d3d7edfb176dae4ce8f16c18897146e5e639b4c5cb7afa007a4128ecd1439249,OBS-FR-OI-SIMPLE-SOURCING-8,3a5c386500cd53b1784bb548d0555e2c225bcf9a7d02cef1b6041a600b62190a,RUN-20260821T114001,2026-08-21T11:40:01.305238+04:00
ITM-da65095059dde805,6a06328cfdd20c8bf14e7fdc47343fef89284b2165d6e26d0f20c3a30accbcec,OBS-FR-OI-SIMPLE-SOURCING-8,3a5c386500cd53b1784bb548d0555e2c225bcf9a7d02cef1b6041a600b62190a,RUN-20260821T114001,2026-08-21T11:40:01.305238+04:00
ITM-daa5601bbbb0992e,50de394b852bf458f0192961563bb506261aaaa6ac0e928cb9b6d3c21a012f64,OBS-FR-OI-SIMPLE-SOURCING-8,3a5c386500cd53b1784bb548d0555e2c225bcf9a7d02cef1b6041a600b62190a,RUN-20260821T114001,2026-08-21T11:40:01.305238+04:00
ITM-daafad699c7f4ba6,704e6893e55b7ae858a1e2ffaf56ceb6f81b3b9ccd39ab852e342f31231bfb30,OBS-FR-OI-SIMPLE-SOURCING-8,3a5c386500cd53b1784bb548d0555e2c225bcf9a7d02cef1b6041a600b62190a,RUN-20260821T114001,2026-08-21T11:40:01.305238+04:00
ITM-db1c7683e7d5adcf,5f859ddf4c06ef1879da21ac71d3e6061c69a91096525402bb595d0f9686725c,OBS-FR-OI-SIMPLE-SOURCING-8,3a5c386500cd53b1784bb548d0555e2c225bcf9a7d02cef1b6041a600b62190a,RUN-20260821T114001,2026-08-21T11:40:01.305238+04:00
ITM-db3fb4d70a9e9420,0a2cdc285108903aaf47d8db383caaae336ba4668a787f2d2f93b927ba0f9fb3,OBS-FR-OI-SIMPLE-SOURCING-8,3a5c386500cd53b1784bb548d0555e2c225bcf9a7d02cef1b6041a600b62190a,RUN-20260821T114001,2026-08-21T11:40:01.305238+04:00
ITM-db9de15bc7305d8c,59e604f50ba245bd12f38460d8a486d60bad7751d7bae764b9a9b80a06038db1,OBS-FR-OI-SIMPLE-SOURCING-8,3a5c386500cd53b1784bb548d0555e2c225bcf9a7d02cef1b6041a600b62190a,RUN-20260821T114001,2026-08-21T11:40:01.305238+04:00
ITM-dbecc401ef077e30,3fed2395d4d7442d4f383bd3b6f3b0c3f0d205e1ddfc44f4569fd2c52012f64e,OBS-FR-OI-SIMPLE-SOURCING-8,3a5c386500cd53b1784bb548d0555e2c225bcf9a7d02cef1b6041a600b62190a,RUN-20260821T114001,2026-08-21T11:40:01.305238+04:00
ITM-dc99a45cd3cc8dc9,08e13a580589c25360e5ddf906b45bac2b49362c62bbc30723b3916cbe7eb272,OBS-FR-OI-SIMPLE-SOURCING-8,3a5c386500cd53b1784bb548d0555e2c225bcf9a7d02cef1b6041a600b62190a,RUN-20260821T114001,2026-08-21T11:40:01.305238+04:00
ITM-dceb480e3f667864,ec6d1bf7341cd17fc687c11190fd9e2735efc5e738a581bd59802412bcbcd7db,OBS-FR-OI-SIMPLE-SOURCING-8,3a5c386500cd53b1784bb548d0555e2c225bcf9a7d02cef1b6041a600b62190a,RUN-20260821T114001,2026-08-21T11:40:01.305238+04:00
ITM-dd04a574a5fed5b5,f60a86470787728c4771fed5579c9e73a0b0e4071371d441e50cdbe5f4cd7503,OBS-FR-OI-SIMPLE-SOURCING-8,3a5c386500cd53b1784bb548d0555e2c225bcf9a7d02cef1b6041a600b62190a,RUN-20260821T114001,2026-08-21T11:40:01.305238+04:00
ITM-dd1b11bea76761ed,67a91699441ba3a4ec569f50fc91395601e91e1dea305d781a4dabdbda30f87b,OBS-FR-OI-SIMPLE-SOURCING-8,3a5c386500cd53b1784bb548d0555e2c225bcf9a7d02cef1b6041a600b62190a,RUN-20260821T114001,2026-08-21T11:40:01.305238+04:00
ITM-de1f73fdbc485674,39549d6e70f8a08fb9bb5b0ae0a26c1937653d13286b01cea1c55a787abdb6e5,OBS-FR-OI-SIMPLE-SOURCING-8,3a5c386500cd53b1784bb548d0555e2c225bcf9a7d02cef1b6041a600b62190a,RUN-20260821T114001,2026-08-21T11:40:01.305238+04:00
ITM-de440affbe4cb903,23c92be70e903e444f4d161a48de1cbf4a4bc983a9dad8cf764b51ea5c3f3176,OBS-FR-OI-SIMPLE-SOURCING-8,3a5c386500cd53b1784bb548d0555e2c225bcf9a7d02cef1b6041a600b62190a,RUN-20260821T114001,2026-08-21T11:40:01.305238+04:00
ITM-de4a16c42534db9f,3192d70999a850fed5e4e3fd7bdf0535e068024d70860f124c08a17c88679fc4,OBS-FR-OI-SIMPLE-SOURCING-8,3a5c386500cd53b1784bb548d0555e2c225bcf9a7d02cef1b6041a600b62190a,RUN-20260821T114001,2026-08-21T11:40:01.305238+04:00
ITM-de5dcdc7b1e03317,aca56b607ce661e069c92eef6fefa0b190b885f7cb3614cb6ba06179838f8305,OBS-FR-OI-SIMPLE-SOURCING-8,3a5c386500cd53b1784bb548d0555e2c225bcf9a7d02cef1b6041a600b62190a,RUN-20260821T114001,2026-08-21T11:40:01.305238+04:00
ITM-de9603758ed63e2b,591e8eb35ea83c6b53c6a0ebe897b78510aabc7cb82d8a58e9b4a2dac00070dc,OBS-FR-OI-SIMPLE-SOURCING-8,3a5c386500cd53b1784bb548d0555e2c225bcf9a7d02cef1b6041a600b62190a,RUN-20260821T114001,2026-08-21T11:40:01.305238+04:00
ITM-deb9d620fde52f6c,38cbfc9ed286da7a6dbce9df4c8202846d235c4fd1cc9cfb96de77ae22a19ae8,OBS-FR-OI-SIMPLE-SOURCING-8,3a5c386500cd53b1784bb548d0555e2c225bcf9a7d02cef1b6041a600b62190a,RUN-20260821T114001,2026-08-21T11:40:01.305238+04:00
ITM-dec7cbee9239fba2,acba3db150e4c242248106fa6eb1d06d188198214a0055d6121a6d306e616e29,OBS-FR-OI-SIMPLE-SOURCING-8,3a5c386500cd53b1784bb548d0555e2c225bcf9a7d02cef1b6041a600b62190a,RUN-20260821T114001,2026-08-21T11:40:01.305238+04:00
ITM-df29979accc39063,d18a7441bf6944732937165eae5bfceb1422367084a1a67557385dce353249c6,OBS-FR-OI-SIMPLE-SOURCING-8,3a5c386500cd53b1784bb548d0555e2c225bcf9a7d02cef1b6041a600b62190a,RUN-20260821T114001,2026-08-21T11:40:01.305238+04:00
ITM-df4119491f1ab037,d4e2e6dac457e136d4de2a43ebbcf48672ffd998382a0b7df3ed04b034163639,OBS-FR-OI-SIMPLE-SOURCING-8,3a5c386500cd53b1784bb548d0555e2c225bcf9a7d02cef1b6041a600b62190a,RUN-20260821T114001,2026-08-21T11:40:01.305238+04:00
ITM-df735b3cd63b2ea7,ba3d1172860c580d7e3ed99af5c790229d40bb29037226c6f0bf06f03e9b9aef,OBS-FR-OI-SIMPLE-SOURCING-8,3a5c386500cd53b1784bb548d0555e2c225bcf9a7d02cef1b6041a600b62190a,RUN-20260821T114001,2026-08-21T11:40:01.305238+04:00
ITM-e00f22ebb7f5ae56,1694e9fcfd8c91d6fae26f9da50851e326b9c8e18256b370c35b94ff7a6cb63c,OBS-FR-OI-SIMPLE-SOURCING-8,3a5c386500cd53b1784bb548d0555e2c225bcf9a7d02cef1b6041a600b62190a,RUN-20260821T114001,2026-08-21T11:40:01.305238+04:00
ITM-e0168d4e0f0ee931,a7da0b781497d35dfd57a475814c1092b80489d790070417bfcb67bc7693250e,OBS-FR-OI-SIMPLE-SOURCING-8,3a5c386500cd53b1784bb548d0555e2c225bcf9a7d02cef1b6041a600b62190a,RUN-20260821T114001,2026-08-21T11:40:01.305238+04:00
ITM-e0998f44feba7125,0639be2fcaf3a9687661614b0221aa3697334f1e0a8558d7274107b97bc08e00,OBS-FR-OI-SIMPLE-SOURCING-8,3a5c386500cd53b1784bb548d0555e2c225bcf9a7d02cef1b6041a600b62190a,RUN-20260821T114001,2026-08-21T11:40:01.305238+04:00
ITM-e0a9db775a140062,eae0f158cae75d25b85342aa7b7d7dcb96c4126c6d9f0f4da5f3bccca003b2a2,OBS-FR-OI-SIMPLE-SOURCING-8,3a5c386500cd53b1784bb548d0555e2c225bcf9a7d02cef1b6041a600b62190a,RUN-20260821T114001,2026-08-21T11:40:01.305238+04:00
ITM-e0b3cad3e7dd10fd,261455d7980ca53f8c081058b4c433643e2d715195ce5fe230a24df17e817afc,OBS-FR-OI-SIMPLE-SOURCING-8,3a5c386500cd53b1784bb548d0555e2c225bcf9a7d02cef1b6041a600b62190a,RUN-20260821T114001,2026-08-21T11:40:01.305238+04:00
ITM-e0e250b955073404,ae8a25c819d49112acffac010e5a1efcf1fc827f1c6ae0a230421708065f37dc,OBS-FR-OI-SIMPLE-SOURCING-8,3a5c386500cd53b1784bb548d0555e2c225bcf9a7d02cef1b6041a600b62190a,RUN-20260821T114001,2026-08-21T11:40:01.305238+04:00
ITM-e10694f1c1ac8748,0262296d12b262ecd9ee893e6cfd969f340922d5778ee717db61f2802c32a00e,OBS-FR-OI-SIMPLE-SOURCING-8,3a5c386500cd53b1784bb548d0555e2c225bcf9a7d02cef1b6041a600b62190a,RUN-20260821T114001,2026-08-21T11:40:01.305238+04:00
ITM-e22a77b4c057564b,487f3ee03526ea2c1191f2bb6b4cf618cbf770285bfe54a7cd548bd83e939ca5,OBS-FR-OI-SIMPLE-SOURCING-8,3a5c386500cd53b1784bb548d0555e2c225bcf9a7d02cef1b6041a600b62190a,RUN-20260821T114001,2026-08-21T11:40:01.305238+04:00
ITM-e24e376a2c968bf9,7c45b4f1f89cc3cae36e303ca32c15f174f5154fa80a55d4d2044ee4cd0adb81,OBS-FR-OI-SIMPLE-SOURCING-8,3a5c386500cd53b1784bb548d0555e2c225bcf9a7d02cef1b6041a600b62190a,RUN-20260821T114001,2026-08-21T11:40:01.305238+04:00
ITM-e2bc9891f83a8607,eaf3f219fb20f46e2ae2999a48ffe0d2bb2ba6401232501c4d06a8fa2239682b,OBS-FR-OI-SIMPLE-SOURCING-8,3a5c386500cd53b1784bb548d0555e2c225bcf9a7d02cef1b6041a600b62190a,RUN-20260821T114001,2026-08-21T11:40:01.305238+04:00
ITM-e2db8a4dc721fdde,b58553e2d657f3cfa701bf6ac18a4d6af2488569854cbe7c2f6327dc64a3c0e3,OBS-FR-OI-SIMPLE-SOURCING-8,3a5c386500cd53b1784bb548d0555e2c225bcf9a7d02cef1b6041a600b62190a,RUN-20260821T114001,2026-08-21T11:40:01.305238+04:00
ITM-e2e418cf3d473677,089f25ec256f3cb82da1e635318c11f0984cd8bb27f868c75f864282b0423658,OBS-FR-OI-SIMPLE-SOURCING-8,3a5c386500cd53b1784bb548d0555e2c225bcf9a7d02cef1b6041a600b62190a,RUN-20260821T114001,2026-08-21T11:40:01.305238+04:00
ITM-e3cde8f1f50d0273,0649453fd1799aa0479ffb2315bf319890f5289bc3159acfc29c005b0465823c,OBS-FR-OI-SIMPLE-SOURCING-8,3a5c386500cd53b1784bb548d0555e2c225bcf9a7d02cef1b6041a600b62190a,RUN-20260821T114001,2026-08-21T11:40:01.305238+04:00
ITM-e4ac7e188522817e,508959c8f76afc21b2b5be13189d2d4fac05378b1c588ee0cdf554e98b488c3c,OBS-FR-OI-SIMPLE-SOURCING-8,3a5c386500cd53b1784bb548d0555e2c225bcf9a7d02cef1b6041a600b62190a,RUN-20260821T114001,2026-08-21T11:40:01.305238+04:00
ITM-e518ad7145716e5d,17225156a5b693d98010439da1658492b05a3a4b1499cb701e9d7439b3baadac,OBS-FR-OI-SIMPLE-SOURCING-8,3a5c386500cd53b1784bb548d0555e2c225bcf9a7d02cef1b6041a600b62190a,RUN-20260821T114001,2026-08-21T11:40:01.305238+04:00
ITM-e578a124172860be,0b4103421f941b64c078a0031168e14f86cfae7e31ac2826ca5855e2d917f069,OBS-FR-OI-SIMPLE-SOURCING-8,3a5c386500cd53b1784bb548d0555e2c225bcf9a7d02cef1b6041a600b62190a,RUN-20260821T114001,2026-08-21T11:40:01.305238+04:00
ITM-e5868604b72ee711,ea6c592a0155ca18d0f9ec9da132cbe3283d810c227885e04850e9a5519a9d0c,OBS-FR-OI-SIMPLE-SOURCING-8,3a5c386500cd53b1784bb548d0555e2c225bcf9a7d02cef1b6041a600b62190a,RUN-20260821T114001,2026-08-21T11:40:01.305238+04:00
ITM-e5bb83f8a2e5c10e,9b35a7fd62b201a1e769e241e2023143eb2815ac63c8de23dd48075ae1631e11,OBS-FR-OI-SIMPLE-SOURCING-8,3a5c386500cd53b1784bb548d0555e2c225bcf9a7d02cef1b6041a600b62190a,RUN-20260821T114001,2026-08-21T11:40:01.305238+04:00
ITM-e5d73bca2b1212d3,ce420d3c133638e16d5f3c537d1384b2d4f14f74772f1be029231fabfa36cf6c,OBS-FR-OI-SIMPLE-SOURCING-8,3a5c386500cd53b1784bb548d0555e2c225bcf9a7d02cef1b6041a600b62190a,RUN-20260821T114001,2026-08-21T11:40:01.305238+04:00
ITM-e68c5e2e375b8a4e,d3a04754993546aed8f9d120d299279ae9aac7f76b1eee50b201232ec7873787,OBS-FR-OI-SIMPLE-SOURCING-8,3a5c386500cd53b1784bb548d0555e2c225bcf9a7d02cef1b6041a600b62190a,RUN-20260821T114001,2026-08-21T11:40:01.305238+04:00
ITM-e7d566defaf80c2f,8cf9b88d9eaec27b448d2c4bc0a6b893e86363a01c4cdc02893510ee65a4fbed,OBS-FR-OI-SIMPLE-SOURCING-8,3a5c386500cd53b1784bb548d0555e2c225bcf9a7d02cef1b6041a600b62190a,RUN-20260821T114001,2026-08-21T11:40:01.305238+04:00
ITM-e801a9810dcebe47,95b5f4d5b62a2928d18595de2c5de6f3f185c47fbb16cab56c944f7455c6f673,OBS-FR-OI-SIMPLE-SOURCING-8,3a5c386500cd53b1784bb548d0555e2c225bcf9a7d02cef1b6041a600b62190a,RUN-20260821T114001,2026-08-21T11:40:01.305238+04:00
ITM-e83033755daac537,2463044a638ea1aaec4a5f7902b6a3f574d6ce439882ef1288dbdae72d9f27ef,OBS-FR-OI-SIMPLE-SOURCING-8,3a5c386500cd53b1784bb548d0555e2c225bcf9a7d02cef1b6041a600b62190a,RUN-20260821T114001,2026-08-21T11:40:01.305238+04:00
ITM-e8555037d51b4ff0,7cb0eadf3bc9a120dd710e2ee9ae0b2ffe536b23413527906bdd5f4f40550d75,OBS-FR-OI-SIMPLE-SOURCING-8,3a5c386500cd53b1784bb548d0555e2c225bcf9a7d02cef1b6041a600b62190a,RUN-20260821T114001,2026-08-21T11:40:01.305238+04:00
ITM-e8a9ff7d0295734a,7848186ff40a31d64b95e65c601e15e28149da58a8b363d1cef5916fa5f4e22d,OBS-FR-OI-SIMPLE-SOURCING-8,3a5c386500cd53b1784bb548d0555e2c225bcf9a7d02cef1b6041a600b62190a,RUN-20260821T114001,2026-08-21T11:40:01.305238+04:00
ITM-e91d7514b51c0a60,71b3a8dd106ee83e743aa849fc5234f9e653c4e6fb8bcf3835704dc398ddd0b2,OBS-FR-OI-SIMPLE-SOURCING-8,3a5c386500cd53b1784bb548d0555e2c225bcf9a7d02cef1b6041a600b62190a,RUN-20260821T114001,2026-08-21T11:40:01.305238+04:00
ITM-e9bd9c13ab5a1dce,9e6dd140807c7ed0e1d285269e227fb80625446b8881469e1b6fd39cb7cdb3de,OBS-FR-OI-SIMPLE-SOURCING-8,3a5c386500cd53b1784bb548d0555e2c225bcf9a7d02cef1b6041a600b62190a,RUN-20260821T114001,2026-08-21T11:40:01.305238+04:00
ITM-e9d1640a653adff2,93015d02c17b2f31edd6d87a7302da908944fcf4d463b56d11b134650fb3f020,OBS-FR-OI-SIMPLE-SOURCING-8,3a5c386500cd53b1784bb548d0555e2c225bcf9a7d02cef1b6041a600b62190a,RUN-20260821T114001,2026-08-21T11:40:01.305238+04:00
ITM-ea40d31626f912ac,a07f46cb9d8c656975c4f503f87383c00c74aee12a8e5ed1071a70127582bbbd,OBS-FR-OI-SIMPLE-SOURCING-8,3a5c386500cd53b1784bb548d0555e2c225bcf9a7d02cef1b6041a600b62190a,RUN-20260821T114001,2026-08-21T11:40:01.305238+04:00
ITM-ea63cfe55e4dc145,52c618128b3cea065ea50a518f27b22986d2f43a8f646886368ca67b54171f28,OBS-FR-OI-SIMPLE-SOURCING-8,3a5c386500cd53b1784bb548d0555e2c225bcf9a7d02cef1b6041a600b62190a,RUN-20260821T114001,2026-08-21T11:40:01.305238+04:00
ITM-ea71f8687a081d14,6f12462601092318fd1e609de995b094d17c12ae42c58e8990c0bd106c21d67f,OBS-FR-OI-SIMPLE-SOURCING-8,3a5c386500cd53b1784bb548d0555e2c225bcf9a7d02cef1b6041a600b62190a,RUN-20260821T114001,2026-08-21T11:40:01.305238+04:00
ITM-eaaa860d9e21f897,9e7bac81eb98d64562abe512eb0516be3f91cf2a68ff13607daba0eab7d2fa4e,OBS-FR-OI-SIMPLE-SOURCING-8,3a5c386500cd53b1784bb548d0555e2c225bcf9a7d02cef1b6041a600b62190a,RUN-20260821T114001,2026-08-21T11:40:01.305238+04:00
ITM-eaecf4e86b86fa5b,8950c4266ca65beec6193adf22edb1ae961c71e77baae28c84154bf0ed3b408a,OBS-FR-OI-SIMPLE-SOURCING-8,3a5c386500cd53b1784bb548d0555e2c225bcf9a7d02cef1b6041a600b62190a,RUN-20260821T114001,2026-08-21T11:40:01.305238+04:00
ITM-eb2905aa30f03676,02d3ed6e9525a9842f32caed810e294646d79da155bcd810f41e2a98c09dfa41,OBS-FR-OI-SIMPLE-SOURCING-8,3a5c386500cd53b1784bb548d0555e2c225bcf9a7d02cef1b6041a600b62190a,RUN-20260821T114001,2026-08-21T11:40:01.305238+04:00
ITM-ec5e029054f430b6,f9c8453fd73e572eec1683352f98f01b008bd7167ef08634c9cfa3cc6581646e,OBS-FR-OI-SIMPLE-SOURCING-8,3a5c386500cd53b1784bb548d0555e2c225bcf9a7d02cef1b6041a600b62190a,RUN-20260821T114001,2026-08-21T11:40:01.305238+04:00
ITM-ec87c66b3a181c48,e741c45e62937541167ca01f3150fb0a495a0fe1e719005f78cb45000b5d1fda,OBS-FR-OI-SIMPLE-SOURCING-8,3a5c386500cd53b1784bb548d0555e2c225bcf9a7d02cef1b6041a600b62190a,RUN-20260821T114001,2026-08-21T11:40:01.305238+04:00
ITM-eccc3bee1d567144,b1ce1360620e7fbf2a78af9d81614b6e9b8ab272cd25844a48d8a1ab530ce546,OBS-FR-OI-SIMPLE-SOURCING-8,3a5c386500cd53b1784bb548d0555e2c225bcf9a7d02cef1b6041a600b62190a,RUN-20260821T114001,2026-08-21T11:40:01.305238+04:00
ITM-ed08c5759f21caf3,de365e97855164ea4aa841cfd8b82858a7655ab076f53edd629d7f4044a5da3d,OBS-FR-OI-SIMPLE-SOURCING-8,3a5c386500cd53b1784bb548d0555e2c225bcf9a7d02cef1b6041a600b62190a,RUN-20260821T114001,2026-08-21T11:40:01.305238+04:00
ITM-ed29901db7155751,d4b6b8d35ade4bcce41b072f26667af7606a609b2d5bd292645d90aa892c9429,OBS-FR-OI-SIMPLE-SOURCING-8,3a5c386500cd53b1784bb548d0555e2c225bcf9a7d02cef1b6041a600b62190a,RUN-20260821T114001,2026-08-21T11:40:01.305238+04:00
ITM-edcaa782a22325e8,9740f70d2c21cdf7cf806b2cff668117a7bae4fd1af2cfaf583b7fc481c223f0,OBS-FR-OI-SIMPLE-SOURCING-8,3a5c386500cd53b1784bb548d0555e2c225bcf9a7d02cef1b6041a600b62190a,RUN-20260821T114001,2026-08-21T11:40:01.305238+04:00
ITM-ede17ecfb5fe58c9,110c327e5cfd381a14d7c031729cfb7df5e399b6f6f2cf8e1ea18d1c50d6e827,OBS-FR-OI-SIMPLE-SOURCING-8,3a5c386500cd53b1784bb548d0555e2c225bcf9a7d02cef1b6041a600b62190a,RUN-20260821T114001,2026-08-21T11:40:01.305238+04:00
ITM-edf290ed3b106ac4,64b470e99e15e44e4b96b9d3a960cd1599a7cb9642235972eb16caae5b8311b3,OBS-FR-OI-SIMPLE-SOURCING-8,3a5c386500cd53b1784bb548d0555e2c225bcf9a7d02cef1b6041a600b62190a,RUN-20260821T114001,2026-08-21T11:40:01.305238+04:00
ITM-edfc23e9a96e605b,1c26745473284464e62e3134e68078882894663cafe441cef0cbb59295127d78,OBS-FR-OI-SIMPLE-SOURCING-8,3a5c386500cd53b1784bb548d0555e2c225bcf9a7d02cef1b6041a600b62190a,RUN-20260821T114001,2026-08-21T11:40:01.305238+04:00
ITM-ee3c358661623c8a,259ba53c6d4d9ae572c5fd2b4e30f131ef4ee7e14babdfed0d61eff87f959755,OBS-FR-OI-SIMPLE-SOURCING-8,3a5c386500cd53b1784bb548d0555e2c225bcf9a7d02cef1b6041a600b62190a,RUN-20260821T114001,2026-08-21T11:40:01.305238+04:00
ITM-ee7b340a06bc098b,937bf329b376bc352491701361e3fee31b5bc7a1f641879ab0fec5b6b136b85c,OBS-FR-OI-SIMPLE-SOURCING-8,3a5c386500cd53b1784bb548d0555e2c225bcf9a7d02cef1b6041a600b62190a,RUN-20260821T114001,2026-08-21T11:40:01.305238+04:00
ITM-eed0916e868e838d,1793971740a779cbd7ec737f147ff019a8f5883db3ab3637e71fbe98a1bf1d8b,OBS-FR-OI-SIMPLE-SOURCING-8,3a5c386500cd53b1784bb548d0555e2c225bcf9a7d02cef1b6041a600b62190a,RUN-20260821T114001,2026-08-21T11:40:01.305238+04:00
ITM-ef1e2e44e8c4d290,837b26ff9def1994633149f966e92a73f86fc09140d475a9e0a5c1ac3e74c1fe,OBS-FR-OI-SIMPLE-SOURCING-8,3a5c386500cd53b1784bb548d0555e2c225bcf9a7d02cef1b6041a600b62190a,RUN-20260821T114001,2026-08-21T11:40:01.305238+04:00
ITM-efb9a61d306709d1,7d902de1a04637e1453014ae180b16dc66a8286caf25286c6ab015eb6008d55a,OBS-FR-OI-SIMPLE-SOURCING-8,3a5c386500cd53b1784bb548d0555e2c225bcf9a7d02cef1b6041a600b62190a,RUN-20260821T114001,2026-08-21T11:40:01.305238+04:00
ITM-efd309dbae8f54d6,108e07c39df15df1413cad021edf68461ededc94dd38065cf5726a7c4c6a813f,OBS-FR-OI-SIMPLE-SOURCING-8,3a5c386500cd53b1784bb548d0555e2c225bcf9a7d02cef1b6041a600b62190a,RUN-20260821T114001,2026-08-21T11:40:01.305238+04:00
ITM-f0035a911566beea,bca661eeab24417c4462d866a7d6f6996ab29c70222eb16ac088d607d7c5ad9d,OBS-FR-OI-SIMPLE-SOURCING-8,3a5c386500cd53b1784bb548d0555e2c225bcf9a7d02cef1b6041a600b62190a,RUN-20260821T114001,2026-08-21T11:40:01.305238+04:00
ITM-f023d89dae1a5000,111ed2581b4ab821673388622c6bb7653c3e6c81f17a618f80b8f6c9ccc84d2a,OBS-FR-OI-SIMPLE-SOURCING-8,3a5c386500cd53b1784bb548d0555e2c225bcf9a7d02cef1b6041a600b62190a,RUN-20260821T114001,2026-08-21T11:40:01.305238+04:00
ITM-f02674bfd45fa4b1,ae096385a5b2703a74cd7c4fbdd55fa72757321ddf61fc44e7c2cf38d6832278,OBS-FR-OI-SIMPLE-SOURCING-8,3a5c386500cd53b1784bb548d0555e2c225bcf9a7d02cef1b6041a600b62190a,RUN-20260821T114001,2026-08-21T11:40:01.305238+04:00
ITM-f02e328d67075759,c1e0c262a5d95ab4d190beb8245a61e12ba977c5109660c3dfd6db3680da2ad2,OBS-FR-OI-SIMPLE-SOURCING-8,3a5c386500cd53b1784bb548d0555e2c225bcf9a7d02cef1b6041a600b62190a,RUN-20260821T114001,2026-08-21T11:40:01.305238+04:00
ITM-f03883d1236b5734,bab25ffe910740bf36109ee0f527fc97f1ee8df9d53b1cd5f63c0a95263e53ec,OBS-FR-OI-SIMPLE-SOURCING-8,3a5c386500cd53b1784bb548d0555e2c225bcf9a7d02cef1b6041a600b62190a,RUN-20260821T114001,2026-08-21T11:40:01.305238+04:00
ITM-f05d6b4a75654d00,604006b719a4d8776afaf2561e97be4a57c03d045e49c426f4f3ab3846d63bb8,OBS-FR-OI-SIMPLE-SOURCING-8,3a5c386500cd53b1784bb548d0555e2c225bcf9a7d02cef1b6041a600b62190a,RUN-20260821T114001,2026-08-21T11:40:01.305238+04:00
ITM-f0d43e8eab683471,bc18d783c2f797abc10bac025a30ae4a722e4675152e1fe9bef6c88cbb62dcc7,OBS-FR-OI-SIMPLE-SOURCING-8,3a5c386500cd53b1784bb548d0555e2c225bcf9a7d02cef1b6041a600b62190a,RUN-20260821T114001,2026-08-21T11:40:01.305238+04:00
ITM-f10fab241bce001a,5d9fdf542a534c989c2690d68e8844fac3e03ca2d32694b3a7e2fc8ded9240ac,OBS-FR-OI-SIMPLE-SOURCING-8,3a5c386500cd53b1784bb548d0555e2c225bcf9a7d02cef1b6041a600b62190a,RUN-20260821T114001,2026-08-21T11:40:01.305238+04:00
ITM-f1c05acc8c1fadaa,00a23ac1cce29b5fc76cda3c40dca70afb29dd5b42ee1bd36c0c3ee297128c02,OBS-FR-OI-SIMPLE-SOURCING-8,3a5c386500cd53b1784bb548d0555e2c225bcf9a7d02cef1b6041a600b62190a,RUN-20260821T114001,2026-08-21T11:40:01.305238+04:00
ITM-f20284ea1bdb052f,36c82ff4755db04d9c95d78fb8bd6f8cd28aced087a0cd736de64193b33d4769,OBS-FR-OI-SIMPLE-SOURCING-8,3a5c386500cd53b1784bb548d0555e2c225bcf9a7d02cef1b6041a600b62190a,RUN-20260821T114001,2026-08-21T11:40:01.305238+04:00
ITM-f29d88a82b36180c,d07d7200c977fded4adc0953a685db6e012090b506e4434567eba1cc346c4706,OBS-FR-OI-SIMPLE-SOURCING-8,3a5c386500cd53b1784bb548d0555e2c225bcf9a7d02cef1b6041a600b62190a,RUN-20260821T114001,2026-08-21T11:40:01.305238+04:00
ITM-f317e63262487dbd,1fe10bbf22c294fb69bea60ccfba10ab443b8c35eeb991e3a15e0c52bc796130,OBS-FR-OI-SIMPLE-SOURCING-8,3a5c386500cd53b1784bb548d0555e2c225bcf9a7d02cef1b6041a600b62190a,RUN-20260821T114001,2026-08-21T11:40:01.305238+04:00
ITM-f33a350a786d3337,9d7e436a9df0815ba439413daeaa18c54a7297feeeb9c7ad8b90376f1929c0db,OBS-FR-OI-SIMPLE-SOURCING-8,3a5c386500cd53b1784bb548d0555e2c225bcf9a7d02cef1b6041a600b62190a,RUN-20260821T114001,2026-08-21T11:40:01.305238+04:00
ITM-f38727a182bac79c,0d2453404c95eaa134165149c8a1a267c4fe8452b935ecf1f2b97f8a27612949,OBS-FR-OI-SIMPLE-SOURCING-8,3a5c386500cd53b1784bb548d0555e2c225bcf9a7d02cef1b6041a600b62190a,RUN-20260821T114001,2026-08-21T11:40:01.305238+04:00
ITM-f39adbe63ce9a35b,d1eb97e1754f04391aa4aa42efaf2053d4c05d5aaa63d4c25ec208b39b2fd893,OBS-FR-OI-SIMPLE-SOURCING-8,3a5c386500cd53b1784bb548d0555e2c225bcf9a7d02cef1b6041a600b62190a,RUN-20260821T114001,2026-08-21T11:40:01.305238+04:00
ITM-f3fa2eae458681be,0924d70d0deb864869710de3e07a2b011d4116e4befa3ede4daebde5b650272f,OBS-FR-OI-SIMPLE-SOURCING-8,3a5c386500cd53b1784bb548d0555e2c225bcf9a7d02cef1b6041a600b62190a,RUN-20260821T114001,2026-08-21T11:40:01.305238+04:00
ITM-f412f85529531773,a4cf4bdaa6085f3bcaa0d8d637ef00c52165f44db8e08baaeb972d99f185fe88,OBS-FR-OI-SIMPLE-SOURCING-8,3a5c386500cd53b1784bb548d0555e2c225bcf9a7d02cef1b6041a600b62190a,RUN-20260821T114001,2026-08-21T11:40:01.305238+04:00
ITM-f44d5624086ab40b,bcc4e2c586586114e1f8c5983f9070b2318c8fa9dbf891fd3bdc6743c94b39c9,OBS-FR-OI-SIMPLE-SOURCING-8,3a5c386500cd53b1784bb548d0555e2c225bcf9a7d02cef1b6041a600b62190a,RUN-20260821T114001,2026-08-21T11:40:01.305238+04:00
ITM-f4793b6bb7199808,9ab63a8ebefb98966383a4d281efda5eb684fd1cbb1b657bd310760e218695b8,OBS-FR-OI-SIMPLE-SOURCING-8,3a5c386500cd53b1784bb548d0555e2c225bcf9a7d02cef1b6041a600b62190a,RUN-20260821T114001,2026-08-21T11:40:01.305238+04:00
ITM-f4a1ca5fd05d90cc,80df804551aabe3ba6137689a5423753135b6c0fa07be298a20231d4c7da4507,OBS-FR-OI-SIMPLE-SOURCING-8,3a5c386500cd53b1784bb548d0555e2c225bcf9a7d02cef1b6041a600b62190a,RUN-20260821T114001,2026-08-21T11:40:01.305238+04:00
ITM-f4aabe53126031a6,b19341a77eb121c0f291c8d3ade21bc37e3678ad7aea4dea2c109fc1e1544d92,OBS-FR-OI-SIMPLE-SOURCING-8,3a5c386500cd53b1784bb548d0555e2c225bcf9a7d02cef1b6041a600b62190a,RUN-20260821T114001,2026-08-21T11:40:01.305238+04:00
ITM-f4bc528ac672e18a,76b7323c219f3de11401f8916f1af1513f92c3396315c296b717e26a996b2329,OBS-FR-OI-SIMPLE-SOURCING-8,3a5c386500cd53b1784bb548d0555e2c225bcf9a7d02cef1b6041a600b62190a,RUN-20260821T114001,2026-08-21T11:40:01.305238+04:00
ITM-f4d3e4a1b9bf10c0,ba029503140b5c2be9d4a7a109fff1450e634973d464f614cc2eb92b1a7c167d,OBS-FR-OI-SIMPLE-SOURCING-8,3a5c386500cd53b1784bb548d0555e2c225bcf9a7d02cef1b6041a600b62190a,RUN-20260821T114001,2026-08-21T11:40:01.305238+04:00
ITM-f4e36024b124226c,4835db9ee931350ec8ee5b7dba6736612baa017a15a651ea0fed73366159aaef,OBS-FR-OI-SIMPLE-SOURCING-8,3a5c386500cd53b1784bb548d0555e2c225bcf9a7d02cef1b6041a600b62190a,RUN-20260821T114001,2026-08-21T11:40:01.305238+04:00
ITM-f4f2bbb1cb2bcee9,523090b23492585a6a549c8efbb5a7163ad1255e8a66f8d16a30c008d2c763fc,OBS-FR-OI-SIMPLE-SOURCING-8,3a5c386500cd53b1784bb548d0555e2c225bcf9a7d02cef1b6041a600b62190a,RUN-20260821T114001,2026-08-21T11:40:01.305238+04:00
ITM-f51c29cbc5cb25de,ae1a12e70c149e9fbac0265cb6c075a29928f723307241c32b3da6d38aaa4e44,OBS-FR-OI-SIMPLE-SOURCING-8,3a5c386500cd53b1784bb548d0555e2c225bcf9a7d02cef1b6041a600b62190a,RUN-20260821T114001,2026-08-21T11:40:01.305238+04:00
ITM-f53dea5db4df4fa8,d09f7f6e2fb2ca2745c34e1a463a35f122acb139ab6bffa8c720f1f2af80b140,OBS-FR-OI-SIMPLE-SOURCING-8,3a5c386500cd53b1784bb548d0555e2c225bcf9a7d02cef1b6041a600b62190a,RUN-20260821T114001,2026-08-21T11:40:01.305238+04:00
ITM-f5d8aa96f0d7b55c,8010bfc7d1f08a1814ea70f878ba6fd6c0735882b08f9bf9d31284b12f25f55a,OBS-FR-OI-SIMPLE-SOURCING-8,3a5c386500cd53b1784bb548d0555e2c225bcf9a7d02cef1b6041a600b62190a,RUN-20260821T114001,2026-08-21T11:40:01.305238+04:00
ITM-f5e405affe3c3910,0c241096f06a5b305c23b65bd3f9ba90ba637088a9d15770be6a6e828e80b086,OBS-FR-OI-SIMPLE-SOURCING-8,3a5c386500cd53b1784bb548d0555e2c225bcf9a7d02cef1b6041a600b62190a,RUN-20260821T114001,2026-08-21T11:40:01.305238+04:00
ITM-f5edd42642e73433,a216f2ba9e9d4e5ae6d650d27e4b39bdce8aef14328ce00deaf2205389a65531,OBS-FR-OI-SIMPLE-SOURCING-8,3a5c386500cd53b1784bb548d0555e2c225bcf9a7d02cef1b6041a600b62190a,RUN-20260821T114001,2026-08-21T11:40:01.305238+04:00
ITM-f5f1da6f5bceca04,d9a2e31c74c4857a2ee370cfe142369ac7fe70fb82f76d41d27b3833642ed7a6,OBS-FR-OI-SIMPLE-SOURCING-8,3a5c386500cd53b1784bb548d0555e2c225bcf9a7d02cef1b6041a600b62190a,RUN-20260821T114001,2026-08-21T11:40:01.305238+04:00
ITM-f60a72267153ca38,799018de007a22c326f2c60439ef89176f16932e91c53030fb07b81a2fcade02,OBS-FR-OI-SIMPLE-SOURCING-8,3a5c386500cd53b1784bb548d0555e2c225bcf9a7d02cef1b6041a600b62190a,RUN-20260821T114001,2026-08-21T11:40:01.305238+04:00
ITM-f60b8117b612012b,0c5f8d23baf58d7a790c66c23ba2542182449f0402056234bed3f2c5827ca511,OBS-FR-OI-SIMPLE-SOURCING-8,3a5c386500cd53b1784bb548d0555e2c225bcf9a7d02cef1b6041a600b62190a,RUN-20260821T114001,2026-08-21T11:40:01.305238+04:00
ITM-f6156035d9fc1a1e,a252a59c6837d9b586d5b3337b74dfcb774662096e1b5568ce04141603171f0e,OBS-FR-OI-SIMPLE-SOURCING-8,3a5c386500cd53b1784bb548d0555e2c225bcf9a7d02cef1b6041a600b62190a,RUN-20260821T114001,2026-08-21T11:40:01.305238+04:00
ITM-f62ba09eeb1ccefc,71045078c5917dfb30491b1bda5085f6d40d9d1a6ede751dec78bb74f5d44191,OBS-FR-OI-SIMPLE-SOURCING-8,3a5c386500cd53b1784bb548d0555e2c225bcf9a7d02cef1b6041a600b62190a,RUN-20260821T114001,2026-08-21T11:40:01.305238+04:00
ITM-f657770915b5d951,ffebbc2841e66dd51a76294de92f4d5c9615ac7157a4380ced393ab452a04a06,OBS-FR-OI-SIMPLE-SOURCING-8,3a5c386500cd53b1784bb548d0555e2c225bcf9a7d02cef1b6041a600b62190a,RUN-20260821T114001,2026-08-21T11:40:01.305238+04:00
ITM-f65cd7bf221d9d10,119dfe07afd104f615c6a6e2d30ddcffd2d663eebecfd9a42dbcc3e0bbfaf5e6,OBS-FR-OI-SIMPLE-SOURCING-8,3a5c386500cd53b1784bb548d0555e2c225bcf9a7d02cef1b6041a600b62190a,RUN-20260821T114001,2026-08-21T11:40:01.305238+04:00
ITM-f68f11ae5255c850,02f3310a1edd77d11e920364937b4e36aef985aef78c7b91723a814b4afe2b02,OBS-FR-OI-SIMPLE-SOURCING-8,3a5c386500cd53b1784bb548d0555e2c225bcf9a7d02cef1b6041a600b62190a,RUN-20260821T114001,2026-08-21T11:40:01.305238+04:00
ITM-f690c99943f1ca81,e10afeb8c6ef4eae0509c9221aa597cbffcecb89e676dbdb97f29c9eaf852eff,OBS-FR-OI-SIMPLE-SOURCING-8,3a5c386500cd53b1784bb548d0555e2c225bcf9a7d02cef1b6041a600b62190a,RUN-20260821T114001,2026-08-21T11:40:01.305238+04:00
ITM-f6f916078e291e8d,6588ccf9efd47628e3b988df252a0ffada4167e2bdd681c353e1878bd9965601,OBS-FR-OI-SIMPLE-SOURCING-8,3a5c386500cd53b1784bb548d0555e2c225bcf9a7d02cef1b6041a600b62190a,RUN-20260821T114001,2026-08-21T11:40:01.305238+04:00
ITM-f7388cbead470177,ddf878513e83bc94a3305f560ef3ecb35f7d5b3f11a1ca7d57f2a43ae92315b8,OBS-FR-OI-SIMPLE-SOURCING-8,3a5c386500cd53b1784bb548d0555e2c225bcf9a7d02cef1b6041a600b62190a,RUN-20260821T114001,2026-08-21T11:40:01.305238+04:00
ITM-f73e40d0ad869644,249120f1c1ed1f60c950f6f841f92ab13cc1b35df713ef02ab9f09089bdc248a,OBS-FR-OI-SIMPLE-SOURCING-8,3a5c386500cd53b1784bb548d0555e2c225bcf9a7d02cef1b6041a600b62190a,RUN-20260821T114001,2026-08-21T11:40:01.305238+04:00
ITM-f782487e0b9d1379,3b523d40b6cbd2250a4462bf779563bee3fda4d541563dedc5786f6a8363034e,OBS-FR-OI-SIMPLE-SOURCING-8,3a5c386500cd53b1784bb548d0555e2c225bcf9a7d02cef1b6041a600b62190a,RUN-20260821T114001,2026-08-21T11:40:01.305238+04:00
ITM-f796c1c162ca1ac0,47b367564897d740529600c89b746de8a8744d0629e7ba5e928d4927d64ee083,OBS-FR-OI-SIMPLE-SOURCING-8,3a5c386500cd53b1784bb548d0555e2c225bcf9a7d02cef1b6041a600b62190a,RUN-20260821T114001,2026-08-21T11:40:01.305238+04:00
ITM-f7aec10b7f55d79d,ed4f06e5f299e92f8692f009bf9eeee4fde4ad2b1f817bee350b87c4ce9c37bf,OBS-FR-OI-SIMPLE-SOURCING-8,3a5c386500cd53b1784bb548d0555e2c225bcf9a7d02cef1b6041a600b62190a,RUN-20260821T114001,2026-08-21T11:40:01.305238+04:00
ITM-f7bb81100fe07424,3b359a4d4a00f4a31780e08a445316ae834e1196b68287d781453581824cb4d6,OBS-FR-OI-SIMPLE-SOURCING-8,3a5c386500cd53b1784bb548d0555e2c225bcf9a7d02cef1b6041a600b62190a,RUN-20260821T114001,2026-08-21T11:40:01.305238+04:00
ITM-f7bbc189c200750d,e5570b092837b5e9b098b4aa5b6983765ebb16e4019e7d1507c2e480d30137c4,OBS-FR-OI-SIMPLE-SOURCING-8,3a5c386500cd53b1784bb548d0555e2c225bcf9a7d02cef1b6041a600b62190a,RUN-20260821T114001,2026-08-21T11:40:01.305238+04:00
ITM-f866f562c24dd0d0,575b45037271dacc6c2642b018b9b8b3a11b205a5bb642d0c00d6750cdcfc103,OBS-FR-OI-SIMPLE-SOURCING-8,3a5c386500cd53b1784bb548d0555e2c225bcf9a7d02cef1b6041a600b62190a,RUN-20260821T114001,2026-08-21T11:40:01.305238+04:00
ITM-f87bb5791c862511,ce58e9222689a6fed543fb0f6739b51a349c1b49ba2d6f909aadda7abac55467,OBS-FR-OI-SIMPLE-SOURCING-8,3a5c386500cd53b1784bb548d0555e2c225bcf9a7d02cef1b6041a600b62190a,RUN-20260821T114001,2026-08-21T11:40:01.305238+04:00
ITM-f90316e1f792c499,0604189ff4d6e4c4aae6a97261b86360ffd77f88d7a2a3f31f8a59bd0de8ba8d,OBS-FR-OI-SIMPLE-SOURCING-8,3a5c386500cd53b1784bb548d0555e2c225bcf9a7d02cef1b6041a600b62190a,RUN-20260821T114001,2026-08-21T11:40:01.305238+04:00
ITM-f96036c6fb22f89b,c675f3e37f40251d777691066cf931095894eb875e59a503a88604e48faff017,OBS-FR-OI-SIMPLE-SOURCING-8,3a5c386500cd53b1784bb548d0555e2c225bcf9a7d02cef1b6041a600b62190a,RUN-20260821T114001,2026-08-21T11:40:01.305238+04:00
ITM-f9e552e18a424509,d827c86db627be358d6e93bb181adf28d89c632438d001bcd922d7448af47786,OBS-FR-OI-SIMPLE-SOURCING-8,3a5c386500cd53b1784bb548d0555e2c225bcf9a7d02cef1b6041a600b62190a,RUN-20260821T114001,2026-08-21T11:40:01.305238+04:00
ITM-fa22411d5209e6b8,295e8619930b0446957ae925526b718c09590a0a2d85137c90f37c6a34c86467,OBS-FR-OI-SIMPLE-SOURCING-8,3a5c386500cd53b1784bb548d0555e2c225bcf9a7d02cef1b6041a600b62190a,RUN-20260821T114001,2026-08-21T11:40:01.305238+04:00
ITM-fa4e2699a798669f,aac1776b1ef18ac3fb66ae42bf5d97d1e986fc32a0670ced89fb420eeb78c458,OBS-FR-OI-SIMPLE-SOURCING-8,3a5c386500cd53b1784bb548d0555e2c225bcf9a7d02cef1b6041a600b62190a,RUN-20260821T114001,2026-08-21T11:40:01.305238+04:00
ITM-fab33f2a4d20edb5,fbbbd038e233fe98f05505a0125e6695add50894313a544bb546a0217897fa0f,OBS-FR-OI-SIMPLE-SOURCING-8,3a5c386500cd53b1784bb548d0555e2c225bcf9a7d02cef1b6041a600b62190a,RUN-20260821T114001,2026-08-21T11:40:01.305238+04:00
ITM-fac377f6dd0d8ee8,acfba6a0d2d2663949c504d9bdb4585da645a672e8a16089a9a8414fab5c2512,OBS-FR-OI-SIMPLE-SOURCING-8,3a5c386500cd53b1784bb548d0555e2c225bcf9a7d02cef1b6041a600b62190a,RUN-20260821T114001,2026-08-21T11:40:01.305238+04:00
ITM-fbe345a97a247b1e,3b0482a783f96f8cb4f2d1d14b903ee01e3eab097b9062d04c4c4526d1466dcd,OBS-FR-OI-SIMPLE-SOURCING-8,3a5c386500cd53b1784bb548d0555e2c225bcf9a7d02cef1b6041a600b62190a,RUN-20260821T114001,2026-08-21T11:40:01.305238+04:00
ITM-fbf70b9cec592f9e,44b340e3096956e2c7e7c2475453d86b77d73dae64a25d72a3e9a1620d7733cb,OBS-FR-OI-SIMPLE-SOURCING-8,3a5c386500cd53b1784bb548d0555e2c225bcf9a7d02cef1b6041a600b62190a,RUN-20260821T114001,2026-08-21T11:40:01.305238+04:00
ITM-fc1064e0de6ca190,94d5681d5fb027d16f0c99063762f703645aecd65e17eeab9c976a5ececd2091,OBS-FR-OI-SIMPLE-SOURCING-8,3a5c386500cd53b1784bb548d0555e2c225bcf9a7d02cef1b6041a600b62190a,RUN-20260821T114001,2026-08-21T11:40:01.305238+04:00
ITM-fc1b90509100b6be,212029872b0458c104cd960e6e66b8124ab7dde2eea4c7832bb89a96ec915dc1,OBS-FR-OI-SIMPLE-SOURCING-8,3a5c386500cd53b1784bb548d0555e2c225bcf9a7d02cef1b6041a600b62190a,RUN-20260821T114001,2026-08-21T11:40:01.305238+04:00
ITM-fc3fac38755a54db,f43d6bda118bdd27658f6e4d7cdeb329505e28e4a8bfa130a7a28b33e7ba17a3,OBS-FR-OI-SIMPLE-SOURCING-8,3a5c386500cd53b1784bb548d0555e2c225bcf9a7d02cef1b6041a600b62190a,RUN-20260821T114001,2026-08-21T11:40:01.305238+04:00
ITM-fc5c215dc379733c,d7b1bf1174249d2bfe77381d1742a05e90694107754b34cca9538d245c1ba9d4,OBS-FR-OI-SIMPLE-SOURCING-8,3a5c386500cd53b1784bb548d0555e2c225bcf9a7d02cef1b6041a600b62190a,RUN-20260821T114001,2026-08-21T11:40:01.305238+04:00
ITM-fcb0961d57bae830,39b8dc30600db9c6059b3c50d0b0983858aa84fc057408524e4e3befcad43879,OBS-FR-OI-SIMPLE-SOURCING-8,3a5c386500cd53b1784bb548d0555e2c225bcf9a7d02cef1b6041a600b62190a,RUN-20260821T114001,2026-08-21T11:40:01.305238+04:00
ITM-fcb9546efe478ce7,be781b5451859f8e1c8e67a70a2a52d75257d0dca6fd6a6725e9b96e793d0475,OBS-FR-OI-SIMPLE-SOURCING-8,3a5c386500cd53b1784bb548d0555e2c225bcf9a7d02cef1b6041a600b62190a,RUN-20260821T114001,2026-08-21T11:40:01.305238+04:00
ITM-fcbb2a30976447da,92528513b95cfa4a0697f2ef6f6ed0233481efbd32200eccd26225b5e9380e81,OBS-FR-OI-SIMPLE-SOURCING-8,3a5c386500cd53b1784bb548d0555e2c225bcf9a7d02cef1b6041a600b62190a,RUN-20260821T114001,2026-08-21T11:40:01.305238+04:00
ITM-fd38480114ffc165,b329df8f4043d04b77c5ecb05dd3fd01150a03bd2710a72d65f71b38c36c0fdc,OBS-FR-OI-SIMPLE-SOURCING-8,3a5c386500cd53b1784bb548d0555e2c225bcf9a7d02cef1b6041a600b62190a,RUN-20260821T114001,2026-08-21T11:40:01.305238+04:00
ITM-fd3fbc7d38df09b9,ca6a06237a7e6ec8030b32a5d09d8d66239026928381a754ed5267726720fb15,OBS-FR-OI-SIMPLE-SOURCING-8,3a5c386500cd53b1784bb548d0555e2c225bcf9a7d02cef1b6041a600b62190a,RUN-20260821T114001,2026-08-21T11:40:01.305238+04:00
ITM-fd464840f9b28916,1d9461f6966abc19d43cb61b8ec7e5b0767363b2bf6c1b317250980b9f739035,OBS-FR-OI-SIMPLE-SOURCING-8,3a5c386500cd53b1784bb548d0555e2c225bcf9a7d02cef1b6041a600b62190a,RUN-20260821T114001,2026-08-21T11:40:01.305238+04:00
ITM-fd4ec558d614b37a,988584edd873549753df5bf8e8403d4456038f7854adf38a0be1154138d6f54a,OBS-FR-OI-SIMPLE-SOURCING-8,3a5c386500cd53b1784bb548d0555e2c225bcf9a7d02cef1b6041a600b62190a,RUN-20260821T114001,2026-08-21T11:40:01.305238+04:00
ITM-fd56c69414a47f90,550e7a0ead785e7546beb1fc8f658085026ff4debc960911ef9d71e9c6af9820,OBS-FR-OI-SIMPLE-SOURCING-8,3a5c386500cd53b1784bb548d0555e2c225bcf9a7d02cef1b6041a600b62190a,RUN-20260821T114001,2026-08-21T11:40:01.305238+04:00
ITM-fdc78707cd7e72bc,a7989b746ab2179a892afe1e664b10f4230cb718d3cf362d0c11243bdc7effde,OBS-FR-OI-SIMPLE-SOURCING-8,3a5c386500cd53b1784bb548d0555e2c225bcf9a7d02cef1b6041a600b62190a,RUN-20260821T114001,2026-08-21T11:40:01.305238+04:00
ITM-fdcf23090de1dcfd,38c73668c5346dd6ef92b7b9152caaa9a6929a4d1eaeff7c3138fa78ec1e69f7,OBS-FR-OI-SIMPLE-SOURCING-8,3a5c386500cd53b1784bb548d0555e2c225bcf9a7d02cef1b6041a600b62190a,RUN-20260821T114001,2026-08-21T11:40:01.305238+04:00
ITM-fdd4de31fc2fb49c,d145e4422178feea3ca0d36b9d028dc5b15f1b9ff63694c52497ea3b88c6b96d,OBS-FR-OI-SIMPLE-SOURCING-8,3a5c386500cd53b1784bb548d0555e2c225bcf9a7d02cef1b6041a600b62190a,RUN-20260821T114001,2026-08-21T11:40:01.305238+04:00
ITM-fde932394abab432,443b1a4588c64b7d79b2ab8a0cc2be8d8e1f2d1f28e005bc6580bb5965e57868,OBS-FR-OI-SIMPLE-SOURCING-8,3a5c386500cd53b1784bb548d0555e2c225bcf9a7d02cef1b6041a600b62190a,RUN-20260821T114001,2026-08-21T11:40:01.305238+04:00
ITM-fe38fbba13f1277e,357442e9b04e2b3be8a154e75a4f2366dfe816aca6216a06f0aed33afb0168ce,OBS-FR-OI-SIMPLE-SOURCING-8,3a5c386500cd53b1784bb548d0555e2c225bcf9a7d02cef1b6041a600b62190a,RUN-20260821T114001,2026-08-21T11:40:01.305238+04:00
ITM-fe95b6ef3e1dded7,228847173456fe88dd8f09c670d766f599fd7f94d0d31d330044ef722e6b346a,OBS-FR-OI-SIMPLE-SOURCING-8,3a5c386500cd53b1784bb548d0555e2c225bcf9a7d02cef1b6041a600b62190a,RUN-20260821T114001,2026-08-21T11:40:01.305238+04:00
ITM-ff199c241307633e,72a5c4dc5afff62cb5d935c03a29d0594ba7c058ea87083199c51dce94f67d7c,OBS-FR-OI-SIMPLE-SOURCING-8,3a5c386500cd53b1784bb548d0555e2c225bcf9a7d02cef1b6041a600b62190a,RUN-20260821T114001,2026-08-21T11:40:01.305238+04:00
ITM-ff2cc39a37c3f651,438682ef6fa3a56be02bfbd8fb958aef7c961b358ef02f0c5ca76dd2e8fa90fa,OBS-FR-OI-SIMPLE-SOURCING-8,3a5c386500cd53b1784bb548d0555e2c225bcf9a7d02cef1b6041a600b62190a,RUN-20260821T114001,2026-08-21T11:40:01.305238+04:00
ITM-ff7d3b2b47c6c4e0,157ed3479bfebffc3f8baaf205c93a75d3dd2a392a89c48857dd6b2a04895f34,OBS-FR-OI-SIMPLE-SOURCING-8,3a5c386500cd53b1784bb548d0555e2c225bcf9a7d02cef1b6041a600b62190a,RUN-20260821T114001,2026-08-21T11:40:01.305238+04:00
ITM-ff95482b0d0c1044,6d3917fa632103e55e0f7f49a100652e2961d30f4ebdd74d39ba22b326b65e3d,OBS-FR-OI-SIMPLE-SOURCING-8,3a5c386500cd53b1784bb548d0555e2c225bcf9a7d02cef1b6041a600b62190a,RUN-20260821T114001,2026-08-21T11:40:01.305238+04:00
ITM-ffa91ff73839712b,7026bb6d5d59a73dedd3038464aa580dd1bc8b58692cf61d89386fe17a32a003,OBS-FR-OI-SIMPLE-SOURCING-8,3a5c386500cd53b1784bb548d0555e2c225bcf9a7d02cef1b6041a600b62190a,RUN-20260821T114001,2026-08-21T11:40:01.305238+04:00
ITM-ffb301ad6b47093e,d5dc893fe4055b54aca5ba83772c4482ba53b811568866ad8dc8edb860c1de4e,OBS-FR-OI-SIMPLE-SOURCING-8,3a5c386500cd53b1784bb548d0555e2c225bcf9a7d02cef1b6041a600b62190a,RUN-20260821T114001,2026-08-21T11:40:01.305238+04:00
ITM-ffea5dbcc5e82a7c,c1f78aed5a1f47109771337b24273efb6ade9f0b6d5a2774d700f8073b1ef863,OBS-FR-OI-SIMPLE-SOURCING-8,3a5c386500cd53b1784bb548d0555e2c225bcf9a7d02cef1b6041a600b62190a,RUN-20260821T114001,2026-08-21T11:40:01.305238+04:00
