Item_ID,Source_ID,Source_Item_ID,Published_Date,Event_Date,Organisation_Raw,Organisation_Key,Threat_Raw,Threat,Sector,Location,Title,URL,Collected_As_Of
ITM-4bd5428d86dc863b,BONJOURLAFUITE,,2026-09-11,,Pass Pass,pass pass,,Fuite de données,Inconnu,France métropolitaine,Pass Pass,https://bonjourlafuite.eu.org/img/passpass.png,2026-09-12T16:42:23.051822+04:00
ITM-334a64fd5bca6da5,BONJOURLAFUITE,,2026-09-12,,Revolut,revolut,,Fuite de données,Inconnu,France métropolitaine,Revolut,https://bonjourlafuite.eu.org/img/revolut.png,2026-09-13T16:22:56.304701+04:00
ITM-154fd7f6a72a310b,BONJOURLAFUITE,,2026-09-14,,Bouteilles et bocaux,bouteilles et bocaux,,Fuite de données,Inconnu,France métropolitaine,Bouteilles et bocaux,https://bonjourlafuite.eu.org/img/bouteilles-bocaux.png,2026-09-15T16:17:12.204443+04:00
ITM-ab1122ef76324a6a,BONJOURLAFUITE,,2026-09-14,,Nature et découvertes,nature et decouvertes,,Fuite de données,Inconnu,France métropolitaine,Nature et découvertes,https://bonjourlafuite.eu.org/img/nature-decouvertes.png,2026-09-15T16:17:12.204443+04:00
ITM-15d98e980a937e24,BONJOURLAFUITE,,2026-09-15,,Point Vision,point vision,,Fuite de données,Inconnu,France métropolitaine,Point Vision,https://bonjourlafuite.eu.org/img/point-vision.png,2026-09-16T16:16:21.852957+04:00
ITM-be5f9241cb8beb3a,BONJOURLAFUITE,,2026-09-21,,Académie de Créteil,academie de creteil,,Fuite de données,Éducation / Formation,France métropolitaine,Académie de Créteil,https://bonjourlafuite.eu.org/img/creteil.png,2026-09-22T16:10:07.104972+04:00
ITM-66d72597a2645248,BONJOURLAFUITE,,2026-09-22,,Paymium,paymium,,Fuite de données,Inconnu,France métropolitaine,Paymium,https://bonjourlafuite.eu.org/img/paymium.png,2026-09-23T16:22:10.938160+04:00
ITM-94fc0fe8bab3faac,BONJOURLAFUITE,,2026-09-24,,Agence de Services et de Paiement,agence de services et de paiement,,Fuite de données,Inconnu,France métropolitaine,Agence de Services et de Paiement,https://bonjourlafuite.eu.org/img/asp.png,2026-09-24T16:21:53.228344+04:00
ITM-8170f6e3bc0045da,BONJOURLAFUITE,,2026-09-24,,Celinni,celinni,,Fuite de données,Inconnu,France métropolitaine,Celinni,https://bonjourlafuite.eu.org/img/celinni.jpg,2026-09-24T16:21:53.228344+04:00
ITM-877545335fb59fdc,BONJOURLAFUITE,,2026-09-24,,LegalStart,legalstart,,Fuite de données,Inconnu,France métropolitaine,LegalStart,https://bonjourlafuite.eu.org/img/legalstart.jpg,2026-09-25T16:22:16.069864+04:00
ITM-f2ced98ba9d62f09,BONJOURLAFUITE,,2026-09-25,,Arntreal,arntreal,,Fuite de données,Inconnu,France métropolitaine,Arntreal,https://bonjourlafuite.eu.org/img/arntreal.png,2026-09-26T15:53:09.706936+04:00
ITM-e447c6881dba499a,BONJOURLAFUITE,,2026-09-28,,Plurélya,plurelya,,Fuite de données,Inconnu,France métropolitaine,Plurélya,https://bonjourlafuite.eu.org/img/plurelya.png,2026-09-28T18:37:25.370361+04:00
ITM-348baf4c4d7e6f81,BONJOURLAFUITE,,2026-09-30,,ANSSI,anssi,,Fuite de données,Inconnu,France métropolitaine,ANSSI,https://www.bfmtv.com/tech/cybersecurite/l-anssi-et-la-dinum-victimes-a-leur-tour-d-une-fuite-de-donnees-les-deux-agences-dediees-a-la-cybersecurite-ont-ete-compromises_AV-202609300718.html,2026-10-01T17:58:53.706308+04:00
ITM-8308834b0e866008,BONJOURLAFUITE,,2026-09-30,,Cookson-CLAL,cookson clal,,Fuite de données,Inconnu,France métropolitaine,Cookson-CLAL,https://bonjourlafuite.eu.org/img/cookson-clal.webp,2026-10-01T17:58:53.706308+04:00
ITM-355bf8a90796f5d6,BONJOURLAFUITE,,2026-09-30,,Décoclim,decoclim,,Fuite de données,Inconnu,France métropolitaine,Décoclim,https://bonjourlafuite.eu.org/img/decoclim.png,2026-09-30T17:06:05.733275+04:00
ITM-a63cb6fd1aa404c8,BONJOURLAFUITE,,2026-09-30,,DINUM,dinum,,Fuite de données,Administration / Collectivité,France métropolitaine,DINUM,https://www.bfmtv.com/tech/cybersecurite/l-anssi-et-la-dinum-victimes-a-leur-tour-d-une-fuite-de-donnees-les-deux-agences-dediees-a-la-cybersecurite-ont-ete-compromises_AV-202609300718.html,2026-10-01T17:58:53.706308+04:00
ITM-64f8a600a9de0042,BONJOURLAFUITE,,2026-09-30,,Scribd,scribd,,Fuite de données,Inconnu,France métropolitaine,Scribd,https://support.scribd.com/hc/fr/articles/53787421531284-Informations-concernant-l-incident-de-s%C3%A9curit%C3%A9-r%C3%A9cent,2026-10-01T17:58:53.706308+04:00
ITM-137149373c052d19,BONJOURLAFUITE,,2026-10-01,,Orkyn,orkyn,,Fuite de données,Inconnu,France métropolitaine,Orkyn,https://bonjourlafuite.eu.org/img/orkyn.png,2026-10-02T17:16:49.718104+04:00
ITM-6859261687785113,BONJOURLAFUITE,,2026-10-02,,LDLC,ldlc,,Fuite de données,Inconnu,France métropolitaine,LDLC,https://bonjourlafuite.eu.org/img/ldlc-2.png,2026-10-02T17:16:49.718104+04:00
ITM-4cf7d2d35340767a,BONJOURLAFUITE,,2026-10-02,,Région Hauts-de-France,region hauts de france,,Fuite de données,Administration / Collectivité,France métropolitaine,Région Hauts-de-France,https://bonjourlafuite.eu.org/img/hauts-de-france.jpg,2026-10-03T16:06:56.409081+04:00
ITM-f4e4e11cbcc11b38,CYBERATTAQUE_ORG,3068,2026-09-11,,Aqualter,aqualter,,Fuite de données,Énergie / Utilities,Inconnu,Aqualter : 187 000 numéros de téléphone exposés après une cyberattaque,https://www.cyberattaque.org/aqualter-187-000-numeros-de-telephone-exposes-apres-une-cyberattaque/,2026-09-12T16:42:23.051822+04:00
ITM-d5c554b19f3dcaa9,CYBERATTAQUE_ORG,3095,2026-09-11,,Boulanger,boulanger,,Fuite de données,Inconnu,Inconnu,Boulanger touché par une revendication de cyberattaque impliquant 132 000 dossiers SAV,https://www.cyberattaque.org/boulanger-touche-par-une-cyberattaque-avec-132-000-dossiers-sav-revendiques-en-fuite/,2026-09-12T16:42:23.051822+04:00
ITM-c9f092781992098e,CYBERATTAQUE_ORG,3078,2026-09-11,,Brevo,brevo,,Fuite de données,Numérique / Technologie,Inconnu,"Brevo : 138 comptes compromis, une vaste campagne de phishing frappe Trezor et CoinTracking",https://www.cyberattaque.org/brevo-cyberattaque-campagne-de-phishing-frappe-trezor-et-cointracking/,2026-09-12T16:42:23.051822+04:00
ITM-d6937a7d84d3f70d,CYBERATTAQUE_ORG,3086,2026-09-11,,GreenGo,greengo,,Phishing / fraude,Hébergement / Tourisme / Restauration,Inconnu,"GreenGo victime d’une cyberattaque : données de comptes, réservations et messages consultés",https://www.cyberattaque.org/greengo-victime-dune-cyberattaque-donnees-de-comptes-reservations-et-messages-potentiellement-consultes/,2026-09-12T16:42:23.051822+04:00
ITM-ba6d921c3cb19b45,CYBERATTAQUE_ORG,3006,2026-09-11,2026-09-02,Snexi,snexi,,Fuite de données,Construction / BTP,Inconnu,"2,2 millions de lignes et 50 000 digicodes liées à Citya en fuite après la cyberattaque contre Snexi",https://www.cyberattaque.org/citya-snexi-fuite-de-donnees-cyberattaque/,2026-09-12T16:42:23.051822+04:00
ITM-8e1b34e80f9a2eb7,CYBERATTAQUE_ORG,3080,2026-09-11,,Ville de Joigny,ville de joigny,,Ransomware,Administration / Collectivité,Inconnu,Cyberattaque contre la ville de Joigny : 268 795 tentatives d’intrusion en une semaine,https://www.cyberattaque.org/cyberattaque-contre-la-ville-de-joigny-268-795-tentatives-dintrusion-en-une-semaine/,2026-09-12T16:42:23.051822+04:00
ITM-5d16bc3a35cb2e27,CYBERATTAQUE_ORG,3117,2026-09-13,,Groupe MGEL,groupe mgel,,Fuite de données,Santé,Inconnu,Groupe MGEL visé par une cyberattaque : 450 000 IBAN et 38 millions de lignes revendiqués,https://www.cyberattaque.org/cyberattaque-groupe-mgel-mutuelle-vitalite-sante/,2026-09-13T16:22:56.304701+04:00
ITM-150823a6ef95df78,CYBERATTAQUE_ORG,3134,2026-09-13,,Sushi&Cie,sushi cie,,Fuite de données,Hébergement / Tourisme / Restauration,Inconnu,Sushi&Cie victime d’une cyberattaque plus de 6 000 clients en fuite,https://www.cyberattaque.org/sushicie-victime-dune-cyberattaque-plus-de-6-000-clients-en-fuite/,2026-09-14T17:25:36.408054+04:00
ITM-199a3a93438fa74e,CYBERATTAQUE_ORG,3169,2026-09-14,,Bouteilles et bocaux,bouteilles et bocaux,,Malware,Commerce / Distribution,Inconnu,Bouteilles et bocaux : une cyberattaque compromet la boutique en ligne et expose des données clients,https://www.cyberattaque.org/bouteilles-et-bocaux-une-cyberattaque-compromet-la-boutique-en-ligne-et-expose-des-donnees-clients/,2026-09-15T16:17:12.204443+04:00
ITM-fe9e2a84d331b7ab,CYBERATTAQUE_ORG,3145,2026-09-14,,Caridro Val de Loire,caridro val de loire,,Ransomware,Industrie / Manufacture,Inconnu,Caridro Val de Loire : des centaines de fichiers internes publiés après une cyberattaque,https://www.cyberattaque.org/caridro-val-de-loire-des-centaines-de-fichiers-internes-publies-apres-une-cyberattaque/,2026-09-14T17:25:36.408054+04:00
ITM-55735f00ce58c05d,CYBERATTAQUE_ORG,3165,2026-09-14,,Familea,familea,,Fuite de données,Inconnu,Inconnu,Familea victime d’une cyberattaque : les portails familles inaccessibles,https://www.cyberattaque.org/familea-bruguieres-cyberattaque-les-portails-familles-inaccessibles/,2026-09-15T16:17:12.204443+04:00
ITM-503153bbb0d8be59,CYBERATTAQUE_ORG,3150,2026-09-14,,Grand Delta Habitat,grand delta habitat,,Fuite de données,Construction / BTP,Inconnu,Grand Delta Habitat : 188 000 commandes et des données de locataires en fuite,https://www.cyberattaque.org/grand-delta-habitat-188-000-commandes-cyberattaque/,2026-09-14T17:25:36.408054+04:00
ITM-f2e010fc520c1cd0,CYBERATTAQUE_ORG,3158,2026-09-14,,Nature & Découvertes,nature decouvertes,,Fuite de données,Culture / Médias / Loisirs,Inconnu,Nature & Découvertes touché par une cyberattaque chez un prestataire,https://www.cyberattaque.org/nature-decouvertes-touche-par-une-cyberattaque-chez-un-prestataire/,2026-09-15T16:17:12.204443+04:00
ITM-71e8272f75aeb478,CYBERATTAQUE_ORG,3152,2026-09-14,,Revolut,revolut,,Phishing / fraude,Inconnu,Inconnu,Revolut piégé par de fausses demandes gouvernementales : des passeports transmis à un tiers,https://www.cyberattaque.org/revolut-piege-par-de-fausses-demandes-gouvernementales-des-passeports-transmis-a-un-tiers/,2026-09-14T17:25:36.408054+04:00
ITM-833fd1334242b547,CYBERATTAQUE_ORG,3161,2026-09-14,,Rosello et Fils,rosello et fils,,Ransomware,Inconnu,Inconnu,Rosello et Fils : près de 60 Go de données revendiqués par un ransomware,https://www.cyberattaque.org/rosello-et-fils-pres-de-60-go-de-donnees-revendique-par-un-ransomware/,2026-09-15T16:17:12.204443+04:00
ITM-9f3d8f5db9d90222,CYBERATTAQUE_ORG,3216,2026-09-15,,AFPA,afpa,,Fuite de données,Éducation / Formation,Inconnu,AFPA : près d’un million de dossiers revendiqués après une cyberattaque,https://www.cyberattaque.org/afpa-pres-dun-million-de-dossiers-revendiques-apres-une-cyberattaque/,2026-09-16T16:16:21.852957+04:00
ITM-28e858e26c316ede,CYBERATTAQUE_ORG,3172,2026-09-15,,Centrale Canine,centrale canine,,Fuite de données,Inconnu,Inconnu,Centrale Canine : une cyberattaque expose les données de plus de 122 000 personnes,https://www.cyberattaque.org/centrale-canine-une-cyberattaque-expose-les-donnees-de-plus-de-122-000-personnes/,2026-09-15T16:17:12.204443+04:00
ITM-344b889900c38717,CYBERATTAQUE_ORG,3210,2026-09-15,,Maison du Souvenir de Maillé,maison du souvenir de maille,,Ransomware,Culture / Médias / Loisirs,Inconnu,Maison du Souvenir de Maillé : vingt ans de travail numérique perdus après une cyberattaque,https://www.cyberattaque.org/maison-du-souvenir-de-maille-vingt-ans-de-travail-numerique-perdus-apres-une-cyberattaque/,2026-09-16T16:16:21.852957+04:00
ITM-f7f7641178235572,CYBERATTAQUE_ORG,3178,2026-09-15,,Papouille France,papouille france,,Fuite de données,Commerce / Distribution,Inconnu,Papouille France touché par la fuite de son compte BLGCloud avec 75 Go et 240 000 fichiers exposés,https://www.cyberattaque.org/papouille-france-touche-par-la-fuite-de-son-compte-blgcloud-avec-75-go-et-240-000-fichiers-exposes/,2026-09-15T16:17:12.204443+04:00
ITM-b4c1e713b305b165,CYBERATTAQUE_ORG,3194,2026-09-15,,Point Vision,point vision,,Fuite de données,Santé,Inconnu,Point Vision : une cyberattaque expose des numéros de sécurité sociale et des données de patients,https://www.cyberattaque.org/point-vision-une-cyberattaque-expose-des-numeros-de-securite-sociale-et-des-donnees-de-patients/,2026-09-16T16:16:21.852957+04:00
ITM-d602743d5213f84e,CYBERATTAQUE_ORG,3191,2026-09-15,,Welyb,welyb,,Fuite de données,Services aux entreprises,Inconnu,Welyb (AGIRIS) : une faille expose les données de clients de cabinets comptables,https://www.cyberattaque.org/cyberattaque-welyb-agiris-une-faille-expose-les-donnees-de-clients-de-cabinets-comptables/,2026-09-16T16:16:21.852957+04:00
ITM-60d103d1c68f03d5,CYBERATTAQUE_ORG,3231,2026-09-16,,CrowdSec,crowdsec,,Fuite de données,Numérique / Technologie,Inconnu,CrowdSec : son code source en fuite après la compromission d’une clé API,https://www.cyberattaque.org/crowdsec-son-code-source-en-fuite-apres-la-compromission-dune-cle-api/,2026-09-17T16:16:05.229738+04:00
ITM-4fef33cf24051868,CYBERATTAQUE_ORG,3227,2026-09-16,,Propertips by iad,propertips by iad,,Fuite de données,Inconnu,Inconnu,Propertips by iad visé par une cyberattaque : 413 000 clients et conseillers en fuite,https://www.cyberattaque.org/propertips-iad-cyberattaque-nosrezo/,2026-09-17T16:16:05.229738+04:00
ITM-1c5e3cf885791145,CYBERATTAQUE_ORG,3256,2026-09-17,,Greffe du Tribunal de Paris,greffe du tribunal de paris,,Fuite de données,Inconnu,Inconnu,Greffe du Tribunal de Paris : des adresses privées et données familiales de juges en fuite,https://www.cyberattaque.org/greffe-du-tribunal-de-paris-des-adresses-privees-et-donnees-familiales-de-juges-en-fuite/,2026-09-18T15:55:53.244402+04:00
ITM-c3a36ee338fcd65d,CYBERATTAQUE_ORG,3262,2026-09-17,,Pays de L’Aigle,pays de l aigle,,Fuite de données,Administration / Collectivité,Inconnu,Pays de L’Aigle : une cyberattaque contre les messageries fait craindre une fuite de données sensibles,https://www.cyberattaque.org/pays-de-laigle-une-cyberattaque-contre-les-messageries-fait-craindre-une-fuite-de-donnees-sensibles/,2026-09-18T15:55:53.244402+04:00
ITM-1835cac2bbdf9b81,CYBERATTAQUE_ORG,3253,2026-09-17,,Zenfirst,zenfirst,,Fuite de données,Numérique / Technologie,Inconnu,Zenfirst victime d’une cyberattaque : des milliers de données de facturation exposées,https://www.cyberattaque.org/zenfirst-victime-dune-cyberattaque-des-milliers-de-donnees-de-facturation-exposees/,2026-09-18T15:55:53.244402+04:00
ITM-f65edf5f508bc537,CYBERATTAQUE_ORG,3296,2026-09-18,,CUC Loisirs & Vacances,cuc loisirs vacances,,Fuite de données,Inconnu,Inconnu,CUC Loisirs & Vacances : des informations de santé de mineurs diffusées après une cyberattaque,https://www.cyberattaque.org/cuc-loisirs-vacances-des-informations-de-sante-de-mineurs-diffusees-apres-une-cyberattaque/,2026-09-19T15:40:34.135294+04:00
ITM-cf98c476194a920f,CYBERATTAQUE_ORG,3274,2026-09-18,,L’Orange bleue,l orange bleue,,Fuite de données,Sport,Inconnu,L’Orange bleue : 732 000 fiches d’adhérents et 440 000 IBAN dans une fuite massive après une cyberattaque,https://www.cyberattaque.org/lorange-bleue-732-000-fiches-dadherents-et-440-000-iban-dans-une-fuite-massive-apres-une-cyberattaque/,2026-09-18T15:55:53.244402+04:00
ITM-c0a5c593c02a2ac1,CYBERATTAQUE_ORG,3290,2026-09-18,,Le Club TotalEnergies,le club totalenergies,,Fuite de données,Inconnu,Inconnu,Le Club TotalEnergies touché par une cyberattaque : les historiques de transactions en fuite,https://www.cyberattaque.org/le-club-totalenergies-touche-par-une-cyberattaque-les-historiques-de-transactions-en-fuite/,2026-09-19T15:40:34.135294+04:00
ITM-ad21a15ec5046928,CYBERATTAQUE_ORG,3317,2026-09-19,,Diamonds Factory,diamonds factory,,Fuite de données,Commerce / Distribution,Inconnu,Diamonds Factory : 24 000 dossiers clients revendiqués après une cyberattaque,https://www.cyberattaque.org/diamonds-factory-24-000-commandes-clients-revendiques-apres-une-cyberattaque/,2026-09-20T15:53:25.890309+04:00
ITM-7d6ccc67269f5b03,CYBERATTAQUE_ORG,3331,2026-09-19,,Faktus,faktus,,Ransomware,Construction / BTP,Inconnu,"Faktus : 53,7 Go de données financières et documents sensibles publiés",https://www.cyberattaque.org/faktus-cyberattaque-facture/,2026-09-20T15:53:25.890309+04:00
ITM-1ad101a9d7b8c74b,CYBERATTAQUE_ORG,3328,2026-09-19,,VitalWeb,vitalweb,,Fuite de données,Santé,Inconnu,VitalWeb : 50 000 dossiers patients avec numéros de sécurité sociale revendiqués,https://www.cyberattaque.org/vitalweb-50-000-dossiers-patients-cyberattaque/,2026-09-20T15:53:25.890309+04:00
ITM-2fd98345b31cfa11,CYBERATTAQUE_ORG,3322,2026-09-19,,Whoof,whoof,,Fuite de données,Services aux entreprises,Inconnu,Whoof : 5 000 adoptants et éleveurs exposés après une cyberattaque,https://www.cyberattaque.org/whoof-5-000-adoptants-et-eleveurs-exposes-apres-une-cyberattaque/,2026-09-20T15:53:25.890309+04:00
ITM-d11f67dd2938905f,CYBERATTAQUE_ORG,3342,2026-09-20,,Biocoop,biocoop,,Fuite de données,Commerce / Distribution,Inconnu,"Biocoop : 2,8 Go de données internes  exposés après une cyberattaque",https://www.cyberattaque.org/biocoop-28-go-de-donnees-internes-exposes-apres-une-cyberattaque/,2026-09-21T17:25:40.803837+04:00
ITM-2723da88bd99eab7,CYBERATTAQUE_ORG,3335,2026-09-20,,Hôpital Paris Saint-Joseph,hopital paris saint joseph,,Fuite de données,Santé,Inconnu,Hôpital Paris Saint-Joseph : les données de plus de 15 000 patients en fuite,https://www.cyberattaque.org/hopital-paris-saint-joseph-cyberattaque/,2026-09-20T15:53:25.890309+04:00
ITM-05857de0f71c8328,CYBERATTAQUE_ORG,3339,2026-09-20,,Oceania Hotels,oceania hotels,,Fuite de données,Inconnu,Inconnu,Oceania Hotels : les réservations clients exposées après une cyberattaque,https://www.cyberattaque.org/oceania-hotels-les-reservations-clients-exposees-apres-une-cyberattaque/,2026-09-21T17:25:40.803837+04:00
ITM-38329d4e6d55bd06,CYBERATTAQUE_ORG,3360,2026-09-21,,Altagem,altagem,,Fuite de données,Numérique / Technologie,Inconnu,"Altagem : clients, équipes et données opérationnelles exposés après une cyberattaque",https://www.cyberattaque.org/altagem-clients-equipes-et-donnees-operationnelles-exposes-apres-une-cyberattaque/,2026-09-22T16:10:07.104972+04:00
ITM-125ecc75c86de073,CYBERATTAQUE_ORG,3363,2026-09-21,,Amadeus iHotelier,amadeus ihotelier,,Fuite de données,Inconnu,Inconnu,Amadeus iHotelier : une cyberattaque expose les réservations de plusieurs hôtels en France,https://www.cyberattaque.org/amadeus-ihotelier-une-cyberattaque-expose-les-reservations-de-plusieurs-hotels-en-france/,2026-09-22T16:10:07.104972+04:00
ITM-bf39b996c07db18b,CYBERATTAQUE_ORG,3357,2026-09-21,,Fédération Française de Spéléologie,federation francaise de speleologie,,Fuite de données,Sport,Inconnu,Fédération Française de Spéléologie : 93 000 membres et des données bancaires revendiqués après une cyberattaque,https://www.cyberattaque.org/federation-francaise-de-speleologie-93-000-membres-et-des-donnees-bancaires-revendiques-apres-une-cyberattaque/,2026-09-21T17:25:40.803837+04:00
ITM-0d9bd76ee056595f,CYBERATTAQUE_ORG,3349,2026-09-21,,WayToMe,waytome,,Fuite de données,Transport / Logistique,Inconnu,WayToMe : 147 000 utilisateurs et des milliers de trajets exposés après une cyberattaque,https://www.cyberattaque.org/waytome-147-000-utilisateurs-et-des-milliers-de-trajets-exposes-apres-une-cyberattaque/,2026-09-21T17:25:40.803837+04:00
ITM-0ac79d848c8a7f5b,CYBERATTAQUE_ORG,3382,2026-09-22,,ColisPort,colisport,,Fuite de données,Transport / Logistique,Inconnu,ColisPort : une fuite dévoile les trajets et contenus de 20 000 colis,https://www.cyberattaque.org/colisport-pres-de-20-000-expeditions-en-fuite-apres-une-cyberattaque/,2026-09-22T16:10:07.104972+04:00
ITM-2848a93dd9fe3db8,CYBERATTAQUE_ORG,3392,2026-09-22,,Legalstart,legalstart,,Fuite de données,Inconnu,Inconnu,Legalstart : une cyberattaque expose les données personnelles de ses clients,https://www.cyberattaque.org/legalstart-une-cyberattaque-expose-les-donnees-personnelles-de-ses-clients/,2026-09-23T16:22:10.938160+04:00
ITM-5e921c89c3e59cda,CYBERATTAQUE_ORG,3400,2026-09-22,,Paymium,paymium,,Fuite de données,Numérique / Technologie,Inconnu,Paymium : des données personnelles de clients exposées après une cyberattaque,https://www.cyberattaque.org/paymium-des-donnees-personnelles-de-clients-exposees-apres-une-cyberattaque/,2026-09-23T16:22:10.938160+04:00
ITM-1cbac99e79ca519d,CYBERATTAQUE_ORG,3412,2026-09-23,,Autobacs,autobacs,,Fuite de données,Inconnu,Inconnu,Autobacs : 34 000 rendez-vous atelier exposés après une cyberattaque,https://www.cyberattaque.org/autobacs-34-000-rendez-vous-atelier-exposes-apres-une-cyberattaque/,2026-09-23T16:22:10.938160+04:00
ITM-e1b71444a044165f,CYBERATTAQUE_ORG,3418,2026-09-23,,BackPower,backpower,,Fuite de données,Industrie / Manufacture,Inconnu,BackPower : 47 millions de lignes revendiquées dans une fuite massive,https://www.cyberattaque.org/cyberatatque-backpower-47-millions-de-lignes-revendiquees-dans-une-fuite-massive/,2026-09-23T16:22:10.938160+04:00
ITM-a81f7bbc656d355c,CYBERATTAQUE_ORG,3406,2026-09-23,,MesMarches,mesmarches,,Fuite de données,Inconnu,Inconnu,MesMarches : 2 535 profils d’exposants en fuite fuite,https://www.cyberattaque.org/mesmarches-2-535-profils-dexposants-en-fuite-fuite/,2026-09-23T16:22:10.938160+04:00
ITM-6342a8dff0435157,CYBERATTAQUE_ORG,3428,2026-09-23,,Place des Salariés,place des salaries,,Fuite de données,Inconnu,Inconnu,Cyberattaque chez Place des Salariés : des données familiales et administratives compromises,https://www.cyberattaque.org/cyberattaque-chez-place-des-salaries-des-donnees-familiales-et-administratives-compromises/,2026-09-23T16:22:10.938160+04:00
ITM-17a00c0247dd7a43,CYBERATTAQUE_ORG,3415,2026-09-23,,Twizzit,twizzit,,Fuite de données,Association / Syndicat,Inconnu,"Twizzit : 1,53 million de membres de clubs et associations en fuite",https://www.cyberattaque.org/cyberattaque-twizzit-1-53-million-de-membres-de-clubs-et-associations-en-fuite/,2026-09-23T16:22:10.938160+04:00
ITM-ef31181ba33d93c4,CYBERATTAQUE_ORG,3409,2026-09-23,,Uniformation,uniformation,,Fuite de données,Éducation / Formation,Inconnu,Uniformation : 1 200 stagiaires en fuite avec leurs numéros de Sécurité sociale,https://www.cyberattaque.org/uniformation-1-200-stagiaires-en-fuite-avec-leurs-numeros-de-securite-sociale/,2026-09-23T16:22:10.938160+04:00
ITM-a7b504fada9742bc,CYBERATTAQUE_ORG,3440,2026-09-24,,Aéroclub de l’AIA,aeroclub de l aia,,Fuite de données,Inconnu,Inconnu,Aéroclub de l’AIA : les licences des pilotes et personnels liés à la Défense exposés,https://www.cyberattaque.org/acaia-fr-pirate-les-licences-des-pilotes-et-personnels-lies-a-la-defense-expose/,2026-09-24T16:21:53.228344+04:00
ITM-2233ef32480f1f3a,CYBERATTAQUE_ORG,3445,2026-09-24,,ARNtreal,arntreal,,Fuite de données,Inconnu,Inconnu,ARNtreal : 101 000 utilisateurs et leurs réseaux sociaux revendiqués dans une fuite de données,https://www.cyberattaque.org/cyberattaque-arntreal-101-000-utilisateurs-et-leurs-reseaux-sociaux-revendiques-dans-une-fuite-massive/,2026-09-24T16:21:53.228344+04:00
ITM-b4e82cd6fe86752f,CYBERATTAQUE_ORG,3325,2026-09-24,,ASP,asp,,Fuite de données,Administration / Collectivité,Inconnu,ASP : une cyberattaque expose 143 000 lignes de bénéficiaires du Coup de pouce énergie,https://www.cyberattaque.org/asp-une-cyberattaque-expose-143-000-lignes-de-beneficiaires-daides-publiques/,2026-09-25T16:22:16.069864+04:00
ITM-fe880dc862c0705f,CYBERATTAQUE_ORG,3469,2026-09-24,,Doinsport,doinsport,,Fuite de données,Numérique / Technologie,Inconnu,"Doinsport : 1,75 million de réservations de la plateforme sportive revendiquées",https://www.cyberattaque.org/cyberattaque-doinsport-175-million-de-reservations-de-la-plateforme-sportive-revendiquees/,2026-09-25T16:22:16.069864+04:00
ITM-5eb84c7bc13fac7a,CYBERATTAQUE_ORG,3437,2026-09-24,,Horizane Santé,horizane sante,,Phishing / fraude,Santé,Inconnu,Horizane Santé : près de 9 000 comptes clients et un accès administrateur en fuite,https://www.cyberattaque.org/horizane-sante-pres-de-9-000-comptes-clients-et-un-acces-administrateur-en-fuite/,2026-09-24T16:21:53.228344+04:00
ITM-8d83a6975038d2a2,CYBERATTAQUE_ORG,3465,2026-09-24,,"Maileva, filiale de La Poste",maileva filiale de la poste,,Fuite de données,Inconnu,Inconnu,"Maileva, filiale de La Poste victime d’une cyberattaque",https://www.cyberattaque.org/maileva-filiale-de-la-poste-victime-dune-cyberattaque/,2026-09-25T16:22:16.069864+04:00
ITM-d19dfd6b22e0c54c,CYBERATTAQUE_ORG,3449,2026-09-24,,Uptoo,uptoo,,Fuite de données,Services aux entreprises,Inconnu,Uptoo : 740 000 CV revendiqués après une cyberattaque,https://www.cyberattaque.org/uptoo-740-000-cv-revendiques-apres-une-cyberattaque/,2026-09-24T16:21:53.228344+04:00
ITM-2b0b9abe0b53420c,CYBERATTAQUE_ORG,3480,2026-09-25,,Century 21,century21,,Fuite de données,Construction / BTP,Inconnu,Century 21 : les données de près de 131 000 personnes mises en vente après une cyberattaque,https://www.cyberattaque.org/century-21-les-donnees-de-pres-de-131-000-personnes-mises-en-vente-apres-une-cyberattaque/,2026-09-25T16:22:16.069864+04:00
ITM-940e8480763f4152,CYBERATTAQUE_ORG,3498,2026-09-25,,GeoNat’îdF,geonat idf,,Fuite de données,Inconnu,Inconnu,GeoNat’îdF : les données de 3 400 utilisateurs de la plateforme biodiversité francilienne piraté,https://www.cyberattaque.org/geonatidf-les-donnees-de-3-400-utilisateurs-de-la-plateforme-biodiversite-francilienne-pirate/,2026-09-26T15:53:09.706936+04:00
ITM-007146cf8e7f7faa,CYBERATTAQUE_ORG,3493,2026-09-25,,Pharmaland,pharmaland,,Fuite de données,Numérique / Technologie,Inconnu,Pharmaland : près de 6 800 fiches liées aux pharmacies en fuite,https://www.cyberattaque.org/pharmaland-cyberattaque-pres-de-6-800-fiches-liees-aux-pharmacies-en-fuite/,2026-09-26T15:53:09.706936+04:00
ITM-62947b2584fea96b,CYBERATTAQUE_ORG,3488,2026-09-25,,Plurélya,plurelya,,Fuite de données,Association / Syndicat,Inconnu,Plurélya : les données de 150 114 agents publics et enfants mises en vente sur le dark web,https://www.cyberattaque.org/cyberattaque-plurelya-les-donnees-de-150-114-agents-publics-et-enfants-mises-en-vente-sur-le-dark-web/,2026-09-26T15:53:09.706936+04:00
ITM-941dd2f94b39a7a7,CYBERATTAQUE_ORG,3502,2026-09-25,,Réassurez-moi,reassurez moi,,Fuite de données,Finance / Assurance,Inconnu,Réassurez-moi : les données personnelles et financières de clients exfiltrées,https://www.cyberattaque.org/reassurez-moi-cyberattaque/,2026-09-26T15:53:09.706936+04:00
ITM-87c0985509c2834f,CYBERATTAQUE_ORG,3526,2026-09-26,,Aestria,aestria,,Fuite de données,Numérique / Technologie,Inconnu,Aestria : les données clients et outils internes d’un prestataire cyber en fuite,https://www.cyberattaque.org/aestria-les-donnees-clients-et-outils-internes-dun-prestataire-cyber-en-fuite/,2026-09-26T15:53:09.706936+04:00
ITM-836dec82b89651c4,CYBERATTAQUE_ORG,3539,2026-09-26,,CAPM Europe,capm europe,,Incident tiers,Commerce / Distribution,Inconnu,"CAPM Europe : 200 Go d’e-mails, documents et données CRM diffusés",https://www.cyberattaque.org/capm-europe-cyberattaque-200-go-de-mails-documents-et-donnees-crm-diffuses/,2026-09-27T16:32:51.615748+04:00
ITM-13a0dd1fe75a3d19,CYBERATTAQUE_ORG,3530,2026-09-26,,Carrefour,carrefour,,Phishing / fraude,Inconnu,Inconnu,Carrefour : des données clients exposées après la cyberattaque de son prestataire,https://www.cyberattaque.org/carrefour-des-donnees-clients-exposees-apres-la-cyberattaque-de-son-prestataire/,2026-09-27T16:32:51.615748+04:00
ITM-78fe7aab661bac6b,CYBERATTAQUE_ORG,3504,2026-09-26,,Celinni,celinni,,Fuite de données,Commerce / Distribution,Inconnu,Celinni : les propriétaires de bijoux exposés après une cyberattaque,https://www.cyberattaque.org/celinni-les-proprietaires-de-bijoux-exposes-apres-une-cyberattaque/,2026-09-26T15:53:09.706936+04:00
ITM-fe2e580e6e7e9ee8,CYBERATTAQUE_ORG,3546,2026-09-26,,Cigusto,cigusto,,Fuite de données,Commerce / Distribution,Inconnu,Cigusto : les données de 150 000 clients de l’enseigne de vape revendiquées,https://www.cyberattaque.org/cigusto-les-donnees-de-150-000-clients-de-lenseigne-de-vape-revendiquees/,2026-09-27T16:32:51.615748+04:00
ITM-e0b816c11ea06148,CYBERATTAQUE_ORG,3522,2026-09-26,,Communauto,communauto,,Phishing / fraude,Inconnu,Inconnu,Communauto : les permis de conduire des membres volés après une cyberattaque,https://www.cyberattaque.org/communauto-permis-cyberattaque-voles/,2026-09-26T15:53:09.706936+04:00
ITM-bb335056dc05007d,CYBERATTAQUE_ORG,3535,2026-09-26,,Ecofone,ecofone,,Fuite de données,Commerce / Distribution,Inconnu,Ecofone : une faille zero-day de Magento ouvre l’accès aux données de ses clients,https://www.cyberattaque.org/ecofone-une-faille-zero-day-de-magento-ouvre-lacces-aux-donnees-de-ses-clients/,2026-09-27T16:32:51.615748+04:00
ITM-df8c923ab4355097,CYBERATTAQUE_ORG,3555,2026-09-27,,Agefiph,agefiph,,Fuite de données,Association / Syndicat,Inconnu,Agefiph : les données de 3 700 personnes en situation de handicap diffusées,https://www.cyberattaque.org/agefiph-les-donnees-de-3-700-personnes-en-situation-de-handicap-diffusees/,2026-09-28T18:37:25.370361+04:00
ITM-c71035c1743d0d7f,CYBERATTAQUE_ORG,3559,2026-09-27,,Score’n’co,score n co,,Fuite de données,Sport,Inconnu,Score’n’co : près de 23 000 fiches de membres de clubs sportifs en fuite,https://www.cyberattaque.org/scorenco-pres-de-23-000-fiches-de-membres-de-clubs-sportifs-en-fuite/,2026-09-28T18:37:25.370361+04:00
ITM-d07b9bcfd1582595,CYBERATTAQUE_ORG,3551,2026-09-27,,SDIS 80,sdis80,,Fuite de données,Inconnu,Inconnu,SDIS 80 : près de 2 500 sapeurs-pompiers et agents de la Somme dans une fuite de données,https://www.cyberattaque.org/sdis-80-pres-de-2-500-sapeurs-pompiers-et-agents-de-la-somme-dans-une-fuite-de-donnees/,2026-09-27T16:32:51.615748+04:00
ITM-440e6318a1c30c27,CYBERATTAQUE_ORG,3582,2026-09-28,,Alaxione,alaxione,,Fuite de données,Santé,Inconnu,"Alaxione : 8,6 millions de patients revendiqués dans une nouvelle fuite",https://www.cyberattaque.org/alaxione-86-millions-de-patients-revendiques-dans-une-nouvelle-fuite/,2026-09-28T18:37:25.370361+04:00
ITM-3985dc3501ee59cc,CYBERATTAQUE_ORG,3570,2026-09-28,,Azaé,azae,,Fuite de données,Santé,Inconnu,Azaé : près de 3 700 fichiers révèlent des informations médicales sur des bénéficiaires,https://www.cyberattaque.org/azae-cyberattaque-fichiers-revelent-des-informations-medicales-sur-des-beneficiaires/,2026-09-28T18:37:25.370361+04:00
ITM-cbb2add2423dab99,CYBERATTAQUE_ORG,3602,2026-09-28,,Colec,colec,,Fuite de données,Inconnu,Inconnu,"Colec victime d’une cyberattaque, 3,36 Go de données en fuite",https://www.cyberattaque.org/colec-victime-dune-cyberattaque-336-go-de-donnees-en-fuite/,2026-09-29T17:28:34.764918+04:00
ITM-10674cb44aa7043d,CYBERATTAQUE_ORG,3575,2026-09-28,,Kiassure,kiassure,,Fuite de données,Inconnu,Inconnu,Kiassure : 42 000 dossiers clients dans une fuite de données,https://www.cyberattaque.org/kiassure-42-000-dossiers-clients-dans-une-fuite-de-donnees/,2026-09-28T18:37:25.370361+04:00
ITM-9657d834dd0601bc,CYBERATTAQUE_ORG,3597,2026-09-28,,Les Clés de l’Atelier,les cles de l atelier,,Fuite de données,Éducation / Formation,Inconnu,Les Clés de l’Atelier : une fuite expose des données de stagiaires,https://www.cyberattaque.org/les-cles-de-latelier-une-fuite-expose-des-donnees-de-stagiaires/,2026-09-29T17:28:34.764918+04:00
ITM-2c167a8668e618ce,CYBERATTAQUE_ORG,3579,2026-09-28,,Oracio,oracio,,Fuite de données,Inconnu,Inconnu,Oracio : les adresses de 96 000 personnes exposées avec 1 856 digicodes après une cyberattaque,https://www.cyberattaque.org/oracio-les-adresses-de-96-000-personnes-exposees-avec-1-856-digicodes-apres-une-cyberattaque/,2026-09-28T18:37:25.370361+04:00
ITM-edb7d1a852000421,CYBERATTAQUE_ORG,3564,2026-09-28,,Planity,planity,,Fuite de données,Numérique / Technologie,Inconnu,Planity : 17 244 fiches clients diffusées après une nouvelle cyberattaque,https://www.cyberattaque.org/planity-17-244-fiches-clients-diffusees-apres-une-nouvelle-cyberattaque/,2026-09-28T18:37:25.370361+04:00
ITM-657c2ae5867382da,CYBERATTAQUE_ORG,3567,2026-09-28,,Portalia,portalia,,Fuite de données,Services aux entreprises,Inconnu,Cyberattaque chez Portalia : 22 000 documents en fuite,https://www.cyberattaque.org/cyberattaque-chez-portalia-22-000-documents-en-fuite/,2026-09-28T18:37:25.370361+04:00
ITM-3f5eaa43b32ed106,CYBERATTAQUE_ORG,3591,2026-09-28,,Spareka,spareka,,Fuite de données,Commerce / Distribution,Inconnu,Spareka : près de 8 000 demandes de réparation avec les coordonnées des clients en fuite,https://www.cyberattaque.org/spareka-cyberattaque-pres-de-8-000-demandes-de-reparation-avec-les-coordonnees-des-clients-en-fuite/,2026-09-28T18:37:25.370361+04:00
ITM-09ae81f88d704788,CYBERATTAQUE_ORG,3611,2026-09-28,,Talentplug,talentplug,,Fuite de données,Numérique / Technologie,Inconnu,Talentplug : près de 119 000 candidatures diffusées sur le Dark Web,https://www.cyberattaque.org/talentplug-cyberattaque-pres-de-119-000-candidatures-diffusees-sur-le-dark-web/,2026-09-29T17:28:34.764918+04:00
ITM-be00db59b1438cc3,CYBERATTAQUE_ORG,3621,2026-09-29,,Alaxione,alaxione,,Fuite de données,Inconnu,Inconnu,"Alaxione : les données de santé de 16,2 millions de personnes en fuite, 67 centres Point Vision concernés",https://www.cyberattaque.org/alaxione-les-donnees-de-sante-de-162-millions-de-personnes-en-fuite-67-centres-point-vision-concernes/,2026-09-29T17:28:34.764918+04:00
ITM-5744bb10e363ee11,CYBERATTAQUE_ORG,3653,2026-09-29,,Krys Group,krys group,,Fuite de données,Inconnu,Inconnu,Krys Group : les données de plus de 8 000 personnes diffusées après une cyberattaque,https://www.cyberattaque.org/krys-group-les-donnees-de-plus-de-8-000-personnes-diffusees-apres-une-cyberattaque/,2026-09-30T17:06:05.733275+04:00
ITM-124f61428b5d1c25,CYBERATTAQUE_ORG,3649,2026-09-29,,Laboratoire LCS,laboratoire lcs,,Fuite de données,Inconnu,Inconnu,Laboratoire LCS : les données de 30 000 porteurs de lentilles en fuite,https://www.cyberattaque.org/cyberattaque-laboratoire-lcs-les-donnees-de-30-000-porteurs-de-lentilles-en-fuite/,2026-09-30T17:06:05.733275+04:00
ITM-f080d1df4f2bf7c2,CYBERATTAQUE_ORG,3617,2026-09-29,,Orisha,orisha,,Fuite de données,Inconnu,Inconnu,"Orisha : 1,3 million de personnes et 143 000 IBAN revendiqués après une cyberattaque",https://www.cyberattaque.org/orisha-groupe-kel-13-million-de-personnes-et-143-000-iban-revendiques-apres-une-cyberattaque/,2026-09-29T17:28:34.764918+04:00
ITM-ae79e76944d286e2,CYBERATTAQUE_ORG,3655,2026-09-29,,SFR,sfr,,Fuite de données,Inconnu,Inconnu,SFR : près de 16 000 dossiers de rendez-vous de raccordement diffusés sur le Darknet,https://www.cyberattaque.org/sfr-pres-de-16-000-dossiers-de-rendez-vous-de-raccordement-diffuses-sur-le-darknet/,2026-09-30T17:06:05.733275+04:00
ITM-c8f525e9a3f7b53d,CYBERATTAQUE_ORG,3709,2026-09-30,,Adéquat,adequat,,Fuite de données,Inconnu,Inconnu,Adéquat : les données de candidats exposées pendant trois mois,https://www.cyberattaque.org/adequat-les-donnees-de-candidats-exposees-pendant-trois-mois/,2026-10-01T17:58:53.706308+04:00
ITM-8bcee1e00b142e81,CYBERATTAQUE_ORG,3694,2026-09-30,,Distinxion,distinxion,,Fuite de données,Commerce / Distribution,Inconnu,Distinxion (autos.fr) : près de 500 000 prospects exposés après une cyberattaque,https://www.cyberattaque.org/distinxion-autos-fr-pres-de-500-000-prospects-exposes-apres-une-cyberattaque/,2026-10-01T17:58:53.706308+04:00
ITM-a829786dc28c17d2,CYBERATTAQUE_ORG,3718,2026-09-30,,École vétérinaire d’Alfort,ecole veterinaire d alfort,,Autre cyber,Éducation / Formation,Inconnu,École vétérinaire d’Alfort : des accès administrateurs et cookies de session revendiqués par un hacker,https://www.cyberattaque.org/ecole-veterinaire-dalfort-des-acces-administrateurs-et-cookies-de-session-revendiques-par-un-hacker/,2026-10-01T17:58:53.706308+04:00
ITM-932b21522a14c938,CYBERATTAQUE_ORG,3666,2026-09-30,,FFRandonnée,ffrandonnee,,Fuite de données,Sport,Inconnu,"FFRandonnée : 1,43 million de fiches d’adhérents en fuite après une cyberattaque",https://www.cyberattaque.org/ffrandonnee-143-million-de-fiches-dadherents-en-fuite-apres-une-cyberattaque/,2026-09-30T17:06:05.733275+04:00
ITM-e0a1c2970766eda5,CYBERATTAQUE_ORG,3698,2026-09-30,,Fiducial,fiducial,,Ransomware,Finance / Assurance,Inconnu,Fiducial : 65 Go de données judiciaires et financières revendiqués par un ransomware,https://www.cyberattaque.org/fiducial-65-go-de-donnees-judiciaires-et-financieres-revendiques-par-un-ransomware/,2026-10-01T17:58:53.706308+04:00
ITM-52021e0428705e8a,CYBERATTAQUE_ORG,3682,2026-09-30,,Frontières,frontieres,,Phishing / fraude,Inconnu,Inconnu,Frontières : les données personnelles de ses utilisateurs se retrouvent exposées,https://www.cyberattaque.org/frontieres-les-donnees-personnelles-de-ses-utilisateurs-se-retrouvent-exposees/,2026-10-01T17:58:53.706308+04:00
ITM-a9b3731f84e8fcb3,CYBERATTAQUE_ORG,3688,2026-09-30,,Région Centre-Val de Loire,region centre val de loire,,Fuite de données,Administration / Collectivité,Inconnu,Région Centre-Val de Loire : des milliers de dossiers en fuite après une cyberattaque,https://www.cyberattaque.org/region-centre-val-de-loire-des-milliers-de-dossiers-en-fuite-apres-une-cyberattaque/,2026-10-01T17:58:53.706308+04:00
ITM-822ff9995158b39f,CYBERATTAQUE_ORG,3672,2026-09-30,,Scribd,scribd,,Fuite de données,Inconnu,Inconnu,Scribd confirme une cyberattaque ayant exposé les données de certains utilisateurs,https://www.cyberattaque.org/scribd-confirme-une-cyberattaque-ayant-expose-les-donnees-de-certains-utilisateurs/,2026-09-30T17:06:05.733275+04:00
ITM-bae52b0457f84ed3,CYBERATTAQUE_ORG,3723,2026-09-30,,SDIS 66,sdis66,,Fuite de données,Administration / Collectivité,Inconnu,SDIS 66 : 118 892 interventions et près de 100 000 documents médicaux revendiqués par un hacker,https://www.cyberattaque.org/sdis-66-118-892-interventions-et-pres-de-100-000-documents-medicaux-revendiques-par-un-hacker/,2026-10-01T17:58:53.706308+04:00
ITM-4126568309d0df84,CYBERATTAQUE_ORG,3764,2026-10-01,,ADMR,admr,,Phishing / fraude,Inconnu,Inconnu,ADMR : près de 10 000 comptes internes exposés dans une nouvelle fuite,https://www.cyberattaque.org/cyberattaque-admr-pres-de-10-000-comptes-internes-exposes-dans-une-nouvelle-fuite/,2026-10-02T17:16:49.718104+04:00
ITM-90bd691fdd612fe3,CYBERATTAQUE_ORG,3737,2026-10-01,,Avantages Jeunes,avantages jeunes,,Fuite de données,Inconnu,Inconnu,"Avantages Jeunes : 318 000 profils en fuite, des milliers de mineurs exposés",https://www.cyberattaque.org/avantages-jeunes-cyberattaque-318-000-profils-en-fuite-des-milliers-de-mineurs-exposes/,2026-10-01T17:58:53.706308+04:00
ITM-1e065b3c91aaa21e,CYBERATTAQUE_ORG,3743,2026-10-01,,GPS Santé,gps sante,,Fuite de données,Santé,Inconnu,GPS Santé : 150 000 patients revendiqués après l’exploitation d’un compte médecin,https://www.cyberattaque.org/gps-sante-150-000-patients-cyberattaque/,2026-10-01T17:58:53.706308+04:00
ITM-cbaeb98fe6a028a3,CYBERATTAQUE_ORG,3753,2026-10-01,,Orkyn,orkyn,,Phishing / fraude,Santé,Inconnu,Orkyn : les données de santé de 18 000 patients volés après une cyberattaque,https://www.cyberattaque.org/orkyn-les-donnees-de-sante-de-patients-voles-apres-une-cyberattaque/,2026-10-01T17:58:53.706308+04:00
ITM-529e9bc1d8b0b2b9,CYBERATTAQUE_ORG,3749,2026-10-01,,VosFactures,vosfactures,,Phishing / fraude,Inconnu,Inconnu,VosFactures touché par une cyberattaque : les factures exposées,https://www.cyberattaque.org/vosfactures-touche-par-une-cyberattaque-les-factures-exposes/,2026-10-01T17:58:53.706308+04:00
ITM-4adba0907ebb4df2,CYBERATTAQUE_ORG,3800,2026-10-02,,Cnam,cnam,,Fuite de données,Inconnu,Inconnu,Cnam : près de 900 000 fiches et 16 000 profils d’enseignants en fuite,https://www.cyberattaque.org/cyberattaque-cnam-pres-de-16-000-profils-denseignants-exposes-dans-une-fuite-de-donnees/,2026-10-03T16:06:56.409081+04:00
ITM-d61873a685a029e5,CYBERATTAQUE_ORG,3789,2026-10-02,,FitnessBoutique,fitnessboutique,,Fuite de données,Inconnu,Inconnu,FitnessBoutique : près de 2 millions de fiches clients en vente sur le darkweb,https://www.cyberattaque.org/fitnessboutique-cyberattaque/,2026-10-03T16:06:56.409081+04:00
ITM-b37b70c86aebf7d3,CYBERATTAQUE_ORG,3807,2026-10-02,,FMG Sales & Marketing,fmg sales marketing,,Fuite de données,Inconnu,Inconnu,FMG Sales & Marketing : plus de 10 000 intervenants exposés dans une fuite de données,https://www.cyberattaque.org/fmg-sales-marketing-cyberattaque-plus-de-10-000-intervenants-exposes-dans-une-fuite-de-donnees/,2026-10-03T16:06:56.409081+04:00
ITM-1b035ef8f062eb0f,CYBERATTAQUE_ORG,3782,2026-10-02,,Genae Écully,genae ecully,,Phishing / fraude,Inconnu,Inconnu,Genae Écully : les habitudes de fréquentation de 1 848 adhérents exposés après une cyberattaque,https://www.cyberattaque.org/genae-ecully-cyberattaque-fitnesskpi-1-848-adherents-exposes-avec-leurs-paiements-et-habitudes-de-frequentation/,2026-10-03T16:06:56.409081+04:00
ITM-d7a9babc80009049,CYBERATTAQUE_ORG,3771,2026-10-02,,LDLC,ldlc,,Phishing / fraude,Numérique / Technologie,Inconnu,LDLC victime d’une cyberattaque : les données personnelles de clients exposées,https://www.cyberattaque.org/ldlc-victime-dune-cyberattaque-les-donnees-personnelles-de-clients-exposees/,2026-10-02T17:16:49.718104+04:00
ITM-29c89bfb16bd4cc9,CYBERATTAQUE_ORG,3797,2026-10-02,,Région Hauts-de-France,region hauts de france,,Fuite de données,Administration / Collectivité,Inconnu,Région Hauts-de-France : des données personnelles exposées suite à une cyberattaque chez ATEXO,https://www.cyberattaque.org/region-hauts-de-france-des-donnees-personnelles-exposees-suite-a-une-cyberattaque-chez-atexo/,2026-10-03T16:06:56.409081+04:00
ITM-ec2e708fa6b23c43,CYBERATTAQUE_ORG,3834,2026-10-03,,CAPEB,capeb,,Fuite de données,Inconnu,Inconnu,"CAPEB : 3,9 millions de lignes diffusées, 500 000 artisans en fuite",https://www.cyberattaque.org/capeb-cyberattaque-3-9-millions-de-lignes-diffusees-500-000-artisans-en-fuite/,2026-10-03T16:06:56.409081+04:00
ITM-16003d29d20ffaa0,CYBERATTAQUE_ORG,3810,2026-10-03,,CGT de l’Aude,cgt de l aude,,Fuite de données,Inconnu,Inconnu,CGT de l’Aude: plus de 76 000 personnes exposées après une cyberattaque,https://www.cyberattaque.org/cgt-plus-de-100-000-personnes-exposees-apres-la-decouverte-dune-vulnerabilite/,2026-10-03T16:06:56.409081+04:00
ITM-f3f9c9c9797956e3,CYBERATTAQUE_ORG,3818,2026-10-03,,CNEH,cneh,,Ransomware,Santé,Inconnu,CNEH : 645 Go de données menacées de diffusion par un ransomware,https://www.cyberattaque.org/cyberattaque-centre-national-de-expertise-hospitaliere/,2026-10-03T16:06:56.409081+04:00
ITM-8b87c4bab3fdb358,CYBERATTAQUE_ORG,3107,2026-10-03,2026-09-10,NaturaBuy,naturabuy,,Fuite de données,Commerce / Distribution,Inconnu,"NaturaBuy victime d’une cyberattaque : 1,43 million de comptes exposés, un risque pour les détenteurs d’armes",https://www.cyberattaque.org/naturabuy-victime-dune-cyberattaque-un-risque-pour-les-detenteurs-darmes/,2026-09-12T16:42:23.051822+04:00
ITM-e1e3ecdb12ce1f80,FRENCHBREACHES,https://frenchbreaches.com/alertes/aqualter-mtw3s7ufzaqj8v0kb3b,2026-09-11,,Aqualter,aqualter,Fuite de données,Fuite de données,Industrie / Manufacture,France métropolitaine,Aqualter,https://frenchbreaches.com/alertes/aqualter-mtw3s7ufzaqj8v0kb3b,2026-09-12T16:42:23.051822+04:00
ITM-6d660f08d2bb4755,FRENCHBREACHES,https://frenchbreaches.com/alertes/boulanger-mtx6sn0e1djwcj87mtd,2026-09-11,,Boulanger,boulanger,Fuite de données,Fuite de données,Commerce / Distribution,France métropolitaine,Boulanger,https://frenchbreaches.com/alertes/boulanger-mtx6sn0e1djwcj87mtd,2026-09-12T16:42:23.051822+04:00
ITM-7117d7b0e950425f,FRENCHBREACHES,https://frenchbreaches.com/alertes/brevo-mtwuixif0kdw2y7yp3bn,2026-09-11,,Brevo,brevo,Fuite de données,Fuite de données,Numérique / Technologie,France métropolitaine,Brevo,https://frenchbreaches.com/alertes/brevo-mtwuixif0kdw2y7yp3bn,2026-09-12T16:42:23.051822+04:00
ITM-4c238d21765dbe75,FRENCHBREACHES,https://frenchbreaches.com/alertes/greengo-mtwzey831kyjkwc99r,2026-09-11,,GreenGo,greengo,Fuite de données,Fuite de données,Commerce / Distribution,France métropolitaine,GreenGo,https://frenchbreaches.com/alertes/greengo-mtwzey831kyjkwc99r,2026-09-12T16:42:23.051822+04:00
ITM-26ccc95579f37b49,FRENCHBREACHES,https://frenchbreaches.com/alertes/naturabuy-mtwzqa9gplhhoi6l87a,2026-09-11,2026-09-10,NaturaBuy,naturabuy,Fuite de données,Fuite de données,Commerce / Distribution,France métropolitaine,NaturaBuy,https://frenchbreaches.com/alertes/naturabuy-mtwzqa9gplhhoi6l87a,2026-09-12T16:42:23.051822+04:00
ITM-48ecbdf8da035a41,FRENCHBREACHES,https://frenchbreaches.com/alertes/salt-mobile-mtx0gdjpa301y7tku9k,2026-09-11,,Salt Mobile,salt mobile,Fuite de données,Fuite de données,Numérique / Technologie,France métropolitaine,Salt Mobile,https://frenchbreaches.com/alertes/salt-mobile-mtx0gdjpa301y7tku9k,2026-09-12T16:42:23.051822+04:00
ITM-a19da989cf9c4169,FRENCHBREACHES,https://frenchbreaches.com/alertes/snexi-citya-immobilier-mtwb9nopcz1weg06yq7,2026-09-11,,Snexi,snexi,Fuite de données,Fuite de données,Commerce / Distribution,France métropolitaine,Snexi (Citya Immobilier),https://frenchbreaches.com/alertes/snexi-citya-immobilier-mtwb9nopcz1weg06yq7,2026-09-12T16:42:23.051822+04:00
ITM-1764b17f2c4b5c48,FRENCHBREACHES,https://frenchbreaches.com/alertes/ville-de-joigny-mtwuflm1iee4jiwh7bf,2026-09-11,,Ville de Joigny,ville de joigny,Fuite de données,Fuite de données,Administration / Collectivité,France métropolitaine,Ville de Joigny,https://frenchbreaches.com/alertes/ville-de-joigny-mtwuflm1iee4jiwh7bf,2026-09-12T16:42:23.051822+04:00
ITM-2f18fd4763986071,FRENCHBREACHES,https://frenchbreaches.com/alertes/wizishop-dropizi-mtw3klqur74gdjp72ya,2026-09-11,,WiziShop,wizishop,Fuite de données,Fuite de données,Numérique / Technologie,France métropolitaine,WiziShop (DropIZI),https://frenchbreaches.com/alertes/wizishop-dropizi-mtw3klqur74gdjp72ya,2026-09-12T16:42:23.051822+04:00
ITM-17e3c4c13804a513,FRENCHBREACHES,https://frenchbreaches.com/alertes/ekolis-mtye57ckbfljbjhsei,2026-09-12,,Ekolis,ekolis,Fuite de données,Fuite de données,Transport / Logistique,France métropolitaine,Ekolis,https://frenchbreaches.com/alertes/ekolis-mtye57ckbfljbjhsei,2026-09-13T16:22:56.304701+04:00
ITM-4509703010707dc1,FRENCHBREACHES,https://frenchbreaches.com/alertes/f-d-ration-francophone-de-gymnastique-mu038ez5nh94acseflc,2026-09-13,,Fédération francophone de Gymnastique,federation francophone de gymnastique,Fuite de données,Fuite de données,Sport,France métropolitaine,Fédération francophone de Gymnastique,https://frenchbreaches.com/alertes/f-d-ration-francophone-de-gymnastique-mu038ez5nh94acseflc,2026-09-14T17:25:36.408054+04:00
ITM-b656cc6deb846a0e,FRENCHBREACHES,https://frenchbreaches.com/alertes/groupe-mgel-mtzinl1af3p94rq9r2p,2026-09-13,,Groupe MGEL,groupe mgel,Fuite de données,Fuite de données,Santé,France métropolitaine,Groupe MGEL,https://frenchbreaches.com/alertes/groupe-mgel-mtzinl1af3p94rq9r2p,2026-09-13T16:22:56.304701+04:00
ITM-924203e4f2abca03,FRENCHBREACHES,https://frenchbreaches.com/alertes/sushi-cie-mtzyrhan3ic1hahpxtv,2026-09-13,,Sushi&Cie,sushi cie,Fuite de données,Fuite de données,Commerce / Distribution,France métropolitaine,Sushi&Cie,https://frenchbreaches.com/alertes/sushi-cie-mtzyrhan3ic1hahpxtv,2026-09-14T17:25:36.408054+04:00
ITM-12b2e4ca5634c3e0,FRENCHBREACHES,https://frenchbreaches.com/alertes/grand-delta-habitat-mu11w5cp7qxnf8bxui9,2026-09-14,,Grand Delta Habitat,grand delta habitat,Fuite de données,Fuite de données,Commerce / Distribution,France métropolitaine,Grand Delta Habitat,https://frenchbreaches.com/alertes/grand-delta-habitat-mu11w5cp7qxnf8bxui9,2026-09-14T17:25:36.408054+04:00
ITM-b6adc61fa1454e37,FRENCHBREACHES,https://frenchbreaches.com/alertes/nature-d-couvertes-mu1euyvui0h3fnzm19,2026-09-14,,Nature & Découvertes,nature decouvertes,Fuite de données,Incident tiers,Commerce / Distribution,France métropolitaine,Nature & Découvertes,https://frenchbreaches.com/alertes/nature-d-couvertes-mu1euyvui0h3fnzm19,2026-09-15T16:17:12.204443+04:00
ITM-c890a72d45f49174,FRENCHBREACHES,https://frenchbreaches.com/alertes/point-vision-alaxione-mu2xkknzvrz0vmolzuf,2026-09-15,,Alaxione,alaxione,Fuite de données,Incident tiers,Santé,France métropolitaine,Point Vision (Alaxione),https://frenchbreaches.com/alertes/point-vision-alaxione-mu2xkknzvrz0vmolzuf,2026-09-16T16:16:21.852957+04:00
ITM-188b3b88eceafa8a,FRENCHBREACHES,https://frenchbreaches.com/alertes/bouteilles-et-bocaux-mu1wwqvgmn17bqmth5,2026-09-15,,Bouteilles et Bocaux,bouteilles et bocaux,Fuite de données,Malware,Commerce / Distribution,France métropolitaine,Bouteilles et Bocaux,https://frenchbreaches.com/alertes/bouteilles-et-bocaux-mu1wwqvgmn17bqmth5,2026-09-15T16:17:12.204443+04:00
ITM-5fd021f4b27756d1,FRENCHBREACHES,https://frenchbreaches.com/alertes/carte-de-p-che-mu2y1dhf81dp7ixpy9y,2026-09-15,,Carte De Pêche,carte de peche,Fuite de données,Fuite de données,Commerce / Distribution,France métropolitaine,Carte De Pêche,https://frenchbreaches.com/alertes/carte-de-p-che-mu2y1dhf81dp7ixpy9y,2026-09-16T16:16:21.852957+04:00
ITM-297ee9a28f2428ee,FRENCHBREACHES,https://frenchbreaches.com/alertes/centrale-canine-mu2khodutmhix9d29g,2026-09-15,,Centrale Canine,centrale canine,Fuite de données,Fuite de données,Commerce / Distribution,France métropolitaine,Centrale Canine,https://frenchbreaches.com/alertes/centrale-canine-mu2khodutmhix9d29g,2026-09-15T16:17:12.204443+04:00
ITM-29562c0f52b87a9d,FRENCHBREACHES,https://frenchbreaches.com/alertes/ead-online-mu2kkot4fts8pqcld0c,2026-09-15,,EAD-Online,ead online,Fuite de données,Fuite de données,Éducation / Formation,France métropolitaine,EAD-Online,https://frenchbreaches.com/alertes/ead-online-mu2kkot4fts8pqcld0c,2026-09-15T16:17:12.204443+04:00
ITM-35718a8bb62c520a,FRENCHBREACHES,https://frenchbreaches.com/alertes/familea-mu1wyyw70shufju3yby,2026-09-15,,Familea,familea,Fuite de données,Fuite de données,Administration / Collectivité,France métropolitaine,Familea,https://frenchbreaches.com/alertes/familea-mu1wyyw70shufju3yby,2026-09-15T16:17:12.204443+04:00
ITM-57627dee3b4b8f1a,FRENCHBREACHES,https://frenchbreaches.com/alertes/f-d-ration-royale-belge-de-tennis-de-table-mu2l3yrjnywvyypn0z,2026-09-15,,Fédération Royale Belge de Tennis de Table,federation royale belge de tennis de table,Fuite de données,Fuite de données,Sport,Inconnu,Fédération Royale Belge de Tennis de Table,https://frenchbreaches.com/alertes/f-d-ration-royale-belge-de-tennis-de-table-mu2l3yrjnywvyypn0z,2026-09-15T16:17:12.204443+04:00
ITM-aab4f42b07d0ddce,FRENCHBREACHES,https://frenchbreaches.com/alertes/papouille-france-blgcloud-mu2kat4fov2247lxirf,2026-09-15,,Papouille France,papouille france,Fuite de données,Fuite de données,Commerce / Distribution,France métropolitaine,Papouille France (BlgCloud),https://frenchbreaches.com/alertes/papouille-france-blgcloud-mu2kat4fov2247lxirf,2026-09-15T16:17:12.204443+04:00
ITM-2bb0fc4052122b1c,FRENCHBREACHES,https://frenchbreaches.com/alertes/presses-universitaires-de-franche-comt-mu2lpccdyoxn2sw5p3e,2026-09-15,,Presses universitaires de Franche-Comté,presses universitaires de franche comte,Fuite de données,Fuite de données,Commerce / Distribution,France métropolitaine,Presses universitaires de Franche-Comté,https://frenchbreaches.com/alertes/presses-universitaires-de-franche-comt-mu2lpccdyoxn2sw5p3e,2026-09-15T16:17:12.204443+04:00
ITM-83a963dca4c19db7,FRENCHBREACHES,https://frenchbreaches.com/alertes/welyb-agiris-mu2m3x9bh33cfsst2bl,2026-09-15,,Welyb,welyb,Fuite de données,Fuite de données,Numérique / Technologie,France métropolitaine,Welyb (AGIRIS),https://frenchbreaches.com/alertes/welyb-agiris-mu2m3x9bh33cfsst2bl,2026-09-15T16:17:12.204443+04:00
ITM-978b825e19437cf6,FRENCHBREACHES,https://frenchbreaches.com/alertes/afpa-mu3sfxoqeownzuda0zt,2026-09-16,,AFPA,afpa,Fuite de données,Fuite de données,Éducation / Formation,France métropolitaine,AFPA,https://frenchbreaches.com/alertes/afpa-mu3sfxoqeownzuda0zt,2026-09-16T16:16:21.852957+04:00
ITM-4923799b4214bfc6,FRENCHBREACHES,https://frenchbreaches.com/alertes/afpa-mu4jbja3w3es4t7j0a8,2026-09-16,,AFPA,afpa,Fuite de données,Fuite de données,Éducation / Formation,France métropolitaine,AFPA,https://frenchbreaches.com/alertes/afpa-mu4jbja3w3es4t7j0a8,2026-09-17T16:16:05.229738+04:00
ITM-b448f47c38da62fd,FRENCHBREACHES,https://frenchbreaches.com/alertes/maison-du-souvenir-mu3s96ekg9d5znwpghs,2026-09-16,,Maison du souvenir,maison du souvenir,Fuite de données,Ransomware,Commerce / Distribution,France métropolitaine,Maison du souvenir,https://frenchbreaches.com/alertes/maison-du-souvenir-mu3s96ekg9d5znwpghs,2026-09-16T16:16:21.852957+04:00
ITM-de572addb19c98a8,FRENCHBREACHES,https://frenchbreaches.com/alertes/nosrezo-propertips-mu452qgr87fyxkxkxh,2026-09-16,,NosRezo,nosrezo,Fuite de données,Fuite de données,Commerce / Distribution,France métropolitaine,NosRezo (Propertips),https://frenchbreaches.com/alertes/nosrezo-propertips-mu452qgr87fyxkxkxh,2026-09-17T16:16:05.229738+04:00
ITM-9906e87746af307a,FRENCHBREACHES,https://frenchbreaches.com/alertes/ville-de-libercourt-mu3s726lzo8j6uv1ta,2026-09-16,,Ville de Libercourt,ville de libercourt,Fuite de données,Ransomware,Administration / Collectivité,France métropolitaine,Ville de Libercourt,https://frenchbreaches.com/alertes/ville-de-libercourt-mu3s726lzo8j6uv1ta,2026-09-16T16:16:21.852957+04:00
ITM-8118b83c05930a99,FRENCHBREACHES,https://frenchbreaches.com/alertes/crowdsec-mu4npqnxblj4hm33zkp,2026-09-17,,CrowdSec,crowdsec,Fuite de données,Fuite de données,Numérique / Technologie,France métropolitaine,CrowdSec,https://frenchbreaches.com/alertes/crowdsec-mu4npqnxblj4hm33zkp,2026-09-17T16:16:05.229738+04:00
ITM-2c765040652d9e75,FRENCHBREACHES,https://frenchbreaches.com/alertes/tribunal-des-activit-s-conomiques-de-paris-tae-mu5i6aq2tacwkov45cr,2026-09-17,,Tribunal des activités économiques de Paris,tribunal des activites economiques de paris,Fuite de données,Fuite de données,Administration / Collectivité,France métropolitaine,Tribunal des activités économiques de Paris (TAE),https://frenchbreaches.com/alertes/tribunal-des-activit-s-conomiques-de-paris-tae-mu5i6aq2tacwkov45cr,2026-09-18T15:55:53.244402+04:00
ITM-5f2d9f83384f973b,FRENCHBREACHES,https://frenchbreaches.com/alertes/zenfirst-mu5htqiwd1qoi6ixtx5,2026-09-17,,Zenfirst,zenfirst,Fuite de données,Fuite de données,Numérique / Technologie,France métropolitaine,Zenfirst,https://frenchbreaches.com/alertes/zenfirst-mu5htqiwd1qoi6ixtx5,2026-09-17T16:16:05.229738+04:00
ITM-5db131ed797d2870,FRENCHBREACHES,https://frenchbreaches.com/alertes/armurerie-lavaux-fftir-sia-mu4veintm4jse4e4ix,2026-09-18,,Armurerie Lavaux,armurerie lavaux,Fuite de données,Fuite de données,Commerce / Distribution,France métropolitaine,Armurerie Lavaux (FFTIR / SIA),https://frenchbreaches.com/alertes/armurerie-lavaux-fftir-sia-mu4veintm4jse4e4ix,2026-09-19T15:40:34.135294+04:00
ITM-f69faaae5ef49395,FRENCHBREACHES,https://frenchbreaches.com/alertes/cuc-loisirs-vacances-mu7ahotf7ukds1b294,2026-09-18,,CUC Loisirs & Vacances,cuc loisirs vacances,Fuite de données,Fuite de données,Commerce / Distribution,France métropolitaine,CUC Loisirs & Vacances,https://frenchbreaches.com/alertes/cuc-loisirs-vacances-mu7ahotf7ukds1b294,2026-09-19T15:40:34.135294+04:00
ITM-2241171f48d8bdaa,FRENCHBREACHES,https://frenchbreaches.com/alertes/mairie-d-espelette-mu74hl5nkpj7248ih2a,2026-09-18,2026-09-11,Mairie d’Espelette,mairie d espelette,Fuite de données,Malware,Administration / Collectivité,France métropolitaine,Mairie d’Espelette,https://frenchbreaches.com/alertes/mairie-d-espelette-mu74hl5nkpj7248ih2a,2026-09-19T15:40:34.135294+04:00
ITM-3d66807cb3a2905a,FRENCHBREACHES,https://frenchbreaches.com/alertes/orange-bleue-mu6sr6lm5tsbb71uwjf,2026-09-18,,Orange Bleue,orange bleue,Fuite de données,Fuite de données,Commerce / Distribution,France métropolitaine,Orange Bleue,https://frenchbreaches.com/alertes/orange-bleue-mu6sr6lm5tsbb71uwjf,2026-09-18T15:55:53.244402+04:00
ITM-a0f7c97b09ef400c,FRENCHBREACHES,https://frenchbreaches.com/alertes/pays-de-l-aigle-mu62uazzlgiwn2iy3q,2026-09-18,,Pays de L’Aigle,pays de l aigle,Fuite de données,Fuite de données,Administration / Collectivité,France métropolitaine,Pays de L’Aigle,https://frenchbreaches.com/alertes/pays-de-l-aigle-mu62uazzlgiwn2iy3q,2026-09-18T15:55:53.244402+04:00
ITM-0edd516c01eab1eb,FRENCHBREACHES,https://frenchbreaches.com/alertes/totalenergies-le-club-mu7a3uzvcz8fsq6txcu,2026-09-18,,TotalEnergies,totalenergies,Fuite de données,Fuite de données,Commerce / Distribution,France métropolitaine,TotalEnergies (Le Club),https://frenchbreaches.com/alertes/totalenergies-le-club-mu7a3uzvcz8fsq6txcu,2026-09-19T15:40:34.135294+04:00
ITM-1334f91577d36b1d,FRENCHBREACHES,https://frenchbreaches.com/alertes/diamonds-factory-mu8elc69ehzc7qh8dpn,2026-09-19,,Diamonds Factory,diamonds factory,Fuite de données,Fuite de données,Commerce / Distribution,France métropolitaine,Diamonds Factory,https://frenchbreaches.com/alertes/diamonds-factory-mu8elc69ehzc7qh8dpn,2026-09-20T15:53:25.890309+04:00
ITM-38fca14ab3f19f6d,FRENCHBREACHES,https://frenchbreaches.com/alertes/faktus-mu8r9zho1hh7afgp9w8i,2026-09-19,,Faktus,faktus,Fuite de données,Fuite de données,Numérique / Technologie,France métropolitaine,Faktus,https://frenchbreaches.com/alertes/faktus-mu8r9zho1hh7afgp9w8i,2026-09-20T15:53:25.890309+04:00
ITM-bfc1a22404bab7bf,FRENCHBREACHES,https://frenchbreaches.com/alertes/vitalweb-mu8rm6d0f8s6d6vte3g,2026-09-19,,VitalWeb,vitalweb,Fuite de données,Fuite de données,Santé,France métropolitaine,VitalWeb,https://frenchbreaches.com/alertes/vitalweb-mu8rm6d0f8s6d6vte3g,2026-09-20T15:53:25.890309+04:00
ITM-7309b88dd2184883,FRENCHBREACHES,https://frenchbreaches.com/alertes/whoof-mu8dyyqbqoaiqbzpoqr,2026-09-19,,Whoof,whoof,Fuite de données,Fuite de données,Commerce / Distribution,France métropolitaine,Whoof,https://frenchbreaches.com/alertes/whoof-mu8dyyqbqoaiqbzpoqr,2026-09-20T15:53:25.890309+04:00
ITM-336e05f6b7affe85,FRENCHBREACHES,https://frenchbreaches.com/alertes/biocoop-mua6zxxgg1gjqmuiut,2026-09-20,,Biocoop,biocoop,Fuite de données,Fuite de données,Commerce / Distribution,France métropolitaine,Biocoop,https://frenchbreaches.com/alertes/biocoop-mua6zxxgg1gjqmuiut,2026-09-21T17:25:40.803837+04:00
ITM-f6b7210154df13cc,FRENCHBREACHES,https://frenchbreaches.com/alertes/h-pital-paris-saint-joseph-mu93cn8lvv9l381ye9f,2026-09-20,,Hôpital Paris Saint-Joseph,hopital paris saint joseph,Fuite de données,Fuite de données,Santé,France métropolitaine,Hôpital Paris Saint-Joseph,https://frenchbreaches.com/alertes/h-pital-paris-saint-joseph-mu93cn8lvv9l381ye9f,2026-09-20T15:53:25.890309+04:00
ITM-25955bbe855c8fae,FRENCHBREACHES,https://frenchbreaches.com/alertes/altagem-mubgua4y1pn9jonb1uu,2026-09-21,,Altagem,altagem,Fuite de données,Fuite de données,Numérique / Technologie,France métropolitaine,Altagem,https://frenchbreaches.com/alertes/altagem-mubgua4y1pn9jonb1uu,2026-09-22T16:10:07.104972+04:00
ITM-bd3ffcb9f9046690,FRENCHBREACHES,https://frenchbreaches.com/alertes/colisport-mubqtrrp16gjlm6g0pn,2026-09-21,,ColiSport,colisport,Fuite de données,Fuite de données,Transport / Logistique,France métropolitaine,ColiSport,https://frenchbreaches.com/alertes/colisport-mubqtrrp16gjlm6g0pn,2026-09-22T16:10:07.104972+04:00
ITM-cd005e24977ecda7,FRENCHBREACHES,https://frenchbreaches.com/alertes/f-d-ration-fran-aise-de-sp-l-ologie-ffs-muac5a8sxy44x4kows,2026-09-21,,Fédération Française de Spéléologie,federation francaise de speleologie,Fuite de données,Fuite de données,Sport,France métropolitaine,Fédération Française de Spéléologie (FFS),https://frenchbreaches.com/alertes/f-d-ration-fran-aise-de-sp-l-ologie-ffs-muac5a8sxy44x4kows,2026-09-21T17:25:40.803837+04:00
ITM-3dbd21b8659e1904,FRENCHBREACHES,https://frenchbreaches.com/alertes/oceania-hotels-muafduvclbs1sm0cei8,2026-09-21,,Oceania Hotels,oceania hotels,Fuite de données,Fuite de données,Commerce / Distribution,France métropolitaine,Oceania Hotels,https://frenchbreaches.com/alertes/oceania-hotels-muafduvclbs1sm0cei8,2026-09-21T17:25:40.803837+04:00
ITM-b0cb2f86301fb9cd,FRENCHBREACHES,https://frenchbreaches.com/alertes/r-par-store-mubj46abrs6i9ywytt7,2026-09-21,,Répar'Store,repar store,Fuite de données,Fuite de données,Commerce / Distribution,France métropolitaine,Répar'Store,https://frenchbreaches.com/alertes/r-par-store-mubj46abrs6i9ywytt7,2026-09-22T16:10:07.104972+04:00
ITM-be77b391cc3de34e,FRENCHBREACHES,https://frenchbreaches.com/alertes/waytome-muaf8bf677nfxz6peuh,2026-09-21,,WayToMe,waytome,Fuite de données,Fuite de données,Transport / Logistique,France métropolitaine,WayToMe,https://frenchbreaches.com/alertes/waytome-muaf8bf677nfxz6peuh,2026-09-21T17:25:40.803837+04:00
ITM-b5b66180f50799d9,FRENCHBREACHES,https://frenchbreaches.com/alertes/jims-mucy4j69k4im0qnlul,2026-09-22,,JIMS,jims,Fuite de données,Fuite de données,Sport,France métropolitaine,JIMS,https://frenchbreaches.com/alertes/jims-mucy4j69k4im0qnlul,2026-09-23T16:22:10.938160+04:00
ITM-f7ed51b8e92025f2,FRENCHBREACHES,https://frenchbreaches.com/alertes/legalstart-muctklh6rpolz3fsiu,2026-09-22,,Legalstart,legalstart,Fuite de données,Fuite de données,Numérique / Technologie,France métropolitaine,Legalstart,https://frenchbreaches.com/alertes/legalstart-muctklh6rpolz3fsiu,2026-09-23T16:22:10.938160+04:00
ITM-3f258ff33fa0bbd8,FRENCHBREACHES,https://frenchbreaches.com/alertes/paymium-mud5fwguie84679mrab,2026-09-22,,Paymium,paymium,Fuite de données,Fuite de données,Numérique / Technologie,France métropolitaine,Paymium,https://frenchbreaches.com/alertes/paymium-mud5fwguie84679mrab,2026-09-23T16:22:10.938160+04:00
ITM-c643043d5482c9a8,FRENCHBREACHES,https://frenchbreaches.com/alertes/uniformation-mud6nma32hq847xdxml,2026-09-22,,UniFormation,uniformation,Fuite de données,Fuite de données,Éducation / Formation,France métropolitaine,UniFormation,https://frenchbreaches.com/alertes/uniformation-mud6nma32hq847xdxml,2026-09-23T16:22:10.938160+04:00
ITM-037c906167658a97,FRENCHBREACHES,https://frenchbreaches.com/alertes/activa-assurances-mue1g3lzqpswxa7ldb8,2026-09-23,,Activa Assurances,activa assurances,Fuite de données,Fuite de données,Finance / Assurance,France métropolitaine,Activa Assurances,https://frenchbreaches.com/alertes/activa-assurances-mue1g3lzqpswxa7ldb8,2026-09-23T16:22:10.938160+04:00
ITM-1b4519e312290408,FRENCHBREACHES,https://frenchbreaches.com/alertes/autobacs-muda8o22m5n90gsgobl,2026-09-23,,Autobacs,autobacs,Fuite de données,Fuite de données,Commerce / Distribution,France métropolitaine,Autobacs,https://frenchbreaches.com/alertes/autobacs-muda8o22m5n90gsgobl,2026-09-23T16:22:10.938160+04:00
ITM-8948c7b6e1a8a68b,FRENCHBREACHES,https://frenchbreaches.com/alertes/backpower-mudibqhhe5pk8lk0ylr,2026-09-23,,Backpower,backpower,Fuite de données,Fuite de données,Commerce / Distribution,France métropolitaine,Backpower,https://frenchbreaches.com/alertes/backpower-mudibqhhe5pk8lk0ylr,2026-09-23T16:22:10.938160+04:00
ITM-f042a84dab9aa2b5,FRENCHBREACHES,https://frenchbreaches.com/alertes/mesmarches-mud8tygyg3fsz8lhaa,2026-09-23,,MesMarches,mesmarches,Fuite de données,Phishing / fraude,Commerce / Distribution,France métropolitaine,MesMarches,https://frenchbreaches.com/alertes/mesmarches-mud8tygyg3fsz8lhaa,2026-09-23T16:22:10.938160+04:00
ITM-108893d61b840be0,FRENCHBREACHES,https://frenchbreaches.com/alertes/place-des-salari-s-haxoneo-mudy0b27eljs842gfja,2026-09-23,,Place des Salariés,place des salaries,Fuite de données,Fuite de données,Commerce / Distribution,France métropolitaine,Place des Salariés (Haxoneo),https://frenchbreaches.com/alertes/place-des-salari-s-haxoneo-mudy0b27eljs842gfja,2026-09-23T16:22:10.938160+04:00
ITM-923d4f0ab015ce4a,FRENCHBREACHES,https://frenchbreaches.com/alertes/twizzit-mud9l0fmn55odchtxul,2026-09-23,,Twizzit,twizzit,Fuite de données,Fuite de données,Sport,France métropolitaine,Twizzit,https://frenchbreaches.com/alertes/twizzit-mud9l0fmn55odchtxul,2026-09-23T16:22:10.938160+04:00
ITM-0ace4810d26b9775,FRENCHBREACHES,https://frenchbreaches.com/alertes/a-roclub-de-l-aia-mufen4abudexvcjiwgs,2026-09-24,,Aéroclub de l’AIA,aeroclub de l aia,Fuite de données,Fuite de données,Transport / Logistique,France métropolitaine,Aéroclub de l’AIA,https://frenchbreaches.com/alertes/a-roclub-de-l-aia-mufen4abudexvcjiwgs,2026-09-24T16:21:53.228344+04:00
ITM-4fcc6a4c4f548c3a,FRENCHBREACHES,https://frenchbreaches.com/alertes/agence-de-services-et-de-paiement-asp-mufhbfg6dferxvrn99,2026-09-24,,Agence de services et de paiement,agence de services et de paiement,Fuite de données,Fuite de données,Administration / Collectivité,France métropolitaine,Agence de services et de paiement (ASP),https://frenchbreaches.com/alertes/agence-de-services-et-de-paiement-asp-mufhbfg6dferxvrn99,2026-09-24T16:21:53.228344+04:00
ITM-d5c3bfb641ddc2f7,FRENCHBREACHES,https://frenchbreaches.com/alertes/arntreal-muff0l3o37eafdqvz6z,2026-09-24,,ARNtreal,arntreal,Fuite de données,Fuite de données,Commerce / Distribution,France métropolitaine,ARNtreal,https://frenchbreaches.com/alertes/arntreal-muff0l3o37eafdqvz6z,2026-09-24T16:21:53.228344+04:00
ITM-38f7c4a9956f98cf,FRENCHBREACHES,https://frenchbreaches.com/alertes/digit-re-group-mufsoxj6psj83lnr4wt,2026-09-24,,Digit RE Group,digit re group,Fuite de données,Fuite de données,Construction / BTP,France métropolitaine,Digit RE Group,https://frenchbreaches.com/alertes/digit-re-group-mufsoxj6psj83lnr4wt,2026-09-25T16:22:16.069864+04:00
ITM-7dd76607cdfe3f2a,FRENCHBREACHES,https://frenchbreaches.com/alertes/doinsport-muffxg0l7wvtj6cqckl,2026-09-24,,Doinsport,doinsport,Fuite de données,Fuite de données,Sport,France métropolitaine,Doinsport,https://frenchbreaches.com/alertes/doinsport-muffxg0l7wvtj6cqckl,2026-09-24T16:21:53.228344+04:00
ITM-ab1b4c4c287bc447,FRENCHBREACHES,https://frenchbreaches.com/alertes/horizane-sant-muewzi6yot5enput9xc,2026-09-24,,Horizane Santé,horizane sante,Fuite de données,Fuite de données,Santé,France métropolitaine,Horizane Santé,https://frenchbreaches.com/alertes/horizane-sant-muewzi6yot5enput9xc,2026-09-24T16:21:53.228344+04:00
ITM-8bc0bc42e5b16fca,FRENCHBREACHES,https://frenchbreaches.com/alertes/maileva-mufora09gh9so92vdk,2026-09-24,,Maileva,maileva,Fuite de données,Fuite de données,Administration / Collectivité,France métropolitaine,Maileva,https://frenchbreaches.com/alertes/maileva-mufora09gh9so92vdk,2026-09-25T16:22:16.069864+04:00
ITM-88afcffd028ee219,FRENCHBREACHES,https://frenchbreaches.com/alertes/uptoo-mufge8zlw34qomqu3h,2026-09-24,,Uptoo,uptoo,Fuite de données,Ransomware,Numérique / Technologie,France métropolitaine,Uptoo,https://frenchbreaches.com/alertes/uptoo-mufge8zlw34qomqu3h,2026-09-24T16:21:53.228344+04:00
ITM-793a0232510a3485,FRENCHBREACHES,https://frenchbreaches.com/alertes/century-21-mugqgu352cjof5r1vro,2026-09-25,,Century 21,century21,Fuite de données,Fuite de données,Commerce / Distribution,France métropolitaine,Century 21,https://frenchbreaches.com/alertes/century-21-mugqgu352cjof5r1vro,2026-09-25T16:22:16.069864+04:00
ITM-4d6130f15e20275d,FRENCHBREACHES,https://frenchbreaches.com/alertes/geonat-df-muh0ong95l9qveyqzp4,2026-09-25,,GeoNat’ÎdF,geonat idf,Fuite de données,Fuite de données,Inconnu,France métropolitaine,GeoNat’ÎdF,https://frenchbreaches.com/alertes/geonat-df-muh0ong95l9qveyqzp4,2026-09-26T15:53:09.706936+04:00
ITM-e9199e0868e520da,FRENCHBREACHES,https://frenchbreaches.com/alertes/pharmaland-muh0qob0a3hg4o62f7w,2026-09-25,,Pharmaland,pharmaland,Fuite de données,Fuite de données,Commerce / Distribution,France métropolitaine,Pharmaland,https://frenchbreaches.com/alertes/pharmaland-muh0qob0a3hg4o62f7w,2026-09-26T15:53:09.706936+04:00
ITM-675cf22555186e7c,FRENCHBREACHES,https://frenchbreaches.com/alertes/plur-lya-mueuh3xn6xyhrqeahlh,2026-09-25,,Plurélya,plurelya,Fuite de données,Fuite de données,Santé,France métropolitaine,Plurélya,https://frenchbreaches.com/alertes/plur-lya-mueuh3xn6xyhrqeahlh,2026-09-25T16:22:16.069864+04:00
ITM-ad620ec648e2a9df,FRENCHBREACHES,https://frenchbreaches.com/alertes/r-assurez-moi-muh4vu8j4ovtx022ru,2026-09-25,,Réassurez-moi,reassurez moi,Fuite de données,Fuite de données,Commerce / Distribution,France métropolitaine,Réassurez-moi,https://frenchbreaches.com/alertes/r-assurez-moi-muh4vu8j4ovtx022ru,2026-09-26T15:53:09.706936+04:00
ITM-9571163a2e202b8b,FRENCHBREACHES,https://frenchbreaches.com/alertes/r-server-fr-muh0tz8riz7fzvv5x2,2026-09-25,,Réserver.fr,reserver,Fuite de données,Fuite de données,Commerce / Distribution,France métropolitaine,Réserver.fr,https://frenchbreaches.com/alertes/r-server-fr-muh0tz8riz7fzvv5x2,2026-09-26T15:53:09.706936+04:00
ITM-b8dafe9f344624d2,FRENCHBREACHES,https://frenchbreaches.com/alertes/aestria-mui0okz5kx91njjeuw,2026-09-26,,Aestria,aestria,Fuite de données,Fuite de données,Numérique / Technologie,France métropolitaine,Aestria,https://frenchbreaches.com/alertes/aestria-mui0okz5kx91njjeuw,2026-09-26T15:53:09.706936+04:00
ITM-5e5f6fc2e0c5eb96,FRENCHBREACHES,https://frenchbreaches.com/alertes/capm-europe-blgcloud-muiqoe2111aliz5rbfbn,2026-09-26,,CAPM Europe,capm europe,Fuite de données,Fuite de données,Industrie / Manufacture,France métropolitaine,CAPM Europe (BlgCloud),https://frenchbreaches.com/alertes/capm-europe-blgcloud-muiqoe2111aliz5rbfbn,2026-09-27T16:32:51.615748+04:00
ITM-9c415dde7129eac9,FRENCHBREACHES,https://frenchbreaches.com/alertes/carrefour-shipup-muixw7rd535cstgrh65,2026-09-26,,Carrefour,carrefour,Fuite de données,Fuite de données,Commerce / Distribution,France métropolitaine,Carrefour (Shipup),https://frenchbreaches.com/alertes/carrefour-shipup-muixw7rd535cstgrh65,2026-09-27T16:32:51.615748+04:00
ITM-43e3959710a4183d,FRENCHBREACHES,https://frenchbreaches.com/alertes/celinni-muim3c0lnes4szg970p,2026-09-26,,Celinni,celinni,Fuite de données,Fuite de données,Commerce / Distribution,France métropolitaine,Celinni,https://frenchbreaches.com/alertes/celinni-muim3c0lnes4szg970p,2026-09-27T16:32:51.615748+04:00
ITM-fb006c174a78d9a1,FRENCHBREACHES,https://frenchbreaches.com/alertes/cigusto-muiqgjuvvmozfkjzrdp,2026-09-26,,Cigusto,cigusto,Fuite de données,Fuite de données,Commerce / Distribution,France métropolitaine,Cigusto,https://frenchbreaches.com/alertes/cigusto-muiqgjuvvmozfkjzrdp,2026-09-27T16:32:51.615748+04:00
ITM-2135bd03a70ad39a,FRENCHBREACHES,https://frenchbreaches.com/alertes/communauto-mui6jwgstgrtgydw18,2026-09-26,,Communauto,communauto,Fuite de données,Phishing / fraude,Commerce / Distribution,France métropolitaine,Communauto,https://frenchbreaches.com/alertes/communauto-mui6jwgstgrtgydw18,2026-09-26T15:53:09.706936+04:00
ITM-95da07e59996d4dd,FRENCHBREACHES,https://frenchbreaches.com/alertes/ecofone-muimai8f33qqkk1kskt,2026-09-26,,Ecofone,ecofone,Fuite de données,Fuite de données,Commerce / Distribution,France métropolitaine,Ecofone,https://frenchbreaches.com/alertes/ecofone-muimai8f33qqkk1kskt,2026-09-27T16:32:51.615748+04:00
ITM-09971b142b18e200,FRENCHBREACHES,https://frenchbreaches.com/alertes/mairie-de-mortagne-au-perche-muhiffjbw9vo6wzaqt,2026-09-26,2026-09-18,Mairie de Mortagne-au-Perche,mairie de mortagne au perche,Fuite de données,Ransomware,Administration / Collectivité,France métropolitaine,Mairie de Mortagne-au-Perche,https://frenchbreaches.com/alertes/mairie-de-mortagne-au-perche-muhiffjbw9vo6wzaqt,2026-09-26T15:53:09.706936+04:00
ITM-fc5ff22432d6eee0,FRENCHBREACHES,https://frenchbreaches.com/alertes/agefiph-mujvbup2qid66k3d18c,2026-09-27,,Agefiph,agefiph,Fuite de données,Fuite de données,Santé,France métropolitaine,Agefiph,https://frenchbreaches.com/alertes/agefiph-mujvbup2qid66k3d18c,2026-09-28T18:37:25.370361+04:00
ITM-79cdf72ca640ea04,FRENCHBREACHES,https://frenchbreaches.com/alertes/f-d-ration-fran-aise-de-basketball-mujll4cjhxoskk8ka8,2026-09-27,,Fédération française de basketball,federation francaise de basketball,Fuite de données,Ransomware,Sport,France métropolitaine,Fédération française de basketball,https://frenchbreaches.com/alertes/f-d-ration-fran-aise-de-basketball-mujll4cjhxoskk8ka8,2026-09-27T16:32:51.615748+04:00
ITM-884c1594d9ca94d2,FRENCHBREACHES,https://frenchbreaches.com/alertes/f-d-ration-royale-belge-des-checs-mujyxodizhqrcrsf8b,2026-09-27,,Fédération Royale Belge des Échecs,federation royale belge des echecs,Fuite de données,Fuite de données,Sport,Inconnu,Fédération Royale Belge des Échecs,https://frenchbreaches.com/alertes/f-d-ration-royale-belge-des-checs-mujyxodizhqrcrsf8b,2026-09-28T18:37:25.370361+04:00
ITM-4209099e3cb4677c,FRENCHBREACHES,https://frenchbreaches.com/alertes/kiassure-mukbnw9ya3i9enxgs1l,2026-09-27,,Kiassure,kiassure,Fuite de données,Fuite de données,Finance / Assurance,France métropolitaine,Kiassure,https://frenchbreaches.com/alertes/kiassure-mukbnw9ya3i9enxgs1l,2026-09-28T18:37:25.370361+04:00
ITM-07a91e993b3488a9,FRENCHBREACHES,https://frenchbreaches.com/alertes/oracio-snexi-muk9vavg2razv5dv9de,2026-09-27,,Oracio,oracio,Fuite de données,Fuite de données,Construction / BTP,France métropolitaine,Oracio (Snexi),https://frenchbreaches.com/alertes/oracio-snexi-muk9vavg2razv5dv9de,2026-09-28T18:37:25.370361+04:00
ITM-6039d5a71989a758,FRENCHBREACHES,https://frenchbreaches.com/alertes/planity-muk9e2w3bmx7yd3yyfe,2026-09-27,,Planity,planity,Fuite de données,Phishing / fraude,Numérique / Technologie,France métropolitaine,Planity,https://frenchbreaches.com/alertes/planity-muk9e2w3bmx7yd3yyfe,2026-09-28T18:37:25.370361+04:00
ITM-61867fa44b66bfe2,FRENCHBREACHES,https://frenchbreaches.com/alertes/scorenco-muk3vycif9p7gzzgupl,2026-09-27,,Scorenco,scorenco,Fuite de données,Fuite de données,Numérique / Technologie,France métropolitaine,Scorenco,https://frenchbreaches.com/alertes/scorenco-muk3vycif9p7gzzgupl,2026-09-28T18:37:25.370361+04:00
ITM-d943f4b9d21fb7f4,FRENCHBREACHES,https://frenchbreaches.com/alertes/aza-mukkqhuagxmqmicsl9j,2026-09-28,,Azaé,azae,Fuite de données,Fuite de données,Commerce / Distribution,France métropolitaine,Azaé,https://frenchbreaches.com/alertes/aza-mukkqhuagxmqmicsl9j,2026-09-28T18:37:25.370361+04:00
ITM-aebf2db79d0fa65c,FRENCHBREACHES,https://frenchbreaches.com/alertes/colec-mulppzyrqa4qwnvus7c,2026-09-28,,Colec,colec,Fuite de données,Fuite de données,Numérique / Technologie,France métropolitaine,Colec,https://frenchbreaches.com/alertes/colec-mulppzyrqa4qwnvus7c,2026-09-29T17:28:34.764918+04:00
ITM-fcceeb950c538ade,FRENCHBREACHES,https://frenchbreaches.com/alertes/f-d-ration-flamande-de-judo-mulg7iicslkivaezmf9,2026-09-28,,Fédération flamande de judo,federation flamande de judo,Fuite de données,Fuite de données,Sport,Inconnu,Fédération flamande de judo,https://frenchbreaches.com/alertes/f-d-ration-flamande-de-judo-mulg7iicslkivaezmf9,2026-09-29T17:28:34.764918+04:00
ITM-7027845493651a6f,FRENCHBREACHES,https://frenchbreaches.com/alertes/les-cl-s-de-l-atelier-mulcuy15p8t3i1p5war,2026-09-28,,Les Clés de l’Atelier,les cles de l atelier,Fuite de données,Ransomware,Éducation / Formation,France métropolitaine,Les Clés de l’Atelier,https://frenchbreaches.com/alertes/les-cl-s-de-l-atelier-mulcuy15p8t3i1p5war,2026-09-29T17:28:34.764918+04:00
ITM-de260d08924f4999,FRENCHBREACHES,https://frenchbreaches.com/alertes/portalia-mukjf8v1pk2fw5xkrf,2026-09-28,,Portalia,portalia,Fuite de données,Fuite de données,Finance / Assurance,France métropolitaine,Portalia,https://frenchbreaches.com/alertes/portalia-mukjf8v1pk2fw5xkrf,2026-09-28T18:37:25.370361+04:00
ITM-f70efd50ad2e3a19,FRENCHBREACHES,https://frenchbreaches.com/alertes/spareka-mulcy9rimwnqor7klib,2026-09-28,,Spareka,spareka,Fuite de données,Fuite de données,Commerce / Distribution,France métropolitaine,Spareka,https://frenchbreaches.com/alertes/spareka-mulcy9rimwnqor7klib,2026-09-29T17:28:34.764918+04:00
ITM-e51dab170044bda7,FRENCHBREACHES,https://frenchbreaches.com/alertes/talentplug-mulp4xdy2f3iyz3qle5,2026-09-28,,Talentplug,talentplug,Fuite de données,Fuite de données,Services aux entreprises,France métropolitaine,Talentplug,https://frenchbreaches.com/alertes/talentplug-mulp4xdy2f3iyz3qle5,2026-09-29T17:28:34.764918+04:00
ITM-f3b170831106a26d,FRENCHBREACHES,https://frenchbreaches.com/alertes/alaxione-mukgc44jlfsfro727v,2026-09-29,,Alaxione,alaxione,Fuite de données,Fuite de données,Santé,France métropolitaine,Alaxione,https://frenchbreaches.com/alertes/alaxione-mukgc44jlfsfro727v,2026-09-28T18:37:25.370361+04:00
ITM-0572b11d22e005de,FRENCHBREACHES,https://frenchbreaches.com/alertes/f-d-ration-fran-aise-de-la-randonn-e-ffr-mun6o16r4h0ud0vz18i,2026-09-29,,Fédération Française de la randonnée,federation francaise de la randonnee,Fuite de données,Fuite de données,Sport,France métropolitaine,Fédération Française de la randonnée (FFR),https://frenchbreaches.com/alertes/f-d-ration-fran-aise-de-la-randonn-e-ffr-mun6o16r4h0ud0vz18i,2026-09-30T17:06:05.733275+04:00
ITM-951f4dee7c4dd6d6,FRENCHBREACHES,https://frenchbreaches.com/alertes/groupe-kel-orisha-mukzqxqoj9x80n11kl,2026-09-29,,Groupe KEL,groupe kel,Fuite de données,Fuite de données,Commerce / Distribution,France métropolitaine,Groupe KEL (Orisha),https://frenchbreaches.com/alertes/groupe-kel-orisha-mukzqxqoj9x80n11kl,2026-09-29T17:28:34.764918+04:00
ITM-5b540d43861ffdaf,FRENCHBREACHES,https://frenchbreaches.com/alertes/groupe-krys-mumwngoynr60917ydof,2026-09-29,,Groupe KRYS,groupe krys,Fuite de données,Fuite de données,Commerce / Distribution,France métropolitaine,Groupe KRYS,https://frenchbreaches.com/alertes/groupe-krys-mumwngoynr60917ydof,2026-09-30T17:06:05.733275+04:00
ITM-a21df15e728d98b3,FRENCHBREACHES,https://frenchbreaches.com/alertes/groupe-proxitel-mumql7oahuw19uxxrcs,2026-09-29,,Groupe Proxitel,groupe proxitel,Fuite de données,Ransomware,Inconnu,France métropolitaine,Groupe Proxitel,https://frenchbreaches.com/alertes/groupe-proxitel-mumql7oahuw19uxxrcs,2026-09-30T17:06:05.733275+04:00
ITM-8fd2bc77bf8ec2a6,FRENCHBREACHES,https://frenchbreaches.com/alertes/laboratoire-lcs-mumvnwq04l1mbwn1j5,2026-09-29,,Laboratoire LCS,laboratoire lcs,Fuite de données,Fuite de données,Santé,France métropolitaine,Laboratoire LCS,https://frenchbreaches.com/alertes/laboratoire-lcs-mumvnwq04l1mbwn1j5,2026-09-30T17:06:05.733275+04:00
ITM-6e1c68f771d350f3,FRENCHBREACHES,https://frenchbreaches.com/alertes/sfr-mumwwgpf6irybx9jcw7,2026-09-29,,SFR,sfr,Fuite de données,Fuite de données,Inconnu,France métropolitaine,SFR,https://frenchbreaches.com/alertes/sfr-mumwwgpf6irybx9jcw7,2026-09-30T17:06:05.733275+04:00
ITM-a7b83a46c2014a52,FRENCHBREACHES,https://frenchbreaches.com/alertes/autos-distinxion-muo73x46b5xto1nd1oq,2026-09-30,,Autos,autos,Fuite de données,Fuite de données,Commerce / Distribution,France métropolitaine,Autos (Distinxion),https://frenchbreaches.com/alertes/autos-distinxion-muo73x46b5xto1nd1oq,2026-10-01T17:58:53.706308+04:00
ITM-12da2daac98ebf48,FRENCHBREACHES,https://frenchbreaches.com/alertes/belnet-munsqkj0sc95q8fxu2r,2026-09-30,,Belnet,belnet,Fuite de données,Fuite de données,Éducation / Formation,France métropolitaine,Belnet,https://frenchbreaches.com/alertes/belnet-munsqkj0sc95q8fxu2r,2026-09-30T17:06:05.733275+04:00
ITM-a2ad91531bbc93f5,FRENCHBREACHES,https://frenchbreaches.com/alertes/centre-val-de-loire-muo89rks0k0zzitcbl67,2026-09-30,,Centre-Val de Loire,centre val de loire,Fuite de données,Fuite de données,Administration / Collectivité,France métropolitaine,Centre-Val de Loire,https://frenchbreaches.com/alertes/centre-val-de-loire-muo89rks0k0zzitcbl67,2026-10-01T17:58:53.706308+04:00
ITM-e90c2279cc352a0d,FRENCHBREACHES,https://frenchbreaches.com/alertes/cookson-clal-muomsy4ng1mk25gtxwj,2026-09-30,,Cookson-CLAL,cookson clal,Fuite de données,Fuite de données,Commerce / Distribution,France métropolitaine,Cookson-CLAL,https://frenchbreaches.com/alertes/cookson-clal-muomsy4ng1mk25gtxwj,2026-10-01T17:58:53.706308+04:00
ITM-b8ceaeadfc219897,FRENCHBREACHES,https://frenchbreaches.com/alertes/decoclim-muo93wa9ekpdn1pzq2,2026-09-30,,DECOClim,decoclim,Fuite de données,Fuite de données,Commerce / Distribution,France métropolitaine,DECOClim,https://frenchbreaches.com/alertes/decoclim-muo93wa9ekpdn1pzq2,2026-10-01T17:58:53.706308+04:00
ITM-3aebf1d3b93ab0c1,FRENCHBREACHES,https://frenchbreaches.com/alertes/direction-interminist-rielle-du-num-rique-dinum-muol6l7pjtbxn5jirpc,2026-09-30,,Direction interministérielle du numérique,direction interministerielle du numerique,Fuite de données,Fuite de données,Administration / Collectivité,France métropolitaine,Direction interministérielle du numérique (DINUM),https://frenchbreaches.com/alertes/direction-interminist-rielle-du-num-rique-dinum-muol6l7pjtbxn5jirpc,2026-10-01T17:58:53.706308+04:00
ITM-ec17487a904237c9,FRENCHBREACHES,https://frenchbreaches.com/alertes/cole-v-t-rinaire-d-alfort-muoleigqmwt70lr0rg,2026-09-30,,École vétérinaire d’Alfort,ecole veterinaire d alfort,Fuite de données,Fuite de données,Éducation / Formation,France métropolitaine,École vétérinaire d’Alfort,https://frenchbreaches.com/alertes/cole-v-t-rinaire-d-alfort-muoleigqmwt70lr0rg,2026-10-01T17:58:53.706308+04:00
ITM-9e7bffebd80a7d06,FRENCHBREACHES,https://frenchbreaches.com/alertes/fronti-res-muo3jsnd6wflxqyd4w8,2026-09-30,,Frontières,frontieres,Fuite de données,Fuite de données,Commerce / Distribution,France métropolitaine,Frontières,https://frenchbreaches.com/alertes/fronti-res-muo3jsnd6wflxqyd4w8,2026-09-30T17:06:05.733275+04:00
ITM-999fb285aa0e1611,FRENCHBREACHES,https://frenchbreaches.com/alertes/groupe-ad-quat-muo97kpzpiathfhwe8l,2026-09-30,,Groupe Adéquat,groupe adequat,Fuite de données,Fuite de données,Services aux entreprises,France métropolitaine,Groupe Adéquat,https://frenchbreaches.com/alertes/groupe-ad-quat-muo97kpzpiathfhwe8l,2026-10-01T17:58:53.706308+04:00
ITM-b85cbb803b26c27c,FRENCHBREACHES,https://frenchbreaches.com/alertes/laboratoire-d-innovation-de-l-anssi-muol4p978duakorwom,2026-09-30,,Laboratoire d’innovation de l’ANSSI,laboratoire d innovation de l anssi,Fuite de données,Fuite de données,Administration / Collectivité,France métropolitaine,Laboratoire d’innovation de l’ANSSI,https://frenchbreaches.com/alertes/laboratoire-d-innovation-de-l-anssi-muol4p978duakorwom,2026-10-01T17:58:53.706308+04:00
ITM-ab978f4bceace1c1,FRENCHBREACHES,https://frenchbreaches.com/alertes/le-centre-national-de-l-expertise-hospitali-re-cneh-muome98fga2iaxy1jk,2026-09-30,,Le Centre National de l’Expertise Hospitalière,le centre national de l expertise hospitaliere,Fuite de données,Fuite de données,Santé,France métropolitaine,Le Centre National de l’Expertise Hospitalière (CNEH),https://frenchbreaches.com/alertes/le-centre-national-de-l-expertise-hospitali-re-cneh-muome98fga2iaxy1jk,2026-10-01T17:58:53.706308+04:00
ITM-61511159d35bde30,FRENCHBREACHES,https://frenchbreaches.com/alertes/qualicharge-muolobigbcjjcaxs45,2026-09-30,,QualiCharge,qualicharge,Fuite de données,Fuite de données,Numérique / Technologie,France métropolitaine,QualiCharge,https://frenchbreaches.com/alertes/qualicharge-muolobigbcjjcaxs45,2026-10-01T17:58:53.706308+04:00
ITM-23b1326db0cd349c,FRENCHBREACHES,https://frenchbreaches.com/alertes/scribd-munsjrub5u8wlyhjfd,2026-09-30,,Scribd,scribd,Fuite de données,Phishing / fraude,Commerce / Distribution,France métropolitaine,Scribd,https://frenchbreaches.com/alertes/scribd-munsjrub5u8wlyhjfd,2026-09-30T17:06:05.733275+04:00
ITM-d154d6b798586334,FRENCHBREACHES,https://frenchbreaches.com/alertes/sdis-des-pyr-n-es-orientales-muofwgorb7tkmw3yu9a,2026-09-30,,SDIS des Pyrénées-Orientales,sdis des pyrenees orientales,Fuite de données,Fuite de données,Administration / Collectivité,France métropolitaine,SDIS des Pyrénées-Orientales,https://frenchbreaches.com/alertes/sdis-des-pyr-n-es-orientales-muofwgorb7tkmw3yu9a,2026-10-01T17:58:53.706308+04:00
ITM-9dd5cffed039811b,FRENCHBREACHES,https://frenchbreaches.com/alertes/tracfin-muohckeoxgv08biqk4c,2026-09-30,,TRACFIN,tracfin,Fuite de données,Fuite de données,Administration / Collectivité,France métropolitaine,TRACFIN,https://frenchbreaches.com/alertes/tracfin-muohckeoxgv08biqk4c,2026-10-01T17:58:53.706308+04:00
ITM-8d2ceb6897ca9c86,FRENCHBREACHES,https://frenchbreaches.com/alertes/admr-mupn6cbtuoer51cdk4,2026-10-01,,ADMR,admr,Fuite de données,Fuite de données,Commerce / Distribution,France métropolitaine,ADMR,https://frenchbreaches.com/alertes/admr-mupn6cbtuoer51cdk4,2026-10-02T17:16:49.718104+04:00
ITM-73809dc25c79ed70,FRENCHBREACHES,https://frenchbreaches.com/alertes/avantagesjeunes-muovatamt78zurmvlo,2026-10-01,,AvantagesJeunes,avantagesjeunes,Fuite de données,Phishing / fraude,Commerce / Distribution,France métropolitaine,AvantagesJeunes,https://frenchbreaches.com/alertes/avantagesjeunes-muovatamt78zurmvlo,2026-10-01T17:58:53.706308+04:00
ITM-cc807b81c868ba0a,FRENCHBREACHES,https://frenchbreaches.com/alertes/dr-veto-mupgpk69hg67nnxmf9v,2026-10-01,,Dr Veto,dr veto,Fuite de données,Phishing / fraude,Commerce / Distribution,France métropolitaine,Dr Veto,https://frenchbreaches.com/alertes/dr-veto-mupgpk69hg67nnxmf9v,2026-10-01T17:58:53.706308+04:00
ITM-4c61599eabefaa85,FRENCHBREACHES,https://frenchbreaches.com/alertes/gps-sant-muotbmo1pgbtt3zmbgj,2026-10-01,,GPS Santé,gps sante,Fuite de données,Fuite de données,Santé,France métropolitaine,GPS Santé,https://frenchbreaches.com/alertes/gps-sant-muotbmo1pgbtt3zmbgj,2026-10-01T17:58:53.706308+04:00
ITM-f265df4c482b0d7f,FRENCHBREACHES,https://frenchbreaches.com/alertes/orkyn-mupff8p55spyc9k49rw,2026-10-01,,Orkyn,orkyn,Fuite de données,Fuite de données,Santé,France métropolitaine,Orkyn,https://frenchbreaches.com/alertes/orkyn-mupff8p55spyc9k49rw,2026-10-01T17:58:53.706308+04:00
ITM-6c0a33a2ab491f92,FRENCHBREACHES,https://frenchbreaches.com/alertes/renault-mupmungs4a3nz30ow1l,2026-10-01,,Renault,renault,Fuite de données,Fuite de données,Commerce / Distribution,France métropolitaine,Renault,https://frenchbreaches.com/alertes/renault-mupmungs4a3nz30ow1l,2026-10-02T17:16:49.718104+04:00
ITM-fdc7d8f8fa717fc5,FRENCHBREACHES,https://frenchbreaches.com/alertes/rofim-doctor-muos8j29zwxrqrh47y,2026-10-01,,Rofim Doctor,rofim doctor,Fuite de données,Fuite de données,Santé,France métropolitaine,Rofim Doctor,https://frenchbreaches.com/alertes/rofim-doctor-muos8j29zwxrqrh47y,2026-10-01T17:58:53.706308+04:00
ITM-7f779d91d0dbcd3d,FRENCHBREACHES,https://frenchbreaches.com/alertes/transparence-sant-muotiueh6mk3xcpj5ah,2026-10-01,,Transparence Santé,transparence sante,Fuite de données,Fuite de données,Administration / Collectivité,France métropolitaine,Transparence Santé,https://frenchbreaches.com/alertes/transparence-sant-muotiueh6mk3xcpj5ah,2026-10-01T17:58:53.706308+04:00
ITM-ec8d8b6c75b3853f,FRENCHBREACHES,https://frenchbreaches.com/alertes/vosfactures-muoqv8ylnty27ia39xm,2026-10-01,,VosFactures,vosfactures,Fuite de données,Fuite de données,Numérique / Technologie,France métropolitaine,VosFactures,https://frenchbreaches.com/alertes/vosfactures-muoqv8ylnty27ia39xm,2026-10-01T17:58:53.706308+04:00
ITM-ee21d099c4306a17,FRENCHBREACHES,https://frenchbreaches.com/alertes/cnam-adage-muri2nsuk18ssrkyap,2026-10-02,,CNAM,cnam,Fuite de données,Fuite de données,Éducation / Formation,France métropolitaine,CNAM (Adage),https://frenchbreaches.com/alertes/cnam-adage-muri2nsuk18ssrkyap,2026-10-03T16:06:56.409081+04:00
ITM-c71325067dfe66aa,FRENCHBREACHES,https://frenchbreaches.com/alertes/f-d-ration-royale-belge-de-football-rbfa-urbsfa-muqax4zegee0ktaus1o,2026-10-02,,Fédération royale belge de football,federation royale belge de football,Fuite de données,Fuite de données,Sport,Inconnu,Fédération royale belge de football (RBFA/URBSFA),https://frenchbreaches.com/alertes/f-d-ration-royale-belge-de-football-rbfa-urbsfa-muqax4zegee0ktaus1o,2026-10-02T17:16:49.718104+04:00
ITM-279bf91fb3044ebe,FRENCHBREACHES,https://frenchbreaches.com/alertes/fitnessboutique-mur3td4i3kz7pnkibuc,2026-10-02,,FitnessBoutique,fitnessboutique,Fuite de données,Fuite de données,Commerce / Distribution,France métropolitaine,FitnessBoutique,https://frenchbreaches.com/alertes/fitnessboutique-mur3td4i3kz7pnkibuc,2026-10-03T16:06:56.409081+04:00
ITM-ca38c602d2ea3811,FRENCHBREACHES,https://frenchbreaches.com/alertes/fmg-sales-marketing-mur94aon523ticxpdfy,2026-10-02,,FMG Sales & Marketing,fmg sales marketing,Fuite de données,Fuite de données,Commerce / Distribution,France métropolitaine,FMG Sales & Marketing,https://frenchbreaches.com/alertes/fmg-sales-marketing-mur94aon523ticxpdfy,2026-10-03T16:06:56.409081+04:00
ITM-7bccf3a92ae50f3c,FRENCHBREACHES,https://frenchbreaches.com/alertes/ldlc-muqsxvb7wz9y21k96wp,2026-10-02,,LDLC,ldlc,Fuite de données,Phishing / fraude,Commerce / Distribution,France métropolitaine,LDLC,https://frenchbreaches.com/alertes/ldlc-muqsxvb7wz9y21k96wp,2026-10-02T17:16:49.718104+04:00
ITM-37450b2cd4491a54,FRENCHBREACHES,https://frenchbreaches.com/alertes/r-gion-hauts-de-france-atexo-mur6n6zz7mtgktgessr,2026-10-02,,Région Hauts-de-France,region hauts de france,Fuite de données,Phishing / fraude,Administration / Collectivité,France métropolitaine,Région Hauts-de-France (Atexo),https://frenchbreaches.com/alertes/r-gion-hauts-de-france-atexo-mur6n6zz7mtgktgessr,2026-10-03T16:06:56.409081+04:00
ITM-d94869fbbf36ac60,FRENCHBREACHES,https://frenchbreaches.com/alertes/capeb-murke1g4sga4x80oopk,2026-10-03,,CAPEB,capeb,Fuite de données,Fuite de données,Industrie / Manufacture,France métropolitaine,CAPEB,https://frenchbreaches.com/alertes/capeb-murke1g4sga4x80oopk,2026-10-03T16:06:56.409081+04:00
ITM-06c0bace591fbd34,FRENCHBREACHES,https://frenchbreaches.com/alertes/cgt-aude-murlk6wfg15fmu7agjq,2026-10-03,,CGT Aude,cgt aude,Fuite de données,Fuite de données,Administration / Collectivité,France métropolitaine,CGT Aude,https://frenchbreaches.com/alertes/cgt-aude-murlk6wfg15fmu7agjq,2026-10-03T16:06:56.409081+04:00
ITM-6884a9ecfac79ea5,FRENCHBREACHES,https://frenchbreaches.com/alertes/cnam-murn43e35w5ztpqrxtc,2026-10-03,,CNAM,cnam,Fuite de données,Fuite de données,Éducation / Formation,France métropolitaine,CNAM,https://frenchbreaches.com/alertes/cnam-murn43e35w5ztpqrxtc,2026-10-03T16:06:56.409081+04:00
ITM-4245bf75fc1f748d,FRENCHBREACHES,https://frenchbreaches.com/alertes/f-d-ration-royale-belge-des-sports-questres-frbse-kbrsf-murj93me4zg2qdmw1k,2026-10-03,,Fédération Royale Belge des Sports Équestres,federation royale belge des sports equestres,Fuite de données,Fuite de données,Sport,Inconnu,Fédération Royale Belge des Sports Équestres (FRBSE/KBRSF),https://frenchbreaches.com/alertes/f-d-ration-royale-belge-des-sports-questres-frbse-kbrsf-murj93me4zg2qdmw1k,2026-10-03T16:06:56.409081+04:00
ITM-bab1a69f3135e812,FRENCHBREACHES,https://frenchbreaches.com/alertes/f-d-ration-royale-colombophile-belge-murjhz3kb1mdmj9m5g4,2026-10-03,,Fédération Royale Colombophile Belge,federation royale colombophile belge,Fuite de données,Fuite de données,Administration / Collectivité,Inconnu,Fédération Royale Colombophile Belge,https://frenchbreaches.com/alertes/f-d-ration-royale-colombophile-belge-murjhz3kb1mdmj9m5g4,2026-10-03T16:06:56.409081+04:00
ITM-12f8532f9ea560b9,FRENCHBREACHES,https://frenchbreaches.com/alertes/naturabuy-murj0vegw4dz8ukhqva,2026-10-03,,NaturaBuy,naturabuy,Fuite de données,Fuite de données,Commerce / Distribution,France métropolitaine,NaturaBuy,https://frenchbreaches.com/alertes/naturabuy-murj0vegw4dz8ukhqva,2026-10-03T16:06:56.409081+04:00
ITM-7159be909318f2d0,FRENCHBREACHES,https://frenchbreaches.com/alertes/r-gion-hauts-de-france-muqbs0geks60ywxsfd,2026-10-03,2025-10-10,Région Hauts-de-France,region hauts de france,Fuite de données,Ransomware,Administration / Collectivité,France métropolitaine,Région Hauts-de-France,https://frenchbreaches.com/alertes/r-gion-hauts-de-france-muqbs0geks60ywxsfd,2026-10-03T16:06:56.409081+04:00
ITM-042fdd9bcd3ffeaf,RANSOMWARE_LIVE,,2026-09-12,,eracm,eracm,Ransomware,Ransomware,Inconnu,France métropolitaine,eracm revendiqué par krybit,http://krybitqsdzwmhnitvwuhvsntfgf2wrhxveyxroxpc44c6gkft2cqldyd.onion/blog/a34c6dc5ac3bd4acd0ff22b009c376c1630c21ed2aa3ba56630909633c198cba/,2026-09-13T16:22:56.304701+04:00
ITM-dacf662cd7c6fd34,RANSOMWARE_LIVE,,2026-09-13,,CARIDRO VAL DE LOIRE,caridro val de loire,Ransomware,Ransomware,Agriculture / Agroalimentaire,France métropolitaine,CARIDRO VAL DE LOIRE revendiqué par qilin,http://ijzn3sicrcy7guixkzjkib4ukbiilwc3xhnmby4mcbccnsd7j2rekvqd.onion/site/blog?uuid=224e65b0-92cc-464a-871e-518f88a99685,2026-09-14T17:25:36.408054+04:00
ITM-f9908688a719357a,RANSOMWARE_LIVE,,2026-09-14,,Rosello et Fils,rosello et fils,Ransomware,Ransomware,Agriculture / Agroalimentaire,France métropolitaine,Rosello et Fils revendiqué par Eclipse,http://eclipse4g5kxfwsvpu4qx5sdcnrji6gxl5gt67bucjlgt35g7akvjoid.onion/place/ff64huj542fj0suv/,2026-09-15T16:17:12.204443+04:00
ITM-afd4259690cd4330,RANSOMWARE_LIVE,,2026-09-15,,Aforpa,aforpa,Ransomware,Ransomware,Inconnu,France métropolitaine,Aforpa revendiqué par thegentlemen,https://aforpa.fr,2026-09-15T16:17:12.204443+04:00
ITM-c928efa51d6249f8,RANSOMWARE_LIVE,,2026-09-16,,Thema Foundries,thema foundries,Ransomware,Ransomware,Industrie / Manufacture,France métropolitaine,Thema Foundries revendiqué par qilin,http://ijzn3sicrcy7guixkzjkib4ukbiilwc3xhnmby4mcbccnsd7j2rekvqd.onion/site/blog?uuid=37cc9331-88ba-48f1-ab5c-a4636f8fbd84,2026-09-17T16:16:05.229738+04:00
ITM-e0b6cb365b0ff98c,RANSOMWARE_LIVE,,2026-09-18,,Stim,stim,Ransomware,Ransomware,Numérique / Technologie,France métropolitaine,Stim revendiqué par Panzer,http://pnzruro7syvwvefx5mpo2fhzi4jftgquynsqf3vy5x3no57yp2iz4nyd.onion/company/stim,2026-09-18T15:55:53.244402+04:00
ITM-257f7999a10cb3ba,RANSOMWARE_LIVE,,2026-09-19,,ambpvc,ambpvc,Ransomware,Ransomware,Inconnu,France métropolitaine,ambpvc revendiqué par ZaWoo,https://fyenuhkq3pfhnbpidj5jm2fl2lryxip4byhg6eozynrnlomu4szf2nyd.onion/index.html?indexId=daszxvbgfnczm,2026-09-20T15:53:25.890309+04:00
ITM-52bf3b1b1fdbba7c,RANSOMWARE_LIVE,,2026-09-19,,FRANCARETRAD,francaretrad,Ransomware,Ransomware,Inconnu,France métropolitaine,FRANCARETRAD revendiqué par ZaWoo,https://fyenuhkq3pfhnbpidj5jm2fl2lryxip4byhg6eozynrnlomu4szf2nyd.onion/index.html?indexId=vdssdcnhuysdz,2026-09-20T15:53:25.890309+04:00
ITM-6ee084eeb233730c,RANSOMWARE_LIVE,,2026-09-19,,HEOLIS,heolis,Ransomware,Ransomware,Énergie / Utilities,France métropolitaine,HEOLIS revendiqué par ZaWoo,https://fyenuhkq3pfhnbpidj5jm2fl2lryxip4byhg6eozynrnlomu4szf2nyd.onion/index.html?indexId=bgsedfhgsbdfs,2026-09-20T15:53:25.890309+04:00
ITM-88065baecfcef346,RANSOMWARE_LIVE,,2026-09-23,,Aokkef,aokkef,Ransomware,Ransomware,Inconnu,France métropolitaine,Aokkef revendiqué par medusalocker,http://t33zoj4qwv455fog7qnb2azi5xcdxkixughmmduzbw2rtdgryqfbh6id.onion/company/bayalah/,2026-09-23T16:22:10.938160+04:00
ITM-9d6f490ec849d954,RANSOMWARE_LIVE,,2026-09-24,,agiliance,agiliance,Ransomware,Ransomware,Services aux entreprises,France métropolitaine,agiliance revendiqué par ZaWoo,https://fyenuhkq3pfhnbpidj5jm2fl2lryxip4byhg6eozynrnlomu4szf2nyd.onion/index.html?indexId=cdbgfyjtgfdsf,2026-09-25T16:22:16.069864+04:00
ITM-55ef92db8d8e20df,RANSOMWARE_LIVE,,2026-09-24,,Agora coopérative agricole,agora cooperative agricole,Ransomware,Ransomware,Agriculture / Agroalimentaire,France métropolitaine,Agora coopérative agricole revendiqué par qilin,http://ijzn3sicrcy7guixkzjkib4ukbiilwc3xhnmby4mcbccnsd7j2rekvqd.onion/site/blog?uuid=02785247-5bb1-42b8-aa7f-3dd0d96e2dc3,2026-09-25T16:22:16.069864+04:00
ITM-79a48073d59bd6a5,RANSOMWARE_LIVE,,2026-09-24,,amb-pvc,amb pvc,Ransomware,Ransomware,Industrie / Manufacture,France métropolitaine,amb-pvc revendiqué par ZaWoo,https://fyenuhkq3pfhnbpidj5jm2fl2lryxip4byhg6eozynrnlomu4szf2nyd.onion/index.html?indexId=daszxvbgfnczm,2026-09-25T16:22:16.069864+04:00
ITM-999ef5bf9852ad00,RANSOMWARE_LIVE,,2026-09-24,,BMGP Groupe,bmgp groupe,Ransomware,Ransomware,Inconnu,France métropolitaine,BMGP Groupe revendiqué par dragonforce,http://xjhmtitnrdrgzw4vmsghirdoo2fk35a3tzj4enlmah4pvehdspydsiyd.onion/blog/?post_uuid=539a46d4-2e59-4ef7-aabf-5cddda6a7606,2026-09-25T16:22:16.069864+04:00
ITM-f63d30d8b366cfe1,RANSOMWARE_LIVE,,2026-09-24,,francare,francare,Ransomware,Ransomware,Santé,France métropolitaine,francare revendiqué par ZaWoo,https://fyenuhkq3pfhnbpidj5jm2fl2lryxip4byhg6eozynrnlomu4szf2nyd.onion/index.html?indexId=vdssdcnhuysdz,2026-09-25T16:22:16.069864+04:00
ITM-30ad17aa991bd1ff,RANSOMWARE_LIVE,,2026-09-27,,Ressources Si,ressources si,Ransomware,Ransomware,Services aux entreprises,France métropolitaine,Ressources Si revendiqué par Panzer,http://pnzruro7syvwvefx5mpo2fhzi4jftgquynsqf3vy5x3no57yp2iz4nyd.onion/company/ressources-si,2026-09-28T18:37:25.370361+04:00
ITM-b793855e61657b68,RANSOMWARE_LIVE,,2026-09-30,,Europrim,europrim,Ransomware,Ransomware,Santé,France métropolitaine,Europrim revendiqué par thegentlemen,https://euro-prim.com,2026-09-30T17:06:05.733275+04:00
ITM-58136358e0710398,RANSOMWARE_LIVE,,2026-09-30,,FIDUCIAL,fiducial,Ransomware,Ransomware,Finance / Assurance,France métropolitaine,FIDUCIAL revendiqué par lamashtu,http://lamashtux5j74mcm7lwwgn5yrvuwtrpxjoyendif3v3hrztjesfoyayd.onion/post/eb0edc0f82864cce5e7de5ee755f7bee,2026-10-01T17:58:53.706308+04:00
ITM-943e664b2c83a5ab,RANSOMWARE_LIVE,,2026-09-30,,Le Centre National de l'Expertise Hospitalière,le centre national de l expertise hospitaliere,Ransomware,Ransomware,Santé,France métropolitaine,Le Centre National de l'Expertise Hospitalière (CNEH) revendiqué par kairos,,2026-10-01T17:58:53.706308+04:00
ITM-57ef50dd89b40496,RANSOMWARE_LIVE,,2026-10-01,,EURODITEL/RESOTELECOM,euroditel resotelecom,Ransomware,Ransomware,Numérique / Technologie,France métropolitaine,EURODITEL/RESOTELECOM revendiqué par krybit,http://krybieodq754vlwufrsuxaswxb5zpxyibaawmed2jaduoz2e5m56hmid.onion/blog/pending-6abed0d0df3cc-1790890192/,2026-10-02T17:16:49.718104+04:00
ITM-278f8ef0ccb07d7b,RANSOMWARE_LIVE,,2026-10-02,,pierrefeu,pierrefeu,Ransomware,Ransomware,Inconnu,France métropolitaine,pierrefeu revendiqué par krybit,http://krybitqsdzwmhnitvwuhvsntfgf2wrhxveyxroxpc44c6gkft2cqldyd.onion/blog/8b4ba9a7921f9cedc14275f97019a1c2717ee9d99a108241fbb94368079647c2/,2026-10-03T16:06:56.409081+04:00
ITM-d12ad621f23be439,VEILLE_LLM,,2026-02-04,2026-02-04,Commune de Saint-Leu,commune de saint leu,Inconnu,Inconnu,Administration / Collectivité,La Réunion,Commune de Saint-Leu : Inconnu,https://freedom.fr/podcast-passeport-carte-didentite-six-mois-dattente-pour-un-dossier-perdu-a-la-mairie-de-saint-leu/,2026-10-03T16:06:56.409081+04:00
ITM-c468aaef607411be,VEILLE_LLM,,2026-02-19,2026-02-19,EPF Réunion / VALGO,epf reunion valgo,Fuite de données,Fuite de données,Administration / Collectivité,La Réunion,EPF Réunion / VALGO : Fuite de données,https://frenchbreaches.com/alertes/valgo-sa-rw_Vm1Gc1oyOGdVMEZBYVc1amNtRnVjMjl0,2026-10-03T16:06:56.409081+04:00
ITM-d0c4415a4aa024c8,VEILLE_LLM,,2026-04-24,2026-04-24,STOR Solutions,stor solutions,Intrusion,Intrusion,Numérique / Technologie,La Réunion,STOR Solutions : Intrusion,https://www.cyberattaque.org/stor-solutions-datacenter-cyberattaque-canal-alpha/,2026-10-03T16:06:56.409081+04:00
ITM-32fe91231131ddf7,VEILLE_LLM,,2026-05-31,2026-05-31,Air Austral,air austral,Fuite de données,Fuite de données,Transport / Logistique,La Réunion,Air Austral : Fuite de données,https://www.cyberattaque.org/air-austral-les-donnees-de-1-000-employes-diffusees-publiquement/,2026-10-03T16:06:56.409081+04:00
ITM-fdc47ad9dffdbe4d,VEILLE_LLM,,2026-06-11,2026-06-11,Ville de Mamoudzou,mairie de mamoudzou,Compromission de compte / messagerie,Intrusion,Administration / Collectivité,Mayotte,Ville de Mamoudzou : Compromission de compte / messagerie,https://www.mamoudzou.yt/actualite/incident-de-cybersecurite-la-ville-de-mamoudzou-prend-toutes-les-mesures-pour-proteger-ses-systemes-et-ses-partenaires/,2026-10-03T16:06:56.409081+04:00
ITM-b427adb39981c957,VEILLE_LLM,,2026-06-13,2026-06-13,Commune de Ouangani,commune de ouangani,Inconnu,Inconnu,Administration / Collectivité,Mayotte,Commune de Ouangani : Inconnu,https://www.govserv.org/FR/Ouangani/102429281625245/Ville-de-Ouangani,2026-10-03T16:06:56.409081+04:00
ITM-5366750b9713f248,VEILLE_LLM,,2026-06-29,2026-06-29,EGEP Réunion,egep reunion,Fuite de données,Fuite de données,Construction / BTP,La Réunion,EGEP Réunion : Fuite de données,https://frenchbreaches.com/alertes/axonaut-mqygp4ygl2o4wc6v2i,2026-10-03T16:06:56.409081+04:00
ITM-e7ad616bfc469067,VEILLE_LLM,,2026-06-29,2026-06-29,Le Quotidien de La Réunion,le quotidien de la reunion,Inconnu,Inconnu,Inconnu,La Réunion,Le Quotidien de La Réunion : Inconnu,https://www.zinfos974.com/le-quotidien-offert-ce-lundi-29-juin/,2026-10-03T16:06:56.409081+04:00
ITM-fc2b714cad93ff17,VEILLE_LLM,,2026-06-30,2026-06-30,Lycée polyvalent Paul Moreau,lycee polyvalent paul moreau,Fuite de données,Fuite de données,Éducation / Formation,La Réunion,Lycée polyvalent Paul Moreau : Fuite de données,https://frenchbreaches.com/alertes/lyc-e-polyvalent-paul-moreau-mr0pgi7zh4w9k8gxh3d,2026-10-03T16:06:56.409081+04:00
ITM-62e437543f1280c0,VEILLE_LLM,,2026-07-25,2026-07-25,Ministère de l’Éducation nationale / Académie de La Réunion,ministere de l education nationale academie de la reunion,Fuite de données,Fuite de données,Administration / Collectivité,La Réunion,Ministère de l’Éducation nationale / Académie de La Réunion : Fuite de données,https://www.education.gouv.fr/incident-de-securite-affectant-les-donnees-de-personnels-de-l-education-nationale-505407,2026-10-03T16:06:56.409081+04:00
ITM-69c664e7f86d4a4c,VEILLE_LLM,,2026-08-09,2026-08-09,Bureau Vallée,bureau vallee,Fuite de données,Fuite de données,Commerce / Distribution,La Réunion,Bureau Vallée : Fuite de données,https://ayinedjimi-consultants.fr/news/fuite-donnees-bureau-vallee-2026,2026-10-03T16:06:56.409081+04:00
ITM-e9ceb8ca4d2e254b,VEILLE_LLM,,2026-08-31,2026-08-31,MANU-PORT,manu port,Inconnu,Inconnu,Transport / Logistique,Mayotte,MANU-PORT : Inconnu,https://documentation.outre-mer.gouv.fr/Record.htm?idlist=3&record=19154760124919729429,2026-10-03T16:06:56.409081+04:00
ITM-80cc8ab052423602,VEILLE_LLM,,2026-09-09,2026-09-09,Ville du Tampon,ville du tampon,Autre cyber,Autre cyber,Administration / Collectivité,La Réunion,Ville du Tampon : Autre cyber,https://la1ere.franceinfo.fr/reunion/la-mairie-du-tampon-victime-d-une-cyberattaque-les-services-momentanement-indisponibles-1736807.html,2026-10-03T16:06:56.409081+04:00
ITM-c4c75b59723a02fb,VEILLE_LLM,,2026-09-14,2026-09-14,Lycée polyvalent Jean Joly,lycee polyvalent jean joly,Intrusion,Intrusion,Éducation / Formation,La Réunion,Lycée polyvalent Jean Joly : Intrusion,https://imazpress.com/toute-l-actu/attaque-informatique-sur-le-lycee-de-saint-louis-jean-joly,2026-10-03T16:06:56.409081+04:00
