Item_ID,Prequalification_Fingerprint,Policy_Version,Dependency_Digest,Last_Qualified_Run_ID,Last_Qualified_As_Of
ITM-005a36176dc24a3a,cef674e18efe0385e876d9aedcf70d9474a2d3ae2d6d5e23b8d2a565da0437ea,OBS-FR-OI-SIMPLE-SOURCING-8,3a5c386500cd53b1784bb548d0555e2c225bcf9a7d02cef1b6041a600b62190a,RUN-20260821T114001,2026-08-21T11:40:01.305238+04:00
ITM-008e2729e5969f7f,fc129c2dac7832b38432986742598b61601980964e526122f635832cb22fd67f,OBS-FR-OI-SIMPLE-SOURCING-8,3a5c386500cd53b1784bb548d0555e2c225bcf9a7d02cef1b6041a600b62190a,RUN-20260821T114001,2026-08-21T11:40:01.305238+04:00
ITM-00e3e6e37ab04d64,b0b1351359702dbf9bca4b29bc28440381dda6cfa565d2e881584803208ae55e,OBS-FR-OI-SIMPLE-SOURCING-8,3a5c386500cd53b1784bb548d0555e2c225bcf9a7d02cef1b6041a600b62190a,RUN-20260821T114001,2026-08-21T11:40:01.305238+04:00
ITM-0146aaed9f0a5383,2480363d76faa1bff39bd3ad302317d32a47efdeafb42b1e6b4a8cb6ed9176d1,OBS-FR-OI-SIMPLE-SOURCING-8,3a5c386500cd53b1784bb548d0555e2c225bcf9a7d02cef1b6041a600b62190a,RUN-20260821T114001,2026-08-21T11:40:01.305238+04:00
ITM-014bb4da729676e9,0e036102f091bd0ff7b0024f1a8d12a1c2b7013bdb0908da299de0d7264f4f50,OBS-FR-OI-SIMPLE-SOURCING-8,3a5c386500cd53b1784bb548d0555e2c225bcf9a7d02cef1b6041a600b62190a,RUN-20260821T114001,2026-08-21T11:40:01.305238+04:00
ITM-015da41dbb8ea80b,f81e25a92f518250e38d70a636d0bd2e9f4f37180045cdc65b6c9c1b321be852,OBS-FR-OI-SIMPLE-SOURCING-8,3a5c386500cd53b1784bb548d0555e2c225bcf9a7d02cef1b6041a600b62190a,RUN-20260821T114001,2026-08-21T11:40:01.305238+04:00
ITM-0301e932a02d3c7b,f9b70995c76f38618a4181167eb1777a7ff473050f9ec11e8d0539ba4831f45c,OBS-FR-OI-SIMPLE-SOURCING-8,3a5c386500cd53b1784bb548d0555e2c225bcf9a7d02cef1b6041a600b62190a,RUN-20260821T114001,2026-08-21T11:40:01.305238+04:00
ITM-0356561a0ce1e8dc,232649cb55697f6cef14875585147472ee956d7468c7e7cd883c0897b59b042b,OBS-FR-OI-SIMPLE-SOURCING-8,3a5c386500cd53b1784bb548d0555e2c225bcf9a7d02cef1b6041a600b62190a,RUN-20260821T114001,2026-08-21T11:40:01.305238+04:00
ITM-04382f2e8178ccb6,eb83d3bd7f26cfcc4460ffc92c437422cbfdea338b9e5670a4f721860e79e48c,OBS-FR-OI-SIMPLE-SOURCING-8,3a5c386500cd53b1784bb548d0555e2c225bcf9a7d02cef1b6041a600b62190a,RUN-20260821T114001,2026-08-21T11:40:01.305238+04:00
ITM-04a856475a59deb2,7f002b686fa6ad0c766448e17325c1cf8c8d82c5ebfc530ac54a02684ae7ee1e,OBS-FR-OI-SIMPLE-SOURCING-8,3a5c386500cd53b1784bb548d0555e2c225bcf9a7d02cef1b6041a600b62190a,RUN-20260821T114001,2026-08-21T11:40:01.305238+04:00
ITM-04d6fe7da62a4060,6b93e864e5c2cf62d5021db1abdeb97c83d5ead775421e4a1d2b36b65fa0773d,OBS-FR-OI-SIMPLE-SOURCING-8,3a5c386500cd53b1784bb548d0555e2c225bcf9a7d02cef1b6041a600b62190a,RUN-20260821T114001,2026-08-21T11:40:01.305238+04:00
ITM-04e0d362bcf71382,f154840771247eae08d9fb68cc60a4d97300fe527272d2ae8b809fc110b9bcd0,OBS-FR-OI-SIMPLE-SOURCING-8,3a5c386500cd53b1784bb548d0555e2c225bcf9a7d02cef1b6041a600b62190a,RUN-20260821T114001,2026-08-21T11:40:01.305238+04:00
ITM-054ef7e4c93e1e1e,ee915b3016999800e8b5f5d6ac085550c85984810fe1039a01ca9e44c9070d6f,OBS-FR-OI-SIMPLE-SOURCING-8,3a5c386500cd53b1784bb548d0555e2c225bcf9a7d02cef1b6041a600b62190a,RUN-20260821T114001,2026-08-21T11:40:01.305238+04:00
ITM-057b52f6d1ab1f67,3a2286334b09888b6710cda2205aaede1b05bf5d6c11ff70993104cbe0d8b0a7,OBS-FR-OI-SIMPLE-SOURCING-8,3a5c386500cd53b1784bb548d0555e2c225bcf9a7d02cef1b6041a600b62190a,RUN-20260821T114001,2026-08-21T11:40:01.305238+04:00
ITM-061d9f43ac5d68be,b2faec8a82ddd8435ce9aaf4a466078f252828dee708260746c972e98bd0f69c,OBS-FR-OI-SIMPLE-SOURCING-8,3a5c386500cd53b1784bb548d0555e2c225bcf9a7d02cef1b6041a600b62190a,RUN-20260821T114001,2026-08-21T11:40:01.305238+04:00
ITM-06421cd29d6a0b11,8d253aff86679653c56a71c19b4c638b78a2a06a2de83a05b375c9e710b79ffa,OBS-FR-OI-SIMPLE-SOURCING-8,3a5c386500cd53b1784bb548d0555e2c225bcf9a7d02cef1b6041a600b62190a,RUN-20260821T114001,2026-08-21T11:40:01.305238+04:00
ITM-06a1986bae323c17,5b9d557a2d9fa1293ce2bce3aaae91d886ffcb03d5db452695953d19688fc24b,OBS-FR-OI-SIMPLE-SOURCING-8,3a5c386500cd53b1784bb548d0555e2c225bcf9a7d02cef1b6041a600b62190a,RUN-20260821T114001,2026-08-21T11:40:01.305238+04:00
ITM-0724785a877742c0,5d5dac659fb46f281f311f8c6c93e040e08f3359dc8f663c300774f8c5fccea1,OBS-FR-OI-SIMPLE-SOURCING-8,3a5c386500cd53b1784bb548d0555e2c225bcf9a7d02cef1b6041a600b62190a,RUN-20260821T114001,2026-08-21T11:40:01.305238+04:00
ITM-073165dc67597152,230ea23438ac772be7fa73425db96703af9cff045e7f77ed4489c9b909fdc8ef,OBS-FR-OI-SIMPLE-SOURCING-8,3a5c386500cd53b1784bb548d0555e2c225bcf9a7d02cef1b6041a600b62190a,RUN-20260821T114001,2026-08-21T11:40:01.305238+04:00
ITM-07b9952774dc9686,3215c8950c60197585367e64cf81601b9625c28596d806f2ef5513a1f7917126,OBS-FR-OI-SIMPLE-SOURCING-8,3a5c386500cd53b1784bb548d0555e2c225bcf9a7d02cef1b6041a600b62190a,RUN-20260821T114001,2026-08-21T11:40:01.305238+04:00
ITM-083a449d9f671b74,c4fcacbfc3fe4011886e2a1709495a319ff8e055979907b887db1e82fe2bf85b,OBS-FR-OI-SIMPLE-SOURCING-8,3a5c386500cd53b1784bb548d0555e2c225bcf9a7d02cef1b6041a600b62190a,RUN-20260821T114001,2026-08-21T11:40:01.305238+04:00
ITM-0879efb5ba994b81,d77cd22f50b73fe522208b963087ba154b49100104c80f372319d87c673786cc,OBS-FR-OI-SIMPLE-SOURCING-8,3a5c386500cd53b1784bb548d0555e2c225bcf9a7d02cef1b6041a600b62190a,RUN-20260821T114001,2026-08-21T11:40:01.305238+04:00
ITM-08ce576935520d87,9cb5abc87c382a7eb6bbff110b0daad7ee06b12b5db3da8d2616e71dfde7781b,OBS-FR-OI-SIMPLE-SOURCING-8,3a5c386500cd53b1784bb548d0555e2c225bcf9a7d02cef1b6041a600b62190a,RUN-20260821T114001,2026-08-21T11:40:01.305238+04:00
ITM-08ee2b51433078f2,a421491964681331c3034d65e27b4eda1d02a60d5600c54eb32681508f72e490,OBS-FR-OI-SIMPLE-SOURCING-8,3a5c386500cd53b1784bb548d0555e2c225bcf9a7d02cef1b6041a600b62190a,RUN-20260821T114001,2026-08-21T11:40:01.305238+04:00
ITM-08ef3509bc450700,f99abdef582d64a7b0bf7e55ebdd7da092915600db7ceaa31a388f6eb7f8664b,OBS-FR-OI-SIMPLE-SOURCING-8,3a5c386500cd53b1784bb548d0555e2c225bcf9a7d02cef1b6041a600b62190a,RUN-20260821T114001,2026-08-21T11:40:01.305238+04:00
ITM-08fb14d5587521ab,5fa1e2dd3db6b2a9cb1035bd07a3033a13252ae6fd3395a471c9a412369d0bd2,OBS-FR-OI-SIMPLE-SOURCING-8,3a5c386500cd53b1784bb548d0555e2c225bcf9a7d02cef1b6041a600b62190a,RUN-20260821T114001,2026-08-21T11:40:01.305238+04:00
ITM-08fe35f4fde7b20e,6d5c576a99bea69d9513955f87e0cc7d2e767c092da35e5ffe6858a660ff7870,OBS-FR-OI-SIMPLE-SOURCING-8,3a5c386500cd53b1784bb548d0555e2c225bcf9a7d02cef1b6041a600b62190a,RUN-20260821T114001,2026-08-21T11:40:01.305238+04:00
ITM-091fc8637ce58920,cf23a35fced36bdee3936781fce38694014d53684b9fe62f71116fb6ce35b001,OBS-FR-OI-SIMPLE-SOURCING-8,3a5c386500cd53b1784bb548d0555e2c225bcf9a7d02cef1b6041a600b62190a,RUN-20260821T114001,2026-08-21T11:40:01.305238+04:00
ITM-094a3b986efdd194,32bb83269305d369f7f06b4555e7d7716ef491796eb577c09c03eb621b07a798,OBS-FR-OI-SIMPLE-SOURCING-8,3a5c386500cd53b1784bb548d0555e2c225bcf9a7d02cef1b6041a600b62190a,RUN-20260821T114001,2026-08-21T11:40:01.305238+04:00
ITM-0972b9f1cdbf38ca,46ef2d0713ea5632f9be6efe960224b36f37fdcb159b8e2f32f95a728cd57c32,OBS-FR-OI-SIMPLE-SOURCING-8,3a5c386500cd53b1784bb548d0555e2c225bcf9a7d02cef1b6041a600b62190a,RUN-20260821T114001,2026-08-21T11:40:01.305238+04:00
ITM-09c61578497f8747,74ef1bb3f598120aca0358477bf7b52f3d3863709afc7019b1070f0776d48002,OBS-FR-OI-SIMPLE-SOURCING-8,3a5c386500cd53b1784bb548d0555e2c225bcf9a7d02cef1b6041a600b62190a,RUN-20260821T114001,2026-08-21T11:40:01.305238+04:00
ITM-09eb6993763586d8,dd7150a6775a8eab5b8e01e7d1b9518035ebbbdc04fd5d1fd53e3c8b12fc4e2b,OBS-FR-OI-SIMPLE-SOURCING-8,3a5c386500cd53b1784bb548d0555e2c225bcf9a7d02cef1b6041a600b62190a,RUN-20260821T114001,2026-08-21T11:40:01.305238+04:00
ITM-09ee3dd87a27ea02,fdb016fe15e6202638906d7a5ee984143cb1084aa22b7a2dfdee48f460b62d0a,OBS-FR-OI-SIMPLE-SOURCING-8,3a5c386500cd53b1784bb548d0555e2c225bcf9a7d02cef1b6041a600b62190a,RUN-20260821T114001,2026-08-21T11:40:01.305238+04:00
ITM-0a082f20eda672d9,1c8df68b20d5850370aabeaa2f9b0ae3c66c9903c17852b4880f29c807e52494,OBS-FR-OI-SIMPLE-SOURCING-8,3a5c386500cd53b1784bb548d0555e2c225bcf9a7d02cef1b6041a600b62190a,RUN-20260821T114001,2026-08-21T11:40:01.305238+04:00
ITM-0a66cd85dc848f8c,454b91041df57e435e488ca51d93115ee18aa0a789a7169a99ba8122d5526222,OBS-FR-OI-SIMPLE-SOURCING-8,3a5c386500cd53b1784bb548d0555e2c225bcf9a7d02cef1b6041a600b62190a,RUN-20260821T114001,2026-08-21T11:40:01.305238+04:00
ITM-0a6898b2be76a259,0a6e2f4700daed906df696cbca47ff4ebe55f53a03aa10aaa74ab06a9c496767,OBS-FR-OI-SIMPLE-SOURCING-8,3a5c386500cd53b1784bb548d0555e2c225bcf9a7d02cef1b6041a600b62190a,RUN-20260821T114001,2026-08-21T11:40:01.305238+04:00
ITM-0afdd42d79791efe,b71c3a7b3e37bcbea156b558f562f4af6e9423b661e9d29ce1185a1dab40f808,OBS-FR-OI-SIMPLE-SOURCING-8,3a5c386500cd53b1784bb548d0555e2c225bcf9a7d02cef1b6041a600b62190a,RUN-20260821T114001,2026-08-21T11:40:01.305238+04:00
ITM-0b2017aee8c65950,bc1c03d6d9b2fa92c2bfd37a545db84b265409d873322ae2a774060c9c9051e1,OBS-FR-OI-SIMPLE-SOURCING-8,3a5c386500cd53b1784bb548d0555e2c225bcf9a7d02cef1b6041a600b62190a,RUN-20260821T114001,2026-08-21T11:40:01.305238+04:00
ITM-0b61d23ad11d724e,8311204115f8e6fd348245fecc4b62d46cf5a547076f92752efb301de808c94b,OBS-FR-OI-SIMPLE-SOURCING-8,3a5c386500cd53b1784bb548d0555e2c225bcf9a7d02cef1b6041a600b62190a,RUN-20260821T114001,2026-08-21T11:40:01.305238+04:00
ITM-0b8854d4551e6f74,6fe5698ef9e7e573f8c9c857956427f6d6446d98dd7e33bc7c0cc39624272180,OBS-FR-OI-SIMPLE-SOURCING-8,3a5c386500cd53b1784bb548d0555e2c225bcf9a7d02cef1b6041a600b62190a,RUN-20260821T114001,2026-08-21T11:40:01.305238+04:00
ITM-0bdbce4aee4f8eb5,3058b19a21b181081a5d4b075cce1fda8c3f075337186093f8f62ead23122b08,OBS-FR-OI-SIMPLE-SOURCING-8,3a5c386500cd53b1784bb548d0555e2c225bcf9a7d02cef1b6041a600b62190a,RUN-20260821T114001,2026-08-21T11:40:01.305238+04:00
ITM-0c05eddc40f69bfe,600c1baef613797146e93301a1e3d737a43d6ab3531f82d6549926ecc61162c9,OBS-FR-OI-SIMPLE-SOURCING-8,3a5c386500cd53b1784bb548d0555e2c225bcf9a7d02cef1b6041a600b62190a,RUN-20260821T114001,2026-08-21T11:40:01.305238+04:00
ITM-0c17e88035585450,2bac8aff73318ad0555f28bab2ed506d25c01bc20f82c4edb79df4909485efc2,OBS-FR-OI-SIMPLE-SOURCING-8,3a5c386500cd53b1784bb548d0555e2c225bcf9a7d02cef1b6041a600b62190a,RUN-20260821T114001,2026-08-21T11:40:01.305238+04:00
ITM-0c4c9229ba436a2d,48753b5ca13e6eabc7c49501258c05a2b09f997183357ef63e1a264a30d034e6,OBS-FR-OI-SIMPLE-SOURCING-8,3a5c386500cd53b1784bb548d0555e2c225bcf9a7d02cef1b6041a600b62190a,RUN-20260821T114001,2026-08-21T11:40:01.305238+04:00
ITM-0c71d9ac5b4e6492,038cbb26905d6e591ffd8d361c08a348cf5df70d39e1bd9b8ae44ec14f5117f4,OBS-FR-OI-SIMPLE-SOURCING-8,3a5c386500cd53b1784bb548d0555e2c225bcf9a7d02cef1b6041a600b62190a,RUN-20260821T114001,2026-08-21T11:40:01.305238+04:00
ITM-0c7b318a8fdf7645,e492d8768e77bff06f5cd7e5d2ee685b3b2a8164753bace5868a280416dc2b0c,OBS-FR-OI-SIMPLE-SOURCING-8,3a5c386500cd53b1784bb548d0555e2c225bcf9a7d02cef1b6041a600b62190a,RUN-20260821T114001,2026-08-21T11:40:01.305238+04:00
ITM-0ca880336ac1979f,632408865806dc2c3db7489aca35d6ff1c0ab6630da83c90916211ae346e5ecc,OBS-FR-OI-SIMPLE-SOURCING-8,3a5c386500cd53b1784bb548d0555e2c225bcf9a7d02cef1b6041a600b62190a,RUN-20260821T114001,2026-08-21T11:40:01.305238+04:00
ITM-0ce8a5fd20327cea,1b15f96bbbf92aa621bfa57274f785084c9b1b26fe9297876ec20f75d501d12f,OBS-FR-OI-SIMPLE-SOURCING-8,3a5c386500cd53b1784bb548d0555e2c225bcf9a7d02cef1b6041a600b62190a,RUN-20260821T114001,2026-08-21T11:40:01.305238+04:00
ITM-0ce92c4a5b950c9d,4f8cea8a58d026621e870ea6547a5574e9a9244d8aaa98188f695245fcf63935,OBS-FR-OI-SIMPLE-SOURCING-8,3a5c386500cd53b1784bb548d0555e2c225bcf9a7d02cef1b6041a600b62190a,RUN-20260821T114001,2026-08-21T11:40:01.305238+04:00
ITM-0d0fd64f9195ae13,fbada54053f06b8bbf10d24749ce24248ad16d903c8ebbddf76fea98f75693e9,OBS-FR-OI-SIMPLE-SOURCING-8,3a5c386500cd53b1784bb548d0555e2c225bcf9a7d02cef1b6041a600b62190a,RUN-20260821T114001,2026-08-21T11:40:01.305238+04:00
ITM-0d56a3768f074541,1f4c298f5cd6a40aed164a9ea09e1c617f6cc943bb2a6dd4b5ddaded9143424e,OBS-FR-OI-SIMPLE-SOURCING-8,3a5c386500cd53b1784bb548d0555e2c225bcf9a7d02cef1b6041a600b62190a,RUN-20260821T114001,2026-08-21T11:40:01.305238+04:00
ITM-0d9cf70acb3f36fe,fe7e63e22e8994fd3973eec7f8fc263a2cfe89171ef5d4a5a3750d9eb2cfb67c,OBS-FR-OI-SIMPLE-SOURCING-8,3a5c386500cd53b1784bb548d0555e2c225bcf9a7d02cef1b6041a600b62190a,RUN-20260821T114001,2026-08-21T11:40:01.305238+04:00
ITM-0dab9fb9f26c4852,aef7a2d3b9a948a6ba903fc7c05a12e6414e58ef44b3b5c14fb2497058698d37,OBS-FR-OI-SIMPLE-SOURCING-8,3a5c386500cd53b1784bb548d0555e2c225bcf9a7d02cef1b6041a600b62190a,RUN-20260821T114001,2026-08-21T11:40:01.305238+04:00
ITM-0dd0ead1cf4f8083,6efc41815797dc0bf4696df72c57092ba9b372c9a1512592be2bf5f607696367,OBS-FR-OI-SIMPLE-SOURCING-8,3a5c386500cd53b1784bb548d0555e2c225bcf9a7d02cef1b6041a600b62190a,RUN-20260821T114001,2026-08-21T11:40:01.305238+04:00
ITM-0dd4151b5c4080e5,2e95b155402cb89293640bcab234fd0779a721c5d5442574004b4c8c81d288e0,OBS-FR-OI-SIMPLE-SOURCING-8,3a5c386500cd53b1784bb548d0555e2c225bcf9a7d02cef1b6041a600b62190a,RUN-20260821T114001,2026-08-21T11:40:01.305238+04:00
ITM-0e287e99fcee3d2f,e4cf1fdc326c9f86260dfc897f084c9e56260de76272753f81108e287309c045,OBS-FR-OI-SIMPLE-SOURCING-8,3a5c386500cd53b1784bb548d0555e2c225bcf9a7d02cef1b6041a600b62190a,RUN-20260821T114001,2026-08-21T11:40:01.305238+04:00
ITM-0e33f948422de680,2a1f8a477c712d0d9323fc684ad4b5734555468ab168254d1ec40ad6fc18e96a,OBS-FR-OI-SIMPLE-SOURCING-8,3a5c386500cd53b1784bb548d0555e2c225bcf9a7d02cef1b6041a600b62190a,RUN-20260821T114001,2026-08-21T11:40:01.305238+04:00
ITM-0e7bb6157c9bc155,20a05999bdd646d9e137ef81c1120f336d33c9f087776df20dcb372fae7c956b,OBS-FR-OI-SIMPLE-SOURCING-8,3a5c386500cd53b1784bb548d0555e2c225bcf9a7d02cef1b6041a600b62190a,RUN-20260821T114001,2026-08-21T11:40:01.305238+04:00
ITM-0eea4dcee7d727c2,598ebb6dd24e4df4214ed29af66152d3ea709bce8bc62e2587fdfe9a33458ade,OBS-FR-OI-SIMPLE-SOURCING-8,3a5c386500cd53b1784bb548d0555e2c225bcf9a7d02cef1b6041a600b62190a,RUN-20260821T114001,2026-08-21T11:40:01.305238+04:00
ITM-0f318ac62c789d1a,ee96b29b28da776ea921df28a761c47e9070444a20dd748128fce0032fd24ff4,OBS-FR-OI-SIMPLE-SOURCING-8,3a5c386500cd53b1784bb548d0555e2c225bcf9a7d02cef1b6041a600b62190a,RUN-20260821T114001,2026-08-21T11:40:01.305238+04:00
ITM-0fbbd7a366d814cb,9fb8ae14bcd21fbfdeb0388d9ebffe5319ba531b3f9cb6ba707f7f4d0a3cf638,OBS-FR-OI-SIMPLE-SOURCING-8,3a5c386500cd53b1784bb548d0555e2c225bcf9a7d02cef1b6041a600b62190a,RUN-20260821T114001,2026-08-21T11:40:01.305238+04:00
ITM-100ca7046f841cee,7b95b6dab3887191d19f4555fdfc7fb554a84f538a5a69ae9b964b67274f63ff,OBS-FR-OI-SIMPLE-SOURCING-8,3a5c386500cd53b1784bb548d0555e2c225bcf9a7d02cef1b6041a600b62190a,RUN-20260821T114001,2026-08-21T11:40:01.305238+04:00
ITM-1074f8abdc878a18,1fcb83fd259d82a3dc2c77310b384b5fc7153f0d3a6d9add5b6a12779c2b02de,OBS-FR-OI-SIMPLE-SOURCING-8,3a5c386500cd53b1784bb548d0555e2c225bcf9a7d02cef1b6041a600b62190a,RUN-20260821T114001,2026-08-21T11:40:01.305238+04:00
ITM-108999051c95181a,3f6cae697b3658e52999335871bf6adc74fe26961fcd41ec8499c133799c3e4e,OBS-FR-OI-SIMPLE-SOURCING-8,3a5c386500cd53b1784bb548d0555e2c225bcf9a7d02cef1b6041a600b62190a,RUN-20260821T114001,2026-08-21T11:40:01.305238+04:00
ITM-10963ce40ab3c845,a1f446f3c0a72582cf7e256325b43999672b0ab5035201e530b64659f9dcbdb6,OBS-FR-OI-SIMPLE-SOURCING-8,3a5c386500cd53b1784bb548d0555e2c225bcf9a7d02cef1b6041a600b62190a,RUN-20260821T114001,2026-08-21T11:40:01.305238+04:00
ITM-10bc2de399feb216,c69d21c97deb9d4bf2b0e318d0a637275f9fa69643523d5b14cb552f01a2ed9a,OBS-FR-OI-SIMPLE-SOURCING-8,3a5c386500cd53b1784bb548d0555e2c225bcf9a7d02cef1b6041a600b62190a,RUN-20260821T114001,2026-08-21T11:40:01.305238+04:00
ITM-10fc3f8594c71a78,516ecfec9cb15b0b4120f795733388f74336bda9777364ba4c528c2139413bfc,OBS-FR-OI-SIMPLE-SOURCING-8,3a5c386500cd53b1784bb548d0555e2c225bcf9a7d02cef1b6041a600b62190a,RUN-20260821T114001,2026-08-21T11:40:01.305238+04:00
ITM-1124113b8a57eb93,61d7b38aa12fb6c7a3881469244b62bad73a19c973178e464ad85d378e47bda7,OBS-FR-OI-SIMPLE-SOURCING-8,3a5c386500cd53b1784bb548d0555e2c225bcf9a7d02cef1b6041a600b62190a,RUN-20260821T114001,2026-08-21T11:40:01.305238+04:00
ITM-112bb20f4d798153,f8d9d37f511d154b40760e5d2857600dda4abc8b281d927ec1f37f76b36d2cef,OBS-FR-OI-SIMPLE-SOURCING-8,3a5c386500cd53b1784bb548d0555e2c225bcf9a7d02cef1b6041a600b62190a,RUN-20260821T114001,2026-08-21T11:40:01.305238+04:00
ITM-11f6cca2c8dd1c70,a92b51e0457b30e9725a7982b6a298ce1530ad8667655e71d6c2c21366004082,OBS-FR-OI-SIMPLE-SOURCING-8,3a5c386500cd53b1784bb548d0555e2c225bcf9a7d02cef1b6041a600b62190a,RUN-20260821T114001,2026-08-21T11:40:01.305238+04:00
ITM-1238c9d8f08a43be,1565a382965e516237e84c924b9d9f0c7218b61153ad76268ff3d65216693a07,OBS-FR-OI-SIMPLE-SOURCING-8,3a5c386500cd53b1784bb548d0555e2c225bcf9a7d02cef1b6041a600b62190a,RUN-20260821T114001,2026-08-21T11:40:01.305238+04:00
ITM-1239e1e69a0e1f6c,e201a4912bd24b2af9ba51b9cf885a4d49e404ae277bc23df9b2618dbc93aaf9,OBS-FR-OI-SIMPLE-SOURCING-8,3a5c386500cd53b1784bb548d0555e2c225bcf9a7d02cef1b6041a600b62190a,RUN-20260821T114001,2026-08-21T11:40:01.305238+04:00
ITM-12725faa099ca51c,a170d702e7a8d22b4a5c9d95ae4d168068ef10c09b86765ce2c5be376b395678,OBS-FR-OI-SIMPLE-SOURCING-8,3a5c386500cd53b1784bb548d0555e2c225bcf9a7d02cef1b6041a600b62190a,RUN-20260821T114001,2026-08-21T11:40:01.305238+04:00
ITM-12a4ed2f1cf8e7e8,f1834b4d69d313d2ce30d6cd20e63c0ee529ff3480d479a021148f085afe9b47,OBS-FR-OI-SIMPLE-SOURCING-8,3a5c386500cd53b1784bb548d0555e2c225bcf9a7d02cef1b6041a600b62190a,RUN-20260821T114001,2026-08-21T11:40:01.305238+04:00
ITM-12a6212cedb8e5ce,304b039994e62fad0f396bb5ad2205beb1a3a1784061d8493b5de39d4ad60dd2,OBS-FR-OI-SIMPLE-SOURCING-8,3a5c386500cd53b1784bb548d0555e2c225bcf9a7d02cef1b6041a600b62190a,RUN-20260821T114001,2026-08-21T11:40:01.305238+04:00
ITM-12bcfac430ef1cf0,7b1db41916a18b68494d5af4830ed23ecbb5edfec2eab8827389a92a214200fd,OBS-FR-OI-SIMPLE-SOURCING-8,3a5c386500cd53b1784bb548d0555e2c225bcf9a7d02cef1b6041a600b62190a,RUN-20260821T114001,2026-08-21T11:40:01.305238+04:00
ITM-12c2b662bcda52a1,ee476c6cccbf5c2e43ce7e780258e3009f4e6a45781c145b6fd1490c65a8116a,OBS-FR-OI-SIMPLE-SOURCING-8,3a5c386500cd53b1784bb548d0555e2c225bcf9a7d02cef1b6041a600b62190a,RUN-20260821T114001,2026-08-21T11:40:01.305238+04:00
ITM-12c42e6cd7f7c288,b46b2d27ab510c42ba9cbe519067d160cfc20fe25faffb11d3379033ee084e31,OBS-FR-OI-SIMPLE-SOURCING-8,3a5c386500cd53b1784bb548d0555e2c225bcf9a7d02cef1b6041a600b62190a,RUN-20260821T114001,2026-08-21T11:40:01.305238+04:00
ITM-12efd3c9f0ff5b86,58ddb8cc7cc00d9d67aca873e4b04abaa18172b6b8fe422418c9a65ef60072ce,OBS-FR-OI-SIMPLE-SOURCING-8,3a5c386500cd53b1784bb548d0555e2c225bcf9a7d02cef1b6041a600b62190a,RUN-20260821T114001,2026-08-21T11:40:01.305238+04:00
ITM-12fddc4c0dc4222c,2da52cfe4741c31530329699ce1898ead9934124b56b6783e2ac44aa712b3fe9,OBS-FR-OI-SIMPLE-SOURCING-8,3a5c386500cd53b1784bb548d0555e2c225bcf9a7d02cef1b6041a600b62190a,RUN-20260821T114001,2026-08-21T11:40:01.305238+04:00
ITM-138924ed9143382e,452faf1d33b899dbfaf6d65bfa26c0a3e695bc40a90fcddbbd14b6d59bd2aaca,OBS-FR-OI-SIMPLE-SOURCING-8,3a5c386500cd53b1784bb548d0555e2c225bcf9a7d02cef1b6041a600b62190a,RUN-20260821T114001,2026-08-21T11:40:01.305238+04:00
ITM-13c365aea8d21c31,49fbf5dadc5e82b699d60b11e882a26deb85ac6bf553b4770e5f7d673819e247,OBS-FR-OI-SIMPLE-SOURCING-8,3a5c386500cd53b1784bb548d0555e2c225bcf9a7d02cef1b6041a600b62190a,RUN-20260821T114001,2026-08-21T11:40:01.305238+04:00
ITM-1405c2be130d1ecd,ebbc44872665b67df5ddbbc9da4dc79fdd7617ac587b78b9f672d0c320406ea7,OBS-FR-OI-SIMPLE-SOURCING-8,3a5c386500cd53b1784bb548d0555e2c225bcf9a7d02cef1b6041a600b62190a,RUN-20260821T114001,2026-08-21T11:40:01.305238+04:00
ITM-14097fe8c6268343,27fda7c4ecd8c0d12c94a49e618a2a166664dd90370556f1dad0f9c302ba133d,OBS-FR-OI-SIMPLE-SOURCING-8,3a5c386500cd53b1784bb548d0555e2c225bcf9a7d02cef1b6041a600b62190a,RUN-20260821T114001,2026-08-21T11:40:01.305238+04:00
ITM-145ff5995c92a02d,6f4a8de0eef4a3cbecabe50ebdf64173b6ef6ba86eebb06b953b39666a1efb69,OBS-FR-OI-SIMPLE-SOURCING-8,3a5c386500cd53b1784bb548d0555e2c225bcf9a7d02cef1b6041a600b62190a,RUN-20260821T114001,2026-08-21T11:40:01.305238+04:00
ITM-148d65792859dc97,df73847d3e07a58472f6b286bb67eb5fcbccef84ea7fa16a56e29772d0b66c07,OBS-FR-OI-SIMPLE-SOURCING-8,3a5c386500cd53b1784bb548d0555e2c225bcf9a7d02cef1b6041a600b62190a,RUN-20260821T114001,2026-08-21T11:40:01.305238+04:00
ITM-149382450d886235,718969a345119226dac7a7485f14259ac1844019ce9121bcac2b1ad2a349497a,OBS-FR-OI-SIMPLE-SOURCING-8,3a5c386500cd53b1784bb548d0555e2c225bcf9a7d02cef1b6041a600b62190a,RUN-20260821T114001,2026-08-21T11:40:01.305238+04:00
ITM-1531de5fcb7b2920,db35e33ac6543160928f2edb628e3691fa1ee921cb4ff350621e62e3197f60c2,OBS-FR-OI-SIMPLE-SOURCING-8,3a5c386500cd53b1784bb548d0555e2c225bcf9a7d02cef1b6041a600b62190a,RUN-20260821T114001,2026-08-21T11:40:01.305238+04:00
ITM-157ec8180d223fb4,8282b1b9f88d30a6afb2fb62020b5549ec34b72bf50f5ef29941a2cfca6c2b85,OBS-FR-OI-SIMPLE-SOURCING-8,3a5c386500cd53b1784bb548d0555e2c225bcf9a7d02cef1b6041a600b62190a,RUN-20260821T114001,2026-08-21T11:40:01.305238+04:00
ITM-15e8d2e551df0802,d26695dd5dda5de5f47eb426a391bf3759d9adb9296d30826faa9d371c9bd2af,OBS-FR-OI-SIMPLE-SOURCING-8,3a5c386500cd53b1784bb548d0555e2c225bcf9a7d02cef1b6041a600b62190a,RUN-20260821T114001,2026-08-21T11:40:01.305238+04:00
ITM-163615d7c9f7aa59,d40339d5a9f2bcc58eea5057ebd0a844991def4d91171c8be95994c37532fc00,OBS-FR-OI-SIMPLE-SOURCING-8,3a5c386500cd53b1784bb548d0555e2c225bcf9a7d02cef1b6041a600b62190a,RUN-20260821T114001,2026-08-21T11:40:01.305238+04:00
ITM-166bd5cffe402fcb,c802194b3d947f49c4dbb978eb2519a69e79c69bac60d3c00d7787a14e41c494,OBS-FR-OI-SIMPLE-SOURCING-8,3a5c386500cd53b1784bb548d0555e2c225bcf9a7d02cef1b6041a600b62190a,RUN-20260821T114001,2026-08-21T11:40:01.305238+04:00
ITM-1684cdf6989b703f,ecaaba6392d0a56daaf67bcb136d4e285c3f447ae0b05f2c3ae70f9c9010079f,OBS-FR-OI-SIMPLE-SOURCING-8,3a5c386500cd53b1784bb548d0555e2c225bcf9a7d02cef1b6041a600b62190a,RUN-20260821T114001,2026-08-21T11:40:01.305238+04:00
ITM-16932e47eab9036d,cc0670e9513337fc2cb90fd7c542b7eb403a526730248463e8bd7c744118bdc8,OBS-FR-OI-SIMPLE-SOURCING-8,3a5c386500cd53b1784bb548d0555e2c225bcf9a7d02cef1b6041a600b62190a,RUN-20260821T114001,2026-08-21T11:40:01.305238+04:00
ITM-16b33d8821d927b3,6019cf3d25196ca946495d4f3d03f4742180c397762ed4b2378bfb764ca3a18d,OBS-FR-OI-SIMPLE-SOURCING-8,3a5c386500cd53b1784bb548d0555e2c225bcf9a7d02cef1b6041a600b62190a,RUN-20260821T114001,2026-08-21T11:40:01.305238+04:00
ITM-16b6aa02661200f5,e9155b72d894d756acfb4f5b1fc55fffe869b2d62a4427e5b7b520ee908ad624,OBS-FR-OI-SIMPLE-SOURCING-8,3a5c386500cd53b1784bb548d0555e2c225bcf9a7d02cef1b6041a600b62190a,RUN-20260821T114001,2026-08-21T11:40:01.305238+04:00
ITM-16baa08a1203a688,c2f6a7eb29e1118a39d42125773115dcc9f4d7b4d73ec4f75ee173eaf01f77c4,OBS-FR-OI-SIMPLE-SOURCING-8,3a5c386500cd53b1784bb548d0555e2c225bcf9a7d02cef1b6041a600b62190a,RUN-20260821T114001,2026-08-21T11:40:01.305238+04:00
ITM-16e1b365df062e31,bd0ea10bc97676a98339d7d808504dd745922dcc4987ec202b7c9aa76d1dcdf3,OBS-FR-OI-SIMPLE-SOURCING-8,3a5c386500cd53b1784bb548d0555e2c225bcf9a7d02cef1b6041a600b62190a,RUN-20260821T114001,2026-08-21T11:40:01.305238+04:00
ITM-1727d5995cd0b94f,2e0ec367c0d282949e1b886722b8f9430d80a62987f8e84c73a6490eef299b29,OBS-FR-OI-SIMPLE-SOURCING-8,3a5c386500cd53b1784bb548d0555e2c225bcf9a7d02cef1b6041a600b62190a,RUN-20260821T114001,2026-08-21T11:40:01.305238+04:00
ITM-174aa1135065caa2,4afd7e8ea36c7d9bef178a2664c31891db8c666e20bba754deccba5dd5bc5f1d,OBS-FR-OI-SIMPLE-SOURCING-8,3a5c386500cd53b1784bb548d0555e2c225bcf9a7d02cef1b6041a600b62190a,RUN-20260821T114001,2026-08-21T11:40:01.305238+04:00
ITM-174e230214ed401f,ad59407d4213dcec10cf6c04af98ea1c268be892f7eab988c449a0aafcb2fd0c,OBS-FR-OI-SIMPLE-SOURCING-8,3a5c386500cd53b1784bb548d0555e2c225bcf9a7d02cef1b6041a600b62190a,RUN-20260821T114001,2026-08-21T11:40:01.305238+04:00
ITM-176d6d6164dfd493,ee2e9041916b87432d25cb8ffff1fff918db0a37a7da9d5f4439f013f97b6726,OBS-FR-OI-SIMPLE-SOURCING-8,3a5c386500cd53b1784bb548d0555e2c225bcf9a7d02cef1b6041a600b62190a,RUN-20260821T114001,2026-08-21T11:40:01.305238+04:00
ITM-178cfa85173845d7,8f106d68ffc3f35e251222060287fb153e883ee56d02bb6f40cfb4801710c898,OBS-FR-OI-SIMPLE-SOURCING-8,3a5c386500cd53b1784bb548d0555e2c225bcf9a7d02cef1b6041a600b62190a,RUN-20260821T114001,2026-08-21T11:40:01.305238+04:00
ITM-17e60b8a16b53009,43886eb8050fed8ccdfc28521014bf39e9a5f989bb169d2c75e33f699cccad63,OBS-FR-OI-SIMPLE-SOURCING-8,3a5c386500cd53b1784bb548d0555e2c225bcf9a7d02cef1b6041a600b62190a,RUN-20260821T114001,2026-08-21T11:40:01.305238+04:00
ITM-186367d25b8353be,9efc9d9d67e7eb65aa552b79aeeeca5a09e60fd8b1c75d15f44a563b89ba0bb2,OBS-FR-OI-SIMPLE-SOURCING-8,3a5c386500cd53b1784bb548d0555e2c225bcf9a7d02cef1b6041a600b62190a,RUN-20260821T114001,2026-08-21T11:40:01.305238+04:00
ITM-189bd07440b5fa3e,d60de5525f96f253b6dac795405c5de8be67f633ad54d552f5ee001e91dab825,OBS-FR-OI-SIMPLE-SOURCING-8,3a5c386500cd53b1784bb548d0555e2c225bcf9a7d02cef1b6041a600b62190a,RUN-20260821T114001,2026-08-21T11:40:01.305238+04:00
ITM-191b5674790ce220,7be9fff2110fdbf05006fc666c480e4bdb749d2baed9d0f575cc64525887c707,OBS-FR-OI-SIMPLE-SOURCING-8,3a5c386500cd53b1784bb548d0555e2c225bcf9a7d02cef1b6041a600b62190a,RUN-20260821T114001,2026-08-21T11:40:01.305238+04:00
ITM-1925f941acc44c6a,8e6a78034cac36f8596d2d38a4f921c2633e13dd9b8ba54361d7522246702852,OBS-FR-OI-SIMPLE-SOURCING-8,3a5c386500cd53b1784bb548d0555e2c225bcf9a7d02cef1b6041a600b62190a,RUN-20260821T114001,2026-08-21T11:40:01.305238+04:00
ITM-1941a3ab487817da,307ee7dde10ad03eb7062caac81477cf1fda854c0b302a99d937cc37f4d1de6a,OBS-FR-OI-SIMPLE-SOURCING-8,3a5c386500cd53b1784bb548d0555e2c225bcf9a7d02cef1b6041a600b62190a,RUN-20260821T114001,2026-08-21T11:40:01.305238+04:00
ITM-19791620146f2ed3,9a962e078a0ec79592d50da272026c875a12359bc36cfa1d465c12be8878663f,OBS-FR-OI-SIMPLE-SOURCING-8,3a5c386500cd53b1784bb548d0555e2c225bcf9a7d02cef1b6041a600b62190a,RUN-20260821T114001,2026-08-21T11:40:01.305238+04:00
ITM-198cb46c20a6d114,141ce77bffc881b1d8576faee150b6b87439e314452457d4d0c50f10c3269a61,OBS-FR-OI-SIMPLE-SOURCING-8,3a5c386500cd53b1784bb548d0555e2c225bcf9a7d02cef1b6041a600b62190a,RUN-20260821T114001,2026-08-21T11:40:01.305238+04:00
ITM-19a8ed99ad988174,df92165a9cdf6447cc1cb9e2410c177df31d724e70be80cf66790659fbd79c5d,OBS-FR-OI-SIMPLE-SOURCING-8,3a5c386500cd53b1784bb548d0555e2c225bcf9a7d02cef1b6041a600b62190a,RUN-20260821T114001,2026-08-21T11:40:01.305238+04:00
ITM-19c23a895740e5e6,2fe4d85dd73075dbf40d7251c2aa348f71c48e327512004da29e5f09853eee6b,OBS-FR-OI-SIMPLE-SOURCING-8,3a5c386500cd53b1784bb548d0555e2c225bcf9a7d02cef1b6041a600b62190a,RUN-20260821T114001,2026-08-21T11:40:01.305238+04:00
ITM-19d1356065f238ef,ce1bb9a2bd094b71f23712eced3ba51b037d694534a03f3b50a38241fb530c2a,OBS-FR-OI-SIMPLE-SOURCING-8,3a5c386500cd53b1784bb548d0555e2c225bcf9a7d02cef1b6041a600b62190a,RUN-20260821T114001,2026-08-21T11:40:01.305238+04:00
ITM-1a9b3e882ac9ef7a,095ec95e58ff8b1017ddf42747f3d059393927f5619d1421911026ca99d938b1,OBS-FR-OI-SIMPLE-SOURCING-8,3a5c386500cd53b1784bb548d0555e2c225bcf9a7d02cef1b6041a600b62190a,RUN-20260821T114001,2026-08-21T11:40:01.305238+04:00
ITM-1aa602530f6dfa07,2dc17eacda48e2bec56480091141491cdd041f18e161eccba260fd416a7f4242,OBS-FR-OI-SIMPLE-SOURCING-8,3a5c386500cd53b1784bb548d0555e2c225bcf9a7d02cef1b6041a600b62190a,RUN-20260821T114001,2026-08-21T11:40:01.305238+04:00
ITM-1b1e27a63a03e0b0,0d88751af5bf33ef8a95bce002f2d7307ee2273e45c90441ca8b1e95117dfd52,OBS-FR-OI-SIMPLE-SOURCING-8,3a5c386500cd53b1784bb548d0555e2c225bcf9a7d02cef1b6041a600b62190a,RUN-20260821T114001,2026-08-21T11:40:01.305238+04:00
ITM-1c429f2e5c0fd626,bdb141037e684f3cdd292324c07aa216a199457c4eb549a4ee628715c6219037,OBS-FR-OI-SIMPLE-SOURCING-8,3a5c386500cd53b1784bb548d0555e2c225bcf9a7d02cef1b6041a600b62190a,RUN-20260821T114001,2026-08-21T11:40:01.305238+04:00
ITM-1c5366e5d595a5b8,a478552e7111a2b8fda583711f93f827202169cd0e6a6c4ba69979fac63c1c79,OBS-FR-OI-SIMPLE-SOURCING-8,3a5c386500cd53b1784bb548d0555e2c225bcf9a7d02cef1b6041a600b62190a,RUN-20260821T114001,2026-08-21T11:40:01.305238+04:00
ITM-1d1f4b3772c629ec,97c016e95b20f0fa0952549d91f575e5a70f50ba0f464c06c6c8cc946ba4219c,OBS-FR-OI-SIMPLE-SOURCING-8,3a5c386500cd53b1784bb548d0555e2c225bcf9a7d02cef1b6041a600b62190a,RUN-20260821T114001,2026-08-21T11:40:01.305238+04:00
ITM-1d4f3e5c7fa6b19e,0a8f6bdab66aee8160ac66147fd2f9fb61b9a119b6c04b2405d59b2ae354d873,OBS-FR-OI-SIMPLE-SOURCING-8,3a5c386500cd53b1784bb548d0555e2c225bcf9a7d02cef1b6041a600b62190a,RUN-20260821T114001,2026-08-21T11:40:01.305238+04:00
ITM-1d79908044660863,8b56fba51108f2dd0799fa75e1f94cb93ba6b230e82f0f0337b76bd80e965943,OBS-FR-OI-SIMPLE-SOURCING-8,3a5c386500cd53b1784bb548d0555e2c225bcf9a7d02cef1b6041a600b62190a,RUN-20260821T114001,2026-08-21T11:40:01.305238+04:00
ITM-1d7c7ad9592b5ba2,ae6474fd04d70391e3fd35cf409d161c2a71f693e076bf3e4d78a5efbefc7ba0,OBS-FR-OI-SIMPLE-SOURCING-8,3a5c386500cd53b1784bb548d0555e2c225bcf9a7d02cef1b6041a600b62190a,RUN-20260821T114001,2026-08-21T11:40:01.305238+04:00
ITM-1d969c0cb2336c84,ae7f1de9979ffa6e13f48bf241dd052b2ab5d87ff64d8bea8353f91d7fd50632,OBS-FR-OI-SIMPLE-SOURCING-8,3a5c386500cd53b1784bb548d0555e2c225bcf9a7d02cef1b6041a600b62190a,RUN-20260821T114001,2026-08-21T11:40:01.305238+04:00
ITM-1da1b871787bdc73,72a09365d089591eff62c30fe279390bb8493646ef8dc906050f6f1ce2072437,OBS-FR-OI-SIMPLE-SOURCING-8,3a5c386500cd53b1784bb548d0555e2c225bcf9a7d02cef1b6041a600b62190a,RUN-20260821T114001,2026-08-21T11:40:01.305238+04:00
ITM-1df989f797ffbedb,f562b2851e272c9cfc1ff6875e85327e05242d5d0472735c557308b227c456a0,OBS-FR-OI-SIMPLE-SOURCING-8,3a5c386500cd53b1784bb548d0555e2c225bcf9a7d02cef1b6041a600b62190a,RUN-20260821T114001,2026-08-21T11:40:01.305238+04:00
ITM-1e10bd27f0de50d5,fdfd2fe3f92c77af756eb434d7ac3d125b9479526cd5ab13d0d492f5b44e8cb2,OBS-FR-OI-SIMPLE-SOURCING-8,3a5c386500cd53b1784bb548d0555e2c225bcf9a7d02cef1b6041a600b62190a,RUN-20260821T114001,2026-08-21T11:40:01.305238+04:00
ITM-1e2583638be83a87,d92f011f4f3fe2659155c8eb4b93792b1b6068344d2bc341a9b7b9ca5cb26d1f,OBS-FR-OI-SIMPLE-SOURCING-8,3a5c386500cd53b1784bb548d0555e2c225bcf9a7d02cef1b6041a600b62190a,RUN-20260821T114001,2026-08-21T11:40:01.305238+04:00
ITM-1e43c437c74b3c6c,82a48a32f259ef7b6307846051e77e845f7215f48275dfed4e8dc87c3611cdf6,OBS-FR-OI-SIMPLE-SOURCING-8,3a5c386500cd53b1784bb548d0555e2c225bcf9a7d02cef1b6041a600b62190a,RUN-20260821T114001,2026-08-21T11:40:01.305238+04:00
ITM-1e5b448f3ca30e31,35f7353cafa8dbda155652cea526eac2e5bb54ba6089a24c50bfcd0b3ad335e1,OBS-FR-OI-SIMPLE-SOURCING-8,3a5c386500cd53b1784bb548d0555e2c225bcf9a7d02cef1b6041a600b62190a,RUN-20260821T114001,2026-08-21T11:40:01.305238+04:00
ITM-1eb6515e2ca46a8b,d64f9ac443fb34dfabdff152724675720f95d597e6e672da411ae3a8ee08ceee,OBS-FR-OI-SIMPLE-SOURCING-8,3a5c386500cd53b1784bb548d0555e2c225bcf9a7d02cef1b6041a600b62190a,RUN-20260821T114001,2026-08-21T11:40:01.305238+04:00
ITM-1ee6f6cbcdcfbbb3,07e0a5ab019930353d965ad57685405fbde0f9f3dcacc37530f1cec953278521,OBS-FR-OI-SIMPLE-SOURCING-8,3a5c386500cd53b1784bb548d0555e2c225bcf9a7d02cef1b6041a600b62190a,RUN-20260821T114001,2026-08-21T11:40:01.305238+04:00
ITM-1ef73e8b1eaed406,ca97a927d023ac17a932eea6184a5cd36b49d469a890df0095ea8fa2cd369a11,OBS-FR-OI-SIMPLE-SOURCING-8,3a5c386500cd53b1784bb548d0555e2c225bcf9a7d02cef1b6041a600b62190a,RUN-20260821T114001,2026-08-21T11:40:01.305238+04:00
ITM-1f052644476b0bdf,0827f04f3ff4ade5ef12741c4fa782bb8df472dd6039b7b2a3c7c10e9678641e,OBS-FR-OI-SIMPLE-SOURCING-8,3a5c386500cd53b1784bb548d0555e2c225bcf9a7d02cef1b6041a600b62190a,RUN-20260821T114001,2026-08-21T11:40:01.305238+04:00
ITM-1f0ab32d274268c5,c9a16c15d8ecde4ca4eebf1de1c8f77aac12f17ca1f7d9aaa22cc24dfe8517b6,OBS-FR-OI-SIMPLE-SOURCING-8,3a5c386500cd53b1784bb548d0555e2c225bcf9a7d02cef1b6041a600b62190a,RUN-20260821T114001,2026-08-21T11:40:01.305238+04:00
ITM-1f215ed45c170622,07113db7b2774ee91d7c67caaf0bbe6586254260a801cb227cee5d4ead9d48ef,OBS-FR-OI-SIMPLE-SOURCING-8,3a5c386500cd53b1784bb548d0555e2c225bcf9a7d02cef1b6041a600b62190a,RUN-20260821T114001,2026-08-21T11:40:01.305238+04:00
ITM-1f4e8297dec64af5,eea00a661dc9742ed6f0f383ac61a55ef0e378236c122252db424535bb7ca196,OBS-FR-OI-SIMPLE-SOURCING-8,3a5c386500cd53b1784bb548d0555e2c225bcf9a7d02cef1b6041a600b62190a,RUN-20260821T114001,2026-08-21T11:40:01.305238+04:00
ITM-1f6e17c0ce60e40b,247d6d22ca5278fa2770a95273b8fee0c048460d09e363c88cbfeccb6da20b24,OBS-FR-OI-SIMPLE-SOURCING-8,3a5c386500cd53b1784bb548d0555e2c225bcf9a7d02cef1b6041a600b62190a,RUN-20260821T114001,2026-08-21T11:40:01.305238+04:00
ITM-1fd99d34255bf919,56654db8eadd6ca9e629071991cc59c16b81398907ec6ac3e7984cd3542160b1,OBS-FR-OI-SIMPLE-SOURCING-8,3a5c386500cd53b1784bb548d0555e2c225bcf9a7d02cef1b6041a600b62190a,RUN-20260821T114001,2026-08-21T11:40:01.305238+04:00
ITM-1fdcf3bb7afcc977,5f587f27dcd21422a90fbd1e2980ddaee37bf33de421c92e1ca4bd4255518eee,OBS-FR-OI-SIMPLE-SOURCING-8,3a5c386500cd53b1784bb548d0555e2c225bcf9a7d02cef1b6041a600b62190a,RUN-20260821T114001,2026-08-21T11:40:01.305238+04:00
ITM-201dda3fd7cca1a6,6c7d8b966f73608b849fe867d9eed0cf3443d94f592703f768f979805f6dbd7d,OBS-FR-OI-SIMPLE-SOURCING-8,3a5c386500cd53b1784bb548d0555e2c225bcf9a7d02cef1b6041a600b62190a,RUN-20260821T114001,2026-08-21T11:40:01.305238+04:00
ITM-205fad16b2c103a8,674f1fe197bd668cc24dbbab5dd873f3e8a7d45a5eb1af1ef1d8254037d15265,OBS-FR-OI-SIMPLE-SOURCING-8,3a5c386500cd53b1784bb548d0555e2c225bcf9a7d02cef1b6041a600b62190a,RUN-20260821T114001,2026-08-21T11:40:01.305238+04:00
ITM-206f73f9e8b77bb9,37c69f6d710302f658828968b498203f8af099b21b4c9e4b1bbe2fba05660fa6,OBS-FR-OI-SIMPLE-SOURCING-8,3a5c386500cd53b1784bb548d0555e2c225bcf9a7d02cef1b6041a600b62190a,RUN-20260821T114001,2026-08-21T11:40:01.305238+04:00
ITM-2075525fe1b12382,f39a17413d995a258af5e9bb8f0b50d3922eab1ba584aaea60ed344c15b13e9b,OBS-FR-OI-SIMPLE-SOURCING-8,3a5c386500cd53b1784bb548d0555e2c225bcf9a7d02cef1b6041a600b62190a,RUN-20260821T114001,2026-08-21T11:40:01.305238+04:00
ITM-20afe79fae511313,30357f05e4e49cfc5ba2628188c67006397ed73024d52703f3c925f0b2d09f9d,OBS-FR-OI-SIMPLE-SOURCING-8,3a5c386500cd53b1784bb548d0555e2c225bcf9a7d02cef1b6041a600b62190a,RUN-20260821T114001,2026-08-21T11:40:01.305238+04:00
ITM-20ebf0b4645653ac,a921019cdbddb4c644b3e1e8b77d052bd5a527c8cb7387ad3275e9a7789f719b,OBS-FR-OI-SIMPLE-SOURCING-8,3a5c386500cd53b1784bb548d0555e2c225bcf9a7d02cef1b6041a600b62190a,RUN-20260821T114001,2026-08-21T11:40:01.305238+04:00
ITM-213f922056c63ae5,5c3b6e354b96cd411af86ada51a502143b001b06c4e067f79c0313a8a8100108,OBS-FR-OI-SIMPLE-SOURCING-8,3a5c386500cd53b1784bb548d0555e2c225bcf9a7d02cef1b6041a600b62190a,RUN-20260821T114001,2026-08-21T11:40:01.305238+04:00
ITM-2177bfacf5e3aa66,ed126e1e7365690d6bf6903cdafc53d3784d0300bd0479a923f94a6471681ab0,OBS-FR-OI-SIMPLE-SOURCING-8,3a5c386500cd53b1784bb548d0555e2c225bcf9a7d02cef1b6041a600b62190a,RUN-20260821T114001,2026-08-21T11:40:01.305238+04:00
ITM-2182974e2680d4a9,c22c2a846bce63ec2b095d315254bc567b692991f2576fa01981de140a09a2f7,OBS-FR-OI-SIMPLE-SOURCING-8,3a5c386500cd53b1784bb548d0555e2c225bcf9a7d02cef1b6041a600b62190a,RUN-20260821T114001,2026-08-21T11:40:01.305238+04:00
ITM-21e94b8e42c9be69,143ac551453747fb48ecdbf53b1d0e7d57abd5011508dbc6fa35568c93aa8c09,OBS-FR-OI-SIMPLE-SOURCING-8,3a5c386500cd53b1784bb548d0555e2c225bcf9a7d02cef1b6041a600b62190a,RUN-20260821T114001,2026-08-21T11:40:01.305238+04:00
ITM-21fc6dd42b4e952c,088631aefaee0edfc63fb298f24b2b28b29d52e7230863b4b49a0e61ae3debaa,OBS-FR-OI-SIMPLE-SOURCING-8,3a5c386500cd53b1784bb548d0555e2c225bcf9a7d02cef1b6041a600b62190a,RUN-20260821T114001,2026-08-21T11:40:01.305238+04:00
ITM-22156441c933a214,6e625d3ef02a930698124c8b38748096d40f64a048d3afe1ad5207f06112e2ff,OBS-FR-OI-SIMPLE-SOURCING-8,3a5c386500cd53b1784bb548d0555e2c225bcf9a7d02cef1b6041a600b62190a,RUN-20260821T114001,2026-08-21T11:40:01.305238+04:00
ITM-22262d8dead57847,0636f4ecce3611582aa234b5f6f2fe7b9dd0029f92df590f12f2ee5551117296,OBS-FR-OI-SIMPLE-SOURCING-8,3a5c386500cd53b1784bb548d0555e2c225bcf9a7d02cef1b6041a600b62190a,RUN-20260821T114001,2026-08-21T11:40:01.305238+04:00
ITM-22320d2daa338297,f7e76da47258e5f43efc495f14201daf2f07004531d2060cb6831250ec2b61bb,OBS-FR-OI-SIMPLE-SOURCING-8,3a5c386500cd53b1784bb548d0555e2c225bcf9a7d02cef1b6041a600b62190a,RUN-20260821T114001,2026-08-21T11:40:01.305238+04:00
ITM-2249150bcb3835dc,13ce9536b9a5b603c53b958746147a578dca804d25d08815465673c3087a649d,OBS-FR-OI-SIMPLE-SOURCING-8,3a5c386500cd53b1784bb548d0555e2c225bcf9a7d02cef1b6041a600b62190a,RUN-20260821T114001,2026-08-21T11:40:01.305238+04:00
ITM-2314df5a3d3d6829,31824e33c9e9eabc96d482942598513493d8936371bf33693d324311b5b23aaf,OBS-FR-OI-SIMPLE-SOURCING-8,3a5c386500cd53b1784bb548d0555e2c225bcf9a7d02cef1b6041a600b62190a,RUN-20260821T114001,2026-08-21T11:40:01.305238+04:00
ITM-23191062b6effb9a,02293ff1ac316ebb03200240c98547d830739874f9cdbde8fb27e8186ccf2db5,OBS-FR-OI-SIMPLE-SOURCING-8,3a5c386500cd53b1784bb548d0555e2c225bcf9a7d02cef1b6041a600b62190a,RUN-20260821T114001,2026-08-21T11:40:01.305238+04:00
ITM-23523fcc94824ff1,ec41cdadfc9a76f9d36281e98b0125fda9028a375a5abfbeae30cd7ad7448a20,OBS-FR-OI-SIMPLE-SOURCING-8,3a5c386500cd53b1784bb548d0555e2c225bcf9a7d02cef1b6041a600b62190a,RUN-20260821T114001,2026-08-21T11:40:01.305238+04:00
ITM-2398fc903726c14c,d8a91d2e254119da42d69770720edeab09e68341358baeb1b8b2af5b9d21d8f8,OBS-FR-OI-SIMPLE-SOURCING-8,3a5c386500cd53b1784bb548d0555e2c225bcf9a7d02cef1b6041a600b62190a,RUN-20260821T114001,2026-08-21T11:40:01.305238+04:00
ITM-23c3e5e8d480aef2,8266e986c33672fd9b5a4df024670537171815ed06e6f011d5fbc976d239bd40,OBS-FR-OI-SIMPLE-SOURCING-8,3a5c386500cd53b1784bb548d0555e2c225bcf9a7d02cef1b6041a600b62190a,RUN-20260821T114001,2026-08-21T11:40:01.305238+04:00
ITM-2468564128fe4e1a,f46c7aa6202056b6039c7b239d044f2651ac9e1b3214ffb25556e0d0c2d52f94,OBS-FR-OI-SIMPLE-SOURCING-8,3a5c386500cd53b1784bb548d0555e2c225bcf9a7d02cef1b6041a600b62190a,RUN-20260821T114001,2026-08-21T11:40:01.305238+04:00
ITM-246da658d179e870,22d2faa24c86864e6ec5a0efacc47fdc78e8f11b3908d914d4f59a7dc8ed4942,OBS-FR-OI-SIMPLE-SOURCING-8,3a5c386500cd53b1784bb548d0555e2c225bcf9a7d02cef1b6041a600b62190a,RUN-20260821T114001,2026-08-21T11:40:01.305238+04:00
ITM-247f4dff97444f33,ec0a722bf9ffd64f296800502789f419527f948fefbdb0db2b23956f8e0def10,OBS-FR-OI-SIMPLE-SOURCING-8,3a5c386500cd53b1784bb548d0555e2c225bcf9a7d02cef1b6041a600b62190a,RUN-20260821T114001,2026-08-21T11:40:01.305238+04:00
ITM-24855e8f5a8afd7f,cc61ccc3d67d5e41cac494ee6ad0fe5895478edcf093b115f727372ff8996d6b,OBS-FR-OI-SIMPLE-SOURCING-8,3a5c386500cd53b1784bb548d0555e2c225bcf9a7d02cef1b6041a600b62190a,RUN-20260821T114001,2026-08-21T11:40:01.305238+04:00
ITM-249b4dde69a7ce06,e0a77c13051298f6e8677733fc91caad8cff9cd114a58b3699700e844faa8cbc,OBS-FR-OI-SIMPLE-SOURCING-8,3a5c386500cd53b1784bb548d0555e2c225bcf9a7d02cef1b6041a600b62190a,RUN-20260821T114001,2026-08-21T11:40:01.305238+04:00
ITM-24c5d6d231b18f09,6747793d9b03570e284b531d3c483edb0ef6ee82bc6473e901eb70afe0d45bd9,OBS-FR-OI-SIMPLE-SOURCING-8,3a5c386500cd53b1784bb548d0555e2c225bcf9a7d02cef1b6041a600b62190a,RUN-20260821T114001,2026-08-21T11:40:01.305238+04:00
ITM-24fa423026187314,dea3a6de678146c7863fec6846ec1abe0586b9abecce7f7a30b602ff8c0ab169,OBS-FR-OI-SIMPLE-SOURCING-8,3a5c386500cd53b1784bb548d0555e2c225bcf9a7d02cef1b6041a600b62190a,RUN-20260821T114001,2026-08-21T11:40:01.305238+04:00
ITM-255f58fa365fcd72,18f8f5f46bb877ad0c141ba6a9bb5966a59c7a4bff2e01796ef535082287b225,OBS-FR-OI-SIMPLE-SOURCING-8,3a5c386500cd53b1784bb548d0555e2c225bcf9a7d02cef1b6041a600b62190a,RUN-20260821T114001,2026-08-21T11:40:01.305238+04:00
ITM-26487d3b2a36a30b,af9a4b48bec1030788be6f3d9f79001cd2e07215343fbde738645917cbfe36d3,OBS-FR-OI-SIMPLE-SOURCING-8,3a5c386500cd53b1784bb548d0555e2c225bcf9a7d02cef1b6041a600b62190a,RUN-20260821T114001,2026-08-21T11:40:01.305238+04:00
ITM-2684104d81afedbf,128166653424d57316726c8bf8341666d2f63d4d68b22920f9ed887b087fbcfc,OBS-FR-OI-SIMPLE-SOURCING-8,3a5c386500cd53b1784bb548d0555e2c225bcf9a7d02cef1b6041a600b62190a,RUN-20260821T114001,2026-08-21T11:40:01.305238+04:00
ITM-268ef524b2d70fb5,c9406f765cd2f26bfdaeddc922fab63a699fdaa0035c177384e3a6dcab0f3368,OBS-FR-OI-SIMPLE-SOURCING-8,3a5c386500cd53b1784bb548d0555e2c225bcf9a7d02cef1b6041a600b62190a,RUN-20260821T114001,2026-08-21T11:40:01.305238+04:00
ITM-269b7ed2a6d0b273,961f5345a5d0fa7c6d712eb52c3ec315572b854ad1aa608229efe0bdca3a8864,OBS-FR-OI-SIMPLE-SOURCING-8,3a5c386500cd53b1784bb548d0555e2c225bcf9a7d02cef1b6041a600b62190a,RUN-20260821T114001,2026-08-21T11:40:01.305238+04:00
ITM-26ce968e349877e9,2ea466bb453ad54633e0a29cf1186adcfcfad5263c5dcd97c0681fea5f44807a,OBS-FR-OI-SIMPLE-SOURCING-8,3a5c386500cd53b1784bb548d0555e2c225bcf9a7d02cef1b6041a600b62190a,RUN-20260821T114001,2026-08-21T11:40:01.305238+04:00
ITM-26e4653c4fae2e20,66d4a1d677341178b25fcdcba86e451fd8ed3db3430e045e683c83275a006bbe,OBS-FR-OI-SIMPLE-SOURCING-8,3a5c386500cd53b1784bb548d0555e2c225bcf9a7d02cef1b6041a600b62190a,RUN-20260821T114001,2026-08-21T11:40:01.305238+04:00
ITM-26fa3664882d7189,b70aa11db6e5615792512b1e74d0fd29ee5d8fcb7dd09fa1965f106c1b59e779,OBS-FR-OI-SIMPLE-SOURCING-8,3a5c386500cd53b1784bb548d0555e2c225bcf9a7d02cef1b6041a600b62190a,RUN-20260821T114001,2026-08-21T11:40:01.305238+04:00
ITM-277439c90b63e90f,9c1b164e3c217cd5fb619f47eaeb6feb15c4d0fbf49c82749a98121d4d08f2c6,OBS-FR-OI-SIMPLE-SOURCING-8,3a5c386500cd53b1784bb548d0555e2c225bcf9a7d02cef1b6041a600b62190a,RUN-20260821T114001,2026-08-21T11:40:01.305238+04:00
ITM-27b21f05fec3395b,c06ddfcab4ba003a0ae8da6990d38b5a988414762132f34b2e9ed46ef6fa1822,OBS-FR-OI-SIMPLE-SOURCING-8,3a5c386500cd53b1784bb548d0555e2c225bcf9a7d02cef1b6041a600b62190a,RUN-20260821T114001,2026-08-21T11:40:01.305238+04:00
ITM-27cf1b69eb25d777,d91870de3f547946ba5b512caae8f2a6058b03e7711c09a9549de53a451fcf01,OBS-FR-OI-SIMPLE-SOURCING-8,3a5c386500cd53b1784bb548d0555e2c225bcf9a7d02cef1b6041a600b62190a,RUN-20260821T114001,2026-08-21T11:40:01.305238+04:00
ITM-27e3f039685c5d6a,d9870354540bf08450d08a1785a96fe094cc8bfb5b22f7c5427401f45b4241b7,OBS-FR-OI-SIMPLE-SOURCING-8,3a5c386500cd53b1784bb548d0555e2c225bcf9a7d02cef1b6041a600b62190a,RUN-20260821T114001,2026-08-21T11:40:01.305238+04:00
ITM-27edc3db68b79f41,a1242015f425196f0f1ab8221235396cabb00d4df0a96aeddff04604618347be,OBS-FR-OI-SIMPLE-SOURCING-8,3a5c386500cd53b1784bb548d0555e2c225bcf9a7d02cef1b6041a600b62190a,RUN-20260821T114001,2026-08-21T11:40:01.305238+04:00
ITM-27ee4be820a5f69e,413148f1727175a242cd0ba01ef279c3854bf6c0fa7d94f3bcbadb7a504218db,OBS-FR-OI-SIMPLE-SOURCING-8,3a5c386500cd53b1784bb548d0555e2c225bcf9a7d02cef1b6041a600b62190a,RUN-20260821T114001,2026-08-21T11:40:01.305238+04:00
ITM-2896155f813de93a,e4369b97fc4b6e65df3c6cd1eb5cd8815a466361ba6a97de5ed8c26b373467bd,OBS-FR-OI-SIMPLE-SOURCING-8,3a5c386500cd53b1784bb548d0555e2c225bcf9a7d02cef1b6041a600b62190a,RUN-20260821T114001,2026-08-21T11:40:01.305238+04:00
ITM-28a0139ac09e8192,aae7a1c6262c3c24461505398144c063d8260fa8b29258cf669382868236a448,OBS-FR-OI-SIMPLE-SOURCING-8,3a5c386500cd53b1784bb548d0555e2c225bcf9a7d02cef1b6041a600b62190a,RUN-20260821T114001,2026-08-21T11:40:01.305238+04:00
ITM-28e9957400947090,a5c49e3a02f75ba23b4401049541d9b9066cebfcf205f1448881a0e9a5e77238,OBS-FR-OI-SIMPLE-SOURCING-8,3a5c386500cd53b1784bb548d0555e2c225bcf9a7d02cef1b6041a600b62190a,RUN-20260821T114001,2026-08-21T11:40:01.305238+04:00
ITM-295bbb44a2869caa,535e4bc1d8a780a4ce17a7f15c7d98fe20626a51e9b9e8f84e3283a1929aeae3,OBS-FR-OI-SIMPLE-SOURCING-8,3a5c386500cd53b1784bb548d0555e2c225bcf9a7d02cef1b6041a600b62190a,RUN-20260821T114001,2026-08-21T11:40:01.305238+04:00
ITM-295bfefc6fc53d5e,f0aa21fa765063841e4d7e403f92933152a305f13e6656cba6c6461e7e744fa8,OBS-FR-OI-SIMPLE-SOURCING-8,3a5c386500cd53b1784bb548d0555e2c225bcf9a7d02cef1b6041a600b62190a,RUN-20260821T114001,2026-08-21T11:40:01.305238+04:00
ITM-296dcc1b98de858e,aa5e2abc2f7e8b76eaf9c4e861505bd334a57ae7892bca00beb35f854ee6e369,OBS-FR-OI-SIMPLE-SOURCING-8,3a5c386500cd53b1784bb548d0555e2c225bcf9a7d02cef1b6041a600b62190a,RUN-20260821T114001,2026-08-21T11:40:01.305238+04:00
ITM-2980c7c892d07c1b,b8e229b305e987de51c80474773cf5701c4fd45ea2dcc42ebab2a0b31ee285e4,OBS-FR-OI-SIMPLE-SOURCING-8,3a5c386500cd53b1784bb548d0555e2c225bcf9a7d02cef1b6041a600b62190a,RUN-20260821T114001,2026-08-21T11:40:01.305238+04:00
ITM-298d229e760740db,718c0ccc8673e8920d8c6ed9554bbe43d3361f7506b3780b2034003afbaa9b0b,OBS-FR-OI-SIMPLE-SOURCING-8,3a5c386500cd53b1784bb548d0555e2c225bcf9a7d02cef1b6041a600b62190a,RUN-20260821T114001,2026-08-21T11:40:01.305238+04:00
ITM-29a6c509ea96dd94,0f95962d9f64274a1aece62e8cc5c85b25c1290e9167f8bed87107377d9ef3ca,OBS-FR-OI-SIMPLE-SOURCING-8,3a5c386500cd53b1784bb548d0555e2c225bcf9a7d02cef1b6041a600b62190a,RUN-20260821T114001,2026-08-21T11:40:01.305238+04:00
ITM-29ad2fef543694a2,e0745c3e19542bccd897a1ec73986e52e74452031cd24fbb7908341529ed6f1b,OBS-FR-OI-SIMPLE-SOURCING-8,3a5c386500cd53b1784bb548d0555e2c225bcf9a7d02cef1b6041a600b62190a,RUN-20260821T114001,2026-08-21T11:40:01.305238+04:00
ITM-29aec06e45af16fa,8e7e23b1b4d4dee60899149163e3fbc44c2ff11623251a9caf7b9dbea03f5d5c,OBS-FR-OI-SIMPLE-SOURCING-8,3a5c386500cd53b1784bb548d0555e2c225bcf9a7d02cef1b6041a600b62190a,RUN-20260821T114001,2026-08-21T11:40:01.305238+04:00
ITM-29dc67fbaae4c408,42da29c8785b32d429cd2cf16a9e9031a55ffb1432b87e9e104825376bc63d63,OBS-FR-OI-SIMPLE-SOURCING-8,3a5c386500cd53b1784bb548d0555e2c225bcf9a7d02cef1b6041a600b62190a,RUN-20260821T114001,2026-08-21T11:40:01.305238+04:00
ITM-29f9a37181b762c0,c8e5662aafe1948271e9ee82ebb33d684b04dcf6b1f1e92a67d2e3ba515dfb66,OBS-FR-OI-SIMPLE-SOURCING-8,3a5c386500cd53b1784bb548d0555e2c225bcf9a7d02cef1b6041a600b62190a,RUN-20260821T114001,2026-08-21T11:40:01.305238+04:00
ITM-2a0a03c7945724c5,762424785a5b65d7fc5b7c1e5ff7139f4e85857036b96246e565bff1e3ccbd5a,OBS-FR-OI-SIMPLE-SOURCING-8,3a5c386500cd53b1784bb548d0555e2c225bcf9a7d02cef1b6041a600b62190a,RUN-20260821T114001,2026-08-21T11:40:01.305238+04:00
ITM-2a15e5cd24de9f02,54cd50050c7d1707440408d75bdb2d6baa71c47cbf141fc29d0b3ef1f4d1a92a,OBS-FR-OI-SIMPLE-SOURCING-8,3a5c386500cd53b1784bb548d0555e2c225bcf9a7d02cef1b6041a600b62190a,RUN-20260821T114001,2026-08-21T11:40:01.305238+04:00
ITM-2a98e1f1110fd74e,c0d1310464b9c07a2feac59ec22aee48c47dc2d1abca5b747926af1e7e2ef10f,OBS-FR-OI-SIMPLE-SOURCING-8,3a5c386500cd53b1784bb548d0555e2c225bcf9a7d02cef1b6041a600b62190a,RUN-20260821T114001,2026-08-21T11:40:01.305238+04:00
ITM-2aa8d0673a0a0bdf,dd74827afae33b4190318c19b7efc3f4992687dab7a8494c0ef57753c24ab6c4,OBS-FR-OI-SIMPLE-SOURCING-8,3a5c386500cd53b1784bb548d0555e2c225bcf9a7d02cef1b6041a600b62190a,RUN-20260821T114001,2026-08-21T11:40:01.305238+04:00
ITM-2aebab4aa64a90ce,8282993005fcc7d4c1a7c04962675073c25bc759fec8a6c16393d804cd0e431a,OBS-FR-OI-SIMPLE-SOURCING-8,3a5c386500cd53b1784bb548d0555e2c225bcf9a7d02cef1b6041a600b62190a,RUN-20260821T114001,2026-08-21T11:40:01.305238+04:00
ITM-2b76e8647a39221c,a8b869419c8448d08b20e41b05cd112e24970fd1b9101438073a35e28c9b3418,OBS-FR-OI-SIMPLE-SOURCING-8,3a5c386500cd53b1784bb548d0555e2c225bcf9a7d02cef1b6041a600b62190a,RUN-20260821T114001,2026-08-21T11:40:01.305238+04:00
ITM-2b8c9b61526969e0,3bc3374e75561800d792ac6e8a36aef28b5b4701c4407222077451731f89a5a4,OBS-FR-OI-SIMPLE-SOURCING-8,3a5c386500cd53b1784bb548d0555e2c225bcf9a7d02cef1b6041a600b62190a,RUN-20260821T114001,2026-08-21T11:40:01.305238+04:00
ITM-2b9d8705c52c56ca,6e4e96885307876c5d686f2a59b3d2367f5a10040b0558eec460196c47ff4b35,OBS-FR-OI-SIMPLE-SOURCING-8,3a5c386500cd53b1784bb548d0555e2c225bcf9a7d02cef1b6041a600b62190a,RUN-20260821T114001,2026-08-21T11:40:01.305238+04:00
ITM-2ba3e3c2f36fb9f7,a75b4d329065683abe3b4fab171003fada7b210c5ff102976d6ed5bc5ea61ef9,OBS-FR-OI-SIMPLE-SOURCING-8,3a5c386500cd53b1784bb548d0555e2c225bcf9a7d02cef1b6041a600b62190a,RUN-20260821T114001,2026-08-21T11:40:01.305238+04:00
ITM-2c144248ae323296,247b538a42ba6575558229dbd02998c63f788d09045ccb51a6643858a75476ba,OBS-FR-OI-SIMPLE-SOURCING-8,3a5c386500cd53b1784bb548d0555e2c225bcf9a7d02cef1b6041a600b62190a,RUN-20260821T114001,2026-08-21T11:40:01.305238+04:00
ITM-2c396f6864f1d87b,607800f4eb1d71971d387751183243fb9a009b195407a362678114700a61adc4,OBS-FR-OI-SIMPLE-SOURCING-8,3a5c386500cd53b1784bb548d0555e2c225bcf9a7d02cef1b6041a600b62190a,RUN-20260821T114001,2026-08-21T11:40:01.305238+04:00
ITM-2c4ab0a765e83ffa,07d01f37ccdc0b3b92933b835be61b38fad1817c7cc553d02244e5f60101c168,OBS-FR-OI-SIMPLE-SOURCING-8,3a5c386500cd53b1784bb548d0555e2c225bcf9a7d02cef1b6041a600b62190a,RUN-20260821T114001,2026-08-21T11:40:01.305238+04:00
ITM-2c5f5d803c594745,682e44e2016f000c819072707897cfaa95e76887f72ba8cd8692111a789dd5c0,OBS-FR-OI-SIMPLE-SOURCING-8,3a5c386500cd53b1784bb548d0555e2c225bcf9a7d02cef1b6041a600b62190a,RUN-20260821T114001,2026-08-21T11:40:01.305238+04:00
ITM-2ca1bc720708b178,cd8aafdfad23ea47b3302f1706dbf1d41a1fecc1201383adbd97b289c330ad9a,OBS-FR-OI-SIMPLE-SOURCING-8,3a5c386500cd53b1784bb548d0555e2c225bcf9a7d02cef1b6041a600b62190a,RUN-20260821T114001,2026-08-21T11:40:01.305238+04:00
ITM-2ccefab3d66d64ac,8482150e162539be85d1abdd394f7297b8e1840a8fe854b4a26ae32f9da814a9,OBS-FR-OI-SIMPLE-SOURCING-8,3a5c386500cd53b1784bb548d0555e2c225bcf9a7d02cef1b6041a600b62190a,RUN-20260821T114001,2026-08-21T11:40:01.305238+04:00
ITM-2d10a543a72f6167,a44a35764f33a705e5b1cb0202135b93db8b0764b265920593314a081abb1290,OBS-FR-OI-SIMPLE-SOURCING-8,3a5c386500cd53b1784bb548d0555e2c225bcf9a7d02cef1b6041a600b62190a,RUN-20260821T114001,2026-08-21T11:40:01.305238+04:00
ITM-2d4ba6100b97bf77,b558ece3289bb09792d9fa917ad8ea30cdea3bb8b410da6642e7a4406f3c013b,OBS-FR-OI-SIMPLE-SOURCING-8,3a5c386500cd53b1784bb548d0555e2c225bcf9a7d02cef1b6041a600b62190a,RUN-20260821T114001,2026-08-21T11:40:01.305238+04:00
ITM-2d70763cbfb162a1,622a86009fbadd22617bf346078213713cb4530865fbd96567507d34d8260920,OBS-FR-OI-SIMPLE-SOURCING-8,3a5c386500cd53b1784bb548d0555e2c225bcf9a7d02cef1b6041a600b62190a,RUN-20260821T114001,2026-08-21T11:40:01.305238+04:00
ITM-2d9197b4bd0430e4,37d483aa8ca1119d92e507e36075340d3bb65fad57d37b3424da10b998945910,OBS-FR-OI-SIMPLE-SOURCING-8,3a5c386500cd53b1784bb548d0555e2c225bcf9a7d02cef1b6041a600b62190a,RUN-20260821T114001,2026-08-21T11:40:01.305238+04:00
ITM-2db30989bdd24f2f,d75ef53ec0cf2035936fafd4aa673ae5d47b470171de583aae35d88939000563,OBS-FR-OI-SIMPLE-SOURCING-8,3a5c386500cd53b1784bb548d0555e2c225bcf9a7d02cef1b6041a600b62190a,RUN-20260821T114001,2026-08-21T11:40:01.305238+04:00
ITM-2dc06829efb12d5a,977736876f7d9e418f981f3725e9f2048fb0a822f2eeac4208aedcecbe62f6cb,OBS-FR-OI-SIMPLE-SOURCING-8,3a5c386500cd53b1784bb548d0555e2c225bcf9a7d02cef1b6041a600b62190a,RUN-20260821T114001,2026-08-21T11:40:01.305238+04:00
ITM-2deed703ef4198b6,bc4f8f2c3b18051686e282e4723504a7fddd720e8f0a83cdd34b8c97deccc55a,OBS-FR-OI-SIMPLE-SOURCING-8,3a5c386500cd53b1784bb548d0555e2c225bcf9a7d02cef1b6041a600b62190a,RUN-20260821T114001,2026-08-21T11:40:01.305238+04:00
ITM-2e09c834c48baa53,13215ee48e258dd7ee65b6f79d7e8d72012975a707b41ebb57941bf7304fdc7b,OBS-FR-OI-SIMPLE-SOURCING-8,3a5c386500cd53b1784bb548d0555e2c225bcf9a7d02cef1b6041a600b62190a,RUN-20260821T114001,2026-08-21T11:40:01.305238+04:00
ITM-2e89c7628bc6e11b,801a341da79117552571b4d27f1a1f357ca18d224916341f3f7ba16767115de5,OBS-FR-OI-SIMPLE-SOURCING-8,3a5c386500cd53b1784bb548d0555e2c225bcf9a7d02cef1b6041a600b62190a,RUN-20260821T114001,2026-08-21T11:40:01.305238+04:00
ITM-2e95686500507378,eb51aa98b78e3f34f0f0797d40b7a80d6dd4055825ccd0a1f6d2b077e7e00375,OBS-FR-OI-SIMPLE-SOURCING-8,3a5c386500cd53b1784bb548d0555e2c225bcf9a7d02cef1b6041a600b62190a,RUN-20260821T114001,2026-08-21T11:40:01.305238+04:00
ITM-2f0f5128964772ac,e5f489eeabbde8a8296cce6c3f3822d42d7cb15389b1ee061a354c3219e01ae7,OBS-FR-OI-SIMPLE-SOURCING-8,3a5c386500cd53b1784bb548d0555e2c225bcf9a7d02cef1b6041a600b62190a,RUN-20260821T114001,2026-08-21T11:40:01.305238+04:00
ITM-2fbe95fa2462d0d5,69dd88efce55782fb1abe57ac7974952f8fd7891094dc6ce3f8d3f21b0420399,OBS-FR-OI-SIMPLE-SOURCING-8,3a5c386500cd53b1784bb548d0555e2c225bcf9a7d02cef1b6041a600b62190a,RUN-20260821T114001,2026-08-21T11:40:01.305238+04:00
ITM-2ffd85beaea38385,2107d939ec246a74994e3b4a743a8ce8baf9b6e9bed748d4047075b38f2f5bdf,OBS-FR-OI-SIMPLE-SOURCING-8,3a5c386500cd53b1784bb548d0555e2c225bcf9a7d02cef1b6041a600b62190a,RUN-20260821T114001,2026-08-21T11:40:01.305238+04:00
ITM-300f3dc131b10cb1,4ee1643c34b718f463e083c0ca2f485ec2848d8c22da64388735d1c120c94cb0,OBS-FR-OI-SIMPLE-SOURCING-8,3a5c386500cd53b1784bb548d0555e2c225bcf9a7d02cef1b6041a600b62190a,RUN-20260821T114001,2026-08-21T11:40:01.305238+04:00
ITM-301e4ba5ce0f46c3,729c0de88bb07f975e6a8388977f4517b6e367130e3b11cccdb5f539ac09c0b0,OBS-FR-OI-SIMPLE-SOURCING-8,3a5c386500cd53b1784bb548d0555e2c225bcf9a7d02cef1b6041a600b62190a,RUN-20260821T114001,2026-08-21T11:40:01.305238+04:00
ITM-302ff656df6d650e,d89b79703fa22630c0c6040b90f295b5d3b7cf5a42d024a58b20e86ef73f3796,OBS-FR-OI-SIMPLE-SOURCING-8,3a5c386500cd53b1784bb548d0555e2c225bcf9a7d02cef1b6041a600b62190a,RUN-20260821T114001,2026-08-21T11:40:01.305238+04:00
ITM-306a484f0d79b344,eb1eed67a940267ba425b57da1062d1df4065dedb0580facf205ca4bf38e48e6,OBS-FR-OI-SIMPLE-SOURCING-8,3a5c386500cd53b1784bb548d0555e2c225bcf9a7d02cef1b6041a600b62190a,RUN-20260821T114001,2026-08-21T11:40:01.305238+04:00
ITM-30b99ffa7476055b,ae9b30be0831ca4767314601fdff2d780f766fa7cfcdf660f0b06db421123c47,OBS-FR-OI-SIMPLE-SOURCING-8,3a5c386500cd53b1784bb548d0555e2c225bcf9a7d02cef1b6041a600b62190a,RUN-20260821T114001,2026-08-21T11:40:01.305238+04:00
ITM-30d32983380f4be9,73a9d1c735a3ef6d6b79843b043469615a9c2fd2a62cf18e60bc9b38bea1ab5b,OBS-FR-OI-SIMPLE-SOURCING-8,3a5c386500cd53b1784bb548d0555e2c225bcf9a7d02cef1b6041a600b62190a,RUN-20260821T114001,2026-08-21T11:40:01.305238+04:00
ITM-31165a2028701f4a,5f114856c290fd65a91495fc9264d68d9868966975c94f7d1083ca5f8eac720f,OBS-FR-OI-SIMPLE-SOURCING-8,3a5c386500cd53b1784bb548d0555e2c225bcf9a7d02cef1b6041a600b62190a,RUN-20260821T114001,2026-08-21T11:40:01.305238+04:00
ITM-3124e925aca46b35,a65804f326428fb99265d115a2669ee3891ec2dbcadfee15758a3fda5ae41dff,OBS-FR-OI-SIMPLE-SOURCING-8,3a5c386500cd53b1784bb548d0555e2c225bcf9a7d02cef1b6041a600b62190a,RUN-20260821T114001,2026-08-21T11:40:01.305238+04:00
ITM-31440ee78c8e0a41,0a35b1bea11da0e40df4b5702a9ac326421f6ec5e4d7e57a67cb31b0aa4befcd,OBS-FR-OI-SIMPLE-SOURCING-8,3a5c386500cd53b1784bb548d0555e2c225bcf9a7d02cef1b6041a600b62190a,RUN-20260821T114001,2026-08-21T11:40:01.305238+04:00
ITM-314468b5e3fd3824,85039d99771cbfa7fcfd6508c44b30f8405d8fd02d5113ae50bedb8c491a34ff,OBS-FR-OI-SIMPLE-SOURCING-8,3a5c386500cd53b1784bb548d0555e2c225bcf9a7d02cef1b6041a600b62190a,RUN-20260821T114001,2026-08-21T11:40:01.305238+04:00
ITM-31473808a5c44562,bd9be93cd69fa75d3920d87231f466b44daf416d821d75110b9ec3905471697b,OBS-FR-OI-SIMPLE-SOURCING-8,3a5c386500cd53b1784bb548d0555e2c225bcf9a7d02cef1b6041a600b62190a,RUN-20260821T114001,2026-08-21T11:40:01.305238+04:00
ITM-3161621bb1ea6814,fc1440f0941c258f1bc7b77d45af2b0b1ea5987918e1b82187c70e280233591e,OBS-FR-OI-SIMPLE-SOURCING-8,3a5c386500cd53b1784bb548d0555e2c225bcf9a7d02cef1b6041a600b62190a,RUN-20260821T114001,2026-08-21T11:40:01.305238+04:00
ITM-31a233dafb2b6617,2cca7d0b77ce39fe430933c05a7bb237798c7910c16e709e38b024af9194af2f,OBS-FR-OI-SIMPLE-SOURCING-8,3a5c386500cd53b1784bb548d0555e2c225bcf9a7d02cef1b6041a600b62190a,RUN-20260821T114001,2026-08-21T11:40:01.305238+04:00
ITM-327d6d901340ac43,4f73863d5988e4fdb5935a07306aa30b54b7ccb49c08779354c9a4444e94d006,OBS-FR-OI-SIMPLE-SOURCING-8,3a5c386500cd53b1784bb548d0555e2c225bcf9a7d02cef1b6041a600b62190a,RUN-20260821T114001,2026-08-21T11:40:01.305238+04:00
ITM-32a5248d6e3be01d,d636007a42fced015d516c2e1fc31a2eb85be2090362ee9a872a6f593619f7e2,OBS-FR-OI-SIMPLE-SOURCING-8,3a5c386500cd53b1784bb548d0555e2c225bcf9a7d02cef1b6041a600b62190a,RUN-20260821T114001,2026-08-21T11:40:01.305238+04:00
ITM-32adc4810c1b28f3,d37d8281775130885f85aa43caab20c86b6ef7c6e9ae713ca1c7f14e36bd8870,OBS-FR-OI-SIMPLE-SOURCING-8,3a5c386500cd53b1784bb548d0555e2c225bcf9a7d02cef1b6041a600b62190a,RUN-20260821T114001,2026-08-21T11:40:01.305238+04:00
ITM-32bbbfeebe25b49b,3e7409497b83e7c44c07317fc0a50ce95d45956ebb72f89beb2b7fda91bc19c8,OBS-FR-OI-SIMPLE-SOURCING-8,3a5c386500cd53b1784bb548d0555e2c225bcf9a7d02cef1b6041a600b62190a,RUN-20260821T114001,2026-08-21T11:40:01.305238+04:00
ITM-337671434c9f4562,5478384f5eed3b4dc5468582c4de1517890a46a614dea981c01dda3f8e580634,OBS-FR-OI-SIMPLE-SOURCING-8,3a5c386500cd53b1784bb548d0555e2c225bcf9a7d02cef1b6041a600b62190a,RUN-20260821T114001,2026-08-21T11:40:01.305238+04:00
ITM-33985d03c91ab4e1,5dc98a3680f4d874e451b657e8274763c11219b8b987cbd8d7a52d45509fd87a,OBS-FR-OI-SIMPLE-SOURCING-8,3a5c386500cd53b1784bb548d0555e2c225bcf9a7d02cef1b6041a600b62190a,RUN-20260821T114001,2026-08-21T11:40:01.305238+04:00
ITM-33a56ad7e361ee27,51677cbb565113274bf71bc85bd83d8552d749c070733c3146d3da3f82fa9b5d,OBS-FR-OI-SIMPLE-SOURCING-8,3a5c386500cd53b1784bb548d0555e2c225bcf9a7d02cef1b6041a600b62190a,RUN-20260821T114001,2026-08-21T11:40:01.305238+04:00
ITM-33a67e9f40f8745d,61756d27b3186f8166cba4f5254b61293ddebc8cb068b813c4b5084264e9bc95,OBS-FR-OI-SIMPLE-SOURCING-8,3a5c386500cd53b1784bb548d0555e2c225bcf9a7d02cef1b6041a600b62190a,RUN-20260821T114001,2026-08-21T11:40:01.305238+04:00
ITM-33b5597cb23fd4f8,6ae105abee255569803f06ad6199e254cb07a2a9c4fc63c40e3ff42dfdf5c82d,OBS-FR-OI-SIMPLE-SOURCING-8,3a5c386500cd53b1784bb548d0555e2c225bcf9a7d02cef1b6041a600b62190a,RUN-20260821T114001,2026-08-21T11:40:01.305238+04:00
ITM-3421f9f17f7348e3,f794f04120adf0d6088a6d05b39a13616e148a3f5ee782c2c076d02fea9d8aa6,OBS-FR-OI-SIMPLE-SOURCING-8,3a5c386500cd53b1784bb548d0555e2c225bcf9a7d02cef1b6041a600b62190a,RUN-20260821T114001,2026-08-21T11:40:01.305238+04:00
ITM-34e28e6bc0f1471e,18a55fc1290d6676357369061b8dbfae77081f77d7053aacec50fd3d40b66268,OBS-FR-OI-SIMPLE-SOURCING-8,3a5c386500cd53b1784bb548d0555e2c225bcf9a7d02cef1b6041a600b62190a,RUN-20260821T114001,2026-08-21T11:40:01.305238+04:00
ITM-357334c8f1d993ba,5c996b5fcee377a39fa00abf7399c5168f761596837f2698d9430b477689dc42,OBS-FR-OI-SIMPLE-SOURCING-8,3a5c386500cd53b1784bb548d0555e2c225bcf9a7d02cef1b6041a600b62190a,RUN-20260821T114001,2026-08-21T11:40:01.305238+04:00
ITM-360588917b99861a,a182174d9d1a845f32790f58da52d27b56e411e02bb85eddd2d7469eea26670f,OBS-FR-OI-SIMPLE-SOURCING-8,3a5c386500cd53b1784bb548d0555e2c225bcf9a7d02cef1b6041a600b62190a,RUN-20260821T114001,2026-08-21T11:40:01.305238+04:00
ITM-3681baf873ee750a,4f7e57880a8ca0cda95d95a653d917b070ba174792dc7317d8c6e4a4b4cd2ae0,OBS-FR-OI-SIMPLE-SOURCING-8,3a5c386500cd53b1784bb548d0555e2c225bcf9a7d02cef1b6041a600b62190a,RUN-20260821T114001,2026-08-21T11:40:01.305238+04:00
ITM-3688aa52266b886f,8bfef6f750c6f3feda9f2687a2ec9e47c64588f92c5463025c56b11e8b7d03be,OBS-FR-OI-SIMPLE-SOURCING-8,3a5c386500cd53b1784bb548d0555e2c225bcf9a7d02cef1b6041a600b62190a,RUN-20260821T114001,2026-08-21T11:40:01.305238+04:00
ITM-36c725c15bb2be4a,4e3720488266db4086f3aeb4722ba633b478acc6d9c83f8f4f3b645daa4473fb,OBS-FR-OI-SIMPLE-SOURCING-8,3a5c386500cd53b1784bb548d0555e2c225bcf9a7d02cef1b6041a600b62190a,RUN-20260821T114001,2026-08-21T11:40:01.305238+04:00
ITM-36edf64a418688d6,d3b0029a1ce46fef0a0842f30e8aaf2298e31e0877c30bb5e5b28066b28563d5,OBS-FR-OI-SIMPLE-SOURCING-8,3a5c386500cd53b1784bb548d0555e2c225bcf9a7d02cef1b6041a600b62190a,RUN-20260821T114001,2026-08-21T11:40:01.305238+04:00
ITM-36fb7d45d2079ff9,52be86c1d283a62a41f32e83832e33f58e6d08cd2c5ac71a6a6c2c9f43e7cf34,OBS-FR-OI-SIMPLE-SOURCING-8,3a5c386500cd53b1784bb548d0555e2c225bcf9a7d02cef1b6041a600b62190a,RUN-20260821T114001,2026-08-21T11:40:01.305238+04:00
ITM-377da6b2e065b8fa,262926da984cab703661d13a81b2ab028b5ef9c7468cecaf1190cfa4506e03ab,OBS-FR-OI-SIMPLE-SOURCING-8,3a5c386500cd53b1784bb548d0555e2c225bcf9a7d02cef1b6041a600b62190a,RUN-20260821T114001,2026-08-21T11:40:01.305238+04:00
ITM-383d8a66ff6e2220,66dbadb5319bfc2a7f021cd34c47f0202fe78dae245817b73b1e4543ef6a7b42,OBS-FR-OI-SIMPLE-SOURCING-8,3a5c386500cd53b1784bb548d0555e2c225bcf9a7d02cef1b6041a600b62190a,RUN-20260821T114001,2026-08-21T11:40:01.305238+04:00
ITM-386bf2c572aa1262,fe32724e1c8f2c00b601b93f0ce4f6df15ef391b659177c844843ca1d62e94d7,OBS-FR-OI-SIMPLE-SOURCING-8,3a5c386500cd53b1784bb548d0555e2c225bcf9a7d02cef1b6041a600b62190a,RUN-20260821T114001,2026-08-21T11:40:01.305238+04:00
ITM-388754922f1334d8,6720eb42aa2a616fe3aa4955a106aad458fa70fee27dda8c94dcc7d0ba8a7d69,OBS-FR-OI-SIMPLE-SOURCING-8,3a5c386500cd53b1784bb548d0555e2c225bcf9a7d02cef1b6041a600b62190a,RUN-20260821T114001,2026-08-21T11:40:01.305238+04:00
ITM-38c266a12eff1272,b3c00e760fc3a6e4650ea5bb96e8574670c3752c7c0ba91c2e592cd0044f6005,OBS-FR-OI-SIMPLE-SOURCING-8,3a5c386500cd53b1784bb548d0555e2c225bcf9a7d02cef1b6041a600b62190a,RUN-20260821T114001,2026-08-21T11:40:01.305238+04:00
ITM-38c3391aa200710c,496357f46a88c2d13948756ad29cba8feec2fc014b9152cfdb7fe5305ef5b431,OBS-FR-OI-SIMPLE-SOURCING-8,3a5c386500cd53b1784bb548d0555e2c225bcf9a7d02cef1b6041a600b62190a,RUN-20260821T114001,2026-08-21T11:40:01.305238+04:00
ITM-38cfb6b435b9c1f5,b69fc6b4d6cec5e5af32d2dc8eedab4518a03429dba7564e109b4ab21d0dd02c,OBS-FR-OI-SIMPLE-SOURCING-8,3a5c386500cd53b1784bb548d0555e2c225bcf9a7d02cef1b6041a600b62190a,RUN-20260821T114001,2026-08-21T11:40:01.305238+04:00
ITM-38f7e4f5a09b85e4,d69b4ace72972a03b08c02b2dcad9d4bcf9d0f2ed0baf70e93b96b3f042db823,OBS-FR-OI-SIMPLE-SOURCING-8,3a5c386500cd53b1784bb548d0555e2c225bcf9a7d02cef1b6041a600b62190a,RUN-20260821T114001,2026-08-21T11:40:01.305238+04:00
ITM-3911dd4642f35c3b,e7798652fcf8a4ed7baaf2744fb6e247762b7f09ac1633c5246b320c962d89f3,OBS-FR-OI-SIMPLE-SOURCING-8,3a5c386500cd53b1784bb548d0555e2c225bcf9a7d02cef1b6041a600b62190a,RUN-20260821T114001,2026-08-21T11:40:01.305238+04:00
ITM-392d9c69f0c69280,47d5ef2817a300626988ec5b6b84943408b1c93c830c0c63f5c36ef598d499f8,OBS-FR-OI-SIMPLE-SOURCING-8,3a5c386500cd53b1784bb548d0555e2c225bcf9a7d02cef1b6041a600b62190a,RUN-20260821T114001,2026-08-21T11:40:01.305238+04:00
ITM-39b6b41eeb5dc3bb,ed59807158a1cf9976ecdebb28738ba31e4f51cceb4d80d6db29bda787c1a69e,OBS-FR-OI-SIMPLE-SOURCING-8,3a5c386500cd53b1784bb548d0555e2c225bcf9a7d02cef1b6041a600b62190a,RUN-20260821T114001,2026-08-21T11:40:01.305238+04:00
ITM-39bba874d5289dd9,30825bea15ce4eb1beb778307574deb2e1b52736fa39f803c4d6546c8b95c6d2,OBS-FR-OI-SIMPLE-SOURCING-8,3a5c386500cd53b1784bb548d0555e2c225bcf9a7d02cef1b6041a600b62190a,RUN-20260821T114001,2026-08-21T11:40:01.305238+04:00
ITM-3a3a1e654fe82a2b,d017720d4d769aa13ce35bde62ad3dca3277e8d7fe67a1dcfdfb3eb409bf1bdf,OBS-FR-OI-SIMPLE-SOURCING-8,3a5c386500cd53b1784bb548d0555e2c225bcf9a7d02cef1b6041a600b62190a,RUN-20260821T114001,2026-08-21T11:40:01.305238+04:00
ITM-3aa294289a2dc6f8,d008362a0ff5cbe9cb688ebae6232304c8933dd707a84874b11f4e6fa5446f06,OBS-FR-OI-SIMPLE-SOURCING-8,3a5c386500cd53b1784bb548d0555e2c225bcf9a7d02cef1b6041a600b62190a,RUN-20260821T114001,2026-08-21T11:40:01.305238+04:00
ITM-3ae917385f81a2aa,2e5d0ba3b4d66240a0643c1d618d02d1b4d6f043b81fdcf01a5b212fda32c1dc,OBS-FR-OI-SIMPLE-SOURCING-8,3a5c386500cd53b1784bb548d0555e2c225bcf9a7d02cef1b6041a600b62190a,RUN-20260821T114001,2026-08-21T11:40:01.305238+04:00
ITM-3afd2a42857b165b,88cf148079b8691931ea9936727d93fcd7ac5b02af8654610a5d21e8e54be42c,OBS-FR-OI-SIMPLE-SOURCING-8,3a5c386500cd53b1784bb548d0555e2c225bcf9a7d02cef1b6041a600b62190a,RUN-20260821T114001,2026-08-21T11:40:01.305238+04:00
ITM-3b3dc88186c87b68,116fef7ee83ce1d8e5f238abbce9dd48a439b51bd5e72ce4f33cba7e1c5e38fd,OBS-FR-OI-SIMPLE-SOURCING-8,3a5c386500cd53b1784bb548d0555e2c225bcf9a7d02cef1b6041a600b62190a,RUN-20260821T114001,2026-08-21T11:40:01.305238+04:00
ITM-3b4183babfb4e7e6,de105a20d40c31cb6a7e30badf51b6069f7b54204d928e88536715a5cbcbc53f,OBS-FR-OI-SIMPLE-SOURCING-8,3a5c386500cd53b1784bb548d0555e2c225bcf9a7d02cef1b6041a600b62190a,RUN-20260821T114001,2026-08-21T11:40:01.305238+04:00
ITM-3bb5237007419649,fe48a14714bee3878b89b578a5e36eb80c6eb17fd1275d74a5db577138c087e0,OBS-FR-OI-SIMPLE-SOURCING-8,3a5c386500cd53b1784bb548d0555e2c225bcf9a7d02cef1b6041a600b62190a,RUN-20260821T114001,2026-08-21T11:40:01.305238+04:00
ITM-3c0e930e83b4d77e,d96c45ac1b0050aab7d1bdf0c5c576c7e065fb02cb43b1d75854f18e5d166a8e,OBS-FR-OI-SIMPLE-SOURCING-8,3a5c386500cd53b1784bb548d0555e2c225bcf9a7d02cef1b6041a600b62190a,RUN-20260821T114001,2026-08-21T11:40:01.305238+04:00
ITM-3c78303a0184667b,3dfd48375cc2418bc9f541e99c75a83c2925967f44e1b26f06bae00ec644db5a,OBS-FR-OI-SIMPLE-SOURCING-8,3a5c386500cd53b1784bb548d0555e2c225bcf9a7d02cef1b6041a600b62190a,RUN-20260821T114001,2026-08-21T11:40:01.305238+04:00
ITM-3cfffe553d2b37e7,9d6173d4d2f26834ece21ce96f519972838e8c84028c40ddce43e79daf636b08,OBS-FR-OI-SIMPLE-SOURCING-8,3a5c386500cd53b1784bb548d0555e2c225bcf9a7d02cef1b6041a600b62190a,RUN-20260821T114001,2026-08-21T11:40:01.305238+04:00
ITM-3d43838629d9de74,db4c4b21ff4b8b08572913185e2d885ed3dcf5ccc20b37d3b5b003bbafc7f065,OBS-FR-OI-SIMPLE-SOURCING-8,3a5c386500cd53b1784bb548d0555e2c225bcf9a7d02cef1b6041a600b62190a,RUN-20260821T114001,2026-08-21T11:40:01.305238+04:00
ITM-3d4bbd2296a67743,d274bfc7033350b6a9979b62607180fa1aa45e25d6de9daa127689fc9e71da5a,OBS-FR-OI-SIMPLE-SOURCING-8,3a5c386500cd53b1784bb548d0555e2c225bcf9a7d02cef1b6041a600b62190a,RUN-20260821T114001,2026-08-21T11:40:01.305238+04:00
ITM-3d8cfa4857ad5047,5cdb464b3870afd4c74b522922ae69dcd3b24e3c91b27703785e51ba3c70580c,OBS-FR-OI-SIMPLE-SOURCING-8,3a5c386500cd53b1784bb548d0555e2c225bcf9a7d02cef1b6041a600b62190a,RUN-20260821T114001,2026-08-21T11:40:01.305238+04:00
ITM-3dabd6bdfdecb4e2,ec6bce482e4136f9e4ed96dfb51d21def8e042559ee73ae98d033b8a0c42a6fd,OBS-FR-OI-SIMPLE-SOURCING-8,3a5c386500cd53b1784bb548d0555e2c225bcf9a7d02cef1b6041a600b62190a,RUN-20260821T114001,2026-08-21T11:40:01.305238+04:00
ITM-3e008fa243b802c2,d0f0bf4266a2f3e892109ba07622769c6d6f66e607ba1fd67223777748fcc44e,OBS-FR-OI-SIMPLE-SOURCING-8,3a5c386500cd53b1784bb548d0555e2c225bcf9a7d02cef1b6041a600b62190a,RUN-20260821T114001,2026-08-21T11:40:01.305238+04:00
ITM-3e1aec1085c58493,d106b7d8e68e9c408e5977d308044c99ed4d6bef7e4d2872252331266e457945,OBS-FR-OI-SIMPLE-SOURCING-8,3a5c386500cd53b1784bb548d0555e2c225bcf9a7d02cef1b6041a600b62190a,RUN-20260821T114001,2026-08-21T11:40:01.305238+04:00
ITM-3e5d703112ec92b8,29c5a2feb1293d52e8aa0a50a4063a7ae6cc3deab701a1e567789762aa82d0c2,OBS-FR-OI-SIMPLE-SOURCING-8,3a5c386500cd53b1784bb548d0555e2c225bcf9a7d02cef1b6041a600b62190a,RUN-20260821T114001,2026-08-21T11:40:01.305238+04:00
ITM-3e747f2bbf3f1804,2ed24865d38aa95e383bbf72795613b9d25840c506f1673dfba5f7c8b5ccb0d1,OBS-FR-OI-SIMPLE-SOURCING-8,3a5c386500cd53b1784bb548d0555e2c225bcf9a7d02cef1b6041a600b62190a,RUN-20260821T114001,2026-08-21T11:40:01.305238+04:00
ITM-3e8e3659c36af014,fc0e50c848dff8eb6734eba3adc98b1f585719cd6cc8e40d7f41c7f51ba26af4,OBS-FR-OI-SIMPLE-SOURCING-8,3a5c386500cd53b1784bb548d0555e2c225bcf9a7d02cef1b6041a600b62190a,RUN-20260821T114001,2026-08-21T11:40:01.305238+04:00
ITM-3f4a4b1c2bd43c76,5ef1fd6b780a91ff3785482af7b5f593f5cb153ab5b6556cf65d4c0ac3b5d57e,OBS-FR-OI-SIMPLE-SOURCING-8,3a5c386500cd53b1784bb548d0555e2c225bcf9a7d02cef1b6041a600b62190a,RUN-20260821T114001,2026-08-21T11:40:01.305238+04:00
ITM-3faf29a11aa2d120,0c0ef2bb7ab6a83191b51d78bc54dc2b2850855d82661eb946a1441f3f7c3e58,OBS-FR-OI-SIMPLE-SOURCING-8,3a5c386500cd53b1784bb548d0555e2c225bcf9a7d02cef1b6041a600b62190a,RUN-20260821T114001,2026-08-21T11:40:01.305238+04:00
ITM-3fc9eba93a38dd6e,2c2f4172c49338cec723e1e77b0b5eedfcef12992bba8a73f75601c57b378800,OBS-FR-OI-SIMPLE-SOURCING-8,3a5c386500cd53b1784bb548d0555e2c225bcf9a7d02cef1b6041a600b62190a,RUN-20260821T114001,2026-08-21T11:40:01.305238+04:00
ITM-3fe09fc3870f6751,e6ddba0ec6e266291cc851705dbaefcb608f67cf106e6486f7d47fd9ea81a103,OBS-FR-OI-SIMPLE-SOURCING-8,3a5c386500cd53b1784bb548d0555e2c225bcf9a7d02cef1b6041a600b62190a,RUN-20260821T114001,2026-08-21T11:40:01.305238+04:00
ITM-3ffd219722fda342,4e2163a74bfd3fc5f3c74dae986210cc60b263d5dda2a91e657698ca8c9ccf36,OBS-FR-OI-SIMPLE-SOURCING-8,3a5c386500cd53b1784bb548d0555e2c225bcf9a7d02cef1b6041a600b62190a,RUN-20260821T114001,2026-08-21T11:40:01.305238+04:00
ITM-407c0484b5a27135,91bcc82f3151c83c0d74fe51d86141854761e511c63d495a8cfbdbb982c07f6e,OBS-FR-OI-SIMPLE-SOURCING-8,3a5c386500cd53b1784bb548d0555e2c225bcf9a7d02cef1b6041a600b62190a,RUN-20260821T114001,2026-08-21T11:40:01.305238+04:00
ITM-4098b59c5c132913,8809ec86874275813380f1551399195d9d564af40bee7e7d9f5c963465d0e0c1,OBS-FR-OI-SIMPLE-SOURCING-8,3a5c386500cd53b1784bb548d0555e2c225bcf9a7d02cef1b6041a600b62190a,RUN-20260821T114001,2026-08-21T11:40:01.305238+04:00
ITM-40b394bef3a1fe44,9d510840e4cb5513623eaa6aff1dbb7d162492de4f2986c580622a4d93659385,OBS-FR-OI-SIMPLE-SOURCING-8,3a5c386500cd53b1784bb548d0555e2c225bcf9a7d02cef1b6041a600b62190a,RUN-20260821T114001,2026-08-21T11:40:01.305238+04:00
ITM-410dbe7b91c57c0c,c102b5f33f78009f1c9d66f7ab05b0610f57b3cad5d7056398ee75a8f7134742,OBS-FR-OI-SIMPLE-SOURCING-8,3a5c386500cd53b1784bb548d0555e2c225bcf9a7d02cef1b6041a600b62190a,RUN-20260821T114001,2026-08-21T11:40:01.305238+04:00
ITM-411d9699b70d5c2a,4c19c35c764056187929eb9a4477536210847bb253670f0db67f6dee27582994,OBS-FR-OI-SIMPLE-SOURCING-8,3a5c386500cd53b1784bb548d0555e2c225bcf9a7d02cef1b6041a600b62190a,RUN-20260821T114001,2026-08-21T11:40:01.305238+04:00
ITM-4123a8c8dd76e72b,b2a2e3cfbc13e5184bf064771054ffc7a2ef3527f906479f55aab9460ced042c,OBS-FR-OI-SIMPLE-SOURCING-8,3a5c386500cd53b1784bb548d0555e2c225bcf9a7d02cef1b6041a600b62190a,RUN-20260821T114001,2026-08-21T11:40:01.305238+04:00
ITM-4168c464e94c7b7e,12926ca9e5deb1832409b06bb6de2aeb25a70665489553998bb2226f484d4d1e,OBS-FR-OI-SIMPLE-SOURCING-8,3a5c386500cd53b1784bb548d0555e2c225bcf9a7d02cef1b6041a600b62190a,RUN-20260821T114001,2026-08-21T11:40:01.305238+04:00
ITM-41a32f160602c2b3,066733fede8d8d995c7f71db4c60a8da45fa09facbf88e016ee2285308e0bac7,OBS-FR-OI-SIMPLE-SOURCING-8,3a5c386500cd53b1784bb548d0555e2c225bcf9a7d02cef1b6041a600b62190a,RUN-20260821T114001,2026-08-21T11:40:01.305238+04:00
ITM-41b1800a129f39f5,b64f2239d762e5bf93dbc3f2489740c8fdefa230146502c49f329cf634d77571,OBS-FR-OI-SIMPLE-SOURCING-8,3a5c386500cd53b1784bb548d0555e2c225bcf9a7d02cef1b6041a600b62190a,RUN-20260821T114001,2026-08-21T11:40:01.305238+04:00
ITM-41baf7135554388a,9609612768b1b92aff453a625a2d9b5e3c0a80617fdabe832c307f778ad85d9b,OBS-FR-OI-SIMPLE-SOURCING-8,3a5c386500cd53b1784bb548d0555e2c225bcf9a7d02cef1b6041a600b62190a,RUN-20260821T114001,2026-08-21T11:40:01.305238+04:00
ITM-41ce3144208bea57,b7be4e0f81aba40f2cb7640c5a4322d9ec127da6da034a994c410db5a9481662,OBS-FR-OI-SIMPLE-SOURCING-8,3a5c386500cd53b1784bb548d0555e2c225bcf9a7d02cef1b6041a600b62190a,RUN-20260821T114001,2026-08-21T11:40:01.305238+04:00
ITM-421af925e36f5e92,3ec2a4a6893f943b90b8c7aa1a0d9ded7aae78fc3a0e4d7152c3b77e06afa7db,OBS-FR-OI-SIMPLE-SOURCING-8,3a5c386500cd53b1784bb548d0555e2c225bcf9a7d02cef1b6041a600b62190a,RUN-20260821T114001,2026-08-21T11:40:01.305238+04:00
ITM-4227c4e5d3e439fa,c66430191b5dbbb2b32b361a19e33caf5d0585ad3e7554c25713d9034f2dbad2,OBS-FR-OI-SIMPLE-SOURCING-8,3a5c386500cd53b1784bb548d0555e2c225bcf9a7d02cef1b6041a600b62190a,RUN-20260821T114001,2026-08-21T11:40:01.305238+04:00
ITM-4245230a13c94517,fb6c75d4234838a4b8b449b5e4f130c8899b41c054d9f950e554ce27088c69be,OBS-FR-OI-SIMPLE-SOURCING-8,3a5c386500cd53b1784bb548d0555e2c225bcf9a7d02cef1b6041a600b62190a,RUN-20260821T114001,2026-08-21T11:40:01.305238+04:00
ITM-42cd1072a1de5e25,5ac980e916caef150a9437e7cd299d2196018addb055049d6c20bcedbbfae29e,OBS-FR-OI-SIMPLE-SOURCING-8,3a5c386500cd53b1784bb548d0555e2c225bcf9a7d02cef1b6041a600b62190a,RUN-20260821T114001,2026-08-21T11:40:01.305238+04:00
ITM-42e40635dd6dc4e0,631f123631f3adff23308835afc172ec2476938d8a151d028b4208869ec10e18,OBS-FR-OI-SIMPLE-SOURCING-8,3a5c386500cd53b1784bb548d0555e2c225bcf9a7d02cef1b6041a600b62190a,RUN-20260821T114001,2026-08-21T11:40:01.305238+04:00
ITM-435a61c36aff8c50,286a5a1c1279a8ae5fbda8df6129a9f91cb604117fa3ed4c35c47e3bd28b25ac,OBS-FR-OI-SIMPLE-SOURCING-8,3a5c386500cd53b1784bb548d0555e2c225bcf9a7d02cef1b6041a600b62190a,RUN-20260821T114001,2026-08-21T11:40:01.305238+04:00
ITM-43ac91aa02e03ec9,1631e110ca6f0aa828028432d2221ae30c93bdfe0c939deac1d4cffc0c0a3177,OBS-FR-OI-SIMPLE-SOURCING-8,3a5c386500cd53b1784bb548d0555e2c225bcf9a7d02cef1b6041a600b62190a,RUN-20260821T114001,2026-08-21T11:40:01.305238+04:00
ITM-43fb98510242f7c0,eefe4d3dad936276b2122f3ad5993b99221bfa7c74384c546709ecdbcde3b942,OBS-FR-OI-SIMPLE-SOURCING-8,3a5c386500cd53b1784bb548d0555e2c225bcf9a7d02cef1b6041a600b62190a,RUN-20260821T114001,2026-08-21T11:40:01.305238+04:00
ITM-443066696ecd0fa1,6f0e0030aedc22846361838b067cf93ff86078472dcb603f8a9f92b47ba12389,OBS-FR-OI-SIMPLE-SOURCING-8,3a5c386500cd53b1784bb548d0555e2c225bcf9a7d02cef1b6041a600b62190a,RUN-20260821T114001,2026-08-21T11:40:01.305238+04:00
ITM-4471af0669161a1e,14fcbacf694df35ed17de30d7cc823daa3797669ee5729735669ac7644c07313,OBS-FR-OI-SIMPLE-SOURCING-8,3a5c386500cd53b1784bb548d0555e2c225bcf9a7d02cef1b6041a600b62190a,RUN-20260821T114001,2026-08-21T11:40:01.305238+04:00
ITM-44d1712a78265b5c,edbe62446c9acb9525b4988e675076e812a9d70365468100ef572d35d574e319,OBS-FR-OI-SIMPLE-SOURCING-8,3a5c386500cd53b1784bb548d0555e2c225bcf9a7d02cef1b6041a600b62190a,RUN-20260821T114001,2026-08-21T11:40:01.305238+04:00
ITM-4541376470a8e8fa,6d77ef2c5d9b6e957a53e63d459c252019bba706675b834ac526f738b1ef9c3e,OBS-FR-OI-SIMPLE-SOURCING-8,3a5c386500cd53b1784bb548d0555e2c225bcf9a7d02cef1b6041a600b62190a,RUN-20260821T114001,2026-08-21T11:40:01.305238+04:00
ITM-456d5e14f20e0592,1b5f9788a6ba53cefba9b6c95f7c01f5ba8c2192b7f2f9406c7db4495d813f07,OBS-FR-OI-SIMPLE-SOURCING-8,3a5c386500cd53b1784bb548d0555e2c225bcf9a7d02cef1b6041a600b62190a,RUN-20260821T114001,2026-08-21T11:40:01.305238+04:00
ITM-458c65ac5da17f3f,5d089d3844515036355603d5ce5e3aa0857b58ac0d78fc3981158fa27074e69b,OBS-FR-OI-SIMPLE-SOURCING-8,3a5c386500cd53b1784bb548d0555e2c225bcf9a7d02cef1b6041a600b62190a,RUN-20260821T114001,2026-08-21T11:40:01.305238+04:00
ITM-45b5bba10a7796b4,36c13b03a4fb524cd3a9f306aa0ae8a030b07bcbac0f8c18f4790d092de09277,OBS-FR-OI-SIMPLE-SOURCING-8,3a5c386500cd53b1784bb548d0555e2c225bcf9a7d02cef1b6041a600b62190a,RUN-20260821T114001,2026-08-21T11:40:01.305238+04:00
ITM-464180dceec58b0f,728d846c58f61d0d15567eb884392189621b274e759cc72a302b23fc9673e4e8,OBS-FR-OI-SIMPLE-SOURCING-8,3a5c386500cd53b1784bb548d0555e2c225bcf9a7d02cef1b6041a600b62190a,RUN-20260821T114001,2026-08-21T11:40:01.305238+04:00
ITM-464f9dfbb19200db,8fb12373a5098c494fd59fe0dc4cf5c897b95955af6fe08a6457d374af856f42,OBS-FR-OI-SIMPLE-SOURCING-8,3a5c386500cd53b1784bb548d0555e2c225bcf9a7d02cef1b6041a600b62190a,RUN-20260821T114001,2026-08-21T11:40:01.305238+04:00
ITM-465255d6ae8ab559,07ed654bd4fd0aebd2c420029d4130506af24a98928d372c7ca3a280fa3653cf,OBS-FR-OI-SIMPLE-SOURCING-8,3a5c386500cd53b1784bb548d0555e2c225bcf9a7d02cef1b6041a600b62190a,RUN-20260821T114001,2026-08-21T11:40:01.305238+04:00
ITM-46c96799cba619ff,638e376d143e9c2f2a952c441c43cbfbabed370fa85b588bc0b6434942b81670,OBS-FR-OI-SIMPLE-SOURCING-8,3a5c386500cd53b1784bb548d0555e2c225bcf9a7d02cef1b6041a600b62190a,RUN-20260821T114001,2026-08-21T11:40:01.305238+04:00
ITM-46ff6121cfa97761,0542362bbb4fb0823d13b1afd8faf3caa72fbde236819c2e693e593a74c391fa,OBS-FR-OI-SIMPLE-SOURCING-8,3a5c386500cd53b1784bb548d0555e2c225bcf9a7d02cef1b6041a600b62190a,RUN-20260821T114001,2026-08-21T11:40:01.305238+04:00
ITM-476ca705ec80202b,00a8651581d454167772f31b8c7aab21b12b76ff08cd698d7ea66a7f9073fc15,OBS-FR-OI-SIMPLE-SOURCING-8,3a5c386500cd53b1784bb548d0555e2c225bcf9a7d02cef1b6041a600b62190a,RUN-20260821T114001,2026-08-21T11:40:01.305238+04:00
ITM-477192de09971703,14c68c92f9e796cfb3859bb31b161b9fc1b781c530acda3006cd3446dab7dc39,OBS-FR-OI-SIMPLE-SOURCING-8,3a5c386500cd53b1784bb548d0555e2c225bcf9a7d02cef1b6041a600b62190a,RUN-20260821T114001,2026-08-21T11:40:01.305238+04:00
ITM-47841ca9f37a01a9,ff2b51d364bbf45348a3463c01f4b015e8e7537c69944a581c8be978b6f1e2f0,OBS-FR-OI-SIMPLE-SOURCING-8,3a5c386500cd53b1784bb548d0555e2c225bcf9a7d02cef1b6041a600b62190a,RUN-20260821T114001,2026-08-21T11:40:01.305238+04:00
ITM-47fbc45d8cb1322d,57b023b152fef4feabf56a3aae20d7aff7f50adedafee6fa89f87064ba708a55,OBS-FR-OI-SIMPLE-SOURCING-8,3a5c386500cd53b1784bb548d0555e2c225bcf9a7d02cef1b6041a600b62190a,RUN-20260821T114001,2026-08-21T11:40:01.305238+04:00
ITM-48283b2fc86cc545,1be8e4513ce28a362bce4602bfaef981719aa7f5fbc2b6c5f1183bbdfe7bf521,OBS-FR-OI-SIMPLE-SOURCING-8,3a5c386500cd53b1784bb548d0555e2c225bcf9a7d02cef1b6041a600b62190a,RUN-20260821T114001,2026-08-21T11:40:01.305238+04:00
ITM-4856fed59a50d116,2caedd009effd2a1bdccaec5f216c4288e0b0e4bf736f0ad752586f7f5ad679a,OBS-FR-OI-SIMPLE-SOURCING-8,3a5c386500cd53b1784bb548d0555e2c225bcf9a7d02cef1b6041a600b62190a,RUN-20260821T114001,2026-08-21T11:40:01.305238+04:00
ITM-486f08701ff57650,5540c4d3ac1b577d739a88ce36e0baea524c54ae32237c01fdffc1bfc49285f3,OBS-FR-OI-SIMPLE-SOURCING-8,3a5c386500cd53b1784bb548d0555e2c225bcf9a7d02cef1b6041a600b62190a,RUN-20260821T114001,2026-08-21T11:40:01.305238+04:00
ITM-4879fc78a32b9a32,2d29bab9988f82c107902d8f33d08a2265654c0e71b8e72e46c079253bf56024,OBS-FR-OI-SIMPLE-SOURCING-8,3a5c386500cd53b1784bb548d0555e2c225bcf9a7d02cef1b6041a600b62190a,RUN-20260821T114001,2026-08-21T11:40:01.305238+04:00
ITM-49153d15337fd28b,bf894694cd8076739d5f20a17e8b5b57cd732c51739df2aa795f61c18f438950,OBS-FR-OI-SIMPLE-SOURCING-8,3a5c386500cd53b1784bb548d0555e2c225bcf9a7d02cef1b6041a600b62190a,RUN-20260821T114001,2026-08-21T11:40:01.305238+04:00
ITM-49b4bda3f6d704ea,19e753425d6e39aa16baf0854fe1fbbd8280d75545302d788728b56ab5e215c5,OBS-FR-OI-SIMPLE-SOURCING-8,3a5c386500cd53b1784bb548d0555e2c225bcf9a7d02cef1b6041a600b62190a,RUN-20260821T114001,2026-08-21T11:40:01.305238+04:00
ITM-4a352d042f265e0e,8bbfec6dc1154deb3000ae352533dc0e73cd5aef9998fc8d25390033cf27ec07,OBS-FR-OI-SIMPLE-SOURCING-8,3a5c386500cd53b1784bb548d0555e2c225bcf9a7d02cef1b6041a600b62190a,RUN-20260821T114001,2026-08-21T11:40:01.305238+04:00
ITM-4a37f0a39ac9ee0f,13830613590d09fe6ec52a3eccd109cce4b6755deba4ad7f5489c9f5e92d673b,OBS-FR-OI-SIMPLE-SOURCING-8,3a5c386500cd53b1784bb548d0555e2c225bcf9a7d02cef1b6041a600b62190a,RUN-20260821T114001,2026-08-21T11:40:01.305238+04:00
ITM-4acbbed09e3890af,73a8a07cd9a2780f50037486a77d9898ad24a81f89e47523cd66bde6003e153f,OBS-FR-OI-SIMPLE-SOURCING-8,3a5c386500cd53b1784bb548d0555e2c225bcf9a7d02cef1b6041a600b62190a,RUN-20260821T114001,2026-08-21T11:40:01.305238+04:00
ITM-4af3012cc8843eef,963c38044ca702f831c60a7d88fa0f85841e8cfdb1a58cdf81534fb6e0ae06aa,OBS-FR-OI-SIMPLE-SOURCING-8,3a5c386500cd53b1784bb548d0555e2c225bcf9a7d02cef1b6041a600b62190a,RUN-20260821T114001,2026-08-21T11:40:01.305238+04:00
ITM-4b24135d56fb402f,e35a2d70a3d65e8b40881bbe9fd53331f175b7f675488115981f15b381418ab0,OBS-FR-OI-SIMPLE-SOURCING-8,3a5c386500cd53b1784bb548d0555e2c225bcf9a7d02cef1b6041a600b62190a,RUN-20260821T114001,2026-08-21T11:40:01.305238+04:00
ITM-4b55ff7064532fe0,e6a7de5a1e206c7b049989b60187c8bb0ae45e0aae474c2ba44614c287a129ed,OBS-FR-OI-SIMPLE-SOURCING-8,3a5c386500cd53b1784bb548d0555e2c225bcf9a7d02cef1b6041a600b62190a,RUN-20260821T114001,2026-08-21T11:40:01.305238+04:00
ITM-4b79645d80ad2ef9,a896ff648147cd041696ca3595a066a480d5ce22c50bf14f5b12f16d4cdfb4b8,OBS-FR-OI-SIMPLE-SOURCING-8,3a5c386500cd53b1784bb548d0555e2c225bcf9a7d02cef1b6041a600b62190a,RUN-20260821T114001,2026-08-21T11:40:01.305238+04:00
ITM-4bfa09a25398f690,d95d1e86df7fc00d50d8c79a9ddb91183b0fcd23b1c3adac9a62b29812f119ce,OBS-FR-OI-SIMPLE-SOURCING-8,3a5c386500cd53b1784bb548d0555e2c225bcf9a7d02cef1b6041a600b62190a,RUN-20260821T114001,2026-08-21T11:40:01.305238+04:00
ITM-4c0f816830f7ed1a,cdf86f8a86db6b1e46e8f98b2c58897cd3d5428ed140b4353fa57a733a0a2210,OBS-FR-OI-SIMPLE-SOURCING-8,3a5c386500cd53b1784bb548d0555e2c225bcf9a7d02cef1b6041a600b62190a,RUN-20260821T114001,2026-08-21T11:40:01.305238+04:00
ITM-4c1aec321d7cd504,fe857ed8196daf1f9f088e812be2d4379ae44995a7bd70274016db3d84a956ab,OBS-FR-OI-SIMPLE-SOURCING-8,3a5c386500cd53b1784bb548d0555e2c225bcf9a7d02cef1b6041a600b62190a,RUN-20260821T114001,2026-08-21T11:40:01.305238+04:00
ITM-4c31ad23daadfdd4,6f61046578c87c2f22d89b721db5cb21460dd0acde00f7af7e7e7972c612772f,OBS-FR-OI-SIMPLE-SOURCING-8,3a5c386500cd53b1784bb548d0555e2c225bcf9a7d02cef1b6041a600b62190a,RUN-20260821T114001,2026-08-21T11:40:01.305238+04:00
ITM-4c3549bd8c462486,d00b2a78b668bd5107c7fb774195937b776c65e29358a60bfcf229d7df6f8a93,OBS-FR-OI-SIMPLE-SOURCING-8,3a5c386500cd53b1784bb548d0555e2c225bcf9a7d02cef1b6041a600b62190a,RUN-20260821T114001,2026-08-21T11:40:01.305238+04:00
ITM-4c3bb280ccd0a626,1e92eff5a8e146897f9c4a51339fc457b5d73160bbab7a09334569640349ede5,OBS-FR-OI-SIMPLE-SOURCING-8,3a5c386500cd53b1784bb548d0555e2c225bcf9a7d02cef1b6041a600b62190a,RUN-20260821T114001,2026-08-21T11:40:01.305238+04:00
ITM-4c6b7aed766b02c2,601d68010fb726a4778991cc9e3d5516ea13a52d59948bb4235905cc783f9b0c,OBS-FR-OI-SIMPLE-SOURCING-8,3a5c386500cd53b1784bb548d0555e2c225bcf9a7d02cef1b6041a600b62190a,RUN-20260821T114001,2026-08-21T11:40:01.305238+04:00
ITM-4c80a47facb79e82,a351c869cdd1407bb9fcee0d769d2f0245b4fadddfdf9dd42eb87609e8ecf484,OBS-FR-OI-SIMPLE-SOURCING-8,3a5c386500cd53b1784bb548d0555e2c225bcf9a7d02cef1b6041a600b62190a,RUN-20260821T114001,2026-08-21T11:40:01.305238+04:00
ITM-4c832b1de1bb40af,13ca88174b2b40f7dc629e9be86a18d8dfde3bba597cdcda74a92f09f19c9fe5,OBS-FR-OI-SIMPLE-SOURCING-8,3a5c386500cd53b1784bb548d0555e2c225bcf9a7d02cef1b6041a600b62190a,RUN-20260821T114001,2026-08-21T11:40:01.305238+04:00
ITM-4cc8816fbf2bf2c7,5edeeb08b46f1da5e3cd11293f5f879508a873369903a8fd6cfc9e6a447c3c30,OBS-FR-OI-SIMPLE-SOURCING-8,3a5c386500cd53b1784bb548d0555e2c225bcf9a7d02cef1b6041a600b62190a,RUN-20260821T114001,2026-08-21T11:40:01.305238+04:00
ITM-4d4f9cab97dd323b,562feef941fa3a7d4869c4ae88b8cd768e049dc456f4de148672a90d4141bb55,OBS-FR-OI-SIMPLE-SOURCING-8,3a5c386500cd53b1784bb548d0555e2c225bcf9a7d02cef1b6041a600b62190a,RUN-20260821T114001,2026-08-21T11:40:01.305238+04:00
ITM-4ddbde07eb7bc484,c7ac8e0c46e4033b921805c91e608005459a516f05b63b4b88d7e6932af5c7f5,OBS-FR-OI-SIMPLE-SOURCING-8,3a5c386500cd53b1784bb548d0555e2c225bcf9a7d02cef1b6041a600b62190a,RUN-20260821T114001,2026-08-21T11:40:01.305238+04:00
ITM-4de5cf91bb4e0f3b,0d01e8998c0498dec3315513ec11c45330aa71005298487999d540e67e586cb1,OBS-FR-OI-SIMPLE-SOURCING-8,3a5c386500cd53b1784bb548d0555e2c225bcf9a7d02cef1b6041a600b62190a,RUN-20260821T114001,2026-08-21T11:40:01.305238+04:00
ITM-4e34b7f2e45eaad2,2dbd4350b73b81b711f3d843b26283656f2c4a6522294148f1a38f07b84f7a62,OBS-FR-OI-SIMPLE-SOURCING-8,3a5c386500cd53b1784bb548d0555e2c225bcf9a7d02cef1b6041a600b62190a,RUN-20260821T114001,2026-08-21T11:40:01.305238+04:00
ITM-4e4b8b80b3af1e77,5f8a3fcfd1d9cffc24e7c72abfb75ed437a7d66270f89b4695e31092379d0529,OBS-FR-OI-SIMPLE-SOURCING-8,3a5c386500cd53b1784bb548d0555e2c225bcf9a7d02cef1b6041a600b62190a,RUN-20260821T114001,2026-08-21T11:40:01.305238+04:00
ITM-4e5ee1bd7fd8a874,b736eacb84f849214caf3daa2b0ef90b0784261278ec59051e318845d25462f8,OBS-FR-OI-SIMPLE-SOURCING-8,3a5c386500cd53b1784bb548d0555e2c225bcf9a7d02cef1b6041a600b62190a,RUN-20260821T114001,2026-08-21T11:40:01.305238+04:00
ITM-4e60695bf0907969,6f73a8f830094080e211d045cb277eeb61b78cb7b7a666567059b4f50b386351,OBS-FR-OI-SIMPLE-SOURCING-8,3a5c386500cd53b1784bb548d0555e2c225bcf9a7d02cef1b6041a600b62190a,RUN-20260821T114001,2026-08-21T11:40:01.305238+04:00
ITM-4eaca779380317ce,cdca8a2147ddd2a8fcae2ce16f5fc914f648c62a57fc11ab8b0367c6c7cfb60c,OBS-FR-OI-SIMPLE-SOURCING-8,3a5c386500cd53b1784bb548d0555e2c225bcf9a7d02cef1b6041a600b62190a,RUN-20260821T114001,2026-08-21T11:40:01.305238+04:00
ITM-4f1645b29b463600,cfa08e8d1f8ba93394ba8998d6996df5364eed818e50b7fd74f80699cb27b424,OBS-FR-OI-SIMPLE-SOURCING-8,3a5c386500cd53b1784bb548d0555e2c225bcf9a7d02cef1b6041a600b62190a,RUN-20260821T114001,2026-08-21T11:40:01.305238+04:00
ITM-4f622a23e140c541,48dedd5b087aee1a137526670ef75e9b89b645f1c5cd65715ed14415c38a9b82,OBS-FR-OI-SIMPLE-SOURCING-8,3a5c386500cd53b1784bb548d0555e2c225bcf9a7d02cef1b6041a600b62190a,RUN-20260821T114001,2026-08-21T11:40:01.305238+04:00
ITM-5011931f94e0fb39,6360c90832c4263e97ee9f8744a93c66c6574ec9bda20ee93900b345060e592e,OBS-FR-OI-SIMPLE-SOURCING-8,3a5c386500cd53b1784bb548d0555e2c225bcf9a7d02cef1b6041a600b62190a,RUN-20260821T114001,2026-08-21T11:40:01.305238+04:00
ITM-503ed2199ab8ebba,8d49849f4743f77b557456aea72c1e4725524b73345a32b817a58f1f15636b1d,OBS-FR-OI-SIMPLE-SOURCING-8,3a5c386500cd53b1784bb548d0555e2c225bcf9a7d02cef1b6041a600b62190a,RUN-20260821T114001,2026-08-21T11:40:01.305238+04:00
ITM-5060676509ac6f03,2f6736eb6a5bed6f3303b5bc1d0b4e75bee60426394d1c0e5b92a8849e596a4f,OBS-FR-OI-SIMPLE-SOURCING-8,3a5c386500cd53b1784bb548d0555e2c225bcf9a7d02cef1b6041a600b62190a,RUN-20260821T114001,2026-08-21T11:40:01.305238+04:00
ITM-50808b81d1fe1645,249f4ede9bff8b76c7d7f91813ae23bde51ec7514f3111dc73747e4ee565ccf0,OBS-FR-OI-SIMPLE-SOURCING-8,3a5c386500cd53b1784bb548d0555e2c225bcf9a7d02cef1b6041a600b62190a,RUN-20260821T114001,2026-08-21T11:40:01.305238+04:00
ITM-5087f77865a98d13,741e51abc7526e91a7bc8bed3936542e6d6aece0a1a7a1466399286f9f64076b,OBS-FR-OI-SIMPLE-SOURCING-8,3a5c386500cd53b1784bb548d0555e2c225bcf9a7d02cef1b6041a600b62190a,RUN-20260821T114001,2026-08-21T11:40:01.305238+04:00
ITM-50e32c52ab3d8a05,185a4a17085d5b9dee8609e3ef94c3f91e318a035b95389ad771dddae84da817,OBS-FR-OI-SIMPLE-SOURCING-8,3a5c386500cd53b1784bb548d0555e2c225bcf9a7d02cef1b6041a600b62190a,RUN-20260821T114001,2026-08-21T11:40:01.305238+04:00
ITM-511f948ed3eebed5,44dcde09ef036e8b4822e900d3ecb19ae18136ac5111a5bbf70fc5d7cd1537b8,OBS-FR-OI-SIMPLE-SOURCING-8,3a5c386500cd53b1784bb548d0555e2c225bcf9a7d02cef1b6041a600b62190a,RUN-20260821T114001,2026-08-21T11:40:01.305238+04:00
ITM-513c8fde62b8cae3,3277def6952f769876a45e989600cccebdeeb5d597d02236b5db6c39a3c10052,OBS-FR-OI-SIMPLE-SOURCING-8,3a5c386500cd53b1784bb548d0555e2c225bcf9a7d02cef1b6041a600b62190a,RUN-20260821T114001,2026-08-21T11:40:01.305238+04:00
ITM-5195e435f4b81c8c,7f7269da59cb6cf31944f14835df592598f4517a79b75baac6c379c6716bc541,OBS-FR-OI-SIMPLE-SOURCING-8,3a5c386500cd53b1784bb548d0555e2c225bcf9a7d02cef1b6041a600b62190a,RUN-20260821T114001,2026-08-21T11:40:01.305238+04:00
ITM-51d1441b43e29f73,af3a99a3d258daa104277c464954b9e7c7060d39d7dcdadee4ab93aff1c41821,OBS-FR-OI-SIMPLE-SOURCING-8,3a5c386500cd53b1784bb548d0555e2c225bcf9a7d02cef1b6041a600b62190a,RUN-20260821T114001,2026-08-21T11:40:01.305238+04:00
ITM-520e6431eea63f00,a67258e67693864a5ac3fc2cd2144ddd3bf3dccc7af964b1474efb0b81d32808,OBS-FR-OI-SIMPLE-SOURCING-8,3a5c386500cd53b1784bb548d0555e2c225bcf9a7d02cef1b6041a600b62190a,RUN-20260821T114001,2026-08-21T11:40:01.305238+04:00
ITM-522aa38c30b008dc,27c18f9cf535fef1e60dd9b65231abc31a65df8504b18665c1e5804099cad881,OBS-FR-OI-SIMPLE-SOURCING-8,3a5c386500cd53b1784bb548d0555e2c225bcf9a7d02cef1b6041a600b62190a,RUN-20260821T114001,2026-08-21T11:40:01.305238+04:00
ITM-525f9068fd6b7ab1,fec3b01259e6ffa2bd24ad4eabfc1629bb1f5b2a7ad06ae399812f01a59cbaa7,OBS-FR-OI-SIMPLE-SOURCING-8,3a5c386500cd53b1784bb548d0555e2c225bcf9a7d02cef1b6041a600b62190a,RUN-20260821T114001,2026-08-21T11:40:01.305238+04:00
ITM-5299e7c10746fa62,0bf4ef8cadc91e57f1111b8c752825ca420f951cdcb64c8b8be6437227a8fb65,OBS-FR-OI-SIMPLE-SOURCING-8,3a5c386500cd53b1784bb548d0555e2c225bcf9a7d02cef1b6041a600b62190a,RUN-20260821T114001,2026-08-21T11:40:01.305238+04:00
ITM-530518f6cfbc1d68,b088cc7809418a49435b5d7e3ab8903909c2d84699c39c3ce68816591ac76eef,OBS-FR-OI-SIMPLE-SOURCING-8,3a5c386500cd53b1784bb548d0555e2c225bcf9a7d02cef1b6041a600b62190a,RUN-20260821T114001,2026-08-21T11:40:01.305238+04:00
ITM-533dcdbec3437d5a,f54fa15e6cdd6808b56f69e380b494925b6fad824dd118df417c16a269f3266d,OBS-FR-OI-SIMPLE-SOURCING-8,3a5c386500cd53b1784bb548d0555e2c225bcf9a7d02cef1b6041a600b62190a,RUN-20260821T114001,2026-08-21T11:40:01.305238+04:00
ITM-5384bb2edc1e590e,ef57207f3c22b59fa1dcd76f9f2feca499db11568b6f2661ea1d22f09172b1a1,OBS-FR-OI-SIMPLE-SOURCING-8,3a5c386500cd53b1784bb548d0555e2c225bcf9a7d02cef1b6041a600b62190a,RUN-20260821T114001,2026-08-21T11:40:01.305238+04:00
ITM-539e9416bad4a918,3f29cc22318bda5ac6db9c760e4079fca20eb6b9facec29a131491954b6ff8f9,OBS-FR-OI-SIMPLE-SOURCING-8,3a5c386500cd53b1784bb548d0555e2c225bcf9a7d02cef1b6041a600b62190a,RUN-20260821T114001,2026-08-21T11:40:01.305238+04:00
ITM-53bccaa6091fe456,4c9e26dbb0d48cd22bf6b2ab210039a74b9026b550c2b379b557dd32723fd51c,OBS-FR-OI-SIMPLE-SOURCING-8,3a5c386500cd53b1784bb548d0555e2c225bcf9a7d02cef1b6041a600b62190a,RUN-20260821T114001,2026-08-21T11:40:01.305238+04:00
ITM-54224a642d605adb,fd87de46d33848c784318f87a03dfb740b67299ff40e311975bb133e372c3db9,OBS-FR-OI-SIMPLE-SOURCING-8,3a5c386500cd53b1784bb548d0555e2c225bcf9a7d02cef1b6041a600b62190a,RUN-20260821T114001,2026-08-21T11:40:01.305238+04:00
ITM-54413e569df7ef7b,d960d5ee0a6a6a5ab91d5541845a1427c59782bc30a654eb644e26290ee3d482,OBS-FR-OI-SIMPLE-SOURCING-8,3a5c386500cd53b1784bb548d0555e2c225bcf9a7d02cef1b6041a600b62190a,RUN-20260821T114001,2026-08-21T11:40:01.305238+04:00
ITM-54bfa9e5b4a8842e,2b36f36ae48f7f58d2566ad119e7e380345ed2abc028fc8066a80733af002182,OBS-FR-OI-SIMPLE-SOURCING-8,3a5c386500cd53b1784bb548d0555e2c225bcf9a7d02cef1b6041a600b62190a,RUN-20260821T114001,2026-08-21T11:40:01.305238+04:00
ITM-55009a7fcb0bbb0b,bf09e03c3fa40f0b12004ee0f43c3ca8981b83aa431f63e97abb4de9746f12be,OBS-FR-OI-SIMPLE-SOURCING-8,3a5c386500cd53b1784bb548d0555e2c225bcf9a7d02cef1b6041a600b62190a,RUN-20260821T114001,2026-08-21T11:40:01.305238+04:00
ITM-552149bd1bd6474d,28d2ff1d6e46c6ac683eab6beb33585b333cc3144d2ac687f90a7c8781a7010e,OBS-FR-OI-SIMPLE-SOURCING-8,3a5c386500cd53b1784bb548d0555e2c225bcf9a7d02cef1b6041a600b62190a,RUN-20260821T114001,2026-08-21T11:40:01.305238+04:00
ITM-55973f575f4233f9,ee77a06aec1e4ff52bb1987c35649acb2fb8c1accc000af89aa5278dc63f601d,OBS-FR-OI-SIMPLE-SOURCING-8,3a5c386500cd53b1784bb548d0555e2c225bcf9a7d02cef1b6041a600b62190a,RUN-20260821T114001,2026-08-21T11:40:01.305238+04:00
ITM-55ff361328afaab5,278fffa6b46bcce36986d74ac60631134e0833f8d8d210c001b796d7667c896f,OBS-FR-OI-SIMPLE-SOURCING-8,3a5c386500cd53b1784bb548d0555e2c225bcf9a7d02cef1b6041a600b62190a,RUN-20260821T114001,2026-08-21T11:40:01.305238+04:00
ITM-56760f5811985a28,98ddb7c183421a2ea3f7e6314a4931c13f88c025d4cc86ff67bd086f45464241,OBS-FR-OI-SIMPLE-SOURCING-8,3a5c386500cd53b1784bb548d0555e2c225bcf9a7d02cef1b6041a600b62190a,RUN-20260821T114001,2026-08-21T11:40:01.305238+04:00
ITM-56c9e482212ffba9,d83f7c26e2e393022a0b4e4369f973f236f82eda4dcdccd8a65c805cc3b1905a,OBS-FR-OI-SIMPLE-SOURCING-8,3a5c386500cd53b1784bb548d0555e2c225bcf9a7d02cef1b6041a600b62190a,RUN-20260821T114001,2026-08-21T11:40:01.305238+04:00
ITM-56d4439d472896c2,2332167ff32cea878da73a0450e35689a28cee4c4769c0747dbed58869b60a1a,OBS-FR-OI-SIMPLE-SOURCING-8,3a5c386500cd53b1784bb548d0555e2c225bcf9a7d02cef1b6041a600b62190a,RUN-20260821T114001,2026-08-21T11:40:01.305238+04:00
ITM-571b51a7d00802b7,2e618b229d2787ef0e28a40f9a81012335af6d0d69c226a715bc88e5b0bb755d,OBS-FR-OI-SIMPLE-SOURCING-8,3a5c386500cd53b1784bb548d0555e2c225bcf9a7d02cef1b6041a600b62190a,RUN-20260821T114001,2026-08-21T11:40:01.305238+04:00
ITM-572762a3c6c97af5,556f94e9dc1c6fcea89eb407851e6d8c770c61fb01a30ad15150a6a1c3537cb0,OBS-FR-OI-SIMPLE-SOURCING-8,3a5c386500cd53b1784bb548d0555e2c225bcf9a7d02cef1b6041a600b62190a,RUN-20260821T114001,2026-08-21T11:40:01.305238+04:00
ITM-5803deee6aaef043,7001d79b2d389c9e2d895e9682957c207de7141ab05336407febebcba478643c,OBS-FR-OI-SIMPLE-SOURCING-8,3a5c386500cd53b1784bb548d0555e2c225bcf9a7d02cef1b6041a600b62190a,RUN-20260821T114001,2026-08-21T11:40:01.305238+04:00
ITM-580b80276a00138e,0e1bf6f3bad29c9571ecbfe37cb212e6d648982472c740788eaf28e9bfe3a653,OBS-FR-OI-SIMPLE-SOURCING-8,3a5c386500cd53b1784bb548d0555e2c225bcf9a7d02cef1b6041a600b62190a,RUN-20260821T114001,2026-08-21T11:40:01.305238+04:00
ITM-582eb78bcb240856,ba34d7f22bde3f2a5390f25f74a470e5ef0233cba759bba7d721794f7a20170b,OBS-FR-OI-SIMPLE-SOURCING-8,3a5c386500cd53b1784bb548d0555e2c225bcf9a7d02cef1b6041a600b62190a,RUN-20260821T114001,2026-08-21T11:40:01.305238+04:00
ITM-58547cd515824b45,0ea2c24d13bc8e26ee6d6de76599b54d55fa083d418be91d771e44139c5e7108,OBS-FR-OI-SIMPLE-SOURCING-8,3a5c386500cd53b1784bb548d0555e2c225bcf9a7d02cef1b6041a600b62190a,RUN-20260821T114001,2026-08-21T11:40:01.305238+04:00
ITM-5893fb24d8b9ccf3,122439fe74a5b519f34dce770622f4c8ea5930e72b84c23cb6aa3014f6f923dd,OBS-FR-OI-SIMPLE-SOURCING-8,3a5c386500cd53b1784bb548d0555e2c225bcf9a7d02cef1b6041a600b62190a,RUN-20260821T114001,2026-08-21T11:40:01.305238+04:00
ITM-589ef74c132ae0a2,110ee2a10b9285f5d8cc6a6dec61e3b5249c5308de5beddeccb1c656b142e40b,OBS-FR-OI-SIMPLE-SOURCING-8,3a5c386500cd53b1784bb548d0555e2c225bcf9a7d02cef1b6041a600b62190a,RUN-20260821T114001,2026-08-21T11:40:01.305238+04:00
ITM-5907f5a5b306f012,987a3c6f9ac3de7a60afdda5e938e10c319e3e2aa84c12b9d233e4fdab1314db,OBS-FR-OI-SIMPLE-SOURCING-8,3a5c386500cd53b1784bb548d0555e2c225bcf9a7d02cef1b6041a600b62190a,RUN-20260821T114001,2026-08-21T11:40:01.305238+04:00
ITM-59c2e598ee47471d,96b34f8f3e36c8d6c6b5eb62071ba86bfaaf46d57c229e847c249b6f6aa3f693,OBS-FR-OI-SIMPLE-SOURCING-8,3a5c386500cd53b1784bb548d0555e2c225bcf9a7d02cef1b6041a600b62190a,RUN-20260821T114001,2026-08-21T11:40:01.305238+04:00
ITM-5a10a8949c397f2d,11210e04991561baf9a4dc64046a44ec3a2e3c80cea9423be9bcdcc8ec40af05,OBS-FR-OI-SIMPLE-SOURCING-8,3a5c386500cd53b1784bb548d0555e2c225bcf9a7d02cef1b6041a600b62190a,RUN-20260821T114001,2026-08-21T11:40:01.305238+04:00
ITM-5a4a266d279fda15,89e86cd3be2c25c0a83240d9f2325fda0ba01d1cd0c1aa2c27fb98bc926e4270,OBS-FR-OI-SIMPLE-SOURCING-8,3a5c386500cd53b1784bb548d0555e2c225bcf9a7d02cef1b6041a600b62190a,RUN-20260821T114001,2026-08-21T11:40:01.305238+04:00
ITM-5a921aaebb3181e9,870e98971fd772019ebe35090c59d85940a33e5699e6cb792a47eea0779b7d98,OBS-FR-OI-SIMPLE-SOURCING-8,3a5c386500cd53b1784bb548d0555e2c225bcf9a7d02cef1b6041a600b62190a,RUN-20260821T114001,2026-08-21T11:40:01.305238+04:00
ITM-5ab13a9b8c40816f,88967bb17737e024e1ebce8499de8c16bed53a091acd182b8541558353b30536,OBS-FR-OI-SIMPLE-SOURCING-8,3a5c386500cd53b1784bb548d0555e2c225bcf9a7d02cef1b6041a600b62190a,RUN-20260821T114001,2026-08-21T11:40:01.305238+04:00
ITM-5ad9dee2bb8a4173,e9a698a4b355a990992ef22a9ea3d27e7cc99e0ce48ff775b5facc0cd3ba5474,OBS-FR-OI-SIMPLE-SOURCING-8,3a5c386500cd53b1784bb548d0555e2c225bcf9a7d02cef1b6041a600b62190a,RUN-20260821T114001,2026-08-21T11:40:01.305238+04:00
ITM-5b224f2217bc78a0,ab4eeef14be9afb813d15f09f458601e1fd5cec3157f4066c9a966475791ad0a,OBS-FR-OI-SIMPLE-SOURCING-8,3a5c386500cd53b1784bb548d0555e2c225bcf9a7d02cef1b6041a600b62190a,RUN-20260821T114001,2026-08-21T11:40:01.305238+04:00
ITM-5b2aaeb7311dd267,5f94d12ebdecd6779ee248e9c57be0e20d9e2cffd81bc081a472349c3c186790,OBS-FR-OI-SIMPLE-SOURCING-8,3a5c386500cd53b1784bb548d0555e2c225bcf9a7d02cef1b6041a600b62190a,RUN-20260821T114001,2026-08-21T11:40:01.305238+04:00
ITM-5b6991aaa5085b79,3fe836d8a016c14890beddc5c1dfaca3260fb69462e9f04ff2dce7456b5669a8,OBS-FR-OI-SIMPLE-SOURCING-8,3a5c386500cd53b1784bb548d0555e2c225bcf9a7d02cef1b6041a600b62190a,RUN-20260821T114001,2026-08-21T11:40:01.305238+04:00
ITM-5be7f4f4816ada3e,bcee138d80fc6737f6be27660b718f182f2301127d1af68541302e2bf8684ddd,OBS-FR-OI-SIMPLE-SOURCING-8,3a5c386500cd53b1784bb548d0555e2c225bcf9a7d02cef1b6041a600b62190a,RUN-20260821T114001,2026-08-21T11:40:01.305238+04:00
ITM-5c2e0a1a7c553b74,6b096dbc762050bc061981f4c0738099a65fe4c8df8cdeaa8c0c4f61165fcf11,OBS-FR-OI-SIMPLE-SOURCING-8,3a5c386500cd53b1784bb548d0555e2c225bcf9a7d02cef1b6041a600b62190a,RUN-20260821T114001,2026-08-21T11:40:01.305238+04:00
ITM-5c8b6fd4791892aa,ad21036be3b965a3e3f7bbc168e178b81ec93af59b0cb95d46a412a07ad4938e,OBS-FR-OI-SIMPLE-SOURCING-8,3a5c386500cd53b1784bb548d0555e2c225bcf9a7d02cef1b6041a600b62190a,RUN-20260821T114001,2026-08-21T11:40:01.305238+04:00
ITM-5de129f1515265ed,08097becc4e830ea0e418acb261e588f1d5d31f35935e11246369cb36a85d92d,OBS-FR-OI-SIMPLE-SOURCING-8,3a5c386500cd53b1784bb548d0555e2c225bcf9a7d02cef1b6041a600b62190a,RUN-20260821T114001,2026-08-21T11:40:01.305238+04:00
ITM-5dfcab08de0f6e21,ef82857d9c60e973526df11378316db96a9194f119c48c189ec5857f96914efc,OBS-FR-OI-SIMPLE-SOURCING-8,3a5c386500cd53b1784bb548d0555e2c225bcf9a7d02cef1b6041a600b62190a,RUN-20260821T114001,2026-08-21T11:40:01.305238+04:00
ITM-5e135e88502f97bd,2c34a545aedfdace2599b27e40633d3b46b4b3edf5cbdba269ecd037b564db9a,OBS-FR-OI-SIMPLE-SOURCING-8,3a5c386500cd53b1784bb548d0555e2c225bcf9a7d02cef1b6041a600b62190a,RUN-20260821T114001,2026-08-21T11:40:01.305238+04:00
ITM-5e23e9d1f63da027,4e1985d8b48183e64f75dd48a997f4973cb2ae480aba3ef3dc74b466d121c1e2,OBS-FR-OI-SIMPLE-SOURCING-8,3a5c386500cd53b1784bb548d0555e2c225bcf9a7d02cef1b6041a600b62190a,RUN-20260821T114001,2026-08-21T11:40:01.305238+04:00
ITM-5e272386cb9a578e,f48ebea018657e339a0bb609ce839b7d4a10830bbe5656b8f3ac9d0fb2bf3937,OBS-FR-OI-SIMPLE-SOURCING-8,3a5c386500cd53b1784bb548d0555e2c225bcf9a7d02cef1b6041a600b62190a,RUN-20260821T114001,2026-08-21T11:40:01.305238+04:00
ITM-5e2dc4d4478dbb5d,81e0f6618050b6301ecd11cf2c6e98713dcb1813c0e321a97d87845c4423d162,OBS-FR-OI-SIMPLE-SOURCING-8,3a5c386500cd53b1784bb548d0555e2c225bcf9a7d02cef1b6041a600b62190a,RUN-20260821T114001,2026-08-21T11:40:01.305238+04:00
ITM-5e5ac5f23a02d0b4,08b70de0bc60168d0a30407d663723ddfe5ac581a83f2f73f5b84d2b7c42b2e7,OBS-FR-OI-SIMPLE-SOURCING-8,3a5c386500cd53b1784bb548d0555e2c225bcf9a7d02cef1b6041a600b62190a,RUN-20260821T114001,2026-08-21T11:40:01.305238+04:00
ITM-5ec91c7b0bb76ae4,9cde5e6c7cabae3b45d853949835235d7d286a6768b90ae762e72c212ebc9050,OBS-FR-OI-SIMPLE-SOURCING-8,3a5c386500cd53b1784bb548d0555e2c225bcf9a7d02cef1b6041a600b62190a,RUN-20260821T114001,2026-08-21T11:40:01.305238+04:00
ITM-5ed30ac0b6b94ced,5242537c6122398809cb397e560cdbdb6b656f71767e62668549805b86ac40fa,OBS-FR-OI-SIMPLE-SOURCING-8,3a5c386500cd53b1784bb548d0555e2c225bcf9a7d02cef1b6041a600b62190a,RUN-20260821T114001,2026-08-21T11:40:01.305238+04:00
ITM-5ef16bdb42a2ded8,4ee575a827a313c09b36e5d01668211fc07f2667cb375bfd12010355c900176d,OBS-FR-OI-SIMPLE-SOURCING-8,3a5c386500cd53b1784bb548d0555e2c225bcf9a7d02cef1b6041a600b62190a,RUN-20260821T114001,2026-08-21T11:40:01.305238+04:00
ITM-5ef1e91900f382aa,c635ea0e34e37b8b3882c76df2b3992f4dc0521a3090624e348a39b5a97ae27d,OBS-FR-OI-SIMPLE-SOURCING-8,3a5c386500cd53b1784bb548d0555e2c225bcf9a7d02cef1b6041a600b62190a,RUN-20260821T114001,2026-08-21T11:40:01.305238+04:00
ITM-5f4d35c89fc47f90,fbd73c6b2d3a59edd670857aab0eca172bf778b808a6ad630822543a84e0395a,OBS-FR-OI-SIMPLE-SOURCING-8,3a5c386500cd53b1784bb548d0555e2c225bcf9a7d02cef1b6041a600b62190a,RUN-20260821T114001,2026-08-21T11:40:01.305238+04:00
ITM-5f5d736c0ab6bd08,d8146f71c726893131bb921ce8c651e98e02b39af8ffb5f0a31cedbca52b24ef,OBS-FR-OI-SIMPLE-SOURCING-8,3a5c386500cd53b1784bb548d0555e2c225bcf9a7d02cef1b6041a600b62190a,RUN-20260821T114001,2026-08-21T11:40:01.305238+04:00
ITM-5fcf2b78f3a8f4ad,9e655070bf52f1da2ae80b15d018f48c81ba8006a33b18fa3dacf047423485bf,OBS-FR-OI-SIMPLE-SOURCING-8,3a5c386500cd53b1784bb548d0555e2c225bcf9a7d02cef1b6041a600b62190a,RUN-20260821T114001,2026-08-21T11:40:01.305238+04:00
ITM-5fe0b6e65458e8c2,d6a6d201309004d9296c40dec3190573460a4295ad405e28ea1d9d3bc565b53a,OBS-FR-OI-SIMPLE-SOURCING-8,3a5c386500cd53b1784bb548d0555e2c225bcf9a7d02cef1b6041a600b62190a,RUN-20260821T114001,2026-08-21T11:40:01.305238+04:00
ITM-5ff54b3426c5d095,20cabd16a5b5fe70224e123f7887f80e970514834f7b9528850c97fc9d39e2f2,OBS-FR-OI-SIMPLE-SOURCING-8,3a5c386500cd53b1784bb548d0555e2c225bcf9a7d02cef1b6041a600b62190a,RUN-20260821T114001,2026-08-21T11:40:01.305238+04:00
ITM-601868916e7adbcf,65d733220d7b66c0f80e6139687eab9d9d70c384a15ddbcc4ecb6aad88ac97a3,OBS-FR-OI-SIMPLE-SOURCING-8,3a5c386500cd53b1784bb548d0555e2c225bcf9a7d02cef1b6041a600b62190a,RUN-20260821T114001,2026-08-21T11:40:01.305238+04:00
ITM-6023eead5a989ee1,336188ead41fcda8020f3f92ef5a23dd83153126e137e4d90c43e662d9e310c8,OBS-FR-OI-SIMPLE-SOURCING-8,3a5c386500cd53b1784bb548d0555e2c225bcf9a7d02cef1b6041a600b62190a,RUN-20260821T114001,2026-08-21T11:40:01.305238+04:00
ITM-608ba5a181f84f40,6c02114df77be6824ee627b80d2b22d068f3e43bbdf65d8bc3e0f20385453c7f,OBS-FR-OI-SIMPLE-SOURCING-8,3a5c386500cd53b1784bb548d0555e2c225bcf9a7d02cef1b6041a600b62190a,RUN-20260821T114001,2026-08-21T11:40:01.305238+04:00
ITM-60c784ad4e524fe4,8bcd54724de5ba2e8b8f5c181c4066b382b606409e6f0a087a642dd91ac80910,OBS-FR-OI-SIMPLE-SOURCING-8,3a5c386500cd53b1784bb548d0555e2c225bcf9a7d02cef1b6041a600b62190a,RUN-20260821T114001,2026-08-21T11:40:01.305238+04:00
ITM-612dc60d840f78da,dad9e5c6c62287c0308ef055ae5cacda2a23e6c14c1b9f5dc557982c5af9edf7,OBS-FR-OI-SIMPLE-SOURCING-8,3a5c386500cd53b1784bb548d0555e2c225bcf9a7d02cef1b6041a600b62190a,RUN-20260821T114001,2026-08-21T11:40:01.305238+04:00
ITM-6152c6e03391a140,298581c9d0e4519a7c1de0afa5c3d481839d041023f54cf35b113487adb5e03e,OBS-FR-OI-SIMPLE-SOURCING-8,3a5c386500cd53b1784bb548d0555e2c225bcf9a7d02cef1b6041a600b62190a,RUN-20260821T114001,2026-08-21T11:40:01.305238+04:00
ITM-617c9e36ad9111f9,eb314189ba2ad9d4d49bc568bc324a67bee98dd02fe54b07b722564a6278310a,OBS-FR-OI-SIMPLE-SOURCING-8,3a5c386500cd53b1784bb548d0555e2c225bcf9a7d02cef1b6041a600b62190a,RUN-20260821T114001,2026-08-21T11:40:01.305238+04:00
ITM-62001f9e3983d410,371a3432989dfa00b2be171780dd54413947c752b41ab30063c22964725223ac,OBS-FR-OI-SIMPLE-SOURCING-8,3a5c386500cd53b1784bb548d0555e2c225bcf9a7d02cef1b6041a600b62190a,RUN-20260821T114001,2026-08-21T11:40:01.305238+04:00
ITM-621ab3d04c1a7786,9917f7b28758848358b9b30ff856375b4402e85e468eb31c7c90be2c3c301533,OBS-FR-OI-SIMPLE-SOURCING-8,3a5c386500cd53b1784bb548d0555e2c225bcf9a7d02cef1b6041a600b62190a,RUN-20260821T114001,2026-08-21T11:40:01.305238+04:00
ITM-6261906376079f45,7c7cdda4635864af77fbf331a97730b11c6539757a415573ac1a0133ca8a7f3d,OBS-FR-OI-SIMPLE-SOURCING-8,3a5c386500cd53b1784bb548d0555e2c225bcf9a7d02cef1b6041a600b62190a,RUN-20260821T114001,2026-08-21T11:40:01.305238+04:00
ITM-628755b3a7846d5c,2be429831732b0dad87c5ebb0727daa5ce2393b18564a87d37efdfa7e34e5cf6,OBS-FR-OI-SIMPLE-SOURCING-8,3a5c386500cd53b1784bb548d0555e2c225bcf9a7d02cef1b6041a600b62190a,RUN-20260821T114001,2026-08-21T11:40:01.305238+04:00
ITM-6303806dfda26cef,d6fe0720aac3a728ac9c4c7e452f0f8c66ac49faaeb965a81ea706bf148f2581,OBS-FR-OI-SIMPLE-SOURCING-8,3a5c386500cd53b1784bb548d0555e2c225bcf9a7d02cef1b6041a600b62190a,RUN-20260821T114001,2026-08-21T11:40:01.305238+04:00
ITM-63098fe3dbf180ac,79ecf976e20bac79a57d4901aeaacfa23f8ab2f0b662bb14f24be5e50eca159e,OBS-FR-OI-SIMPLE-SOURCING-8,3a5c386500cd53b1784bb548d0555e2c225bcf9a7d02cef1b6041a600b62190a,RUN-20260821T114001,2026-08-21T11:40:01.305238+04:00
ITM-637343689cfb8ae6,00d7d9baeeba2902dcec7e38d60b6cf5e0ec10ab5d2715fd3aa42121548995f5,OBS-FR-OI-SIMPLE-SOURCING-8,3a5c386500cd53b1784bb548d0555e2c225bcf9a7d02cef1b6041a600b62190a,RUN-20260821T114001,2026-08-21T11:40:01.305238+04:00
ITM-63e80c535cc0ba3d,260e9e8362d1024d4a8767a4e8bd9f8dfd244fb5f2b38646a26e240d167c41cb,OBS-FR-OI-SIMPLE-SOURCING-8,3a5c386500cd53b1784bb548d0555e2c225bcf9a7d02cef1b6041a600b62190a,RUN-20260821T114001,2026-08-21T11:40:01.305238+04:00
ITM-6434a5e7b1d21b73,aedbddba6967e91db20a322175f6e36b505502fbc5309bc66a7264fc3cbe1aa1,OBS-FR-OI-SIMPLE-SOURCING-8,3a5c386500cd53b1784bb548d0555e2c225bcf9a7d02cef1b6041a600b62190a,RUN-20260821T114001,2026-08-21T11:40:01.305238+04:00
ITM-6443c8aab653e7d2,aad9c4762ec5074c006632d7770fcb235cecf331ec51682e42dc4ce474c243f8,OBS-FR-OI-SIMPLE-SOURCING-8,3a5c386500cd53b1784bb548d0555e2c225bcf9a7d02cef1b6041a600b62190a,RUN-20260821T114001,2026-08-21T11:40:01.305238+04:00
ITM-64485c5121289c6d,b02e76ea549100b6743a70149f5c3bcb5ab88db946b814d3e0b9b7e2a60bfa79,OBS-FR-OI-SIMPLE-SOURCING-8,3a5c386500cd53b1784bb548d0555e2c225bcf9a7d02cef1b6041a600b62190a,RUN-20260821T114001,2026-08-21T11:40:01.305238+04:00
ITM-650997d490245a1e,29202a018f6dc91e167939629a191b352a0ebea17af7ca52fddfff4aebe7e49e,OBS-FR-OI-SIMPLE-SOURCING-8,3a5c386500cd53b1784bb548d0555e2c225bcf9a7d02cef1b6041a600b62190a,RUN-20260821T114001,2026-08-21T11:40:01.305238+04:00
ITM-653edd7cc3538318,325c370b0dfcfbee7f987db346f2af8fde96719d91f2ec33dcc98453f494f139,OBS-FR-OI-SIMPLE-SOURCING-8,3a5c386500cd53b1784bb548d0555e2c225bcf9a7d02cef1b6041a600b62190a,RUN-20260821T114001,2026-08-21T11:40:01.305238+04:00
ITM-6540e15e4bb1089d,c87a34a6050d84d69dfdede17482805547b7e2d45d45e6d683aad9b349b574b7,OBS-FR-OI-SIMPLE-SOURCING-8,3a5c386500cd53b1784bb548d0555e2c225bcf9a7d02cef1b6041a600b62190a,RUN-20260821T114001,2026-08-21T11:40:01.305238+04:00
ITM-658a1c05df63653b,81951a218ea77a725bcba6bad6bd51a92bb8cdb4554d04a3916861cc8619c930,OBS-FR-OI-SIMPLE-SOURCING-8,3a5c386500cd53b1784bb548d0555e2c225bcf9a7d02cef1b6041a600b62190a,RUN-20260821T114001,2026-08-21T11:40:01.305238+04:00
ITM-65ce0dab605eb5e8,ddd6208360b848bdda5d24cd15ef0b9b34ed6a42629f2d31395737284aef7fb5,OBS-FR-OI-SIMPLE-SOURCING-8,3a5c386500cd53b1784bb548d0555e2c225bcf9a7d02cef1b6041a600b62190a,RUN-20260821T114001,2026-08-21T11:40:01.305238+04:00
ITM-65e543f390e5b3b5,50a8b7427df850f809a5ba92dfebfa3a4481aeb7317df35606cfd0c998c37a34,OBS-FR-OI-SIMPLE-SOURCING-8,3a5c386500cd53b1784bb548d0555e2c225bcf9a7d02cef1b6041a600b62190a,RUN-20260821T114001,2026-08-21T11:40:01.305238+04:00
ITM-65f350809a5a3828,34efcb7f78ee0b5607d76ffdf0c71b1ae89d022a28ffcc9c231048ded32081c4,OBS-FR-OI-SIMPLE-SOURCING-8,3a5c386500cd53b1784bb548d0555e2c225bcf9a7d02cef1b6041a600b62190a,RUN-20260821T114001,2026-08-21T11:40:01.305238+04:00
ITM-65fc228311f0ac68,22dcc536b6e154e0f6bc29e8f738b5bb8100569d59130776fbbc114996a127e7,OBS-FR-OI-SIMPLE-SOURCING-8,3a5c386500cd53b1784bb548d0555e2c225bcf9a7d02cef1b6041a600b62190a,RUN-20260821T114001,2026-08-21T11:40:01.305238+04:00
ITM-661df1461c218991,d4897f82a032e1e53b501f0b356ea03546d801d7fadecd154f75f24b65da074d,OBS-FR-OI-SIMPLE-SOURCING-8,3a5c386500cd53b1784bb548d0555e2c225bcf9a7d02cef1b6041a600b62190a,RUN-20260821T114001,2026-08-21T11:40:01.305238+04:00
ITM-66285aa24e7daecb,ea01cf2ad954a857b1affe106c107ec9c9b2e60e967d0d4b6380a85dfee88e4d,OBS-FR-OI-SIMPLE-SOURCING-8,3a5c386500cd53b1784bb548d0555e2c225bcf9a7d02cef1b6041a600b62190a,RUN-20260821T114001,2026-08-21T11:40:01.305238+04:00
ITM-66bf0cf28479575f,5a34826336dc6f8619dff705a10dc5bda9b4c358e0550f141732a8b760f08429,OBS-FR-OI-SIMPLE-SOURCING-8,3a5c386500cd53b1784bb548d0555e2c225bcf9a7d02cef1b6041a600b62190a,RUN-20260821T114001,2026-08-21T11:40:01.305238+04:00
ITM-670c735118df98c4,ba44e63d004adeaafd5d0dcb7fd5758707b08a2bdbe8eec304b25fec7578fb02,OBS-FR-OI-SIMPLE-SOURCING-8,3a5c386500cd53b1784bb548d0555e2c225bcf9a7d02cef1b6041a600b62190a,RUN-20260821T114001,2026-08-21T11:40:01.305238+04:00
ITM-673d112781447f3b,d21b6ddfc5f36dd2c28b622a8e75881412c5c2b23a601774dc683125366a1e9e,OBS-FR-OI-SIMPLE-SOURCING-8,3a5c386500cd53b1784bb548d0555e2c225bcf9a7d02cef1b6041a600b62190a,RUN-20260821T114001,2026-08-21T11:40:01.305238+04:00
ITM-678f490b7e3fa135,b53ddb3b751c05107f6320bef284ef38073b7dc1a74cba844d70163a8b96aca9,OBS-FR-OI-SIMPLE-SOURCING-8,3a5c386500cd53b1784bb548d0555e2c225bcf9a7d02cef1b6041a600b62190a,RUN-20260821T114001,2026-08-21T11:40:01.305238+04:00
ITM-67c04c6b5d60a618,56d6b9c1a350a3f26f12a41c647b7dcac27d18f2cf857b37baf42b5a057230af,OBS-FR-OI-SIMPLE-SOURCING-8,3a5c386500cd53b1784bb548d0555e2c225bcf9a7d02cef1b6041a600b62190a,RUN-20260821T114001,2026-08-21T11:40:01.305238+04:00
ITM-67c0c759836a906c,8b2b02dd83374b6bb28651f940030a0d0c752e8060e61eb0685afa195ad24a13,OBS-FR-OI-SIMPLE-SOURCING-8,3a5c386500cd53b1784bb548d0555e2c225bcf9a7d02cef1b6041a600b62190a,RUN-20260821T114001,2026-08-21T11:40:01.305238+04:00
ITM-680463799d591869,78ec18a08163e3f06e5fa7d10fbf9a0fbade34a24fa33274a6dc2da16d92e857,OBS-FR-OI-SIMPLE-SOURCING-8,3a5c386500cd53b1784bb548d0555e2c225bcf9a7d02cef1b6041a600b62190a,RUN-20260821T114001,2026-08-21T11:40:01.305238+04:00
ITM-683227387ea6357c,7f4b83815addc737f0192c2045b136f7f7ca6f8803fa37cd216770666c7cfdc6,OBS-FR-OI-SIMPLE-SOURCING-8,3a5c386500cd53b1784bb548d0555e2c225bcf9a7d02cef1b6041a600b62190a,RUN-20260821T114001,2026-08-21T11:40:01.305238+04:00
ITM-684738bbbed34293,a1edcd249c4ddc6a10d97dc73ecd8af90122706ac349f9bb447dc3143ffd50d1,OBS-FR-OI-SIMPLE-SOURCING-8,3a5c386500cd53b1784bb548d0555e2c225bcf9a7d02cef1b6041a600b62190a,RUN-20260821T114001,2026-08-21T11:40:01.305238+04:00
ITM-68ac2f6a3f12d775,8e3c9450633442279c396502083419c33b7a08af5cfeef48522adb28042f1254,OBS-FR-OI-SIMPLE-SOURCING-8,3a5c386500cd53b1784bb548d0555e2c225bcf9a7d02cef1b6041a600b62190a,RUN-20260821T114001,2026-08-21T11:40:01.305238+04:00
ITM-6956e8db07f07944,7988e1fc2f2b4aba1065a3d6b391e098127367b9d946ee9b02a43f2251c99134,OBS-FR-OI-SIMPLE-SOURCING-8,3a5c386500cd53b1784bb548d0555e2c225bcf9a7d02cef1b6041a600b62190a,RUN-20260821T114001,2026-08-21T11:40:01.305238+04:00
ITM-69af84c23a50cee3,5f0c59d1f4d782782ae8c556d4aa86f96c652974cda45962ddf9e0067944ede8,OBS-FR-OI-SIMPLE-SOURCING-8,3a5c386500cd53b1784bb548d0555e2c225bcf9a7d02cef1b6041a600b62190a,RUN-20260821T114001,2026-08-21T11:40:01.305238+04:00
ITM-69bb07edea4d4585,4b4e1fe876b6662b78574b7164182c2d5200ef738c7532ed61adda9ba15f9bca,OBS-FR-OI-SIMPLE-SOURCING-8,3a5c386500cd53b1784bb548d0555e2c225bcf9a7d02cef1b6041a600b62190a,RUN-20260821T114001,2026-08-21T11:40:01.305238+04:00
ITM-6a8c316d3b798998,d2231f11a62d7009b9f6c33e6140a43a664158f1293af1ed63086d870fe42a4c,OBS-FR-OI-SIMPLE-SOURCING-8,3a5c386500cd53b1784bb548d0555e2c225bcf9a7d02cef1b6041a600b62190a,RUN-20260821T114001,2026-08-21T11:40:01.305238+04:00
ITM-6ae1ae71bd4ae564,8dfbbabc27f2995ffa7c138de09d0af7f579ce106364ac15fb276cbb87917c96,OBS-FR-OI-SIMPLE-SOURCING-8,3a5c386500cd53b1784bb548d0555e2c225bcf9a7d02cef1b6041a600b62190a,RUN-20260821T114001,2026-08-21T11:40:01.305238+04:00
ITM-6b6b114355b4e382,49c00358d9b361acc4285392c34cac07ce6ae24996cd928a046684d173a5d05b,OBS-FR-OI-SIMPLE-SOURCING-8,3a5c386500cd53b1784bb548d0555e2c225bcf9a7d02cef1b6041a600b62190a,RUN-20260821T114001,2026-08-21T11:40:01.305238+04:00
ITM-6bc58685cc74eb76,75c554b675c2f0aa759aecf914882bdb83bce46c703a35f1964c171dd3e2f1cd,OBS-FR-OI-SIMPLE-SOURCING-8,3a5c386500cd53b1784bb548d0555e2c225bcf9a7d02cef1b6041a600b62190a,RUN-20260821T114001,2026-08-21T11:40:01.305238+04:00
ITM-6bfa36e2b7739b94,ad768d6d72ebfd81b5f112eb7552d73438d949c5f671b57260d7029531083350,OBS-FR-OI-SIMPLE-SOURCING-8,3a5c386500cd53b1784bb548d0555e2c225bcf9a7d02cef1b6041a600b62190a,RUN-20260821T114001,2026-08-21T11:40:01.305238+04:00
ITM-6c40605f8540852c,e6de36501fce8b51f98a509678069414d21cb14312879e02ee769badc037a386,OBS-FR-OI-SIMPLE-SOURCING-8,3a5c386500cd53b1784bb548d0555e2c225bcf9a7d02cef1b6041a600b62190a,RUN-20260821T114001,2026-08-21T11:40:01.305238+04:00
ITM-6c7f2c9c13a2413c,a44236437d455dce0fd8e3552a84ecb7f34f8919a714534b9f7e78b92556fdbb,OBS-FR-OI-SIMPLE-SOURCING-8,3a5c386500cd53b1784bb548d0555e2c225bcf9a7d02cef1b6041a600b62190a,RUN-20260821T114001,2026-08-21T11:40:01.305238+04:00
ITM-6cd906cccf4e1d39,85f99b9679ef2e79464abe443e8a5f6ba1a064ff7887db76634bfcd84dc0b1f2,OBS-FR-OI-SIMPLE-SOURCING-8,3a5c386500cd53b1784bb548d0555e2c225bcf9a7d02cef1b6041a600b62190a,RUN-20260821T114001,2026-08-21T11:40:01.305238+04:00
ITM-6d575af765841054,7530f43f73736e6d7dcf0289461eff2b859b0e7aa403edf46089760236a88d49,OBS-FR-OI-SIMPLE-SOURCING-8,3a5c386500cd53b1784bb548d0555e2c225bcf9a7d02cef1b6041a600b62190a,RUN-20260821T114001,2026-08-21T11:40:01.305238+04:00
ITM-6dc9846b78e49a70,e72e9d594f6c9b2c2be198f03fb6d6e7050dcf550790b791343db5c97ee3bd60,OBS-FR-OI-SIMPLE-SOURCING-8,3a5c386500cd53b1784bb548d0555e2c225bcf9a7d02cef1b6041a600b62190a,RUN-20260821T114001,2026-08-21T11:40:01.305238+04:00
ITM-6e3243743693785c,624d41137af8d0079a41b2b5b37f4526ad8f25652f68fcdb1dd3b9a828171ebc,OBS-FR-OI-SIMPLE-SOURCING-8,3a5c386500cd53b1784bb548d0555e2c225bcf9a7d02cef1b6041a600b62190a,RUN-20260821T114001,2026-08-21T11:40:01.305238+04:00
ITM-6e76853753006061,e4713cf0cf106bd681c91adb3f67a9aa893b67e6fbd6e07a9b336398dcedad6c,OBS-FR-OI-SIMPLE-SOURCING-8,3a5c386500cd53b1784bb548d0555e2c225bcf9a7d02cef1b6041a600b62190a,RUN-20260821T114001,2026-08-21T11:40:01.305238+04:00
ITM-6f803c07a32519a9,3d526a719c3b0df5b43d25f7c14a8357b8b1636cfc87508e336588d57d9e9455,OBS-FR-OI-SIMPLE-SOURCING-8,3a5c386500cd53b1784bb548d0555e2c225bcf9a7d02cef1b6041a600b62190a,RUN-20260821T114001,2026-08-21T11:40:01.305238+04:00
ITM-7053e5e8c0fbb1a7,37d2f0d52740138f873178270b810db7f2fe4f46f43a7f5d39b3b276b5c92912,OBS-FR-OI-SIMPLE-SOURCING-8,3a5c386500cd53b1784bb548d0555e2c225bcf9a7d02cef1b6041a600b62190a,RUN-20260821T114001,2026-08-21T11:40:01.305238+04:00
ITM-70543a64df50de81,0c109b72baddf25847403b67b639d4717492ea3425d4882156b22c42d915f7e5,OBS-FR-OI-SIMPLE-SOURCING-8,3a5c386500cd53b1784bb548d0555e2c225bcf9a7d02cef1b6041a600b62190a,RUN-20260821T114001,2026-08-21T11:40:01.305238+04:00
ITM-705dad067669f909,5372877e1fce60d21fe533596f5bfa99e1a6dae3a30f5b91b2aa5ebdeb2be469,OBS-FR-OI-SIMPLE-SOURCING-8,3a5c386500cd53b1784bb548d0555e2c225bcf9a7d02cef1b6041a600b62190a,RUN-20260821T114001,2026-08-21T11:40:01.305238+04:00
ITM-706944f425da80e8,3139f36be288a9ae929a5002f5e9ca0e4a8ac5577064b60eb1425b47b44ab56f,OBS-FR-OI-SIMPLE-SOURCING-8,3a5c386500cd53b1784bb548d0555e2c225bcf9a7d02cef1b6041a600b62190a,RUN-20260821T114001,2026-08-21T11:40:01.305238+04:00
ITM-70a383630c21a266,883315033d6035ae573597086d48b6336540b5c0729ff152eff7fd793f45dbfa,OBS-FR-OI-SIMPLE-SOURCING-8,3a5c386500cd53b1784bb548d0555e2c225bcf9a7d02cef1b6041a600b62190a,RUN-20260821T114001,2026-08-21T11:40:01.305238+04:00
ITM-70d251534d26af50,a22065d3261004783c7934b3b1fee221705b42008742f57eebea6d3bcd49a9d1,OBS-FR-OI-SIMPLE-SOURCING-8,3a5c386500cd53b1784bb548d0555e2c225bcf9a7d02cef1b6041a600b62190a,RUN-20260821T114001,2026-08-21T11:40:01.305238+04:00
ITM-71664af3c267eb3d,4c8b671d6efc62402253709ed4c735b540505f5509947eb088f0c02e60bc5eba,OBS-FR-OI-SIMPLE-SOURCING-8,3a5c386500cd53b1784bb548d0555e2c225bcf9a7d02cef1b6041a600b62190a,RUN-20260821T114001,2026-08-21T11:40:01.305238+04:00
ITM-719727fac88493c1,4a4628301317217f7519703f92d6aa39b1a8d0fda53f6f302ca4b83030ce321c,OBS-FR-OI-SIMPLE-SOURCING-8,3a5c386500cd53b1784bb548d0555e2c225bcf9a7d02cef1b6041a600b62190a,RUN-20260821T114001,2026-08-21T11:40:01.305238+04:00
ITM-719c70712ed574e8,a4b10368d89ea115246cac87576cbe5c919fa5b57cdaaca96bbb1de8bc06e7ae,OBS-FR-OI-SIMPLE-SOURCING-8,3a5c386500cd53b1784bb548d0555e2c225bcf9a7d02cef1b6041a600b62190a,RUN-20260821T114001,2026-08-21T11:40:01.305238+04:00
ITM-71a62b32365c1652,92cae333afee59b9703511fd880e0cc0f30671c878776b66cee3470bff4cefbf,OBS-FR-OI-SIMPLE-SOURCING-8,3a5c386500cd53b1784bb548d0555e2c225bcf9a7d02cef1b6041a600b62190a,RUN-20260821T114001,2026-08-21T11:40:01.305238+04:00
ITM-71e8bf8985fa65c1,e5dc89f38fbecb770d069dea65f4986b84162ea7a811df14c622e823cb73c444,OBS-FR-OI-SIMPLE-SOURCING-8,3a5c386500cd53b1784bb548d0555e2c225bcf9a7d02cef1b6041a600b62190a,RUN-20260821T114001,2026-08-21T11:40:01.305238+04:00
ITM-72079a8da8425a21,0ea82a0ad98752c097c1d4e4b528ea3c9cccade2b5837dc7a7f81fb94e184d5c,OBS-FR-OI-SIMPLE-SOURCING-8,3a5c386500cd53b1784bb548d0555e2c225bcf9a7d02cef1b6041a600b62190a,RUN-20260821T114001,2026-08-21T11:40:01.305238+04:00
ITM-7224d9b57b64273c,3b0ee31bd10cd85f775223c5bb0e0d60e10e61661dea5d48214641eafe3715ad,OBS-FR-OI-SIMPLE-SOURCING-8,3a5c386500cd53b1784bb548d0555e2c225bcf9a7d02cef1b6041a600b62190a,RUN-20260821T114001,2026-08-21T11:40:01.305238+04:00
ITM-72672d945d4ed973,6d234eadc06d941d6d13c262718e8f36d4a5b0f259cbcca8077f6568ef7142dc,OBS-FR-OI-SIMPLE-SOURCING-8,3a5c386500cd53b1784bb548d0555e2c225bcf9a7d02cef1b6041a600b62190a,RUN-20260821T114001,2026-08-21T11:40:01.305238+04:00
ITM-728468c245751d1f,f4a6baac8549381e7e7fe94a11d0134618c83d26aa22c415d6b4eb08ab28fa7c,OBS-FR-OI-SIMPLE-SOURCING-8,3a5c386500cd53b1784bb548d0555e2c225bcf9a7d02cef1b6041a600b62190a,RUN-20260821T114001,2026-08-21T11:40:01.305238+04:00
ITM-72b2101fc9791988,c329fb74676efa2a1ca462384c2bf61994c588eb8552aa0fed58ddb87fe4ab39,OBS-FR-OI-SIMPLE-SOURCING-8,3a5c386500cd53b1784bb548d0555e2c225bcf9a7d02cef1b6041a600b62190a,RUN-20260821T114001,2026-08-21T11:40:01.305238+04:00
ITM-731439817b4fe753,8c960f006cb9cd401ff5083d8283de8d6c17bc590e0e969bee7831a11df3ae78,OBS-FR-OI-SIMPLE-SOURCING-8,3a5c386500cd53b1784bb548d0555e2c225bcf9a7d02cef1b6041a600b62190a,RUN-20260821T114001,2026-08-21T11:40:01.305238+04:00
ITM-737920915fbb19df,41e932f75604082c207e3b1fa6337cedf7b16aa0c79815e9fc067dce13e217c1,OBS-FR-OI-SIMPLE-SOURCING-8,3a5c386500cd53b1784bb548d0555e2c225bcf9a7d02cef1b6041a600b62190a,RUN-20260821T114001,2026-08-21T11:40:01.305238+04:00
ITM-73a822a3b6314f09,92c81a34b12689d73ccb3a851f3c8b49c54250475df2db459a0efe4dc09ef6d9,OBS-FR-OI-SIMPLE-SOURCING-8,3a5c386500cd53b1784bb548d0555e2c225bcf9a7d02cef1b6041a600b62190a,RUN-20260821T114001,2026-08-21T11:40:01.305238+04:00
ITM-73a830fda37fc8dc,7e797bc3eb554d196927db2b28cc796d4daa0f4df17f450121bbda8913ac314b,OBS-FR-OI-SIMPLE-SOURCING-8,3a5c386500cd53b1784bb548d0555e2c225bcf9a7d02cef1b6041a600b62190a,RUN-20260821T114001,2026-08-21T11:40:01.305238+04:00
ITM-747e8d9b1c8dac45,1c1aa23985cd08b28f0f5c79152f06e21d97fb8fb1af6f3046b135f3950b7129,OBS-FR-OI-SIMPLE-SOURCING-8,3a5c386500cd53b1784bb548d0555e2c225bcf9a7d02cef1b6041a600b62190a,RUN-20260821T114001,2026-08-21T11:40:01.305238+04:00
ITM-74e55b7d0e556eff,bf938ee89a3d128124e82f78d492d57f2dba036e87a0a7aff1595f619cd5be22,OBS-FR-OI-SIMPLE-SOURCING-8,3a5c386500cd53b1784bb548d0555e2c225bcf9a7d02cef1b6041a600b62190a,RUN-20260821T114001,2026-08-21T11:40:01.305238+04:00
ITM-762c11acce8e01cf,f953249d909b245bc1757ca683405284d64f95a6c2cef8d00162c164547f5481,OBS-FR-OI-SIMPLE-SOURCING-8,3a5c386500cd53b1784bb548d0555e2c225bcf9a7d02cef1b6041a600b62190a,RUN-20260821T114001,2026-08-21T11:40:01.305238+04:00
ITM-764290f2f70f1276,6bec96b634f968585a917ffaaba26b55cf097f239dd7f359c814b6db6a38507f,OBS-FR-OI-SIMPLE-SOURCING-8,3a5c386500cd53b1784bb548d0555e2c225bcf9a7d02cef1b6041a600b62190a,RUN-20260821T114001,2026-08-21T11:40:01.305238+04:00
ITM-7671767ff22c2342,116f911be7c517edb8448dd27442820816cfbb01a9e87270afdbdf92e6b4f261,OBS-FR-OI-SIMPLE-SOURCING-8,3a5c386500cd53b1784bb548d0555e2c225bcf9a7d02cef1b6041a600b62190a,RUN-20260821T114001,2026-08-21T11:40:01.305238+04:00
ITM-7698717fa16655cf,da9cab18b97d4dd573a671abf891857c1c3fb5c18b67e6ad92026ff73832de4d,OBS-FR-OI-SIMPLE-SOURCING-8,3a5c386500cd53b1784bb548d0555e2c225bcf9a7d02cef1b6041a600b62190a,RUN-20260821T114001,2026-08-21T11:40:01.305238+04:00
ITM-76a4c07de4838701,08d38c119f44c740a1455443e0e2e90ab6797f0d3e04507f4c354f8b3b72831d,OBS-FR-OI-SIMPLE-SOURCING-8,3a5c386500cd53b1784bb548d0555e2c225bcf9a7d02cef1b6041a600b62190a,RUN-20260821T114001,2026-08-21T11:40:01.305238+04:00
ITM-76d52fcd842492d5,cd1b15cdc2bb74f47ba2c892a2d53b356db65ba3e8a6b745ef816c3f8f39ec8b,OBS-FR-OI-SIMPLE-SOURCING-8,3a5c386500cd53b1784bb548d0555e2c225bcf9a7d02cef1b6041a600b62190a,RUN-20260821T114001,2026-08-21T11:40:01.305238+04:00
ITM-77d99da3eb7846e3,4a3cb83475d7e2c748c9dac2bf5165f25bb2b8cf4a1aeb5e63508300c0bf4e68,OBS-FR-OI-SIMPLE-SOURCING-8,3a5c386500cd53b1784bb548d0555e2c225bcf9a7d02cef1b6041a600b62190a,RUN-20260821T114001,2026-08-21T11:40:01.305238+04:00
ITM-780254ccd9565bfa,52c128048cf66d801f1d0404eee5376cc3d22e643fd3b1d9cd38dec9b709ec7b,OBS-FR-OI-SIMPLE-SOURCING-8,3a5c386500cd53b1784bb548d0555e2c225bcf9a7d02cef1b6041a600b62190a,RUN-20260821T114001,2026-08-21T11:40:01.305238+04:00
ITM-783dfbd911a6ea5d,4b77f8c05e2d59d030a17a807d3f5948648a5e7bf88dbe8cf1b934c5fa05a974,OBS-FR-OI-SIMPLE-SOURCING-8,3a5c386500cd53b1784bb548d0555e2c225bcf9a7d02cef1b6041a600b62190a,RUN-20260821T114001,2026-08-21T11:40:01.305238+04:00
ITM-78511140c3e0d931,dd8016955ebdb21b430a37a618646f09ca4982a28272bb4ef7bed1ea0406ca6a,OBS-FR-OI-SIMPLE-SOURCING-8,3a5c386500cd53b1784bb548d0555e2c225bcf9a7d02cef1b6041a600b62190a,RUN-20260821T114001,2026-08-21T11:40:01.305238+04:00
ITM-7902d7c7ba499791,3eb9f1a891fa715b3a18381f001c85b5b03f186f32232d8503375754c5351fe9,OBS-FR-OI-SIMPLE-SOURCING-8,3a5c386500cd53b1784bb548d0555e2c225bcf9a7d02cef1b6041a600b62190a,RUN-20260821T114001,2026-08-21T11:40:01.305238+04:00
ITM-79443a3771add68b,3fbfddcd6111df49b3f5965cc655f90b042e4d579dc3798ef8e5a44863a4be5e,OBS-FR-OI-SIMPLE-SOURCING-8,3a5c386500cd53b1784bb548d0555e2c225bcf9a7d02cef1b6041a600b62190a,RUN-20260821T114001,2026-08-21T11:40:01.305238+04:00
ITM-79580a52d536f918,81f2a3571ac8adb5ebc6038196cc821df674cb2d5616a05bf88ef5deebff8fb3,OBS-FR-OI-SIMPLE-SOURCING-8,3a5c386500cd53b1784bb548d0555e2c225bcf9a7d02cef1b6041a600b62190a,RUN-20260821T114001,2026-08-21T11:40:01.305238+04:00
ITM-79b4708568399367,467b45e311ae7c9860dea5f52b9e1828a9ea79078ef904fa108c049cfb69ec6d,OBS-FR-OI-SIMPLE-SOURCING-8,3a5c386500cd53b1784bb548d0555e2c225bcf9a7d02cef1b6041a600b62190a,RUN-20260821T114001,2026-08-21T11:40:01.305238+04:00
ITM-79be8c6752bdc475,071164bf1f8da361e7897a4ca0268781c45985d9959b9994367e64fb68890521,OBS-FR-OI-SIMPLE-SOURCING-8,3a5c386500cd53b1784bb548d0555e2c225bcf9a7d02cef1b6041a600b62190a,RUN-20260821T114001,2026-08-21T11:40:01.305238+04:00
ITM-79d6014bde53dcf9,81a2c0433dc70ebadc3f0c954f3eaeb8e88c38447a6ab93f7b2d538b87c676ca,OBS-FR-OI-SIMPLE-SOURCING-8,3a5c386500cd53b1784bb548d0555e2c225bcf9a7d02cef1b6041a600b62190a,RUN-20260821T114001,2026-08-21T11:40:01.305238+04:00
ITM-79e960ea98038f0d,f0c7ca8ac545ee7867ba4c770648752d3cee5fcd14aea2a968a00c6266b28380,OBS-FR-OI-SIMPLE-SOURCING-8,3a5c386500cd53b1784bb548d0555e2c225bcf9a7d02cef1b6041a600b62190a,RUN-20260821T114001,2026-08-21T11:40:01.305238+04:00
ITM-79ebb35641de2339,7f3f4bcca2bc06fc7fed0cf3c05440514bb8a5048dab99742d3ed1561147e7d2,OBS-FR-OI-SIMPLE-SOURCING-8,3a5c386500cd53b1784bb548d0555e2c225bcf9a7d02cef1b6041a600b62190a,RUN-20260821T114001,2026-08-21T11:40:01.305238+04:00
ITM-79ff395b4b5864a4,9c39febc38ff56215b8de0c4f7d55af41d09790470c4ea7fc8b4a9f51b20f658,OBS-FR-OI-SIMPLE-SOURCING-8,3a5c386500cd53b1784bb548d0555e2c225bcf9a7d02cef1b6041a600b62190a,RUN-20260821T114001,2026-08-21T11:40:01.305238+04:00
ITM-7aab2c2ee9bc6b49,b265b982ea544cc521bb03e4f1ca14ef2a300f1ba9f58d2fd7f695977fa2979f,OBS-FR-OI-SIMPLE-SOURCING-8,3a5c386500cd53b1784bb548d0555e2c225bcf9a7d02cef1b6041a600b62190a,RUN-20260821T114001,2026-08-21T11:40:01.305238+04:00
ITM-7abef61056c1dc74,5745cb97c1e2a84d928b987be83d152a921b61aff3e39198abc994536a01d905,OBS-FR-OI-SIMPLE-SOURCING-8,3a5c386500cd53b1784bb548d0555e2c225bcf9a7d02cef1b6041a600b62190a,RUN-20260821T114001,2026-08-21T11:40:01.305238+04:00
ITM-7b2d0395d0266dbe,90d5ab5c9dd840877a27b92bf63d7483a25508e8946406087db3b4e6b4ed025e,OBS-FR-OI-SIMPLE-SOURCING-8,3a5c386500cd53b1784bb548d0555e2c225bcf9a7d02cef1b6041a600b62190a,RUN-20260821T114001,2026-08-21T11:40:01.305238+04:00
ITM-7b44e271fa72b3fc,4d5f5ea24dc9dd7e6bfd83a85618477c81eac007c931eae7830103ce1880efbd,OBS-FR-OI-SIMPLE-SOURCING-8,3a5c386500cd53b1784bb548d0555e2c225bcf9a7d02cef1b6041a600b62190a,RUN-20260821T114001,2026-08-21T11:40:01.305238+04:00
ITM-7b4652f77219dd98,084dd47b82df72d017e95eee5d0af64038919a480caeee537c5df22c1f1ce487,OBS-FR-OI-SIMPLE-SOURCING-8,3a5c386500cd53b1784bb548d0555e2c225bcf9a7d02cef1b6041a600b62190a,RUN-20260821T114001,2026-08-21T11:40:01.305238+04:00
ITM-7b6a330a123ae6d0,b28ec2b1db36c973dc16f106a7b2ac04f3f69b36b86c5e17cd2bf2a6dc12c760,OBS-FR-OI-SIMPLE-SOURCING-8,3a5c386500cd53b1784bb548d0555e2c225bcf9a7d02cef1b6041a600b62190a,RUN-20260821T114001,2026-08-21T11:40:01.305238+04:00
ITM-7b9bd6dd625d25a9,9a2ca180b88ce6afc38c9cf3a10f0f76e2e5f822a5759f08851da7a577bee56d,OBS-FR-OI-SIMPLE-SOURCING-8,3a5c386500cd53b1784bb548d0555e2c225bcf9a7d02cef1b6041a600b62190a,RUN-20260821T114001,2026-08-21T11:40:01.305238+04:00
ITM-7bc62b4065396782,6b5e0e07d89df744b5c87dda6d745b5cab8fa34f8fd1404c43ccf2e92d2ae90e,OBS-FR-OI-SIMPLE-SOURCING-8,3a5c386500cd53b1784bb548d0555e2c225bcf9a7d02cef1b6041a600b62190a,RUN-20260821T114001,2026-08-21T11:40:01.305238+04:00
ITM-7c6ff69b57b9f2e8,f7834a1cb016f00dffe2f02c2b033d02541e057b4c2083e86267448651875186,OBS-FR-OI-SIMPLE-SOURCING-8,3a5c386500cd53b1784bb548d0555e2c225bcf9a7d02cef1b6041a600b62190a,RUN-20260821T114001,2026-08-21T11:40:01.305238+04:00
ITM-7cd9766a15c98805,129748afceec238e63da0d4596e8ab1f7123e07f4a65c2dc37b1a3da92bf54b9,OBS-FR-OI-SIMPLE-SOURCING-8,3a5c386500cd53b1784bb548d0555e2c225bcf9a7d02cef1b6041a600b62190a,RUN-20260821T114001,2026-08-21T11:40:01.305238+04:00
ITM-7cffcc1c4dabc835,df1d5fa476a750774e3228c1a1b65fa4be1407cb8a1118903a91bd12bf77806b,OBS-FR-OI-SIMPLE-SOURCING-8,3a5c386500cd53b1784bb548d0555e2c225bcf9a7d02cef1b6041a600b62190a,RUN-20260821T114001,2026-08-21T11:40:01.305238+04:00
ITM-7d300de6f2b501d4,8af597025a9dd2fd05c78b776a30e95c73a67c1681a90a28029b52f485028c1f,OBS-FR-OI-SIMPLE-SOURCING-8,3a5c386500cd53b1784bb548d0555e2c225bcf9a7d02cef1b6041a600b62190a,RUN-20260821T114001,2026-08-21T11:40:01.305238+04:00
ITM-7d3ea37810917080,e0f6b079b2c052f98a99313cff333c2df2a42fba2395a32e0a9c85a140ca0fb8,OBS-FR-OI-SIMPLE-SOURCING-8,3a5c386500cd53b1784bb548d0555e2c225bcf9a7d02cef1b6041a600b62190a,RUN-20260821T114001,2026-08-21T11:40:01.305238+04:00
ITM-7dd1f0e4d1e8c057,c16b8dcd4e86f4ce576825f46e69f4613e2e136d60021ac866d6f5952feadb66,OBS-FR-OI-SIMPLE-SOURCING-8,3a5c386500cd53b1784bb548d0555e2c225bcf9a7d02cef1b6041a600b62190a,RUN-20260821T114001,2026-08-21T11:40:01.305238+04:00
ITM-7ddb7ad99d50b44e,3e18c80bb16c0f0267e6c1a9eb6dbb79efec0fe28f7567f7a5c5c38bb2c0f659,OBS-FR-OI-SIMPLE-SOURCING-8,3a5c386500cd53b1784bb548d0555e2c225bcf9a7d02cef1b6041a600b62190a,RUN-20260821T114001,2026-08-21T11:40:01.305238+04:00
ITM-7e18bbecb36b2a39,29ba7ae5cfa9301fba9232261956a4941b8f6a6cba5390a3b9fc3a4a6504510b,OBS-FR-OI-SIMPLE-SOURCING-8,3a5c386500cd53b1784bb548d0555e2c225bcf9a7d02cef1b6041a600b62190a,RUN-20260821T114001,2026-08-21T11:40:01.305238+04:00
ITM-7e239857c1866b2f,6635f1825df5a7b383a8dc47eda25b804f4beeccb81261c076c3a89565172eb2,OBS-FR-OI-SIMPLE-SOURCING-8,3a5c386500cd53b1784bb548d0555e2c225bcf9a7d02cef1b6041a600b62190a,RUN-20260821T114001,2026-08-21T11:40:01.305238+04:00
ITM-7e79e18fad39d1f3,206c58e47f0bf621ffac28c7c3da6844ff8b83efaf21b5d3047c6c31719a2541,OBS-FR-OI-SIMPLE-SOURCING-8,3a5c386500cd53b1784bb548d0555e2c225bcf9a7d02cef1b6041a600b62190a,RUN-20260821T114001,2026-08-21T11:40:01.305238+04:00
ITM-7e83aee578513585,a9eeabf9f0e5fb00c3f02270ff9daff91c307d4c4cc640e8a234d790e356d236,OBS-FR-OI-SIMPLE-SOURCING-8,3a5c386500cd53b1784bb548d0555e2c225bcf9a7d02cef1b6041a600b62190a,RUN-20260821T114001,2026-08-21T11:40:01.305238+04:00
ITM-7eb270a7dc3ede4a,a1a70acc0cc8df917d93bf0cded6c19caab729775b1a36c914694ebbaa42850d,OBS-FR-OI-SIMPLE-SOURCING-8,3a5c386500cd53b1784bb548d0555e2c225bcf9a7d02cef1b6041a600b62190a,RUN-20260821T114001,2026-08-21T11:40:01.305238+04:00
ITM-7f146f99ee4e4fa1,3524619932706619a2b329a5b477f41945138adcb85167a997074e018a273475,OBS-FR-OI-SIMPLE-SOURCING-8,3a5c386500cd53b1784bb548d0555e2c225bcf9a7d02cef1b6041a600b62190a,RUN-20260821T114001,2026-08-21T11:40:01.305238+04:00
ITM-7f47d1b3c6ff01f6,0a1e4d9469cec90af0222de6e9eb07153fd2283a8a2fb12b499ef90011df2ceb,OBS-FR-OI-SIMPLE-SOURCING-8,3a5c386500cd53b1784bb548d0555e2c225bcf9a7d02cef1b6041a600b62190a,RUN-20260821T114001,2026-08-21T11:40:01.305238+04:00
ITM-7f532dfa32a07e54,ed699133c1b2ede89091a8c4c3e7e7d2a12a65c2ee6fb9855115ccb8d99f7ef4,OBS-FR-OI-SIMPLE-SOURCING-8,3a5c386500cd53b1784bb548d0555e2c225bcf9a7d02cef1b6041a600b62190a,RUN-20260821T114001,2026-08-21T11:40:01.305238+04:00
ITM-7fb2d95bc3dfb5dc,3c1af618d6630cffebf53f3e98d80b84e84ae649d3f7067287b9de123cfc7769,OBS-FR-OI-SIMPLE-SOURCING-8,3a5c386500cd53b1784bb548d0555e2c225bcf9a7d02cef1b6041a600b62190a,RUN-20260821T114001,2026-08-21T11:40:01.305238+04:00
ITM-7ff564a8b1e8a571,1d998d4873d1fa8f8e71156178d7490e6f59b76dd2f519eb56347516d7df0b49,OBS-FR-OI-SIMPLE-SOURCING-8,3a5c386500cd53b1784bb548d0555e2c225bcf9a7d02cef1b6041a600b62190a,RUN-20260821T114001,2026-08-21T11:40:01.305238+04:00
ITM-8005bd30ea3951cd,ceb4f17b202485afa4b8ed8033f71765fe3fc031e511382b2dcb11d667e3069e,OBS-FR-OI-SIMPLE-SOURCING-8,3a5c386500cd53b1784bb548d0555e2c225bcf9a7d02cef1b6041a600b62190a,RUN-20260821T114001,2026-08-21T11:40:01.305238+04:00
ITM-80375e093b23aa4f,71747709a579719d63c7ba9da27045cffab56350985fb7b045abee8c4267253d,OBS-FR-OI-SIMPLE-SOURCING-8,3a5c386500cd53b1784bb548d0555e2c225bcf9a7d02cef1b6041a600b62190a,RUN-20260821T114001,2026-08-21T11:40:01.305238+04:00
ITM-803dbab7e2fdcb4d,471f63a32bccc70d1c4523cf372bdea7900461383a0eab8092fb4a8445cb6dcf,OBS-FR-OI-SIMPLE-SOURCING-8,3a5c386500cd53b1784bb548d0555e2c225bcf9a7d02cef1b6041a600b62190a,RUN-20260821T114001,2026-08-21T11:40:01.305238+04:00
ITM-808b105e4a3b43fe,96c6996f83f8ee79a497a0c6b8285f3413b9d2af4854a26c86920aa622c0bc7a,OBS-FR-OI-SIMPLE-SOURCING-8,3a5c386500cd53b1784bb548d0555e2c225bcf9a7d02cef1b6041a600b62190a,RUN-20260821T114001,2026-08-21T11:40:01.305238+04:00
ITM-80afdf216d137be6,cd614a8361ebf805c89d6991459c8b30189fd9951c4dfa99cab922596705e992,OBS-FR-OI-SIMPLE-SOURCING-8,3a5c386500cd53b1784bb548d0555e2c225bcf9a7d02cef1b6041a600b62190a,RUN-20260821T114001,2026-08-21T11:40:01.305238+04:00
ITM-80c5569eb89575bf,3f7f166c82c5e2575e394f47c5d31e9ccc72694c85a333d487c6ba3f2be4f0a6,OBS-FR-OI-SIMPLE-SOURCING-8,3a5c386500cd53b1784bb548d0555e2c225bcf9a7d02cef1b6041a600b62190a,RUN-20260821T114001,2026-08-21T11:40:01.305238+04:00
ITM-80fc55c362cadec5,c21048f471d2141b17ed9631526d44f708d2fb5fb1c49236623dea5551090278,OBS-FR-OI-SIMPLE-SOURCING-8,3a5c386500cd53b1784bb548d0555e2c225bcf9a7d02cef1b6041a600b62190a,RUN-20260821T114001,2026-08-21T11:40:01.305238+04:00
ITM-814be5d038aa702e,4f1ce0a97b09f7436fb6d9341b0f68f1dc0ef5ed483b7c9a044e8fe027fb227d,OBS-FR-OI-SIMPLE-SOURCING-8,3a5c386500cd53b1784bb548d0555e2c225bcf9a7d02cef1b6041a600b62190a,RUN-20260821T114001,2026-08-21T11:40:01.305238+04:00
ITM-8169181bb38a6aac,9e07b1368ab9929fca9ec59247b8d53a43118a3366aab4197063a3c07ea41d00,OBS-FR-OI-SIMPLE-SOURCING-8,3a5c386500cd53b1784bb548d0555e2c225bcf9a7d02cef1b6041a600b62190a,RUN-20260821T114001,2026-08-21T11:40:01.305238+04:00
ITM-8193ad52d36c8866,b370be43d389a06c3dd4ff6b0a1eeb28202ff4c543bd3849ca44c11949b54d92,OBS-FR-OI-SIMPLE-SOURCING-8,3a5c386500cd53b1784bb548d0555e2c225bcf9a7d02cef1b6041a600b62190a,RUN-20260821T114001,2026-08-21T11:40:01.305238+04:00
ITM-819c1253cef2e590,06fad5b7e6ddf87070ec25479831d7ae432de2989d79b75d88c0b8a14f03228f,OBS-FR-OI-SIMPLE-SOURCING-8,3a5c386500cd53b1784bb548d0555e2c225bcf9a7d02cef1b6041a600b62190a,RUN-20260821T114001,2026-08-21T11:40:01.305238+04:00
ITM-81af3ba335c6e836,d6dfc29c52c8a28f10fcac51c9e4606d9ac31e2f7931776184e9ebeb4579a9ee,OBS-FR-OI-SIMPLE-SOURCING-8,3a5c386500cd53b1784bb548d0555e2c225bcf9a7d02cef1b6041a600b62190a,RUN-20260821T114001,2026-08-21T11:40:01.305238+04:00
ITM-81dcb357169fc36d,bd62532437ef021ffdf4f79560f5ffb79a6d26cdbfb5877b1f00278b9dd87e8a,OBS-FR-OI-SIMPLE-SOURCING-8,3a5c386500cd53b1784bb548d0555e2c225bcf9a7d02cef1b6041a600b62190a,RUN-20260821T114001,2026-08-21T11:40:01.305238+04:00
ITM-82ce5dcedf7e0911,538f5896db1fbd214c53e6685caf073cebec7e24c7a4d0aa7efe2cf51782cba7,OBS-FR-OI-SIMPLE-SOURCING-8,3a5c386500cd53b1784bb548d0555e2c225bcf9a7d02cef1b6041a600b62190a,RUN-20260821T114001,2026-08-21T11:40:01.305238+04:00
ITM-82e696286d6a8f52,069c1975eb021fe1b6973141469f43796964fbf0b05290d1d95762dd0b6cb988,OBS-FR-OI-SIMPLE-SOURCING-8,3a5c386500cd53b1784bb548d0555e2c225bcf9a7d02cef1b6041a600b62190a,RUN-20260821T114001,2026-08-21T11:40:01.305238+04:00
ITM-8348ab1cd5e80e51,715512c1e7ba59ced22f17a7ce3abc9ef297a1c91c189cc0920084f7454adbe3,OBS-FR-OI-SIMPLE-SOURCING-8,3a5c386500cd53b1784bb548d0555e2c225bcf9a7d02cef1b6041a600b62190a,RUN-20260821T114001,2026-08-21T11:40:01.305238+04:00
ITM-83c01dd73b4edf67,0547767f3ef00ab59c4dfbe9674042abf3e3b5ed3e53891fd7ae3aec63dcb022,OBS-FR-OI-SIMPLE-SOURCING-8,3a5c386500cd53b1784bb548d0555e2c225bcf9a7d02cef1b6041a600b62190a,RUN-20260821T114001,2026-08-21T11:40:01.305238+04:00
ITM-8418237b10f98a73,9c08887848bf900531a3e32e7f1ea197829220fc303a7380fc71aeeff0653269,OBS-FR-OI-SIMPLE-SOURCING-8,3a5c386500cd53b1784bb548d0555e2c225bcf9a7d02cef1b6041a600b62190a,RUN-20260821T114001,2026-08-21T11:40:01.305238+04:00
ITM-8423a0294151cd00,a98e8d5de927050635bed6c259ed700d3297376cfbe8c1ea63d79212df50d6d9,OBS-FR-OI-SIMPLE-SOURCING-8,3a5c386500cd53b1784bb548d0555e2c225bcf9a7d02cef1b6041a600b62190a,RUN-20260821T114001,2026-08-21T11:40:01.305238+04:00
ITM-84758253203f8d43,914f1d7c9c8e574bc86a8b2e9ee4c1113f1c4cc1c932a220eb04cb8f11187dc1,OBS-FR-OI-SIMPLE-SOURCING-8,3a5c386500cd53b1784bb548d0555e2c225bcf9a7d02cef1b6041a600b62190a,RUN-20260821T114001,2026-08-21T11:40:01.305238+04:00
ITM-848675c6890d874d,96dc97a161a387d9514400e71c7481774c833106da050575310f597d38e5021a,OBS-FR-OI-SIMPLE-SOURCING-8,3a5c386500cd53b1784bb548d0555e2c225bcf9a7d02cef1b6041a600b62190a,RUN-20260821T114001,2026-08-21T11:40:01.305238+04:00
ITM-84939a45d4322a5b,7dd0f4b78275208cb6d15317610a024e23f78708bb00e6835617d47f83fc5553,OBS-FR-OI-SIMPLE-SOURCING-8,3a5c386500cd53b1784bb548d0555e2c225bcf9a7d02cef1b6041a600b62190a,RUN-20260821T114001,2026-08-21T11:40:01.305238+04:00
ITM-852993e926f2b7fe,f3c5f1c3da7e0f5312f11ff95e2f6360aee73b0e1bb0b54a0b0d900b0f509684,OBS-FR-OI-SIMPLE-SOURCING-8,3a5c386500cd53b1784bb548d0555e2c225bcf9a7d02cef1b6041a600b62190a,RUN-20260821T114001,2026-08-21T11:40:01.305238+04:00
ITM-852f65c340aa5d3e,8ac0bbb79b34bd21ac5410e86f4d818d3f4a1d557bac18d725eb8cbcaa24401c,OBS-FR-OI-SIMPLE-SOURCING-8,3a5c386500cd53b1784bb548d0555e2c225bcf9a7d02cef1b6041a600b62190a,RUN-20260821T114001,2026-08-21T11:40:01.305238+04:00
ITM-85af7a40c5100fa1,af9a7ef61382692220e05f53a248636c84df1da3c536d5f6d0816c7fbdb0984c,OBS-FR-OI-SIMPLE-SOURCING-8,3a5c386500cd53b1784bb548d0555e2c225bcf9a7d02cef1b6041a600b62190a,RUN-20260821T114001,2026-08-21T11:40:01.305238+04:00
ITM-85c12f45cfea9c52,5aaafa349db5430f45189fd79bc1f7a3e37bb2b013b8d52ada54aa9662b338b5,OBS-FR-OI-SIMPLE-SOURCING-8,3a5c386500cd53b1784bb548d0555e2c225bcf9a7d02cef1b6041a600b62190a,RUN-20260821T114001,2026-08-21T11:40:01.305238+04:00
ITM-862244b6b8a1e9c0,95dd401eca6d973d09a59b2566c5b5a449721dca058255fbc79b0a72133e27c6,OBS-FR-OI-SIMPLE-SOURCING-8,3a5c386500cd53b1784bb548d0555e2c225bcf9a7d02cef1b6041a600b62190a,RUN-20260821T114001,2026-08-21T11:40:01.305238+04:00
ITM-8637398000870f80,15724634a61942a089cc29a0fc6dd46d4256876f452e6ddc4220557e6dbb9b50,OBS-FR-OI-SIMPLE-SOURCING-8,3a5c386500cd53b1784bb548d0555e2c225bcf9a7d02cef1b6041a600b62190a,RUN-20260821T114001,2026-08-21T11:40:01.305238+04:00
ITM-8674902bf68ade1a,9eb344fde035c183843a597afb072a91e3eb3a4a4b7d0c04a1eb8ee18b8007f5,OBS-FR-OI-SIMPLE-SOURCING-8,3a5c386500cd53b1784bb548d0555e2c225bcf9a7d02cef1b6041a600b62190a,RUN-20260821T114001,2026-08-21T11:40:01.305238+04:00
ITM-871ab665f5629d74,f3bd2392dcfff97b1ce2ef1edaba3feb99465ed18275fe3a659c601ba6c1affa,OBS-FR-OI-SIMPLE-SOURCING-8,3a5c386500cd53b1784bb548d0555e2c225bcf9a7d02cef1b6041a600b62190a,RUN-20260821T114001,2026-08-21T11:40:01.305238+04:00
ITM-8734fecfbe81d332,9fb71475b6790b3904442dce8232247e4959c802ac370ed09972290710959b61,OBS-FR-OI-SIMPLE-SOURCING-8,3a5c386500cd53b1784bb548d0555e2c225bcf9a7d02cef1b6041a600b62190a,RUN-20260821T114001,2026-08-21T11:40:01.305238+04:00
ITM-878f9b9e06521460,56a95f9d84b6f43f9661087be63dbc99ded2d5198e2994646f7baaf68a77a5cb,OBS-FR-OI-SIMPLE-SOURCING-8,3a5c386500cd53b1784bb548d0555e2c225bcf9a7d02cef1b6041a600b62190a,RUN-20260821T114001,2026-08-21T11:40:01.305238+04:00
ITM-87b31991f8b8ee47,187b379b3bac1973328938c3642df9d5e8f64aaf650df9515953ddc51c430328,OBS-FR-OI-SIMPLE-SOURCING-8,3a5c386500cd53b1784bb548d0555e2c225bcf9a7d02cef1b6041a600b62190a,RUN-20260821T114001,2026-08-21T11:40:01.305238+04:00
ITM-87ee7fa8aa98fe91,322cb70167e95fca5c8fb29a21c249db04205e5568a170245b9938e362f17fcc,OBS-FR-OI-SIMPLE-SOURCING-8,3a5c386500cd53b1784bb548d0555e2c225bcf9a7d02cef1b6041a600b62190a,RUN-20260821T114001,2026-08-21T11:40:01.305238+04:00
ITM-8817ff72468c8bb3,cbde774f022cbc809ebe97adbac613f592e8bcc635876a83e169507d0d1fc55c,OBS-FR-OI-SIMPLE-SOURCING-8,3a5c386500cd53b1784bb548d0555e2c225bcf9a7d02cef1b6041a600b62190a,RUN-20260821T114001,2026-08-21T11:40:01.305238+04:00
ITM-881dc55d3e5f1f27,4d5e32bfd9b95c967c94921d00a785f0ceaa06515960cdaf54c397a453299659,OBS-FR-OI-SIMPLE-SOURCING-8,3a5c386500cd53b1784bb548d0555e2c225bcf9a7d02cef1b6041a600b62190a,RUN-20260821T114001,2026-08-21T11:40:01.305238+04:00
ITM-882ba308caf166f6,44a1a8481983adec39ce7126151c47944483b3f198041cfdff058a0cf577fa24,OBS-FR-OI-SIMPLE-SOURCING-8,3a5c386500cd53b1784bb548d0555e2c225bcf9a7d02cef1b6041a600b62190a,RUN-20260821T114001,2026-08-21T11:40:01.305238+04:00
ITM-884675afe5968ccc,d8c062e0c43fc55d07f43b5af2a5c64e419ce74fa13cf0cc4c377942c1f79cbb,OBS-FR-OI-SIMPLE-SOURCING-8,3a5c386500cd53b1784bb548d0555e2c225bcf9a7d02cef1b6041a600b62190a,RUN-20260821T114001,2026-08-21T11:40:01.305238+04:00
ITM-88543cf208949594,a945a2412e6969f70059d9d435f9dc04e8b8ca44ed1e003db32dfb5596fdf6c1,OBS-FR-OI-SIMPLE-SOURCING-8,3a5c386500cd53b1784bb548d0555e2c225bcf9a7d02cef1b6041a600b62190a,RUN-20260821T114001,2026-08-21T11:40:01.305238+04:00
ITM-88dbeaa705f554a4,a66ab104b44226ddcc7affcc5b2c8d56444f03cb25bdfe722f6cbdbe52b7ce7d,OBS-FR-OI-SIMPLE-SOURCING-8,3a5c386500cd53b1784bb548d0555e2c225bcf9a7d02cef1b6041a600b62190a,RUN-20260821T114001,2026-08-21T11:40:01.305238+04:00
ITM-88f4149781907f75,9b1a219d1a0ea2f28d5b94e59da3de50ccdc971abee6bf0d3db24aca4d203abe,OBS-FR-OI-SIMPLE-SOURCING-8,3a5c386500cd53b1784bb548d0555e2c225bcf9a7d02cef1b6041a600b62190a,RUN-20260821T114001,2026-08-21T11:40:01.305238+04:00
ITM-89230a8f51b8c522,4169c8cd0ecfddc20c37c67c2384bb40b93696666487c5eda8c4b0bcac570100,OBS-FR-OI-SIMPLE-SOURCING-8,3a5c386500cd53b1784bb548d0555e2c225bcf9a7d02cef1b6041a600b62190a,RUN-20260821T114001,2026-08-21T11:40:01.305238+04:00
ITM-8969a4f72f7c88de,188291f8bd7826637ef299b0969a6ee67ee4f3058ebae5ee11a91f97aa095f31,OBS-FR-OI-SIMPLE-SOURCING-8,3a5c386500cd53b1784bb548d0555e2c225bcf9a7d02cef1b6041a600b62190a,RUN-20260821T114001,2026-08-21T11:40:01.305238+04:00
ITM-89bac7302dd3e4ff,65086d767e67bc4c10a4b3e0e47436206225b017799d2a925ab63cf1095ca08a,OBS-FR-OI-SIMPLE-SOURCING-8,3a5c386500cd53b1784bb548d0555e2c225bcf9a7d02cef1b6041a600b62190a,RUN-20260821T114001,2026-08-21T11:40:01.305238+04:00
ITM-8a9a801419f857b5,1a83100fc4ea43596474e649cdf341fe3ec0669742cca291f8152811613df2ed,OBS-FR-OI-SIMPLE-SOURCING-8,3a5c386500cd53b1784bb548d0555e2c225bcf9a7d02cef1b6041a600b62190a,RUN-20260821T114001,2026-08-21T11:40:01.305238+04:00
ITM-8ac674a73961229d,84abf375c46a70ce1f75301ee2698c5221dfa942431f8db962ba9bfd5462b18c,OBS-FR-OI-SIMPLE-SOURCING-8,3a5c386500cd53b1784bb548d0555e2c225bcf9a7d02cef1b6041a600b62190a,RUN-20260821T114001,2026-08-21T11:40:01.305238+04:00
ITM-8b0cf0e2e0f0c7d3,d84fef3a35b6e40714ddfaba0f54f8e1201b6af0046c760096a4319f2587838d,OBS-FR-OI-SIMPLE-SOURCING-8,3a5c386500cd53b1784bb548d0555e2c225bcf9a7d02cef1b6041a600b62190a,RUN-20260821T114001,2026-08-21T11:40:01.305238+04:00
ITM-8bbdf4f200b886ef,25c6f99f0bd95e28b1039b9b6198416b702d4968207d48dbc1a2853114abd13e,OBS-FR-OI-SIMPLE-SOURCING-8,3a5c386500cd53b1784bb548d0555e2c225bcf9a7d02cef1b6041a600b62190a,RUN-20260821T114001,2026-08-21T11:40:01.305238+04:00
ITM-8c43763b416fa35b,7d817cdc47010335a84ebeab005ed8b0de06813d7541250d584ca929f1bd562a,OBS-FR-OI-SIMPLE-SOURCING-8,3a5c386500cd53b1784bb548d0555e2c225bcf9a7d02cef1b6041a600b62190a,RUN-20260821T114001,2026-08-21T11:40:01.305238+04:00
ITM-8c53bc5da74c2816,19a3741e761b79e19205756be50f51217c77e0c0838efb12ea78c274a6ba0fc1,OBS-FR-OI-SIMPLE-SOURCING-8,3a5c386500cd53b1784bb548d0555e2c225bcf9a7d02cef1b6041a600b62190a,RUN-20260821T114001,2026-08-21T11:40:01.305238+04:00
ITM-8c8fcde431c411ec,f032e072d35ab3694c331ee89e5da8a3f3e7952d75f4f150877d287401b38628,OBS-FR-OI-SIMPLE-SOURCING-8,3a5c386500cd53b1784bb548d0555e2c225bcf9a7d02cef1b6041a600b62190a,RUN-20260821T114001,2026-08-21T11:40:01.305238+04:00
ITM-8cf6a69132cf2117,ef44524ed72150889ad9dc7971f7b23347f6730f71e2871aea6e788a7931b67e,OBS-FR-OI-SIMPLE-SOURCING-8,3a5c386500cd53b1784bb548d0555e2c225bcf9a7d02cef1b6041a600b62190a,RUN-20260821T114001,2026-08-21T11:40:01.305238+04:00
ITM-8d003a8330691b07,672839d7940f8b5e4cee315e53a312b1e21da7abc93129094830d0599721b506,OBS-FR-OI-SIMPLE-SOURCING-8,3a5c386500cd53b1784bb548d0555e2c225bcf9a7d02cef1b6041a600b62190a,RUN-20260821T114001,2026-08-21T11:40:01.305238+04:00
ITM-8d608315a4249243,586d9daf2a953aa4005f2ce35bbd90ef25bae5ce26cd168d5d9c9aad3bd42610,OBS-FR-OI-SIMPLE-SOURCING-8,3a5c386500cd53b1784bb548d0555e2c225bcf9a7d02cef1b6041a600b62190a,RUN-20260821T114001,2026-08-21T11:40:01.305238+04:00
ITM-8daad3dbf9019014,170a25ad0b19614dde10362e1f450d886630bd2ef74087fe8068292e5d90be74,OBS-FR-OI-SIMPLE-SOURCING-8,3a5c386500cd53b1784bb548d0555e2c225bcf9a7d02cef1b6041a600b62190a,RUN-20260821T114001,2026-08-21T11:40:01.305238+04:00
ITM-8df6691fac71c797,a60f1a1cc05a77de8dcd62e4c2879630c50f1fc28a181717828400fcc36eb843,OBS-FR-OI-SIMPLE-SOURCING-8,3a5c386500cd53b1784bb548d0555e2c225bcf9a7d02cef1b6041a600b62190a,RUN-20260821T114001,2026-08-21T11:40:01.305238+04:00
ITM-8e0808360148a999,d9283283937e41bfc4742365ab9107650d79eb8681a4be8ca82322f1fff7e3ff,OBS-FR-OI-SIMPLE-SOURCING-8,3a5c386500cd53b1784bb548d0555e2c225bcf9a7d02cef1b6041a600b62190a,RUN-20260821T114001,2026-08-21T11:40:01.305238+04:00
ITM-8e41c903de39950c,68d496c11e49d7281b84c05e36770d7c337a4370b7705cf746569f3ccf7c542d,OBS-FR-OI-SIMPLE-SOURCING-8,3a5c386500cd53b1784bb548d0555e2c225bcf9a7d02cef1b6041a600b62190a,RUN-20260821T114001,2026-08-21T11:40:01.305238+04:00
ITM-8e7f56364b2ef96c,e1f2027d563aa24aba212ed8552f9ed459773a2074d05505b4e756c0ea07ab6b,OBS-FR-OI-SIMPLE-SOURCING-8,3a5c386500cd53b1784bb548d0555e2c225bcf9a7d02cef1b6041a600b62190a,RUN-20260821T114001,2026-08-21T11:40:01.305238+04:00
ITM-8e9fe728b00ab8ff,d4d02dddf623b0c1889e38f798ff4bfab3e72a31624dfe3e2790259c77690e9a,OBS-FR-OI-SIMPLE-SOURCING-8,3a5c386500cd53b1784bb548d0555e2c225bcf9a7d02cef1b6041a600b62190a,RUN-20260821T114001,2026-08-21T11:40:01.305238+04:00
ITM-8ecc4929c8252388,a806046902b9bf42719a3ab6b0e17188e2b6017b7650f0341e7f64c90952ad32,OBS-FR-OI-SIMPLE-SOURCING-8,3a5c386500cd53b1784bb548d0555e2c225bcf9a7d02cef1b6041a600b62190a,RUN-20260821T114001,2026-08-21T11:40:01.305238+04:00
ITM-8f3a0130248034f0,3611ba255135488a576f4b87999ee48c31819d402da0b4903bfd1ca4609c366b,OBS-FR-OI-SIMPLE-SOURCING-8,3a5c386500cd53b1784bb548d0555e2c225bcf9a7d02cef1b6041a600b62190a,RUN-20260821T114001,2026-08-21T11:40:01.305238+04:00
ITM-8fe06e4d51cfd8b0,b554a1617e6969251c57a9270cfc10d443067e5c116a74c2011d2f83dc4d24e8,OBS-FR-OI-SIMPLE-SOURCING-8,3a5c386500cd53b1784bb548d0555e2c225bcf9a7d02cef1b6041a600b62190a,RUN-20260821T114001,2026-08-21T11:40:01.305238+04:00
ITM-9021b9aa28ea4a6a,388b5a84f04dbbe92fcf828ab6deb23627e7ea2db7fe22c2566434077baa5591,OBS-FR-OI-SIMPLE-SOURCING-8,3a5c386500cd53b1784bb548d0555e2c225bcf9a7d02cef1b6041a600b62190a,RUN-20260821T114001,2026-08-21T11:40:01.305238+04:00
ITM-90529f4d732ad667,29a148ef8b4f8d85922f64fd15e41d2a620ef88f9b19bf76177bf2f35e932c4e,OBS-FR-OI-SIMPLE-SOURCING-8,3a5c386500cd53b1784bb548d0555e2c225bcf9a7d02cef1b6041a600b62190a,RUN-20260821T114001,2026-08-21T11:40:01.305238+04:00
ITM-90e58b42c415c23c,dddb7310860804dbd5cdcd8a45dbf98a39013bd80b9bc1d513b3989a54cf061a,OBS-FR-OI-SIMPLE-SOURCING-8,3a5c386500cd53b1784bb548d0555e2c225bcf9a7d02cef1b6041a600b62190a,RUN-20260821T114001,2026-08-21T11:40:01.305238+04:00
ITM-911173befeb9b292,c3795bbf9447f1c61b923b2b8f97bfb85b7ab408d1f3f5ba7ff1552921d6439a,OBS-FR-OI-SIMPLE-SOURCING-8,3a5c386500cd53b1784bb548d0555e2c225bcf9a7d02cef1b6041a600b62190a,RUN-20260821T114001,2026-08-21T11:40:01.305238+04:00
ITM-91291fe3d63c936b,ccf4c5c5e1b7447344a055bade09751b78fb8c92f15cc3ecedd6061d494784b7,OBS-FR-OI-SIMPLE-SOURCING-8,3a5c386500cd53b1784bb548d0555e2c225bcf9a7d02cef1b6041a600b62190a,RUN-20260821T114001,2026-08-21T11:40:01.305238+04:00
ITM-91911763bdbfa5aa,c895e11711b051cf1f2624247dff5257cad222836202c669c366ab20977db821,OBS-FR-OI-SIMPLE-SOURCING-8,3a5c386500cd53b1784bb548d0555e2c225bcf9a7d02cef1b6041a600b62190a,RUN-20260821T114001,2026-08-21T11:40:01.305238+04:00
ITM-919c8ba44aca1fb3,a983a21f5f188fa360ff7ae2bdf14e8b24cbaad0dafbdb52f49df4f940c41344,OBS-FR-OI-SIMPLE-SOURCING-8,3a5c386500cd53b1784bb548d0555e2c225bcf9a7d02cef1b6041a600b62190a,RUN-20260821T114001,2026-08-21T11:40:01.305238+04:00
ITM-9219fb3c2b5d4270,2edf5939b1cea1ee3c7daa6c183666d9906b81866e7a87f505e129fc4bc7bffa,OBS-FR-OI-SIMPLE-SOURCING-8,3a5c386500cd53b1784bb548d0555e2c225bcf9a7d02cef1b6041a600b62190a,RUN-20260821T114001,2026-08-21T11:40:01.305238+04:00
ITM-9250cae26eee3bff,46f7729557ad1ccf57c9b6a7f4f953624ebc5bd4412603083e5dea7bd2191e80,OBS-FR-OI-SIMPLE-SOURCING-8,3a5c386500cd53b1784bb548d0555e2c225bcf9a7d02cef1b6041a600b62190a,RUN-20260821T114001,2026-08-21T11:40:01.305238+04:00
ITM-9251a5829fa108ad,053ece6b628723173060116b28b6682c934a89cdef53b30437cc50f991777828,OBS-FR-OI-SIMPLE-SOURCING-8,3a5c386500cd53b1784bb548d0555e2c225bcf9a7d02cef1b6041a600b62190a,RUN-20260821T114001,2026-08-21T11:40:01.305238+04:00
ITM-9282cff3bbf8b927,1fea24ac01dc0f9b61bf78b8bcf17208c1d5db474420019b42164b75214adbcf,OBS-FR-OI-SIMPLE-SOURCING-8,3a5c386500cd53b1784bb548d0555e2c225bcf9a7d02cef1b6041a600b62190a,RUN-20260821T114001,2026-08-21T11:40:01.305238+04:00
ITM-928432a62e0635b8,1414f5f88394f93701607099352470106eb021159bfecb07e29025e03233b612,OBS-FR-OI-SIMPLE-SOURCING-8,3a5c386500cd53b1784bb548d0555e2c225bcf9a7d02cef1b6041a600b62190a,RUN-20260821T114001,2026-08-21T11:40:01.305238+04:00
ITM-92a96f0fdce3b161,f7f6e69b49669aadd7001f75b44b91208ebe2e2be7ed8a32ad01b0a32a057ba1,OBS-FR-OI-SIMPLE-SOURCING-8,3a5c386500cd53b1784bb548d0555e2c225bcf9a7d02cef1b6041a600b62190a,RUN-20260821T114001,2026-08-21T11:40:01.305238+04:00
ITM-92e2c21a5af8354b,6f16c95ef05d3bd1eea70cfef35414e1d86f6b397b262d02a5521e7155ef7ae4,OBS-FR-OI-SIMPLE-SOURCING-8,3a5c386500cd53b1784bb548d0555e2c225bcf9a7d02cef1b6041a600b62190a,RUN-20260821T114001,2026-08-21T11:40:01.305238+04:00
ITM-93079355e83964c6,64de512ac18239d8607552697e5e017b170e5ee7796af7fda2aeb2704cc778de,OBS-FR-OI-SIMPLE-SOURCING-8,3a5c386500cd53b1784bb548d0555e2c225bcf9a7d02cef1b6041a600b62190a,RUN-20260821T114001,2026-08-21T11:40:01.305238+04:00
ITM-9343be30f16a545b,0037c70d4a72adcccf5c2ba32d0665784ef4e64983e2d6b8e46f96961a47b35c,OBS-FR-OI-SIMPLE-SOURCING-8,3a5c386500cd53b1784bb548d0555e2c225bcf9a7d02cef1b6041a600b62190a,RUN-20260821T114001,2026-08-21T11:40:01.305238+04:00
ITM-9371d05789705127,7279d5fd977ccbd5a25689d75419290bc2f23414ce7c007fca159efc371b9a71,OBS-FR-OI-SIMPLE-SOURCING-8,3a5c386500cd53b1784bb548d0555e2c225bcf9a7d02cef1b6041a600b62190a,RUN-20260821T114001,2026-08-21T11:40:01.305238+04:00
ITM-93765c1fabb60a6e,48a357496172022bb42b720e5dd20efc6a14c574367527ce5cf4b8e992f631d3,OBS-FR-OI-SIMPLE-SOURCING-8,3a5c386500cd53b1784bb548d0555e2c225bcf9a7d02cef1b6041a600b62190a,RUN-20260821T114001,2026-08-21T11:40:01.305238+04:00
ITM-93b096784d925e50,ccfe0e5e730ddd01359c15f76968016d21e81ceb405c8e3826fccac210d99da5,OBS-FR-OI-SIMPLE-SOURCING-8,3a5c386500cd53b1784bb548d0555e2c225bcf9a7d02cef1b6041a600b62190a,RUN-20260821T114001,2026-08-21T11:40:01.305238+04:00
ITM-942a3e37a827b327,d80270051071f2b564fd7a945d07576b1c0b8f0aa6c33a454bb9e68176436f0d,OBS-FR-OI-SIMPLE-SOURCING-8,3a5c386500cd53b1784bb548d0555e2c225bcf9a7d02cef1b6041a600b62190a,RUN-20260821T114001,2026-08-21T11:40:01.305238+04:00
ITM-944f8afd7e27abbe,c31f0d096b271a401bc3442d8116f42c5f5237595cb21682007c02dfdbb23665,OBS-FR-OI-SIMPLE-SOURCING-8,3a5c386500cd53b1784bb548d0555e2c225bcf9a7d02cef1b6041a600b62190a,RUN-20260821T114001,2026-08-21T11:40:01.305238+04:00
ITM-9486678c6e4228f0,81eb6aa02a3fb7149e809e87577f2b00e781721dc02e733afac8d64fc4b4e09e,OBS-FR-OI-SIMPLE-SOURCING-8,3a5c386500cd53b1784bb548d0555e2c225bcf9a7d02cef1b6041a600b62190a,RUN-20260821T114001,2026-08-21T11:40:01.305238+04:00
ITM-949905a149730db2,a9990238fff430b152d80835deaffdf05d7c7c4aebd3c88cf9f14ff2d2edea0b,OBS-FR-OI-SIMPLE-SOURCING-8,3a5c386500cd53b1784bb548d0555e2c225bcf9a7d02cef1b6041a600b62190a,RUN-20260821T114001,2026-08-21T11:40:01.305238+04:00
ITM-94f3a30c48dc77ad,901f4e74a7d87c293f10d6045a78b72268e8adb342a889d2cf879653b83cf9a7,OBS-FR-OI-SIMPLE-SOURCING-8,3a5c386500cd53b1784bb548d0555e2c225bcf9a7d02cef1b6041a600b62190a,RUN-20260821T114001,2026-08-21T11:40:01.305238+04:00
ITM-951309e49e05c229,9448c3e152d1e9d463ef3c972e0c776fb3b32339bfb29d5e673b36df9290b80f,OBS-FR-OI-SIMPLE-SOURCING-8,3a5c386500cd53b1784bb548d0555e2c225bcf9a7d02cef1b6041a600b62190a,RUN-20260821T114001,2026-08-21T11:40:01.305238+04:00
ITM-9523cb31d2dd33d8,d5ccaef17e7a44cfbed66c966be44e0a1251eba77ec85131424d1535669204e7,OBS-FR-OI-SIMPLE-SOURCING-8,3a5c386500cd53b1784bb548d0555e2c225bcf9a7d02cef1b6041a600b62190a,RUN-20260821T114001,2026-08-21T11:40:01.305238+04:00
ITM-957af030cd68ea4a,07ef2b9c46f73e5445c78f170778557a394df57eedc4fe3223795864f1cbee04,OBS-FR-OI-SIMPLE-SOURCING-8,3a5c386500cd53b1784bb548d0555e2c225bcf9a7d02cef1b6041a600b62190a,RUN-20260821T114001,2026-08-21T11:40:01.305238+04:00
ITM-95f5692ecababc20,8d61f8c8133a81c6c9c381481f34aaa89bd010347b9a48ef25d993566746e434,OBS-FR-OI-SIMPLE-SOURCING-8,3a5c386500cd53b1784bb548d0555e2c225bcf9a7d02cef1b6041a600b62190a,RUN-20260821T114001,2026-08-21T11:40:01.305238+04:00
ITM-961d0a1917f09f88,a9c303fc929387d16476f29c098b9ad30961320ec41372f5ff1e1a6a41bce843,OBS-FR-OI-SIMPLE-SOURCING-8,3a5c386500cd53b1784bb548d0555e2c225bcf9a7d02cef1b6041a600b62190a,RUN-20260821T114001,2026-08-21T11:40:01.305238+04:00
ITM-9636eb7345e44605,815f4825001682ef85ee156f099169533dd9ba799d22221db21058bdbc1e175b,OBS-FR-OI-SIMPLE-SOURCING-8,3a5c386500cd53b1784bb548d0555e2c225bcf9a7d02cef1b6041a600b62190a,RUN-20260821T114001,2026-08-21T11:40:01.305238+04:00
ITM-9641cf2b7eb20d65,e0283b726779fe3b7eb2ea34a997176353342b874cafce6c2fe8f9fa46173163,OBS-FR-OI-SIMPLE-SOURCING-8,3a5c386500cd53b1784bb548d0555e2c225bcf9a7d02cef1b6041a600b62190a,RUN-20260821T114001,2026-08-21T11:40:01.305238+04:00
ITM-96713e4e0984f000,c436dc8d25dcb0e4860b050d1b025316cd5700a5aac8afa7cd905f7d519a3b45,OBS-FR-OI-SIMPLE-SOURCING-8,3a5c386500cd53b1784bb548d0555e2c225bcf9a7d02cef1b6041a600b62190a,RUN-20260821T114001,2026-08-21T11:40:01.305238+04:00
ITM-96728e715b7df298,671d7847a1bb5cf4d1bf2fbf2e2a8b7046aa691ab316d4071b37611b7223758b,OBS-FR-OI-SIMPLE-SOURCING-8,3a5c386500cd53b1784bb548d0555e2c225bcf9a7d02cef1b6041a600b62190a,RUN-20260821T114001,2026-08-21T11:40:01.305238+04:00
ITM-96f8f98301895906,52ca66c4b60276bdd271c74241deb24803d9c88467f4734122a282ace33772f6,OBS-FR-OI-SIMPLE-SOURCING-8,3a5c386500cd53b1784bb548d0555e2c225bcf9a7d02cef1b6041a600b62190a,RUN-20260821T114001,2026-08-21T11:40:01.305238+04:00
ITM-9703baeeb03a2b89,70007fe68a0fce6f758e27e0cc3c48ef92b4c4e151ddb528b0cc25f9f1f0710f,OBS-FR-OI-SIMPLE-SOURCING-8,3a5c386500cd53b1784bb548d0555e2c225bcf9a7d02cef1b6041a600b62190a,RUN-20260821T114001,2026-08-21T11:40:01.305238+04:00
ITM-97112c9335752862,fb15d61f63745298de40f163cf8a8e804583f673c1eaf5edd412017ee6a0d7be,OBS-FR-OI-SIMPLE-SOURCING-8,3a5c386500cd53b1784bb548d0555e2c225bcf9a7d02cef1b6041a600b62190a,RUN-20260821T114001,2026-08-21T11:40:01.305238+04:00
ITM-9790792731096f89,fe2e855ba6825f5f657828fbb0783d87dce3bdc0651cff59737ac3ddc36ee6c3,OBS-FR-OI-SIMPLE-SOURCING-8,3a5c386500cd53b1784bb548d0555e2c225bcf9a7d02cef1b6041a600b62190a,RUN-20260821T114001,2026-08-21T11:40:01.305238+04:00
ITM-97c25ac2b10664ff,eeaf2b383144b4d0e8584177bab8b9ffb12cde033e6bd036e2f47016eb6325ba,OBS-FR-OI-SIMPLE-SOURCING-8,3a5c386500cd53b1784bb548d0555e2c225bcf9a7d02cef1b6041a600b62190a,RUN-20260821T114001,2026-08-21T11:40:01.305238+04:00
ITM-983ec069efa370f6,36ccb53106fe91cc2add4f8cf0e088d9250b843d7ffddc74a799c48ac526c7ab,OBS-FR-OI-SIMPLE-SOURCING-8,3a5c386500cd53b1784bb548d0555e2c225bcf9a7d02cef1b6041a600b62190a,RUN-20260821T114001,2026-08-21T11:40:01.305238+04:00
ITM-98a9777be59f5417,cbb5c50a91a758229c10292ce68fdfa6f293d4ad190b9756957e4639413c7fa1,OBS-FR-OI-SIMPLE-SOURCING-8,3a5c386500cd53b1784bb548d0555e2c225bcf9a7d02cef1b6041a600b62190a,RUN-20260821T114001,2026-08-21T11:40:01.305238+04:00
ITM-993496f822d07abc,ee296cfe157e0709090045d4b182cb0ac6ee2c8f448bd4e7977b093edb50f54b,OBS-FR-OI-SIMPLE-SOURCING-8,3a5c386500cd53b1784bb548d0555e2c225bcf9a7d02cef1b6041a600b62190a,RUN-20260821T114001,2026-08-21T11:40:01.305238+04:00
ITM-9998dfdf85b1e174,3084680e74b3503516dd185bcd5ef28cb251d702cae3c7f7dd50c41202fe6ba1,OBS-FR-OI-SIMPLE-SOURCING-8,3a5c386500cd53b1784bb548d0555e2c225bcf9a7d02cef1b6041a600b62190a,RUN-20260821T114001,2026-08-21T11:40:01.305238+04:00
ITM-99b6dac52e59dc9e,5245d12020efa3ba34cb30eb66d196185039bf67db42ff914003dd3e1ec5716d,OBS-FR-OI-SIMPLE-SOURCING-8,3a5c386500cd53b1784bb548d0555e2c225bcf9a7d02cef1b6041a600b62190a,RUN-20260821T114001,2026-08-21T11:40:01.305238+04:00
ITM-99c7981a385185fb,b2302e7cb91fd74ae08e3659427d6963114383337354b76d24cd11830c475444,OBS-FR-OI-SIMPLE-SOURCING-8,3a5c386500cd53b1784bb548d0555e2c225bcf9a7d02cef1b6041a600b62190a,RUN-20260821T114001,2026-08-21T11:40:01.305238+04:00
ITM-99e173cc1072d3e1,1774f47707887dc979b72212ae9607dc9fb99b73ea5b6e4480623d8f54b41ec0,OBS-FR-OI-SIMPLE-SOURCING-8,3a5c386500cd53b1784bb548d0555e2c225bcf9a7d02cef1b6041a600b62190a,RUN-20260821T114001,2026-08-21T11:40:01.305238+04:00
ITM-9a6be01421b972ed,6b22a4f44b225beddc1424359ac402eb51220af2508ec6db12b092e173c47c37,OBS-FR-OI-SIMPLE-SOURCING-8,3a5c386500cd53b1784bb548d0555e2c225bcf9a7d02cef1b6041a600b62190a,RUN-20260821T114001,2026-08-21T11:40:01.305238+04:00
ITM-9a97507a6afab0dc,cca0d29e0d31ce563bc4b6b8d4e7988df75711b8a31aa5e33e3126057074ac3b,OBS-FR-OI-SIMPLE-SOURCING-8,3a5c386500cd53b1784bb548d0555e2c225bcf9a7d02cef1b6041a600b62190a,RUN-20260821T114001,2026-08-21T11:40:01.305238+04:00
ITM-9ad83ebdae6c5575,f4fe22a09db09fdd85a8f1a6b02637618a14139bf437eb8bcee2e984fa785376,OBS-FR-OI-SIMPLE-SOURCING-8,3a5c386500cd53b1784bb548d0555e2c225bcf9a7d02cef1b6041a600b62190a,RUN-20260821T114001,2026-08-21T11:40:01.305238+04:00
ITM-9b0aa546dd04ae21,c729935c4175d938bfa9713e558755835fdcb9e636d25c6e839cf77ff346ac87,OBS-FR-OI-SIMPLE-SOURCING-8,3a5c386500cd53b1784bb548d0555e2c225bcf9a7d02cef1b6041a600b62190a,RUN-20260821T114001,2026-08-21T11:40:01.305238+04:00
ITM-9b4e79df031dfd35,544d7672fa28accffdb5fafcac11b932da3b5b7dfd25efd3bc4af2c8080c9cff,OBS-FR-OI-SIMPLE-SOURCING-8,3a5c386500cd53b1784bb548d0555e2c225bcf9a7d02cef1b6041a600b62190a,RUN-20260821T114001,2026-08-21T11:40:01.305238+04:00
ITM-9c445199e7e2d045,5ac21f4ac1d84ae266e299fcf88272f7d0fcfb08d1c97ad562534549134917ef,OBS-FR-OI-SIMPLE-SOURCING-8,3a5c386500cd53b1784bb548d0555e2c225bcf9a7d02cef1b6041a600b62190a,RUN-20260821T114001,2026-08-21T11:40:01.305238+04:00
ITM-9c579c051bccfbeb,3797c9facb83830269dbafb2bb7408d5e4fc3de396c0cca4c8653c37ffa33595,OBS-FR-OI-SIMPLE-SOURCING-8,3a5c386500cd53b1784bb548d0555e2c225bcf9a7d02cef1b6041a600b62190a,RUN-20260821T114001,2026-08-21T11:40:01.305238+04:00
ITM-9c8cd87affdadf8a,1566643531a8aef0454d1eed434d733ced4f3d0642be41190387ef0b6b0a0136,OBS-FR-OI-SIMPLE-SOURCING-8,3a5c386500cd53b1784bb548d0555e2c225bcf9a7d02cef1b6041a600b62190a,RUN-20260821T114001,2026-08-21T11:40:01.305238+04:00
ITM-9ca61968dda6a6f9,67031c6b0153c6939d440072bf94a91990f3ebd11dd6ebd6510817dc0fc40136,OBS-FR-OI-SIMPLE-SOURCING-8,3a5c386500cd53b1784bb548d0555e2c225bcf9a7d02cef1b6041a600b62190a,RUN-20260821T114001,2026-08-21T11:40:01.305238+04:00
ITM-9cb9a9183df4e680,0ea7fff8a39b5eac7310489af63bec3df2421944ea571bf86edc89f908ee5904,OBS-FR-OI-SIMPLE-SOURCING-8,3a5c386500cd53b1784bb548d0555e2c225bcf9a7d02cef1b6041a600b62190a,RUN-20260821T114001,2026-08-21T11:40:01.305238+04:00
ITM-9cd6f6010d244f5a,dc26b6203c9db3e64f074ddefd9d54bd2cea4f5d6a221d1f731c0498524512a6,OBS-FR-OI-SIMPLE-SOURCING-8,3a5c386500cd53b1784bb548d0555e2c225bcf9a7d02cef1b6041a600b62190a,RUN-20260821T114001,2026-08-21T11:40:01.305238+04:00
ITM-9cdaa8fdb8bab85e,52d37671d5397782ae816cfa2a45f03617767328cd4ae85e465abdcb40e67995,OBS-FR-OI-SIMPLE-SOURCING-8,3a5c386500cd53b1784bb548d0555e2c225bcf9a7d02cef1b6041a600b62190a,RUN-20260821T114001,2026-08-21T11:40:01.305238+04:00
ITM-9cfb605da9a64bbe,b79f0e3f00a50bf3d1f77ffd155b74b88cbe955cf9bdd1dde94739907d75baab,OBS-FR-OI-SIMPLE-SOURCING-8,3a5c386500cd53b1784bb548d0555e2c225bcf9a7d02cef1b6041a600b62190a,RUN-20260821T114001,2026-08-21T11:40:01.305238+04:00
ITM-9d8bb8665519f8bd,9783a12cd80cefcd8d06f169652969af69eff66164022362ce8d3cb1bf201893,OBS-FR-OI-SIMPLE-SOURCING-8,3a5c386500cd53b1784bb548d0555e2c225bcf9a7d02cef1b6041a600b62190a,RUN-20260821T114001,2026-08-21T11:40:01.305238+04:00
ITM-9d9ca06511ef3e4a,45625fbd5e8fb5c1157a9e4ff0716c2417996b388fb85ff5625ef796c81d70f7,OBS-FR-OI-SIMPLE-SOURCING-8,3a5c386500cd53b1784bb548d0555e2c225bcf9a7d02cef1b6041a600b62190a,RUN-20260821T114001,2026-08-21T11:40:01.305238+04:00
ITM-9d9d1376f1b77c8f,9dc2158849bdb8d69750f4db43c0826c097144518b6678ac80a014bf9498ecc7,OBS-FR-OI-SIMPLE-SOURCING-8,3a5c386500cd53b1784bb548d0555e2c225bcf9a7d02cef1b6041a600b62190a,RUN-20260821T114001,2026-08-21T11:40:01.305238+04:00
ITM-9df785fa5a931c1c,7390768944c1a72b4942868aa399d398b1d6eaf9b3b9724072d7845dda6d5f81,OBS-FR-OI-SIMPLE-SOURCING-8,3a5c386500cd53b1784bb548d0555e2c225bcf9a7d02cef1b6041a600b62190a,RUN-20260821T114001,2026-08-21T11:40:01.305238+04:00
ITM-9f6117dfe9bcd437,b024e20d5e8fc60a8244d7a857502ba7d9151d6e74478240009a689238b6b0ff,OBS-FR-OI-SIMPLE-SOURCING-8,3a5c386500cd53b1784bb548d0555e2c225bcf9a7d02cef1b6041a600b62190a,RUN-20260821T114001,2026-08-21T11:40:01.305238+04:00
ITM-9f6678f10f2f2337,fba925cfc98b0133b9ee4acfcf246b49e4d38cef62cffc99d3a462e805f0d21f,OBS-FR-OI-SIMPLE-SOURCING-8,3a5c386500cd53b1784bb548d0555e2c225bcf9a7d02cef1b6041a600b62190a,RUN-20260821T114001,2026-08-21T11:40:01.305238+04:00
ITM-9f971301be909349,9006b2659df7f1ebcc41831be3474962290899d47b409bed77c348a429494778,OBS-FR-OI-SIMPLE-SOURCING-8,3a5c386500cd53b1784bb548d0555e2c225bcf9a7d02cef1b6041a600b62190a,RUN-20260821T114001,2026-08-21T11:40:01.305238+04:00
ITM-9fb7da13535cf670,74c91e6cbee859641ec97e80230d19c0fddaaf6c9bf0576241805f7c4eb315be,OBS-FR-OI-SIMPLE-SOURCING-8,3a5c386500cd53b1784bb548d0555e2c225bcf9a7d02cef1b6041a600b62190a,RUN-20260821T114001,2026-08-21T11:40:01.305238+04:00
ITM-a01ce923c4709d1c,53f97a6c819bfebdc69b47c4013ad5adc32b2bb6d702a3ea1ca8c02efae94ffb,OBS-FR-OI-SIMPLE-SOURCING-8,3a5c386500cd53b1784bb548d0555e2c225bcf9a7d02cef1b6041a600b62190a,RUN-20260821T114001,2026-08-21T11:40:01.305238+04:00
ITM-a0efabc3a54a7902,a3c6a9ab7d656164ce7bd55a152e20fb55f1bb1fca48e4ae0301d30b51c546b3,OBS-FR-OI-SIMPLE-SOURCING-8,3a5c386500cd53b1784bb548d0555e2c225bcf9a7d02cef1b6041a600b62190a,RUN-20260821T114001,2026-08-21T11:40:01.305238+04:00
ITM-a109173d4410efc7,55101dbe256de60494e8890be95a874be3f1cd90d126713fc1de6c01e848d11b,OBS-FR-OI-SIMPLE-SOURCING-8,3a5c386500cd53b1784bb548d0555e2c225bcf9a7d02cef1b6041a600b62190a,RUN-20260821T114001,2026-08-21T11:40:01.305238+04:00
ITM-a10d191484db05d5,9d7d1ab70035bb18224c9bdef8229218eb049f60e0e12750a76115704082477d,OBS-FR-OI-SIMPLE-SOURCING-8,3a5c386500cd53b1784bb548d0555e2c225bcf9a7d02cef1b6041a600b62190a,RUN-20260821T114001,2026-08-21T11:40:01.305238+04:00
ITM-a13247ab74e017e2,b29718acf15cddd238a61fc2a01be31678a5e7848349d8a02b0e16c33512b97d,OBS-FR-OI-SIMPLE-SOURCING-8,3a5c386500cd53b1784bb548d0555e2c225bcf9a7d02cef1b6041a600b62190a,RUN-20260821T114001,2026-08-21T11:40:01.305238+04:00
ITM-a150c143ef9ec2aa,1dead55ba6fb730b79b62491f549d825d74f37ea458cff30bbe3f55dfed85587,OBS-FR-OI-SIMPLE-SOURCING-8,3a5c386500cd53b1784bb548d0555e2c225bcf9a7d02cef1b6041a600b62190a,RUN-20260821T114001,2026-08-21T11:40:01.305238+04:00
ITM-a153af549c4669ca,bc2b044f8e8ea889910014704a4c68404f26d3945ee5fa3fc513a569d13e8eba,OBS-FR-OI-SIMPLE-SOURCING-8,3a5c386500cd53b1784bb548d0555e2c225bcf9a7d02cef1b6041a600b62190a,RUN-20260821T114001,2026-08-21T11:40:01.305238+04:00
ITM-a19c3225b871ccd1,6339d9f4dd6b79d0f7016bb0c5626cd13ba9f02eed6c051280ae17413435198e,OBS-FR-OI-SIMPLE-SOURCING-8,3a5c386500cd53b1784bb548d0555e2c225bcf9a7d02cef1b6041a600b62190a,RUN-20260821T114001,2026-08-21T11:40:01.305238+04:00
ITM-a1a03ef67f01bd1d,56e8d278dc3873da81b8be53113188f0686aefb273e40b4f6fc627e1ca670a52,OBS-FR-OI-SIMPLE-SOURCING-8,3a5c386500cd53b1784bb548d0555e2c225bcf9a7d02cef1b6041a600b62190a,RUN-20260821T114001,2026-08-21T11:40:01.305238+04:00
ITM-a1a99e283b35c3a7,902f5782aa68e9f52b58e7b06de059a8f9448741f556ebb1f4af4d4c04919877,OBS-FR-OI-SIMPLE-SOURCING-8,3a5c386500cd53b1784bb548d0555e2c225bcf9a7d02cef1b6041a600b62190a,RUN-20260821T114001,2026-08-21T11:40:01.305238+04:00
ITM-a221beef2834362d,c4b8cb00ff5208fdbe755db99e4be6b8608c9d8ab39caac893cebc07c63b9b52,OBS-FR-OI-SIMPLE-SOURCING-8,3a5c386500cd53b1784bb548d0555e2c225bcf9a7d02cef1b6041a600b62190a,RUN-20260821T114001,2026-08-21T11:40:01.305238+04:00
ITM-a22ac787d2b98d3c,f44015f9f54c0d9c6125239f0dd4501378ccfd21cb5cb55734cd0d497c041a5d,OBS-FR-OI-SIMPLE-SOURCING-8,3a5c386500cd53b1784bb548d0555e2c225bcf9a7d02cef1b6041a600b62190a,RUN-20260821T114001,2026-08-21T11:40:01.305238+04:00
ITM-a23e7f1a9ebc7036,6f3ef301cb757876ac2b52c7e4ae5af5c35066950051e82b8fdd094fa7f7b2e7,OBS-FR-OI-SIMPLE-SOURCING-8,3a5c386500cd53b1784bb548d0555e2c225bcf9a7d02cef1b6041a600b62190a,RUN-20260821T114001,2026-08-21T11:40:01.305238+04:00
ITM-a2bec723b02d1203,0a17ad403cdb14bd0363227bb43ecf162de5e61dac3f82e9514d6645af532f9f,OBS-FR-OI-SIMPLE-SOURCING-8,3a5c386500cd53b1784bb548d0555e2c225bcf9a7d02cef1b6041a600b62190a,RUN-20260821T114001,2026-08-21T11:40:01.305238+04:00
ITM-a2dfa9d484e90c2e,0b302e7193df26ae4fb7a60397fa94a6214190493ae97ead7de9e4986d6056c1,OBS-FR-OI-SIMPLE-SOURCING-8,3a5c386500cd53b1784bb548d0555e2c225bcf9a7d02cef1b6041a600b62190a,RUN-20260821T114001,2026-08-21T11:40:01.305238+04:00
ITM-a31788aa2ba0c85a,7ee9f36daeb11a7ef8bd842b3c8d1b2eaed9b1f70ec8614c9501be7125069bec,OBS-FR-OI-SIMPLE-SOURCING-8,3a5c386500cd53b1784bb548d0555e2c225bcf9a7d02cef1b6041a600b62190a,RUN-20260821T114001,2026-08-21T11:40:01.305238+04:00
ITM-a37b2f2064d1e0e9,04eff3e56a76cf35d15afba2ce81742e40578c30aece86d69be5bfe02b4e0e37,OBS-FR-OI-SIMPLE-SOURCING-8,3a5c386500cd53b1784bb548d0555e2c225bcf9a7d02cef1b6041a600b62190a,RUN-20260821T114001,2026-08-21T11:40:01.305238+04:00
ITM-a37cb69e3617bb6c,038e87b0d114fe0d47f3c548d2ac2362c19171b461a7804b48f43cbb4aa356e2,OBS-FR-OI-SIMPLE-SOURCING-8,3a5c386500cd53b1784bb548d0555e2c225bcf9a7d02cef1b6041a600b62190a,RUN-20260821T114001,2026-08-21T11:40:01.305238+04:00
ITM-a41c3c69231506b9,9ea926cefe41de4bdb7de8c873f32743c13913001ab73e226bf4eea115feefb7,OBS-FR-OI-SIMPLE-SOURCING-8,3a5c386500cd53b1784bb548d0555e2c225bcf9a7d02cef1b6041a600b62190a,RUN-20260821T114001,2026-08-21T11:40:01.305238+04:00
ITM-a43a547526ffdd3a,8aa535863a0cb48152bab7fe9e8104925ef91b11f54da66be1d46f2455129576,OBS-FR-OI-SIMPLE-SOURCING-8,3a5c386500cd53b1784bb548d0555e2c225bcf9a7d02cef1b6041a600b62190a,RUN-20260821T114001,2026-08-21T11:40:01.305238+04:00
ITM-a51dc2e8c89bb9ae,0c99ef0d094c83d959c9d932b43a83cbeb8af1af08d8ebe9250234d3b39bf955,OBS-FR-OI-SIMPLE-SOURCING-8,3a5c386500cd53b1784bb548d0555e2c225bcf9a7d02cef1b6041a600b62190a,RUN-20260821T114001,2026-08-21T11:40:01.305238+04:00
ITM-a55a5fe0d67a9df3,c32a79c2b39a99854a7fbe800361cdbb162e458842b75726ae83605d3257ba88,OBS-FR-OI-SIMPLE-SOURCING-8,3a5c386500cd53b1784bb548d0555e2c225bcf9a7d02cef1b6041a600b62190a,RUN-20260821T114001,2026-08-21T11:40:01.305238+04:00
ITM-a583befb63a42cfd,d5363d7da551397d30bc4e0475daf182f6e810deebb3715538edb5fc22ec407f,OBS-FR-OI-SIMPLE-SOURCING-8,3a5c386500cd53b1784bb548d0555e2c225bcf9a7d02cef1b6041a600b62190a,RUN-20260821T114001,2026-08-21T11:40:01.305238+04:00
ITM-a586cbf8305237e0,e8f137146c5fbfa1c8815ff4e5ebda35d21ea94e1327326690afac45ef77cc39,OBS-FR-OI-SIMPLE-SOURCING-8,3a5c386500cd53b1784bb548d0555e2c225bcf9a7d02cef1b6041a600b62190a,RUN-20260821T114001,2026-08-21T11:40:01.305238+04:00
ITM-a5c26ee9d8b76175,fdd8754084880952670a3adc093c25d5eef1a74ee09b7a87edd17b3157f3dc66,OBS-FR-OI-SIMPLE-SOURCING-8,3a5c386500cd53b1784bb548d0555e2c225bcf9a7d02cef1b6041a600b62190a,RUN-20260821T114001,2026-08-21T11:40:01.305238+04:00
ITM-a60baa28c63e07fd,69ec4c2b24d38cdff03091e6217e5fcd10fb05aed501fe78825d98fe0a3020a4,OBS-FR-OI-SIMPLE-SOURCING-8,3a5c386500cd53b1784bb548d0555e2c225bcf9a7d02cef1b6041a600b62190a,RUN-20260821T114001,2026-08-21T11:40:01.305238+04:00
ITM-a6e114003818e4c1,5edcf27aaba1d541da37c190c2216a985477ea1e3dabae9c217bdf1590683bcb,OBS-FR-OI-SIMPLE-SOURCING-8,3a5c386500cd53b1784bb548d0555e2c225bcf9a7d02cef1b6041a600b62190a,RUN-20260821T114001,2026-08-21T11:40:01.305238+04:00
ITM-a6ff0c2afd66ef04,119575b6697bf31dc0807d1c48967f83cb9ed0fa51bac755ce4e766f60bc7633,OBS-FR-OI-SIMPLE-SOURCING-8,3a5c386500cd53b1784bb548d0555e2c225bcf9a7d02cef1b6041a600b62190a,RUN-20260821T114001,2026-08-21T11:40:01.305238+04:00
ITM-a777e7f2bc1409da,b01151c07b4547bcea0a5aa43d8db71f4ab6b4fca49a96b0b51dabdfc49fa6f2,OBS-FR-OI-SIMPLE-SOURCING-8,3a5c386500cd53b1784bb548d0555e2c225bcf9a7d02cef1b6041a600b62190a,RUN-20260821T114001,2026-08-21T11:40:01.305238+04:00
ITM-a80915894e379c2e,a7d757a409b43d79c9e3b5a1e55af28313d3bf5c8e398e30f5cb1b8022e914a6,OBS-FR-OI-SIMPLE-SOURCING-8,3a5c386500cd53b1784bb548d0555e2c225bcf9a7d02cef1b6041a600b62190a,RUN-20260821T114001,2026-08-21T11:40:01.305238+04:00
ITM-a820a252aa5455d9,d24fbb77cf1b8288d1478c1b6c19411d9f810a290788531adf5007dbc8ac437e,OBS-FR-OI-SIMPLE-SOURCING-8,3a5c386500cd53b1784bb548d0555e2c225bcf9a7d02cef1b6041a600b62190a,RUN-20260821T114001,2026-08-21T11:40:01.305238+04:00
ITM-a841b4d229200c42,2935c61e4742efe89d3540a42c1adfc2b5ba6b1a016c94c63a2fbf3f34cef21b,OBS-FR-OI-SIMPLE-SOURCING-8,3a5c386500cd53b1784bb548d0555e2c225bcf9a7d02cef1b6041a600b62190a,RUN-20260821T114001,2026-08-21T11:40:01.305238+04:00
ITM-a88c0d6da432d213,3d00251a1650d67b07664c1c2f645c10a69ccfd4bc2825b8f0cb263e3b1ad45b,OBS-FR-OI-SIMPLE-SOURCING-8,3a5c386500cd53b1784bb548d0555e2c225bcf9a7d02cef1b6041a600b62190a,RUN-20260821T114001,2026-08-21T11:40:01.305238+04:00
ITM-a8c67b146a456060,26196369cc0abc8a5fe60a4b67cb5164d3ebee2f59ce356c9443c9b64814e85a,OBS-FR-OI-SIMPLE-SOURCING-8,3a5c386500cd53b1784bb548d0555e2c225bcf9a7d02cef1b6041a600b62190a,RUN-20260821T114001,2026-08-21T11:40:01.305238+04:00
ITM-a8d2195ebece67ab,1fa5f0b18708bab977c55075e7d4cb581fa5a8d2eae65aa9349edc5ba4e736b9,OBS-FR-OI-SIMPLE-SOURCING-8,3a5c386500cd53b1784bb548d0555e2c225bcf9a7d02cef1b6041a600b62190a,RUN-20260821T114001,2026-08-21T11:40:01.305238+04:00
ITM-a8e3dfb36918dc98,ed02ae61a6882234d40f8010ed8a96e2dac62e2ede46257dfaa56dc7dcab717b,OBS-FR-OI-SIMPLE-SOURCING-8,3a5c386500cd53b1784bb548d0555e2c225bcf9a7d02cef1b6041a600b62190a,RUN-20260821T114001,2026-08-21T11:40:01.305238+04:00
ITM-a935e2896bf42300,df7291cef46f93209fb03ff9c039d47a0e7212d35104b7927d7b204db2ec6a6f,OBS-FR-OI-SIMPLE-SOURCING-8,3a5c386500cd53b1784bb548d0555e2c225bcf9a7d02cef1b6041a600b62190a,RUN-20260821T114001,2026-08-21T11:40:01.305238+04:00
ITM-a954736eafe569de,a995f5b81168041dbd8ed5de60b1783fb01aeaf8ed2529c8add83d41a3b1dfed,OBS-FR-OI-SIMPLE-SOURCING-8,3a5c386500cd53b1784bb548d0555e2c225bcf9a7d02cef1b6041a600b62190a,RUN-20260821T114001,2026-08-21T11:40:01.305238+04:00
ITM-a9e391cbc4f07068,1861c2f69b269cdeac088a81bfd75e46c5141de92bbd6440d1b84f07b83c1ef4,OBS-FR-OI-SIMPLE-SOURCING-8,3a5c386500cd53b1784bb548d0555e2c225bcf9a7d02cef1b6041a600b62190a,RUN-20260821T114001,2026-08-21T11:40:01.305238+04:00
ITM-aa25adec433a94b1,1864381d8e28242c243671d1df8d88c535ba60ca38285ef277dad35bbb4da328,OBS-FR-OI-SIMPLE-SOURCING-8,3a5c386500cd53b1784bb548d0555e2c225bcf9a7d02cef1b6041a600b62190a,RUN-20260821T114001,2026-08-21T11:40:01.305238+04:00
ITM-aa8fb21d7be32c38,ddfc465e7939a26fb489f0b9744aa69aecc1a035260dfff4a473ba6905e64d31,OBS-FR-OI-SIMPLE-SOURCING-8,3a5c386500cd53b1784bb548d0555e2c225bcf9a7d02cef1b6041a600b62190a,RUN-20260821T114001,2026-08-21T11:40:01.305238+04:00
ITM-aa9b72699972ffc5,841a752045294ef9e758cc0b9d94648b394917725311799f8dc9b65c6a291273,OBS-FR-OI-SIMPLE-SOURCING-8,3a5c386500cd53b1784bb548d0555e2c225bcf9a7d02cef1b6041a600b62190a,RUN-20260821T114001,2026-08-21T11:40:01.305238+04:00
ITM-aadcd9745e9d382b,05aa0fa0fe57dde05f471f2115596fa1a5a705bafd57d753d2e2c0b87cfcf380,OBS-FR-OI-SIMPLE-SOURCING-8,3a5c386500cd53b1784bb548d0555e2c225bcf9a7d02cef1b6041a600b62190a,RUN-20260821T114001,2026-08-21T11:40:01.305238+04:00
ITM-ab2d908260eda1da,790d3fd50e0df1180e92ea53785c854049603fe6c76be2e4b202603bd3db2654,OBS-FR-OI-SIMPLE-SOURCING-8,3a5c386500cd53b1784bb548d0555e2c225bcf9a7d02cef1b6041a600b62190a,RUN-20260821T114001,2026-08-21T11:40:01.305238+04:00
ITM-ab5e3c71f5584819,ba2f1fec094bfc537957888441b28a5712793d32d1e984841b36f922f321e8b7,OBS-FR-OI-SIMPLE-SOURCING-8,3a5c386500cd53b1784bb548d0555e2c225bcf9a7d02cef1b6041a600b62190a,RUN-20260821T114001,2026-08-21T11:40:01.305238+04:00
ITM-ab75fc41eb5d5909,da96bc7de7ece797159f5567e3da6c005e60a15a49cda2bb6a70bfd98a8a36d8,OBS-FR-OI-SIMPLE-SOURCING-8,3a5c386500cd53b1784bb548d0555e2c225bcf9a7d02cef1b6041a600b62190a,RUN-20260821T114001,2026-08-21T11:40:01.305238+04:00
ITM-ab78e43de13dbffc,86f2a728d91ee60ee53f1492e7c668f389f95bcc7f607cade71c7a8473f3019f,OBS-FR-OI-SIMPLE-SOURCING-8,3a5c386500cd53b1784bb548d0555e2c225bcf9a7d02cef1b6041a600b62190a,RUN-20260821T114001,2026-08-21T11:40:01.305238+04:00
ITM-aba3d0296b074c1e,cf1314b0280ab6fd2611fb0900a093e5a25b2ed7976411ec857a74e7119c712c,OBS-FR-OI-SIMPLE-SOURCING-8,3a5c386500cd53b1784bb548d0555e2c225bcf9a7d02cef1b6041a600b62190a,RUN-20260821T114001,2026-08-21T11:40:01.305238+04:00
ITM-aba544c42eaedbb6,5903940886e4ccd5bf3c2ac025191035bb3b3c9ddb3555db1c70106f2f66a761,OBS-FR-OI-SIMPLE-SOURCING-8,3a5c386500cd53b1784bb548d0555e2c225bcf9a7d02cef1b6041a600b62190a,RUN-20260821T114001,2026-08-21T11:40:01.305238+04:00
ITM-ac19902efd22a9b5,426a574cf7e9d37fa100ecb4f5cbfefdd529f121aa9e98c4349857959396626b,OBS-FR-OI-SIMPLE-SOURCING-8,3a5c386500cd53b1784bb548d0555e2c225bcf9a7d02cef1b6041a600b62190a,RUN-20260821T114001,2026-08-21T11:40:01.305238+04:00
ITM-ac39f8f0affc1b99,865288782c78b02b541df44bd3c9dc35019d9f4eec93d34fb6e9668a55f03d66,OBS-FR-OI-SIMPLE-SOURCING-8,3a5c386500cd53b1784bb548d0555e2c225bcf9a7d02cef1b6041a600b62190a,RUN-20260821T114001,2026-08-21T11:40:01.305238+04:00
ITM-aca32618aa410ca5,f638a76cb262e93446f4055c945625b28b29460817212f0a410c394d99af48f7,OBS-FR-OI-SIMPLE-SOURCING-8,3a5c386500cd53b1784bb548d0555e2c225bcf9a7d02cef1b6041a600b62190a,RUN-20260821T114001,2026-08-21T11:40:01.305238+04:00
ITM-ad8244a335639038,4d70060e9a6468fc545bb90ef8c6bf8c6cce4d9808c08a32efbcebba27f740c9,OBS-FR-OI-SIMPLE-SOURCING-8,3a5c386500cd53b1784bb548d0555e2c225bcf9a7d02cef1b6041a600b62190a,RUN-20260821T114001,2026-08-21T11:40:01.305238+04:00
ITM-ae057fb8c00db297,c41d57203fba38656e3b7f4bb70a59383a58c9cba91cdd833e03106e738c830a,OBS-FR-OI-SIMPLE-SOURCING-8,3a5c386500cd53b1784bb548d0555e2c225bcf9a7d02cef1b6041a600b62190a,RUN-20260821T114001,2026-08-21T11:40:01.305238+04:00
ITM-ae6e1ceb651cc761,4b31de8dac13fbfee9acd628fe997b93729365c7752227a2692b7dff928ae6d7,OBS-FR-OI-SIMPLE-SOURCING-8,3a5c386500cd53b1784bb548d0555e2c225bcf9a7d02cef1b6041a600b62190a,RUN-20260821T114001,2026-08-21T11:40:01.305238+04:00
ITM-aeeae44604b6bc0b,973f5cffbde4eb096f97bc2a4e9eb3fd3aa08de4575873dd75a3e50ac353489e,OBS-FR-OI-SIMPLE-SOURCING-8,3a5c386500cd53b1784bb548d0555e2c225bcf9a7d02cef1b6041a600b62190a,RUN-20260821T114001,2026-08-21T11:40:01.305238+04:00
ITM-aef9f3bcd2b4716a,52944f2e7fe37ccd20ec22315e019b4dcdb8de15937bd7238e8e693204150c1c,OBS-FR-OI-SIMPLE-SOURCING-8,3a5c386500cd53b1784bb548d0555e2c225bcf9a7d02cef1b6041a600b62190a,RUN-20260821T114001,2026-08-21T11:40:01.305238+04:00
ITM-afb44d2fccc4b1df,deb97c141d74f287d2fa508fd3918038d677514d711a5cc68aa3d660bdf36079,OBS-FR-OI-SIMPLE-SOURCING-8,3a5c386500cd53b1784bb548d0555e2c225bcf9a7d02cef1b6041a600b62190a,RUN-20260821T114001,2026-08-21T11:40:01.305238+04:00
ITM-afc773a158f765dd,e2373c091f143e7c08fec2621ade3e0e8911add25b1ab025e26a3cd02166cfec,OBS-FR-OI-SIMPLE-SOURCING-8,3a5c386500cd53b1784bb548d0555e2c225bcf9a7d02cef1b6041a600b62190a,RUN-20260821T114001,2026-08-21T11:40:01.305238+04:00
ITM-b049b9a40149154f,6160787e65239aedbf37c764d7cf3ac7ed8e2efd9553c1dc147182b8d1ca67e2,OBS-FR-OI-SIMPLE-SOURCING-8,3a5c386500cd53b1784bb548d0555e2c225bcf9a7d02cef1b6041a600b62190a,RUN-20260821T114001,2026-08-21T11:40:01.305238+04:00
ITM-b04e502985266164,98f6edcff48769548114e6c1083be3b992bf99ab6ba944c81a6afd389ca0bce6,OBS-FR-OI-SIMPLE-SOURCING-8,3a5c386500cd53b1784bb548d0555e2c225bcf9a7d02cef1b6041a600b62190a,RUN-20260821T114001,2026-08-21T11:40:01.305238+04:00
ITM-b0891a9a217dbaa8,d3c4bb0f60950d6a72815fcc822887689f2fe779cd456f792ea82b40086c7234,OBS-FR-OI-SIMPLE-SOURCING-8,3a5c386500cd53b1784bb548d0555e2c225bcf9a7d02cef1b6041a600b62190a,RUN-20260821T114001,2026-08-21T11:40:01.305238+04:00
ITM-b0ddc3cf67573caa,900deb71cbbf8ae4a3e844d9b697ae5f63e2900fd3b544bfca3ced16460e08ac,OBS-FR-OI-SIMPLE-SOURCING-8,3a5c386500cd53b1784bb548d0555e2c225bcf9a7d02cef1b6041a600b62190a,RUN-20260821T114001,2026-08-21T11:40:01.305238+04:00
ITM-b16aac7c818c8355,4728f95e33ff14a1f9229f04a474f7bf5b8502082aadf9d875fc3698e3f118be,OBS-FR-OI-SIMPLE-SOURCING-8,3a5c386500cd53b1784bb548d0555e2c225bcf9a7d02cef1b6041a600b62190a,RUN-20260821T114001,2026-08-21T11:40:01.305238+04:00
ITM-b16cc486136d6422,10c22ddf55ce0feb7815f5a7f3e60f02532288e2cd3c03b10121a72fc6c8f2f5,OBS-FR-OI-SIMPLE-SOURCING-8,3a5c386500cd53b1784bb548d0555e2c225bcf9a7d02cef1b6041a600b62190a,RUN-20260821T114001,2026-08-21T11:40:01.305238+04:00
ITM-b19f56f106f4d9d0,f6065bedae994f442601140449ecd01e0b5c8d0cada1a0e702999986384148ae,OBS-FR-OI-SIMPLE-SOURCING-8,3a5c386500cd53b1784bb548d0555e2c225bcf9a7d02cef1b6041a600b62190a,RUN-20260821T114001,2026-08-21T11:40:01.305238+04:00
ITM-b254b646ab9aef23,fdae2e88c0bab77309bb8941caeb84c3f1755b4c6f336f051506ef06408ecbc5,OBS-FR-OI-SIMPLE-SOURCING-8,3a5c386500cd53b1784bb548d0555e2c225bcf9a7d02cef1b6041a600b62190a,RUN-20260821T114001,2026-08-21T11:40:01.305238+04:00
ITM-b2a439e3d1533f8a,687ea628f8431ea3c357d8381c2665ca88fbebf457f849dd4f9d7c84d1fcde9a,OBS-FR-OI-SIMPLE-SOURCING-8,3a5c386500cd53b1784bb548d0555e2c225bcf9a7d02cef1b6041a600b62190a,RUN-20260821T114001,2026-08-21T11:40:01.305238+04:00
ITM-b2b8dc0d3bc97d0d,3907d82fe4c9d7b0472c0f321e23c821cd871acacedd63be3f6fb1132d0e3ca3,OBS-FR-OI-SIMPLE-SOURCING-8,3a5c386500cd53b1784bb548d0555e2c225bcf9a7d02cef1b6041a600b62190a,RUN-20260821T114001,2026-08-21T11:40:01.305238+04:00
ITM-b2e59f48865b1285,d52cce70517dd532a62aaae0a6d357fe89ca120ced703fdb4c2676696a64edb4,OBS-FR-OI-SIMPLE-SOURCING-8,3a5c386500cd53b1784bb548d0555e2c225bcf9a7d02cef1b6041a600b62190a,RUN-20260821T114001,2026-08-21T11:40:01.305238+04:00
ITM-b399093caeec76f7,87e69f06bf824bb531367e13bcb6b10c8d16ddc538432f4295024526cd1e68d3,OBS-FR-OI-SIMPLE-SOURCING-8,3a5c386500cd53b1784bb548d0555e2c225bcf9a7d02cef1b6041a600b62190a,RUN-20260821T114001,2026-08-21T11:40:01.305238+04:00
ITM-b3f2d99e99e17110,200b5c1fe68d7e7e800a6a5ceccea00a1c3252f1141c7c0a0e06f75d225bcbb0,OBS-FR-OI-SIMPLE-SOURCING-8,3a5c386500cd53b1784bb548d0555e2c225bcf9a7d02cef1b6041a600b62190a,RUN-20260821T114001,2026-08-21T11:40:01.305238+04:00
ITM-b439381ec1c6ad4d,bd605e0c721988570c4d7b8836c01061122371b24453efed9bbafe7ffdb56a3f,OBS-FR-OI-SIMPLE-SOURCING-8,3a5c386500cd53b1784bb548d0555e2c225bcf9a7d02cef1b6041a600b62190a,RUN-20260821T114001,2026-08-21T11:40:01.305238+04:00
ITM-b44ea012e26fdae2,e3dbd7fe744f920d2137e421cab32242f47c82c166104bb8a20d094ab987f7e6,OBS-FR-OI-SIMPLE-SOURCING-8,3a5c386500cd53b1784bb548d0555e2c225bcf9a7d02cef1b6041a600b62190a,RUN-20260821T114001,2026-08-21T11:40:01.305238+04:00
ITM-b494106fa068356e,f6d92fa3f258959e918359c50f29d3199ddb1b1863f4ec87305775d4bc153f7c,OBS-FR-OI-SIMPLE-SOURCING-8,3a5c386500cd53b1784bb548d0555e2c225bcf9a7d02cef1b6041a600b62190a,RUN-20260821T114001,2026-08-21T11:40:01.305238+04:00
ITM-b5326d76500a093f,6e5f218f82ebaa29bd1e56ac430623e22fe34450b65cbef99479af44e17d20c5,OBS-FR-OI-SIMPLE-SOURCING-8,3a5c386500cd53b1784bb548d0555e2c225bcf9a7d02cef1b6041a600b62190a,RUN-20260821T114001,2026-08-21T11:40:01.305238+04:00
ITM-b542aac24c6bcd5b,2c48f6dbf6eabf581958f91c49d71331e468537ada5dc2711f172b99f988ee49,OBS-FR-OI-SIMPLE-SOURCING-8,3a5c386500cd53b1784bb548d0555e2c225bcf9a7d02cef1b6041a600b62190a,RUN-20260821T114001,2026-08-21T11:40:01.305238+04:00
ITM-b5c3b342000faf0a,d3e777202eff2ff56e745402cb37cc37e41fc24ed1185d6bd679f134e310139d,OBS-FR-OI-SIMPLE-SOURCING-8,3a5c386500cd53b1784bb548d0555e2c225bcf9a7d02cef1b6041a600b62190a,RUN-20260821T114001,2026-08-21T11:40:01.305238+04:00
ITM-b5fdd2d18d6b6f52,c43bfc9f30d3f4aa3edd144486214b24b713e42657369019ba339bce8b1b0a38,OBS-FR-OI-SIMPLE-SOURCING-8,3a5c386500cd53b1784bb548d0555e2c225bcf9a7d02cef1b6041a600b62190a,RUN-20260821T114001,2026-08-21T11:40:01.305238+04:00
ITM-b633d519b65e766e,bada42ac15f2c6865a0fa2333fac1c05ab928e5c8d92a6d430189aad758a3455,OBS-FR-OI-SIMPLE-SOURCING-8,3a5c386500cd53b1784bb548d0555e2c225bcf9a7d02cef1b6041a600b62190a,RUN-20260821T114001,2026-08-21T11:40:01.305238+04:00
ITM-b6394de3c04ade2e,22b5f07d1f75b498efcbaa407358f528053dc96c0d6fc58daf0819a73195ca3e,OBS-FR-OI-SIMPLE-SOURCING-8,3a5c386500cd53b1784bb548d0555e2c225bcf9a7d02cef1b6041a600b62190a,RUN-20260821T114001,2026-08-21T11:40:01.305238+04:00
ITM-b7099e3a9061d109,66bd02456f9cdd75d232cedc3cb7ddd55aa6104a2691611cb8d6f00f5c1c58c0,OBS-FR-OI-SIMPLE-SOURCING-8,3a5c386500cd53b1784bb548d0555e2c225bcf9a7d02cef1b6041a600b62190a,RUN-20260821T114001,2026-08-21T11:40:01.305238+04:00
ITM-b756d71522aca3e1,a101ae0970051ea656ef5b71de9684338b81ca4efe171a4037d49dec69d165c1,OBS-FR-OI-SIMPLE-SOURCING-8,3a5c386500cd53b1784bb548d0555e2c225bcf9a7d02cef1b6041a600b62190a,RUN-20260821T114001,2026-08-21T11:40:01.305238+04:00
ITM-b7ccfa4cc5840de5,9cafb705742e3a3ba5cea9e79a1b7a9c3ceec4aa553ea56266dda085359b17fe,OBS-FR-OI-SIMPLE-SOURCING-8,3a5c386500cd53b1784bb548d0555e2c225bcf9a7d02cef1b6041a600b62190a,RUN-20260821T114001,2026-08-21T11:40:01.305238+04:00
ITM-b83d200b5df2be76,702f83cf9206f1d0d532cc8f1a0bf2a7d7d139ed0571cbb52aefcc92f15cebe3,OBS-FR-OI-SIMPLE-SOURCING-8,3a5c386500cd53b1784bb548d0555e2c225bcf9a7d02cef1b6041a600b62190a,RUN-20260821T114001,2026-08-21T11:40:01.305238+04:00
ITM-b84cf8432daa801d,3d39017b582ce33ffe1e84b8199f3c0df89b4319e073ca1e26dc49b9bd7f1cfc,OBS-FR-OI-SIMPLE-SOURCING-8,3a5c386500cd53b1784bb548d0555e2c225bcf9a7d02cef1b6041a600b62190a,RUN-20260821T114001,2026-08-21T11:40:01.305238+04:00
ITM-b84e4685bfd4f8d2,a2482cd69af82d106941142ede7e672200abd1d80a71b6d8c4dc994a1bc25ce9,OBS-FR-OI-SIMPLE-SOURCING-8,3a5c386500cd53b1784bb548d0555e2c225bcf9a7d02cef1b6041a600b62190a,RUN-20260821T114001,2026-08-21T11:40:01.305238+04:00
ITM-b8abe8026abadbef,823e0d5f1046f658d0d93e061ab7388038de0a1e9f77395362260c1604565564,OBS-FR-OI-SIMPLE-SOURCING-8,3a5c386500cd53b1784bb548d0555e2c225bcf9a7d02cef1b6041a600b62190a,RUN-20260821T114001,2026-08-21T11:40:01.305238+04:00
ITM-b8f59e73458e855a,95405ea419cb6fab8743737f66a31991e74b4629bf90dd3a0e8a8fec4f0bc2cd,OBS-FR-OI-SIMPLE-SOURCING-8,3a5c386500cd53b1784bb548d0555e2c225bcf9a7d02cef1b6041a600b62190a,RUN-20260821T114001,2026-08-21T11:40:01.305238+04:00
ITM-b93a2aca2f972f30,1fead9602eea6f4d41c96ef3da6ccd41e8f8281e2db6654f43679ffebe8961e2,OBS-FR-OI-SIMPLE-SOURCING-8,3a5c386500cd53b1784bb548d0555e2c225bcf9a7d02cef1b6041a600b62190a,RUN-20260821T114001,2026-08-21T11:40:01.305238+04:00
ITM-b98ae133209fb9f2,255e48d25f028996fd8154b035917470b66cce550bdffb2517cd8b5aeaa37642,OBS-FR-OI-SIMPLE-SOURCING-8,3a5c386500cd53b1784bb548d0555e2c225bcf9a7d02cef1b6041a600b62190a,RUN-20260821T114001,2026-08-21T11:40:01.305238+04:00
ITM-b9d29b65529747b2,a6a5de56509dc80915d11f41277f3f582935fd5daef64a695a56e9e61d6fa88e,OBS-FR-OI-SIMPLE-SOURCING-8,3a5c386500cd53b1784bb548d0555e2c225bcf9a7d02cef1b6041a600b62190a,RUN-20260821T114001,2026-08-21T11:40:01.305238+04:00
ITM-b9d85bc9bae61ee5,974bc172cb97e9ba8408a9ba213709c24e554523f9690926dd3ed620f7d140f4,OBS-FR-OI-SIMPLE-SOURCING-8,3a5c386500cd53b1784bb548d0555e2c225bcf9a7d02cef1b6041a600b62190a,RUN-20260821T114001,2026-08-21T11:40:01.305238+04:00
ITM-ba1f25b580e58fba,0db8b7f861bcaa0090dfe920094ec12f8ee1d66c0cb42ad39ce8fa5815bde1d7,OBS-FR-OI-SIMPLE-SOURCING-8,3a5c386500cd53b1784bb548d0555e2c225bcf9a7d02cef1b6041a600b62190a,RUN-20260821T114001,2026-08-21T11:40:01.305238+04:00
ITM-ba8b77ddf30be74b,6955e4b0691ce7d5117804199ab2dbea576c5e8dcc24cc3e94dadb1d893e7e0a,OBS-FR-OI-SIMPLE-SOURCING-8,3a5c386500cd53b1784bb548d0555e2c225bcf9a7d02cef1b6041a600b62190a,RUN-20260821T114001,2026-08-21T11:40:01.305238+04:00
ITM-baa0fb47fe88a88f,048037e11d0b21d6265f2b8d58717ebdc4a0257b9fde9950c47f97803c762483,OBS-FR-OI-SIMPLE-SOURCING-8,3a5c386500cd53b1784bb548d0555e2c225bcf9a7d02cef1b6041a600b62190a,RUN-20260821T114001,2026-08-21T11:40:01.305238+04:00
ITM-baae2bcc12b6b999,05d4102f0f78c3946b273b521d403947d428295ce80c146ba1c3d2e701655219,OBS-FR-OI-SIMPLE-SOURCING-8,3a5c386500cd53b1784bb548d0555e2c225bcf9a7d02cef1b6041a600b62190a,RUN-20260821T114001,2026-08-21T11:40:01.305238+04:00
ITM-bb0576894f6aa30f,880998e02530e67b4a585fe50da2b284b13999face40ed515a63a2d99bd912b9,OBS-FR-OI-SIMPLE-SOURCING-8,3a5c386500cd53b1784bb548d0555e2c225bcf9a7d02cef1b6041a600b62190a,RUN-20260821T114001,2026-08-21T11:40:01.305238+04:00
ITM-bb13d17602511733,5174902ac3875294649111062fd46f6e72b7bedc06dd8f67f420fc92be24513f,OBS-FR-OI-SIMPLE-SOURCING-8,3a5c386500cd53b1784bb548d0555e2c225bcf9a7d02cef1b6041a600b62190a,RUN-20260821T114001,2026-08-21T11:40:01.305238+04:00
ITM-bb56377a9973ada2,37aef03a5e4f3e106d8bc4250760965cd5a361e98312faf0e5eaed09ee174e73,OBS-FR-OI-SIMPLE-SOURCING-8,3a5c386500cd53b1784bb548d0555e2c225bcf9a7d02cef1b6041a600b62190a,RUN-20260821T114001,2026-08-21T11:40:01.305238+04:00
ITM-bbb320037d561b6a,8305767b66e289b0d7c69621222b3ba472fdf538c87cdbea0817389a0b4075da,OBS-FR-OI-SIMPLE-SOURCING-8,3a5c386500cd53b1784bb548d0555e2c225bcf9a7d02cef1b6041a600b62190a,RUN-20260821T114001,2026-08-21T11:40:01.305238+04:00
ITM-bc4cd90ae231a88c,90533252f16410e9e4038b2db9f6890c203666f969804ec082daa9cf648dc217,OBS-FR-OI-SIMPLE-SOURCING-8,3a5c386500cd53b1784bb548d0555e2c225bcf9a7d02cef1b6041a600b62190a,RUN-20260821T114001,2026-08-21T11:40:01.305238+04:00
ITM-bc6df761f7629ee0,75d6e61dce4be2acad3350c0b6362e700fb62b28ad5fd711ab3ed7a1d870f99a,OBS-FR-OI-SIMPLE-SOURCING-8,3a5c386500cd53b1784bb548d0555e2c225bcf9a7d02cef1b6041a600b62190a,RUN-20260821T114001,2026-08-21T11:40:01.305238+04:00
ITM-bc8a73cd227f3239,ef9779badead36f0e897da248a9c3ca792d60501befef25ec7e64cf24196c155,OBS-FR-OI-SIMPLE-SOURCING-8,3a5c386500cd53b1784bb548d0555e2c225bcf9a7d02cef1b6041a600b62190a,RUN-20260821T114001,2026-08-21T11:40:01.305238+04:00
ITM-bc95baaaefb63a6f,880bdad1940649a4419c07b7a7ace79b1e272498520cf611cbb2de9933468d92,OBS-FR-OI-SIMPLE-SOURCING-8,3a5c386500cd53b1784bb548d0555e2c225bcf9a7d02cef1b6041a600b62190a,RUN-20260821T114001,2026-08-21T11:40:01.305238+04:00
ITM-bc9e362299d10a42,00fb3083c07d95d14a80de2a24dbb915fcefb34301e97a50b1a023363876ecad,OBS-FR-OI-SIMPLE-SOURCING-8,3a5c386500cd53b1784bb548d0555e2c225bcf9a7d02cef1b6041a600b62190a,RUN-20260821T114001,2026-08-21T11:40:01.305238+04:00
ITM-bd11c7e485a09175,48eabd88e3c184b9fd6ceeb61cd9981d9b13de5ae793cd3ee40c39469b8bf195,OBS-FR-OI-SIMPLE-SOURCING-8,3a5c386500cd53b1784bb548d0555e2c225bcf9a7d02cef1b6041a600b62190a,RUN-20260821T114001,2026-08-21T11:40:01.305238+04:00
ITM-bd52dba21c00c966,d0fd50e353c5d1478a44ac9cee3acfa058dfa55495a909a7f9724f76c7d299cf,OBS-FR-OI-SIMPLE-SOURCING-8,3a5c386500cd53b1784bb548d0555e2c225bcf9a7d02cef1b6041a600b62190a,RUN-20260821T114001,2026-08-21T11:40:01.305238+04:00
ITM-bd831565d9b32054,3974c37205f7860f547137865b712742e0c5921596b1ef50135ddd29e920b467,OBS-FR-OI-SIMPLE-SOURCING-8,3a5c386500cd53b1784bb548d0555e2c225bcf9a7d02cef1b6041a600b62190a,RUN-20260821T114001,2026-08-21T11:40:01.305238+04:00
ITM-bd9e3b1df8c48f96,43e67cab5f8091450abdd6b0b2564460bcc4cc14b752effb686947033b01a3e9,OBS-FR-OI-SIMPLE-SOURCING-8,3a5c386500cd53b1784bb548d0555e2c225bcf9a7d02cef1b6041a600b62190a,RUN-20260821T114001,2026-08-21T11:40:01.305238+04:00
ITM-bdcc43d12bf37809,0ec8c25e94f8d076e7221c5ee16f954c03bfd64b1e75260bc17e51108ef3641b,OBS-FR-OI-SIMPLE-SOURCING-8,3a5c386500cd53b1784bb548d0555e2c225bcf9a7d02cef1b6041a600b62190a,RUN-20260821T114001,2026-08-21T11:40:01.305238+04:00
ITM-be38d1b0fe5af572,4bf15e679d4d9e146f118d7dcaae14432124a24fea2a4cca8ab6cb664ab6f772,OBS-FR-OI-SIMPLE-SOURCING-8,3a5c386500cd53b1784bb548d0555e2c225bcf9a7d02cef1b6041a600b62190a,RUN-20260821T114001,2026-08-21T11:40:01.305238+04:00
ITM-be84f4700e6a9051,6b59260c327fb5c9672920c943f864c978a7a686e5fa80ae359c0dd53a2dd463,OBS-FR-OI-SIMPLE-SOURCING-8,3a5c386500cd53b1784bb548d0555e2c225bcf9a7d02cef1b6041a600b62190a,RUN-20260821T114001,2026-08-21T11:40:01.305238+04:00
ITM-be911ee1e26ce916,c455dfcc57e6379e593c2972a0dcbc64513c55795b945cb4e7cd883dc29ac283,OBS-FR-OI-SIMPLE-SOURCING-8,3a5c386500cd53b1784bb548d0555e2c225bcf9a7d02cef1b6041a600b62190a,RUN-20260821T114001,2026-08-21T11:40:01.305238+04:00
ITM-bef54a4a3bb5c9a9,e38c326762c671a12f85fbf0fbb4f3b0cc080ab9997ffa4fdefb032ff1c8c685,OBS-FR-OI-SIMPLE-SOURCING-8,3a5c386500cd53b1784bb548d0555e2c225bcf9a7d02cef1b6041a600b62190a,RUN-20260821T114001,2026-08-21T11:40:01.305238+04:00
ITM-bf5c091ca84d0052,df1e336e10ed8dcb7bc6076644f63f7d24537374c8c96dace6fa409a9a2b2bf8,OBS-FR-OI-SIMPLE-SOURCING-8,3a5c386500cd53b1784bb548d0555e2c225bcf9a7d02cef1b6041a600b62190a,RUN-20260821T114001,2026-08-21T11:40:01.305238+04:00
ITM-bf749ed5ff0d8336,0dd36465cc53dcc807d36f67f949b20bd4841618f2e7aefa141a4ae903afed0a,OBS-FR-OI-SIMPLE-SOURCING-8,3a5c386500cd53b1784bb548d0555e2c225bcf9a7d02cef1b6041a600b62190a,RUN-20260821T114001,2026-08-21T11:40:01.305238+04:00
ITM-bfc6a693480fb347,77cc90b2ee9dc5b11d0c187b271ad0357d77b200f8b14fc4d07146650983c331,OBS-FR-OI-SIMPLE-SOURCING-8,3a5c386500cd53b1784bb548d0555e2c225bcf9a7d02cef1b6041a600b62190a,RUN-20260821T114001,2026-08-21T11:40:01.305238+04:00
ITM-bfd05428131d7138,b1b5ad32b8eb6047404963301cf6c8c01cf896c5340d541985f531c028bd2c37,OBS-FR-OI-SIMPLE-SOURCING-8,3a5c386500cd53b1784bb548d0555e2c225bcf9a7d02cef1b6041a600b62190a,RUN-20260821T114001,2026-08-21T11:40:01.305238+04:00
ITM-bfd8e6d2d0921066,bc6853b0be0928bf3c0568978de6600c375464d42d6455be9a79407296a63f3e,OBS-FR-OI-SIMPLE-SOURCING-8,3a5c386500cd53b1784bb548d0555e2c225bcf9a7d02cef1b6041a600b62190a,RUN-20260821T114001,2026-08-21T11:40:01.305238+04:00
ITM-c0014f29d9b132d7,d019b5f7ea111a2ee0821c61fbfbb29079dd208757797534e5dfa7e826a074e9,OBS-FR-OI-SIMPLE-SOURCING-8,3a5c386500cd53b1784bb548d0555e2c225bcf9a7d02cef1b6041a600b62190a,RUN-20260821T114001,2026-08-21T11:40:01.305238+04:00
ITM-c05241ed01d8b313,78beebb07dc69df0ab21edd60bb77518dc893de50755e561cc528701eb08a81a,OBS-FR-OI-SIMPLE-SOURCING-8,3a5c386500cd53b1784bb548d0555e2c225bcf9a7d02cef1b6041a600b62190a,RUN-20260821T114001,2026-08-21T11:40:01.305238+04:00
ITM-c0642652474ead00,db497312638528ad655bb6c3809c3cab562589a9ab35ce72ca8a95b499dbf737,OBS-FR-OI-SIMPLE-SOURCING-8,3a5c386500cd53b1784bb548d0555e2c225bcf9a7d02cef1b6041a600b62190a,RUN-20260821T114001,2026-08-21T11:40:01.305238+04:00
ITM-c0a596a3dca82a10,7e977f7334eec5240d03240c5e850fa3b20ef0bbfd7cc716fffb07b510829680,OBS-FR-OI-SIMPLE-SOURCING-8,3a5c386500cd53b1784bb548d0555e2c225bcf9a7d02cef1b6041a600b62190a,RUN-20260821T114001,2026-08-21T11:40:01.305238+04:00
ITM-c0dd7d9d53fb5987,84abdb79a78b9612a61823f1a0a910f8fcc387086eb5c24a030f6582289aeea8,OBS-FR-OI-SIMPLE-SOURCING-8,3a5c386500cd53b1784bb548d0555e2c225bcf9a7d02cef1b6041a600b62190a,RUN-20260821T114001,2026-08-21T11:40:01.305238+04:00
ITM-c1696804ee7c16b8,5981113f12b0fbaa47de06316ca88b0d96c0b971e3d749fae2b73b90e842d486,OBS-FR-OI-SIMPLE-SOURCING-8,3a5c386500cd53b1784bb548d0555e2c225bcf9a7d02cef1b6041a600b62190a,RUN-20260821T114001,2026-08-21T11:40:01.305238+04:00
ITM-c16e9eb6c929d646,9cf58a79f88bb4ab4a922c211e7f8cdace48d92e2ab4620d6248902e81e0ab30,OBS-FR-OI-SIMPLE-SOURCING-8,3a5c386500cd53b1784bb548d0555e2c225bcf9a7d02cef1b6041a600b62190a,RUN-20260821T114001,2026-08-21T11:40:01.305238+04:00
ITM-c183629523269186,874aadf239a2c6a7950cd19b3978e3a1c5f4bbe350ac6c72bfb470fc40e6c88e,OBS-FR-OI-SIMPLE-SOURCING-8,3a5c386500cd53b1784bb548d0555e2c225bcf9a7d02cef1b6041a600b62190a,RUN-20260821T114001,2026-08-21T11:40:01.305238+04:00
ITM-c1c803f9c97e7fc9,0bd36a1d3c16aeedc9133efc1b48c4e5131f22da386a30d3cc849fafe21a2246,OBS-FR-OI-SIMPLE-SOURCING-8,3a5c386500cd53b1784bb548d0555e2c225bcf9a7d02cef1b6041a600b62190a,RUN-20260821T114001,2026-08-21T11:40:01.305238+04:00
ITM-c1d763ec6a8ad2e3,6936af9febf80c31d25440a6720e454cbb0de22742d4d5050686813c37f0f472,OBS-FR-OI-SIMPLE-SOURCING-8,3a5c386500cd53b1784bb548d0555e2c225bcf9a7d02cef1b6041a600b62190a,RUN-20260821T114001,2026-08-21T11:40:01.305238+04:00
ITM-c21731189ef7c509,390bf41cfea96b06c92145a68a4010c479ab52a7ee00cfda208160118174e6f0,OBS-FR-OI-SIMPLE-SOURCING-8,3a5c386500cd53b1784bb548d0555e2c225bcf9a7d02cef1b6041a600b62190a,RUN-20260821T114001,2026-08-21T11:40:01.305238+04:00
ITM-c24a41afa9a4ed45,35043b39944522a282a778925ff6e4186ca381b4501bb83ba21d26ebc158e7c0,OBS-FR-OI-SIMPLE-SOURCING-8,3a5c386500cd53b1784bb548d0555e2c225bcf9a7d02cef1b6041a600b62190a,RUN-20260821T114001,2026-08-21T11:40:01.305238+04:00
ITM-c2afda4adb1fae02,9bd8cc4e31fa207e52c13d4ce5432ce72089021f10020ec5a18914b0afd2222e,OBS-FR-OI-SIMPLE-SOURCING-8,3a5c386500cd53b1784bb548d0555e2c225bcf9a7d02cef1b6041a600b62190a,RUN-20260821T114001,2026-08-21T11:40:01.305238+04:00
ITM-c2ee72fcb6ba89cb,9c5cf4ac688704abf6f981ba5a48e50ac91ffbe08f0fa099588d4c3e76443656,OBS-FR-OI-SIMPLE-SOURCING-8,3a5c386500cd53b1784bb548d0555e2c225bcf9a7d02cef1b6041a600b62190a,RUN-20260821T114001,2026-08-21T11:40:01.305238+04:00
ITM-c36adf82e2aed6a3,c4e93df4c69436b34e6507bb56254cecc1d67f8d0f52ff91b5133ae642739f03,OBS-FR-OI-SIMPLE-SOURCING-8,3a5c386500cd53b1784bb548d0555e2c225bcf9a7d02cef1b6041a600b62190a,RUN-20260821T114001,2026-08-21T11:40:01.305238+04:00
ITM-c36d17638bb274fd,27c2b9d359dd21691423385384d5c406c92ffc3e95162e5e7ae8cb7245230017,OBS-FR-OI-SIMPLE-SOURCING-8,3a5c386500cd53b1784bb548d0555e2c225bcf9a7d02cef1b6041a600b62190a,RUN-20260821T114001,2026-08-21T11:40:01.305238+04:00
ITM-c36f9e339fcef7c2,e7d4655047a74dc46bc69606ac8a357a7007d85ff66c06c57529c29416ecac3c,OBS-FR-OI-SIMPLE-SOURCING-8,3a5c386500cd53b1784bb548d0555e2c225bcf9a7d02cef1b6041a600b62190a,RUN-20260821T114001,2026-08-21T11:40:01.305238+04:00
ITM-c389af547863c329,6bfd704eb134e68dbe8fc44609a184a978db453879028187c2adaf4a527b0e61,OBS-FR-OI-SIMPLE-SOURCING-8,3a5c386500cd53b1784bb548d0555e2c225bcf9a7d02cef1b6041a600b62190a,RUN-20260821T114001,2026-08-21T11:40:01.305238+04:00
ITM-c3aec95bc556f24e,89ab1ec70d2b0289797df4dfca20535ec2e352a862641cee0e49a34999339952,OBS-FR-OI-SIMPLE-SOURCING-8,3a5c386500cd53b1784bb548d0555e2c225bcf9a7d02cef1b6041a600b62190a,RUN-20260821T114001,2026-08-21T11:40:01.305238+04:00
ITM-c3c7300aaf9ce1f3,e0ecfad73668548fc45b7266c060f3a06ef2d55078886e0ca5611bf59eaa77d5,OBS-FR-OI-SIMPLE-SOURCING-8,3a5c386500cd53b1784bb548d0555e2c225bcf9a7d02cef1b6041a600b62190a,RUN-20260821T114001,2026-08-21T11:40:01.305238+04:00
ITM-c3e189cc721c6fd7,fd0e04a2a93351af492b454f7def16a6467767487454000f04b6d08e3ff170fa,OBS-FR-OI-SIMPLE-SOURCING-8,3a5c386500cd53b1784bb548d0555e2c225bcf9a7d02cef1b6041a600b62190a,RUN-20260821T114001,2026-08-21T11:40:01.305238+04:00
ITM-c44fd98342a51f6e,d8fa2af7ac4d039724e9d03c4ebc13a26a7abeeaf93351448f4c79eda3868a0e,OBS-FR-OI-SIMPLE-SOURCING-8,3a5c386500cd53b1784bb548d0555e2c225bcf9a7d02cef1b6041a600b62190a,RUN-20260821T114001,2026-08-21T11:40:01.305238+04:00
ITM-c4b4c011082dd04b,959f21ce7dfd577dc9bab04bc8990e9e8f090e61fd1db386974d998dcf3a44d5,OBS-FR-OI-SIMPLE-SOURCING-8,3a5c386500cd53b1784bb548d0555e2c225bcf9a7d02cef1b6041a600b62190a,RUN-20260821T114001,2026-08-21T11:40:01.305238+04:00
ITM-c507b969927dad37,9abdc30026f6ba023b99a55605856f061d3827a455d109c3734236122090cd1a,OBS-FR-OI-SIMPLE-SOURCING-8,3a5c386500cd53b1784bb548d0555e2c225bcf9a7d02cef1b6041a600b62190a,RUN-20260821T114001,2026-08-21T11:40:01.305238+04:00
ITM-c538f9c068d04c25,782388f2ed2ccb2210d574c791a8a648069e4a643e59f9ac6900270c99bfa7cb,OBS-FR-OI-SIMPLE-SOURCING-8,3a5c386500cd53b1784bb548d0555e2c225bcf9a7d02cef1b6041a600b62190a,RUN-20260821T114001,2026-08-21T11:40:01.305238+04:00
ITM-c55ae9e6cb1ea980,2066bd1e0f9f1b741013058d82679e6b5838b8a96e483aa932d5ee27aeecaaad,OBS-FR-OI-SIMPLE-SOURCING-8,3a5c386500cd53b1784bb548d0555e2c225bcf9a7d02cef1b6041a600b62190a,RUN-20260821T114001,2026-08-21T11:40:01.305238+04:00
ITM-c5861529ddc6e2b8,dd67f6800d9d6953f96558ec7fad63e4dc00ccf6f84b2c15424390e3df949816,OBS-FR-OI-SIMPLE-SOURCING-8,3a5c386500cd53b1784bb548d0555e2c225bcf9a7d02cef1b6041a600b62190a,RUN-20260821T114001,2026-08-21T11:40:01.305238+04:00
ITM-c58f43838542b80e,81ee86fbc83f06630153f20cfdd75d3dff5ed5f9f73775041b219131d4c15017,OBS-FR-OI-SIMPLE-SOURCING-8,3a5c386500cd53b1784bb548d0555e2c225bcf9a7d02cef1b6041a600b62190a,RUN-20260821T114001,2026-08-21T11:40:01.305238+04:00
ITM-c5b1a45c1f6d719b,bd18cf93a76069f1fef725c8624fd29be928ba0a5bf4cd53478d9de517b5500f,OBS-FR-OI-SIMPLE-SOURCING-8,3a5c386500cd53b1784bb548d0555e2c225bcf9a7d02cef1b6041a600b62190a,RUN-20260821T114001,2026-08-21T11:40:01.305238+04:00
ITM-c5c173e47248dd47,855de64e9fef842ef9a42f62c04d89088b04b3b9771985dacdc28897ca5008a7,OBS-FR-OI-SIMPLE-SOURCING-8,3a5c386500cd53b1784bb548d0555e2c225bcf9a7d02cef1b6041a600b62190a,RUN-20260821T114001,2026-08-21T11:40:01.305238+04:00
ITM-c5d6e68764f9a13e,bbf41f338e9f56660ad043821e739900d57c731e0f11d4390e2fc54c64f8a161,OBS-FR-OI-SIMPLE-SOURCING-8,3a5c386500cd53b1784bb548d0555e2c225bcf9a7d02cef1b6041a600b62190a,RUN-20260821T114001,2026-08-21T11:40:01.305238+04:00
ITM-c60c614239f45a5a,665a3374499de15483b4b2006f1f63b5e27ff201f09a3efc1fa469f17b438d76,OBS-FR-OI-SIMPLE-SOURCING-8,3a5c386500cd53b1784bb548d0555e2c225bcf9a7d02cef1b6041a600b62190a,RUN-20260821T114001,2026-08-21T11:40:01.305238+04:00
ITM-c621479dcef4906e,2a3bc6fcb36bba2ada7827e2fe6b73f149f432134b8c8a6c6343ae8eb71859f3,OBS-FR-OI-SIMPLE-SOURCING-8,3a5c386500cd53b1784bb548d0555e2c225bcf9a7d02cef1b6041a600b62190a,RUN-20260821T114001,2026-08-21T11:40:01.305238+04:00
ITM-c67b5d5ab01b9115,fcd9cb7704cd85c4b500b222a531ab36e94f193a3025b7f47da224255565b6e2,OBS-FR-OI-SIMPLE-SOURCING-8,3a5c386500cd53b1784bb548d0555e2c225bcf9a7d02cef1b6041a600b62190a,RUN-20260821T114001,2026-08-21T11:40:01.305238+04:00
ITM-c78e4e6f84e53d74,5d838d73e16219194e1c071441c14ba2605ce35283c2afa7a359236807e24e69,OBS-FR-OI-SIMPLE-SOURCING-8,3a5c386500cd53b1784bb548d0555e2c225bcf9a7d02cef1b6041a600b62190a,RUN-20260821T114001,2026-08-21T11:40:01.305238+04:00
ITM-c7e78c27eef98f6c,169b5af7eb86e86656da8f87b93366d64296409b8e4b0ba2c4eecff408a4e146,OBS-FR-OI-SIMPLE-SOURCING-8,3a5c386500cd53b1784bb548d0555e2c225bcf9a7d02cef1b6041a600b62190a,RUN-20260821T114001,2026-08-21T11:40:01.305238+04:00
ITM-c832da4cf95fd1f6,65b4b45563d6dff984ac68a5200bd69a0601abbe5ef60437eb93fe6f28e9b46b,OBS-FR-OI-SIMPLE-SOURCING-8,3a5c386500cd53b1784bb548d0555e2c225bcf9a7d02cef1b6041a600b62190a,RUN-20260821T114001,2026-08-21T11:40:01.305238+04:00
ITM-c842c5f7cd3989e3,87db0d77a0a5eda5b704801b068a78d50f45739dcf89483582e5eb66740096e7,OBS-FR-OI-SIMPLE-SOURCING-8,3a5c386500cd53b1784bb548d0555e2c225bcf9a7d02cef1b6041a600b62190a,RUN-20260821T114001,2026-08-21T11:40:01.305238+04:00
ITM-c85694f011094907,e71695fde190953000bdae86e7446c37a2f06f77015a0440ba4a561584bf4155,OBS-FR-OI-SIMPLE-SOURCING-8,3a5c386500cd53b1784bb548d0555e2c225bcf9a7d02cef1b6041a600b62190a,RUN-20260821T114001,2026-08-21T11:40:01.305238+04:00
ITM-c9580edbb16db01d,c591d3b3f9d074c7c5926699391b6e84b16a955c85335e05ac8146ee7b32d04c,OBS-FR-OI-SIMPLE-SOURCING-8,3a5c386500cd53b1784bb548d0555e2c225bcf9a7d02cef1b6041a600b62190a,RUN-20260821T114001,2026-08-21T11:40:01.305238+04:00
ITM-c98e62d20fec910a,f55138d82ba679ab507036f75c4afeeff07b0ddd790a1bbe4ae8d8691137e9ac,OBS-FR-OI-SIMPLE-SOURCING-8,3a5c386500cd53b1784bb548d0555e2c225bcf9a7d02cef1b6041a600b62190a,RUN-20260821T114001,2026-08-21T11:40:01.305238+04:00
ITM-c9fed154f8e2461f,3fcf38e544ac3ad9dd59ec83636c8cd275541990c80c33494a36f27b9b136a53,OBS-FR-OI-SIMPLE-SOURCING-8,3a5c386500cd53b1784bb548d0555e2c225bcf9a7d02cef1b6041a600b62190a,RUN-20260821T114001,2026-08-21T11:40:01.305238+04:00
ITM-ca067630b425e2dc,c4fa663f2328ec98543d64f0f1fcf5f9f633c2867acf03f36b19467381353744,OBS-FR-OI-SIMPLE-SOURCING-8,3a5c386500cd53b1784bb548d0555e2c225bcf9a7d02cef1b6041a600b62190a,RUN-20260821T114001,2026-08-21T11:40:01.305238+04:00
ITM-ca7f0a3243815e6c,2d4bde01db4e86b09739c2ab0c1b77cf97d5a4eb4fb9b2be1eac4b070a3f1a95,OBS-FR-OI-SIMPLE-SOURCING-8,3a5c386500cd53b1784bb548d0555e2c225bcf9a7d02cef1b6041a600b62190a,RUN-20260821T114001,2026-08-21T11:40:01.305238+04:00
ITM-ca8b03dfc8c45eeb,f357f26ba05e24d8e3098c3a7aa73a75f9462ac41a24a023ffea4cc7432c50d5,OBS-FR-OI-SIMPLE-SOURCING-8,3a5c386500cd53b1784bb548d0555e2c225bcf9a7d02cef1b6041a600b62190a,RUN-20260821T114001,2026-08-21T11:40:01.305238+04:00
ITM-ca9ac8b47f4a0789,4befeffe7f0db660584dbc240ca5bb66d42214aee66154cb7faf2d31b6014377,OBS-FR-OI-SIMPLE-SOURCING-8,3a5c386500cd53b1784bb548d0555e2c225bcf9a7d02cef1b6041a600b62190a,RUN-20260821T114001,2026-08-21T11:40:01.305238+04:00
ITM-caeb675602bbf77f,366fe57fd96b0d5ba7a589ce5b1ba74c694b8e770e226edcf3d6afc41cbe78c4,OBS-FR-OI-SIMPLE-SOURCING-8,3a5c386500cd53b1784bb548d0555e2c225bcf9a7d02cef1b6041a600b62190a,RUN-20260821T114001,2026-08-21T11:40:01.305238+04:00
ITM-cb125fc4a05c20db,957ba7277ba902a9e3c5e320f9c4974185459abbc4482e9fe6e478e58f671719,OBS-FR-OI-SIMPLE-SOURCING-8,3a5c386500cd53b1784bb548d0555e2c225bcf9a7d02cef1b6041a600b62190a,RUN-20260821T114001,2026-08-21T11:40:01.305238+04:00
ITM-cb88c9b2a409830f,aa9777d50bf71a961dcb8dd16de311a47ffc7c53c79c52b9c5613a2f33007045,OBS-FR-OI-SIMPLE-SOURCING-8,3a5c386500cd53b1784bb548d0555e2c225bcf9a7d02cef1b6041a600b62190a,RUN-20260821T114001,2026-08-21T11:40:01.305238+04:00
ITM-cb938c2a8dfa6eb0,522c6868f8fdc4218e8cd1b5905968dc32c9c063709102484b31d9029c4432b4,OBS-FR-OI-SIMPLE-SOURCING-8,3a5c386500cd53b1784bb548d0555e2c225bcf9a7d02cef1b6041a600b62190a,RUN-20260821T114001,2026-08-21T11:40:01.305238+04:00
ITM-cccbb065e9daf7f6,6f19ef3749460a8579cdc5955f7bf5517898909d713805baa79640121922be4b,OBS-FR-OI-SIMPLE-SOURCING-8,3a5c386500cd53b1784bb548d0555e2c225bcf9a7d02cef1b6041a600b62190a,RUN-20260821T114001,2026-08-21T11:40:01.305238+04:00
ITM-ccd403e172173939,2fda7bd6d11e450cef2e147df4dc6e85e8b66886df8acbf1c92ff7937e9fca2d,OBS-FR-OI-SIMPLE-SOURCING-8,3a5c386500cd53b1784bb548d0555e2c225bcf9a7d02cef1b6041a600b62190a,RUN-20260821T114001,2026-08-21T11:40:01.305238+04:00
ITM-ccf5491ab2cd980d,b6377253d6f94fe96656a7ff7cdfa3beb887a42757d73e1442ba93699f268907,OBS-FR-OI-SIMPLE-SOURCING-8,3a5c386500cd53b1784bb548d0555e2c225bcf9a7d02cef1b6041a600b62190a,RUN-20260821T114001,2026-08-21T11:40:01.305238+04:00
ITM-cd30e9a8b647f4f9,a4fd3122be1877cb87d65c6bd06a41c878466bdc22bda8b8c7cf915e53a413cf,OBS-FR-OI-SIMPLE-SOURCING-8,3a5c386500cd53b1784bb548d0555e2c225bcf9a7d02cef1b6041a600b62190a,RUN-20260821T114001,2026-08-21T11:40:01.305238+04:00
ITM-cd6e9a635bc24784,a82b9ca7340d4a0d338f0b82a603b934ece9b5e05f3c891214ea5c12ad04bd82,OBS-FR-OI-SIMPLE-SOURCING-8,3a5c386500cd53b1784bb548d0555e2c225bcf9a7d02cef1b6041a600b62190a,RUN-20260821T114001,2026-08-21T11:40:01.305238+04:00
ITM-cd8749b027c1c9f4,bbdcc322420059657b12d7c7795261a6cac356d9684a2502e7e0f8ff453eb5e5,OBS-FR-OI-SIMPLE-SOURCING-8,3a5c386500cd53b1784bb548d0555e2c225bcf9a7d02cef1b6041a600b62190a,RUN-20260821T114001,2026-08-21T11:40:01.305238+04:00
ITM-cd88c1584e907ee6,e78dc487461258d5447fa4342c2235cabb6955576456f760d9b639f0acbe3bc4,OBS-FR-OI-SIMPLE-SOURCING-8,3a5c386500cd53b1784bb548d0555e2c225bcf9a7d02cef1b6041a600b62190a,RUN-20260821T114001,2026-08-21T11:40:01.305238+04:00
ITM-cdd54044e6c334cc,014fbe7de11783473e954992a56214a8632c509be7931ad3b2b714958098fcbb,OBS-FR-OI-SIMPLE-SOURCING-8,3a5c386500cd53b1784bb548d0555e2c225bcf9a7d02cef1b6041a600b62190a,RUN-20260821T114001,2026-08-21T11:40:01.305238+04:00
ITM-ce18df22a525e6e8,95e0487489dd12b693508dc575dcdf816afed6e614534b5dba91c9dc91f943a5,OBS-FR-OI-SIMPLE-SOURCING-8,3a5c386500cd53b1784bb548d0555e2c225bcf9a7d02cef1b6041a600b62190a,RUN-20260821T114001,2026-08-21T11:40:01.305238+04:00
ITM-ce1fc2e7b68d61d9,5fcc4341be0b78b4c234883ba4c81ac23ce0cbdfc891db49ec5fec0cb8e02085,OBS-FR-OI-SIMPLE-SOURCING-8,3a5c386500cd53b1784bb548d0555e2c225bcf9a7d02cef1b6041a600b62190a,RUN-20260821T114001,2026-08-21T11:40:01.305238+04:00
ITM-ce24145b3039bbc0,45aec8b6c7e0fd5ddd4489319f20229ce6ff8244516eef2a36ed40c456a64ab9,OBS-FR-OI-SIMPLE-SOURCING-8,3a5c386500cd53b1784bb548d0555e2c225bcf9a7d02cef1b6041a600b62190a,RUN-20260821T114001,2026-08-21T11:40:01.305238+04:00
ITM-ce51e4cd76737af7,baf7a3c0dd708fef5fb8287c3f15965a37bfbe1e476d9686a6f7321f467baf2f,OBS-FR-OI-SIMPLE-SOURCING-8,3a5c386500cd53b1784bb548d0555e2c225bcf9a7d02cef1b6041a600b62190a,RUN-20260821T114001,2026-08-21T11:40:01.305238+04:00
ITM-ce752a744dba5618,5f33a5322062dd5e499982449c47cc900d09abe4f763a65a29ebe281509c983f,OBS-FR-OI-SIMPLE-SOURCING-8,3a5c386500cd53b1784bb548d0555e2c225bcf9a7d02cef1b6041a600b62190a,RUN-20260821T114001,2026-08-21T11:40:01.305238+04:00
ITM-ce8ac7a39d01a15a,688a620317bac106ac50e8be6a0fdd77b3c94e8e9545b08323845cd8a941dfdd,OBS-FR-OI-SIMPLE-SOURCING-8,3a5c386500cd53b1784bb548d0555e2c225bcf9a7d02cef1b6041a600b62190a,RUN-20260821T114001,2026-08-21T11:40:01.305238+04:00
ITM-ce8f85e1f54ddb77,efad4fa5085fa360ab56ccaa589de5f41997dbd7ae7eb94e86f4e97abfb154ba,OBS-FR-OI-SIMPLE-SOURCING-8,3a5c386500cd53b1784bb548d0555e2c225bcf9a7d02cef1b6041a600b62190a,RUN-20260821T114001,2026-08-21T11:40:01.305238+04:00
ITM-ceb260515060909c,239947638cbafabca97c2e6f731c3ece1b101a30bfc7c2331f4a35e81df73158,OBS-FR-OI-SIMPLE-SOURCING-8,3a5c386500cd53b1784bb548d0555e2c225bcf9a7d02cef1b6041a600b62190a,RUN-20260821T114001,2026-08-21T11:40:01.305238+04:00
ITM-ceb889fb3480c817,38ded3309893a13b8f91952d2abf2aa717a7c2cee2e720c438ef5d22e11baa99,OBS-FR-OI-SIMPLE-SOURCING-8,3a5c386500cd53b1784bb548d0555e2c225bcf9a7d02cef1b6041a600b62190a,RUN-20260821T114001,2026-08-21T11:40:01.305238+04:00
ITM-cecbb98655e18daf,8f7380bc63d6eef503ba0a0a2d4e79a58ee5bbe10ac6fd9a86b317034e52ad21,OBS-FR-OI-SIMPLE-SOURCING-8,3a5c386500cd53b1784bb548d0555e2c225bcf9a7d02cef1b6041a600b62190a,RUN-20260821T114001,2026-08-21T11:40:01.305238+04:00
ITM-cef674ff9773f734,c4fc5bed6f9d3bab169dd9c0d3fda57056fc03cdc353eaa2902632827c88039b,OBS-FR-OI-SIMPLE-SOURCING-8,3a5c386500cd53b1784bb548d0555e2c225bcf9a7d02cef1b6041a600b62190a,RUN-20260821T114001,2026-08-21T11:40:01.305238+04:00
ITM-cf02526a534d66c5,63f3f3a7739a358d1c30913a69463bd5d747786e0ba47e69dbc0a9c6aa44a0d5,OBS-FR-OI-SIMPLE-SOURCING-8,3a5c386500cd53b1784bb548d0555e2c225bcf9a7d02cef1b6041a600b62190a,RUN-20260821T114001,2026-08-21T11:40:01.305238+04:00
ITM-cf04b1c55e5b841a,31e175a99d1bfc8fc1f6ad6efe37c103a5324931d928a65848e20e8ebbeeb2a9,OBS-FR-OI-SIMPLE-SOURCING-8,3a5c386500cd53b1784bb548d0555e2c225bcf9a7d02cef1b6041a600b62190a,RUN-20260821T114001,2026-08-21T11:40:01.305238+04:00
ITM-cf1ac71d277f667b,038b86224c508b5edbc6ca31d0e59d1a22ad0f36e2652a849f6db6be111454ff,OBS-FR-OI-SIMPLE-SOURCING-8,3a5c386500cd53b1784bb548d0555e2c225bcf9a7d02cef1b6041a600b62190a,RUN-20260821T114001,2026-08-21T11:40:01.305238+04:00
ITM-cf6e1c9d4ed6b8a4,1a8f48f7423fed0c067ca0d332d3830e0950503316bcdc8cf29c9f54da5d3b84,OBS-FR-OI-SIMPLE-SOURCING-8,3a5c386500cd53b1784bb548d0555e2c225bcf9a7d02cef1b6041a600b62190a,RUN-20260821T114001,2026-08-21T11:40:01.305238+04:00
ITM-cf71d3eb1d53642b,31f7d6825d3a5b819e4cf58b631f845b42dafd5376b19627d3403204b48b7ba3,OBS-FR-OI-SIMPLE-SOURCING-8,3a5c386500cd53b1784bb548d0555e2c225bcf9a7d02cef1b6041a600b62190a,RUN-20260821T114001,2026-08-21T11:40:01.305238+04:00
ITM-cfef6105a170d038,dadf63f18aae2252f856972005cc1a00dabcb22c802e591702326bd5f7051e3c,OBS-FR-OI-SIMPLE-SOURCING-8,3a5c386500cd53b1784bb548d0555e2c225bcf9a7d02cef1b6041a600b62190a,RUN-20260821T114001,2026-08-21T11:40:01.305238+04:00
ITM-cffdf16cf3a079cd,df60872bc5fe97c9baefc78161045171f8c69a367c0a8b2271df368244a7c6dc,OBS-FR-OI-SIMPLE-SOURCING-8,3a5c386500cd53b1784bb548d0555e2c225bcf9a7d02cef1b6041a600b62190a,RUN-20260821T114001,2026-08-21T11:40:01.305238+04:00
ITM-d08086f886b642e8,1846b31097d877fef989acf96ba9c3f94e143f459863e0a2834e8cb2d77f4b2b,OBS-FR-OI-SIMPLE-SOURCING-8,3a5c386500cd53b1784bb548d0555e2c225bcf9a7d02cef1b6041a600b62190a,RUN-20260821T114001,2026-08-21T11:40:01.305238+04:00
ITM-d0bae6afaee7a926,bb8f17d034de8f360829629c590cd3691b1e06c6ffc56a3a5d6188983813f6df,OBS-FR-OI-SIMPLE-SOURCING-8,3a5c386500cd53b1784bb548d0555e2c225bcf9a7d02cef1b6041a600b62190a,RUN-20260821T114001,2026-08-21T11:40:01.305238+04:00
ITM-d0c4e4e46300d8ab,a72d5c1177ef59e619a48ce0f547b5e7941da54a72baca376ee9733c22a58bae,OBS-FR-OI-SIMPLE-SOURCING-8,3a5c386500cd53b1784bb548d0555e2c225bcf9a7d02cef1b6041a600b62190a,RUN-20260821T114001,2026-08-21T11:40:01.305238+04:00
ITM-d0f4301554d6490e,f7bf12ab44986c56539e45a39939a61a7d102419662c309507248559a3d0f99c,OBS-FR-OI-SIMPLE-SOURCING-8,3a5c386500cd53b1784bb548d0555e2c225bcf9a7d02cef1b6041a600b62190a,RUN-20260821T114001,2026-08-21T11:40:01.305238+04:00
ITM-d1faa0e5ff8862b0,99316517c4d548984c3147dd21a3f21abb2f67da100644a5702152640be93767,OBS-FR-OI-SIMPLE-SOURCING-8,3a5c386500cd53b1784bb548d0555e2c225bcf9a7d02cef1b6041a600b62190a,RUN-20260821T114001,2026-08-21T11:40:01.305238+04:00
ITM-d250833332bab181,2822f07e117bbc97a6c5812fae57e5d27f86b46aeee3d0b0be317184f7fc929a,OBS-FR-OI-SIMPLE-SOURCING-8,3a5c386500cd53b1784bb548d0555e2c225bcf9a7d02cef1b6041a600b62190a,RUN-20260821T114001,2026-08-21T11:40:01.305238+04:00
ITM-d2628fb1acb04f88,313c7185cf74769060bc6863901ed1f362d5c23e0e3e999f35dc00addb3524e3,OBS-FR-OI-SIMPLE-SOURCING-8,3a5c386500cd53b1784bb548d0555e2c225bcf9a7d02cef1b6041a600b62190a,RUN-20260821T114001,2026-08-21T11:40:01.305238+04:00
ITM-d26dae0072b444e8,4ff157d0333b52112dc045a5f843a9392e46a2ab12308cd7e07700c5033bcbd2,OBS-FR-OI-SIMPLE-SOURCING-8,3a5c386500cd53b1784bb548d0555e2c225bcf9a7d02cef1b6041a600b62190a,RUN-20260821T114001,2026-08-21T11:40:01.305238+04:00
ITM-d28051fafeac1245,380e0a9e763d0bf283286f54a3cb503a75cd6dc21e5956093e58b2656879cb47,OBS-FR-OI-SIMPLE-SOURCING-8,3a5c386500cd53b1784bb548d0555e2c225bcf9a7d02cef1b6041a600b62190a,RUN-20260821T114001,2026-08-21T11:40:01.305238+04:00
ITM-d2d1dcd7fa40be8e,6872e01e5ac9201d5b1d698014828552878af4ddeb98d6b2cf8a4b5e99aceb07,OBS-FR-OI-SIMPLE-SOURCING-8,3a5c386500cd53b1784bb548d0555e2c225bcf9a7d02cef1b6041a600b62190a,RUN-20260821T114001,2026-08-21T11:40:01.305238+04:00
ITM-d321a147e33b0576,c648cde0655735cee94c95bc7daaccbce16e4442ead3fd983461a6b8642268f6,OBS-FR-OI-SIMPLE-SOURCING-8,3a5c386500cd53b1784bb548d0555e2c225bcf9a7d02cef1b6041a600b62190a,RUN-20260821T114001,2026-08-21T11:40:01.305238+04:00
ITM-d36badbf794e3abd,a6e2a56093a14da41cd0f494959eb31686d997c508e57c57fc2505f70a7312aa,OBS-FR-OI-SIMPLE-SOURCING-8,3a5c386500cd53b1784bb548d0555e2c225bcf9a7d02cef1b6041a600b62190a,RUN-20260821T114001,2026-08-21T11:40:01.305238+04:00
ITM-d36bcd540023748b,2dbfbc581d2965b328dda2f28af6667a72b49677dca0accca3ad76ab27f61567,OBS-FR-OI-SIMPLE-SOURCING-8,3a5c386500cd53b1784bb548d0555e2c225bcf9a7d02cef1b6041a600b62190a,RUN-20260821T114001,2026-08-21T11:40:01.305238+04:00
ITM-d3a051b6eea96d4f,3f393262321fde36a2a23d8da498bebff949d8720bd5542504a5b278f98259d2,OBS-FR-OI-SIMPLE-SOURCING-8,3a5c386500cd53b1784bb548d0555e2c225bcf9a7d02cef1b6041a600b62190a,RUN-20260821T114001,2026-08-21T11:40:01.305238+04:00
ITM-d3f714f5383f6a9d,9473db4e9fda307ea1d0cc2f9cc1f23bbdfad72a71fc88cc48cdd3bf0c6d0277,OBS-FR-OI-SIMPLE-SOURCING-8,3a5c386500cd53b1784bb548d0555e2c225bcf9a7d02cef1b6041a600b62190a,RUN-20260821T114001,2026-08-21T11:40:01.305238+04:00
ITM-d46bf80844cdff78,f153eb92411e75470eb2cb9bee19ec0b2d5fe29cdb6bd6fc55ae38510b7478f1,OBS-FR-OI-SIMPLE-SOURCING-8,3a5c386500cd53b1784bb548d0555e2c225bcf9a7d02cef1b6041a600b62190a,RUN-20260821T114001,2026-08-21T11:40:01.305238+04:00
ITM-d48c60eacc212e96,74d7a864534a94d9010d554a5449163684e344205b7dab71e1f2c7e325956f81,OBS-FR-OI-SIMPLE-SOURCING-8,3a5c386500cd53b1784bb548d0555e2c225bcf9a7d02cef1b6041a600b62190a,RUN-20260821T114001,2026-08-21T11:40:01.305238+04:00
ITM-d48f00fd5761f252,24f2e447c0250a643d54919b636d50b796578490c8fa0ee54359b64e21264b6a,OBS-FR-OI-SIMPLE-SOURCING-8,3a5c386500cd53b1784bb548d0555e2c225bcf9a7d02cef1b6041a600b62190a,RUN-20260821T114001,2026-08-21T11:40:01.305238+04:00
ITM-d4b8d8befcf5dab4,b2301c0f2d92d22792f6294d0b224f8b81967c715aa7d21cc63a612fb68dcea4,OBS-FR-OI-SIMPLE-SOURCING-8,3a5c386500cd53b1784bb548d0555e2c225bcf9a7d02cef1b6041a600b62190a,RUN-20260821T114001,2026-08-21T11:40:01.305238+04:00
ITM-d4f6befb84bab55c,15192284eaf56f155de709ce4d913431c0e2c406896ef44ab3bad0565d6b25d1,OBS-FR-OI-SIMPLE-SOURCING-8,3a5c386500cd53b1784bb548d0555e2c225bcf9a7d02cef1b6041a600b62190a,RUN-20260821T114001,2026-08-21T11:40:01.305238+04:00
ITM-d54fc0e27ec1d10d,56a50d26fcc12a95750127dd99ba556d1c09da91027a1254e49bf74812d60503,OBS-FR-OI-SIMPLE-SOURCING-8,3a5c386500cd53b1784bb548d0555e2c225bcf9a7d02cef1b6041a600b62190a,RUN-20260821T114001,2026-08-21T11:40:01.305238+04:00
ITM-d56d0476ec3ac7a7,910793987dce506a428533b1c39fa12d80fa3c9de8773f561006d0cfccbfbb1b,OBS-FR-OI-SIMPLE-SOURCING-8,3a5c386500cd53b1784bb548d0555e2c225bcf9a7d02cef1b6041a600b62190a,RUN-20260821T114001,2026-08-21T11:40:01.305238+04:00
ITM-d5db638faf36933a,f42c23a818d2f51fe45bab8e05ca861b554338458ebae008ceb5bc43b00d524c,OBS-FR-OI-SIMPLE-SOURCING-8,3a5c386500cd53b1784bb548d0555e2c225bcf9a7d02cef1b6041a600b62190a,RUN-20260821T114001,2026-08-21T11:40:01.305238+04:00
ITM-d6ecd9f9ba150106,4e2dd6f4e21c71eb9339e938341acaf0ba5e81f57a8fa8c4cc4e83d4510e3939,OBS-FR-OI-SIMPLE-SOURCING-8,3a5c386500cd53b1784bb548d0555e2c225bcf9a7d02cef1b6041a600b62190a,RUN-20260821T114001,2026-08-21T11:40:01.305238+04:00
ITM-d707eb7f81a94033,d6d50d6e3dd79b23c8e6624b9a66b70881d5f50843329bda320a5787b5b3cb4b,OBS-FR-OI-SIMPLE-SOURCING-8,3a5c386500cd53b1784bb548d0555e2c225bcf9a7d02cef1b6041a600b62190a,RUN-20260821T114001,2026-08-21T11:40:01.305238+04:00
ITM-d79b2e288ccad695,7977508e38029c849ef1d5e707d4af7fbac5616dfe8f85a9d1b975940de1fcbf,OBS-FR-OI-SIMPLE-SOURCING-8,3a5c386500cd53b1784bb548d0555e2c225bcf9a7d02cef1b6041a600b62190a,RUN-20260821T114001,2026-08-21T11:40:01.305238+04:00
ITM-d8ba9b5d6def84c8,07c7699696a3681cdb1510b587789c2a82c80a60a033115d8a9db73e947d89a9,OBS-FR-OI-SIMPLE-SOURCING-8,3a5c386500cd53b1784bb548d0555e2c225bcf9a7d02cef1b6041a600b62190a,RUN-20260821T114001,2026-08-21T11:40:01.305238+04:00
ITM-d9036779f1243d29,06ed855678537e033bcb6d91741feb0e3a07aaf66ff4ee5d5ece36ee237a3aeb,OBS-FR-OI-SIMPLE-SOURCING-8,3a5c386500cd53b1784bb548d0555e2c225bcf9a7d02cef1b6041a600b62190a,RUN-20260821T114001,2026-08-21T11:40:01.305238+04:00
ITM-d90ed50c38bf2e83,172815694b8c63b006ceb329ff9e32519042f2f3e20e1365428a5863b1970b7b,OBS-FR-OI-SIMPLE-SOURCING-8,3a5c386500cd53b1784bb548d0555e2c225bcf9a7d02cef1b6041a600b62190a,RUN-20260821T114001,2026-08-21T11:40:01.305238+04:00
ITM-d92a29351eac188e,2182f9d3941f9b0d760ce3ea8420adf7fb95f028729369bb5e364e57d6d937f5,OBS-FR-OI-SIMPLE-SOURCING-8,3a5c386500cd53b1784bb548d0555e2c225bcf9a7d02cef1b6041a600b62190a,RUN-20260821T114001,2026-08-21T11:40:01.305238+04:00
ITM-d9c18e353c35018d,228a8d9e6285857da6a1d123f5f2d6e25dff70d7601005978d6f82ecb8d2181f,OBS-FR-OI-SIMPLE-SOURCING-8,3a5c386500cd53b1784bb548d0555e2c225bcf9a7d02cef1b6041a600b62190a,RUN-20260821T114001,2026-08-21T11:40:01.305238+04:00
ITM-d9c45b306e69a075,78992966159f96aff3661d5ca372becde85fa8e81749531bc7f44d3690ff62b6,OBS-FR-OI-SIMPLE-SOURCING-8,3a5c386500cd53b1784bb548d0555e2c225bcf9a7d02cef1b6041a600b62190a,RUN-20260821T114001,2026-08-21T11:40:01.305238+04:00
ITM-d9c8dfb18c969bad,76f2eaafbcc556e09db2038c569e346dc3d69fbb250e26264db0d615e2e2dad5,OBS-FR-OI-SIMPLE-SOURCING-8,3a5c386500cd53b1784bb548d0555e2c225bcf9a7d02cef1b6041a600b62190a,RUN-20260821T114001,2026-08-21T11:40:01.305238+04:00
ITM-da20f43d56acb923,6c9cc7a707307b463fe0cf45805ba24f7cd7a19caa5054c9f8a24564d2224428,OBS-FR-OI-SIMPLE-SOURCING-8,3a5c386500cd53b1784bb548d0555e2c225bcf9a7d02cef1b6041a600b62190a,RUN-20260821T114001,2026-08-21T11:40:01.305238+04:00
ITM-da65095059dde805,76c78e19ffa0f427e46101c07b5d723c56c141a4a88e3ed342fb268d6b8f47ca,OBS-FR-OI-SIMPLE-SOURCING-8,3a5c386500cd53b1784bb548d0555e2c225bcf9a7d02cef1b6041a600b62190a,RUN-20260821T114001,2026-08-21T11:40:01.305238+04:00
ITM-daa5601bbbb0992e,8a3820fe2c32e59183343af9956e0e177ce35ffe73e24f0452bb5941cee58b1c,OBS-FR-OI-SIMPLE-SOURCING-8,3a5c386500cd53b1784bb548d0555e2c225bcf9a7d02cef1b6041a600b62190a,RUN-20260821T114001,2026-08-21T11:40:01.305238+04:00
ITM-daafad699c7f4ba6,461cce4ef9d9997bc0b43e85d1f0fa1ba1a608bacdd2707efdf06c89c47d8a90,OBS-FR-OI-SIMPLE-SOURCING-8,3a5c386500cd53b1784bb548d0555e2c225bcf9a7d02cef1b6041a600b62190a,RUN-20260821T114001,2026-08-21T11:40:01.305238+04:00
ITM-db1c7683e7d5adcf,4456c8261d024d3fd86ceace9220053e9c9e678d3acbde236ff04e4c12b1bb9b,OBS-FR-OI-SIMPLE-SOURCING-8,3a5c386500cd53b1784bb548d0555e2c225bcf9a7d02cef1b6041a600b62190a,RUN-20260821T114001,2026-08-21T11:40:01.305238+04:00
ITM-db3fb4d70a9e9420,2d34a7a578dde48492ddb56d7b179f48ad38c0cb8a03be67b6f262a95d09d378,OBS-FR-OI-SIMPLE-SOURCING-8,3a5c386500cd53b1784bb548d0555e2c225bcf9a7d02cef1b6041a600b62190a,RUN-20260821T114001,2026-08-21T11:40:01.305238+04:00
ITM-db9de15bc7305d8c,b498b4f620967c2cb9fa06b78edfa50f2f6bfcfe86b91987d42b2dfadb724da2,OBS-FR-OI-SIMPLE-SOURCING-8,3a5c386500cd53b1784bb548d0555e2c225bcf9a7d02cef1b6041a600b62190a,RUN-20260821T114001,2026-08-21T11:40:01.305238+04:00
ITM-dbecc401ef077e30,08e08140a13f15961657d84eb06bcfe7fd797d70b903ff398a5083aab371f312,OBS-FR-OI-SIMPLE-SOURCING-8,3a5c386500cd53b1784bb548d0555e2c225bcf9a7d02cef1b6041a600b62190a,RUN-20260821T114001,2026-08-21T11:40:01.305238+04:00
ITM-dc99a45cd3cc8dc9,514b7f6298287c46e45e38bce60ef8f1621cc11a4229fb91d4ebf1f11d9367f5,OBS-FR-OI-SIMPLE-SOURCING-8,3a5c386500cd53b1784bb548d0555e2c225bcf9a7d02cef1b6041a600b62190a,RUN-20260821T114001,2026-08-21T11:40:01.305238+04:00
ITM-dceb480e3f667864,bc388a2fb123169571769f9d3a499a535934970a49214fd565aafd7abde5d713,OBS-FR-OI-SIMPLE-SOURCING-8,3a5c386500cd53b1784bb548d0555e2c225bcf9a7d02cef1b6041a600b62190a,RUN-20260821T114001,2026-08-21T11:40:01.305238+04:00
ITM-dd04a574a5fed5b5,ed7267d1482ceb400c3a04eb3de0a0ae5586bac9d6b43efb089b4dd22557cb0e,OBS-FR-OI-SIMPLE-SOURCING-8,3a5c386500cd53b1784bb548d0555e2c225bcf9a7d02cef1b6041a600b62190a,RUN-20260821T114001,2026-08-21T11:40:01.305238+04:00
ITM-dd1b11bea76761ed,b6bb7b580187535cb1770c6abeb03c838941d22c453b40b1594121bdf1f099fe,OBS-FR-OI-SIMPLE-SOURCING-8,3a5c386500cd53b1784bb548d0555e2c225bcf9a7d02cef1b6041a600b62190a,RUN-20260821T114001,2026-08-21T11:40:01.305238+04:00
ITM-de1f73fdbc485674,9bd8c55b2b2c75867829dac5690ddcb5aeacfe7fc2ee461f35d679f78d4c283a,OBS-FR-OI-SIMPLE-SOURCING-8,3a5c386500cd53b1784bb548d0555e2c225bcf9a7d02cef1b6041a600b62190a,RUN-20260821T114001,2026-08-21T11:40:01.305238+04:00
ITM-de440affbe4cb903,7965152420761a9f0923ec679ef07e5ff35db31c4f3b7e85ea8d76f387a0af98,OBS-FR-OI-SIMPLE-SOURCING-8,3a5c386500cd53b1784bb548d0555e2c225bcf9a7d02cef1b6041a600b62190a,RUN-20260821T114001,2026-08-21T11:40:01.305238+04:00
ITM-de4a16c42534db9f,525ba4ac8df03cc98e9f8f8159b19a471d9a1aa17d0646276946a5f3a077abea,OBS-FR-OI-SIMPLE-SOURCING-8,3a5c386500cd53b1784bb548d0555e2c225bcf9a7d02cef1b6041a600b62190a,RUN-20260821T114001,2026-08-21T11:40:01.305238+04:00
ITM-de5dcdc7b1e03317,981d0e612dc36e4fdba68daae4ec56aa7eb7823a02bfdba8e52620486211deef,OBS-FR-OI-SIMPLE-SOURCING-8,3a5c386500cd53b1784bb548d0555e2c225bcf9a7d02cef1b6041a600b62190a,RUN-20260821T114001,2026-08-21T11:40:01.305238+04:00
ITM-de9603758ed63e2b,db1e59ae638f7d7122a4bf44955dec35e63d05add5c7830652cc719dffd522b5,OBS-FR-OI-SIMPLE-SOURCING-8,3a5c386500cd53b1784bb548d0555e2c225bcf9a7d02cef1b6041a600b62190a,RUN-20260821T114001,2026-08-21T11:40:01.305238+04:00
ITM-deb9d620fde52f6c,650e525b7b16ea12b05fe28252d466064f423ca76f3eb91812c7f9a39e060d00,OBS-FR-OI-SIMPLE-SOURCING-8,3a5c386500cd53b1784bb548d0555e2c225bcf9a7d02cef1b6041a600b62190a,RUN-20260821T114001,2026-08-21T11:40:01.305238+04:00
ITM-dec7cbee9239fba2,76d68b65b21db1849b5e0313b594d4628564c8a2ca420e3a5824382f8575752a,OBS-FR-OI-SIMPLE-SOURCING-8,3a5c386500cd53b1784bb548d0555e2c225bcf9a7d02cef1b6041a600b62190a,RUN-20260821T114001,2026-08-21T11:40:01.305238+04:00
ITM-df29979accc39063,8366c4722134d8fd0c3246df3eee1bc7fa1badae792c39bf50c26f0f5ed6bb8a,OBS-FR-OI-SIMPLE-SOURCING-8,3a5c386500cd53b1784bb548d0555e2c225bcf9a7d02cef1b6041a600b62190a,RUN-20260821T114001,2026-08-21T11:40:01.305238+04:00
ITM-df4119491f1ab037,61512bfc3edaf5b128f8060d50fc37c4b459080c5b1a0d14e19709a14d2620ae,OBS-FR-OI-SIMPLE-SOURCING-8,3a5c386500cd53b1784bb548d0555e2c225bcf9a7d02cef1b6041a600b62190a,RUN-20260821T114001,2026-08-21T11:40:01.305238+04:00
ITM-df735b3cd63b2ea7,4ce4d16a40287866ba6b1214bd8d3ba68204bad4d886b20c8d495f3af3deaa66,OBS-FR-OI-SIMPLE-SOURCING-8,3a5c386500cd53b1784bb548d0555e2c225bcf9a7d02cef1b6041a600b62190a,RUN-20260821T114001,2026-08-21T11:40:01.305238+04:00
ITM-e00f22ebb7f5ae56,f3a21ad569a61765c5e66e05d5d63657df01e2f456fac8e95294291bf2dcfac7,OBS-FR-OI-SIMPLE-SOURCING-8,3a5c386500cd53b1784bb548d0555e2c225bcf9a7d02cef1b6041a600b62190a,RUN-20260821T114001,2026-08-21T11:40:01.305238+04:00
ITM-e0168d4e0f0ee931,0e79c7c9efbeb34faca3bf987d99d415c99485241578c234ee74e7b25bc988ba,OBS-FR-OI-SIMPLE-SOURCING-8,3a5c386500cd53b1784bb548d0555e2c225bcf9a7d02cef1b6041a600b62190a,RUN-20260821T114001,2026-08-21T11:40:01.305238+04:00
ITM-e0998f44feba7125,4e42f3bfd5bcf18e5d3f4e3293ed025ed18c5a78209c99238e6e306b152de71d,OBS-FR-OI-SIMPLE-SOURCING-8,3a5c386500cd53b1784bb548d0555e2c225bcf9a7d02cef1b6041a600b62190a,RUN-20260821T114001,2026-08-21T11:40:01.305238+04:00
ITM-e0a9db775a140062,1f06da195c324e1a4bd28352e70617b5f09bf9ce931b96d59ebaf359f407af29,OBS-FR-OI-SIMPLE-SOURCING-8,3a5c386500cd53b1784bb548d0555e2c225bcf9a7d02cef1b6041a600b62190a,RUN-20260821T114001,2026-08-21T11:40:01.305238+04:00
ITM-e0b3cad3e7dd10fd,ef28cf99aca4ecc161eed9261f78a201d18392226ceeb1d5e54aeff038b47929,OBS-FR-OI-SIMPLE-SOURCING-8,3a5c386500cd53b1784bb548d0555e2c225bcf9a7d02cef1b6041a600b62190a,RUN-20260821T114001,2026-08-21T11:40:01.305238+04:00
ITM-e0e250b955073404,c6ead156b76bf0585a55ea758fafdd422e4b31fe1b678f329c8096df173d9e1f,OBS-FR-OI-SIMPLE-SOURCING-8,3a5c386500cd53b1784bb548d0555e2c225bcf9a7d02cef1b6041a600b62190a,RUN-20260821T114001,2026-08-21T11:40:01.305238+04:00
ITM-e10694f1c1ac8748,7b6b7cf9149dffc937ed79db498c9590124f4b59900f6dae54570c2bcd8a099a,OBS-FR-OI-SIMPLE-SOURCING-8,3a5c386500cd53b1784bb548d0555e2c225bcf9a7d02cef1b6041a600b62190a,RUN-20260821T114001,2026-08-21T11:40:01.305238+04:00
ITM-e22a77b4c057564b,191d30d9e720ea4dc30eb3ea011e270687bec5b57d2f038f24f85da9f8d0cb1f,OBS-FR-OI-SIMPLE-SOURCING-8,3a5c386500cd53b1784bb548d0555e2c225bcf9a7d02cef1b6041a600b62190a,RUN-20260821T114001,2026-08-21T11:40:01.305238+04:00
ITM-e24e376a2c968bf9,e1de592db9c765eaf2e64f3ac039a8f22055b707010f98818deccff0d0920a50,OBS-FR-OI-SIMPLE-SOURCING-8,3a5c386500cd53b1784bb548d0555e2c225bcf9a7d02cef1b6041a600b62190a,RUN-20260821T114001,2026-08-21T11:40:01.305238+04:00
ITM-e2bc9891f83a8607,6f51860c4e85f18d805ac9531aac6d7309f4f12d1d2d8e6a7096bb298b2d4d36,OBS-FR-OI-SIMPLE-SOURCING-8,3a5c386500cd53b1784bb548d0555e2c225bcf9a7d02cef1b6041a600b62190a,RUN-20260821T114001,2026-08-21T11:40:01.305238+04:00
ITM-e2db8a4dc721fdde,2c1d3c7e216e53b5ad9c80fa5e23b68eb65d16d955e32ddb0d0b70a691013c61,OBS-FR-OI-SIMPLE-SOURCING-8,3a5c386500cd53b1784bb548d0555e2c225bcf9a7d02cef1b6041a600b62190a,RUN-20260821T114001,2026-08-21T11:40:01.305238+04:00
ITM-e2e418cf3d473677,b6486af17137adfd9b7f60df8576cb868fa60f7edcc2d679383f2e3bb2cb46d4,OBS-FR-OI-SIMPLE-SOURCING-8,3a5c386500cd53b1784bb548d0555e2c225bcf9a7d02cef1b6041a600b62190a,RUN-20260821T114001,2026-08-21T11:40:01.305238+04:00
ITM-e3cde8f1f50d0273,2fba21f99cf9fa9dd03dcb7fe1a00fbac27be1c2fff807b9257e91b196b6f44e,OBS-FR-OI-SIMPLE-SOURCING-8,3a5c386500cd53b1784bb548d0555e2c225bcf9a7d02cef1b6041a600b62190a,RUN-20260821T114001,2026-08-21T11:40:01.305238+04:00
ITM-e4ac7e188522817e,c5924b26d7398e33ac5b7201bd97198bfa1ab0bdf7a10d27c09f9da4c7bfe5d7,OBS-FR-OI-SIMPLE-SOURCING-8,3a5c386500cd53b1784bb548d0555e2c225bcf9a7d02cef1b6041a600b62190a,RUN-20260821T114001,2026-08-21T11:40:01.305238+04:00
ITM-e518ad7145716e5d,11b3b264b1951c951e56fc925809bc05d682ae8b29708e10dd9ec7da97f2e36a,OBS-FR-OI-SIMPLE-SOURCING-8,3a5c386500cd53b1784bb548d0555e2c225bcf9a7d02cef1b6041a600b62190a,RUN-20260821T114001,2026-08-21T11:40:01.305238+04:00
ITM-e578a124172860be,218ad720749d9d16b99abe98a3a31a9b5e7d42c9f41cfb430230da3d027d3c01,OBS-FR-OI-SIMPLE-SOURCING-8,3a5c386500cd53b1784bb548d0555e2c225bcf9a7d02cef1b6041a600b62190a,RUN-20260821T114001,2026-08-21T11:40:01.305238+04:00
ITM-e5868604b72ee711,9b93b0094bb1d3c618f56c25ef2223f43d3474526bb91bb5c5cf5de241a98793,OBS-FR-OI-SIMPLE-SOURCING-8,3a5c386500cd53b1784bb548d0555e2c225bcf9a7d02cef1b6041a600b62190a,RUN-20260821T114001,2026-08-21T11:40:01.305238+04:00
ITM-e5bb83f8a2e5c10e,84acf0b1dd930720cb50ab11e30dc7fff685c8c520e4fdce1e79bd41da184a9c,OBS-FR-OI-SIMPLE-SOURCING-8,3a5c386500cd53b1784bb548d0555e2c225bcf9a7d02cef1b6041a600b62190a,RUN-20260821T114001,2026-08-21T11:40:01.305238+04:00
ITM-e5d73bca2b1212d3,43ec00f610dfc26478eeca62c4d7a132d11e71d296952df1710760d30194f639,OBS-FR-OI-SIMPLE-SOURCING-8,3a5c386500cd53b1784bb548d0555e2c225bcf9a7d02cef1b6041a600b62190a,RUN-20260821T114001,2026-08-21T11:40:01.305238+04:00
ITM-e68c5e2e375b8a4e,ef448deeaf24d22aa0506013f4133327b65ef09a1127f8e7d9ffa2d9a1dca3f0,OBS-FR-OI-SIMPLE-SOURCING-8,3a5c386500cd53b1784bb548d0555e2c225bcf9a7d02cef1b6041a600b62190a,RUN-20260821T114001,2026-08-21T11:40:01.305238+04:00
ITM-e7d566defaf80c2f,4c7bf54cb23395391691cce55ab7e701947f66d0b1c6c3273b3917acdde40b98,OBS-FR-OI-SIMPLE-SOURCING-8,3a5c386500cd53b1784bb548d0555e2c225bcf9a7d02cef1b6041a600b62190a,RUN-20260821T114001,2026-08-21T11:40:01.305238+04:00
ITM-e801a9810dcebe47,4d8c601038261264ca205f69b1be3a2f42d23095822e84c0eea0db1a9d3dad5e,OBS-FR-OI-SIMPLE-SOURCING-8,3a5c386500cd53b1784bb548d0555e2c225bcf9a7d02cef1b6041a600b62190a,RUN-20260821T114001,2026-08-21T11:40:01.305238+04:00
ITM-e83033755daac537,707af38eb7a9b1357e86aa204d60cba3b294cab12f1d3319bb76ba402c0652e3,OBS-FR-OI-SIMPLE-SOURCING-8,3a5c386500cd53b1784bb548d0555e2c225bcf9a7d02cef1b6041a600b62190a,RUN-20260821T114001,2026-08-21T11:40:01.305238+04:00
ITM-e8555037d51b4ff0,43bb0386a75ad9a5b91c57b6e051d075fa04b5169372c2aacd2a446481f29b0e,OBS-FR-OI-SIMPLE-SOURCING-8,3a5c386500cd53b1784bb548d0555e2c225bcf9a7d02cef1b6041a600b62190a,RUN-20260821T114001,2026-08-21T11:40:01.305238+04:00
ITM-e8a9ff7d0295734a,c24a557dd6f0efef6d1d17c845c4470c19317cc328518633e4a5d9c9757c9c07,OBS-FR-OI-SIMPLE-SOURCING-8,3a5c386500cd53b1784bb548d0555e2c225bcf9a7d02cef1b6041a600b62190a,RUN-20260821T114001,2026-08-21T11:40:01.305238+04:00
ITM-e91d7514b51c0a60,8131b6885dea19729f96d5e2e2846ee1f69147687d019a9f481da50c1a737e62,OBS-FR-OI-SIMPLE-SOURCING-8,3a5c386500cd53b1784bb548d0555e2c225bcf9a7d02cef1b6041a600b62190a,RUN-20260821T114001,2026-08-21T11:40:01.305238+04:00
ITM-e9bd9c13ab5a1dce,a5c0c52ee7ce2f4f3667b51023c6f2d17528ef9e9c2233fa5795e4e2e829304f,OBS-FR-OI-SIMPLE-SOURCING-8,3a5c386500cd53b1784bb548d0555e2c225bcf9a7d02cef1b6041a600b62190a,RUN-20260821T114001,2026-08-21T11:40:01.305238+04:00
ITM-e9d1640a653adff2,80be5b4ab28cea408f6157c8acdbcd29e5c5567ecb4c7a5e9dd0df9d700bf00a,OBS-FR-OI-SIMPLE-SOURCING-8,3a5c386500cd53b1784bb548d0555e2c225bcf9a7d02cef1b6041a600b62190a,RUN-20260821T114001,2026-08-21T11:40:01.305238+04:00
ITM-ea40d31626f912ac,06cfc93b71630cc9eb7a5b6f53deb0c09ca882f55a0bb442b2a10dc88cd0dd80,OBS-FR-OI-SIMPLE-SOURCING-8,3a5c386500cd53b1784bb548d0555e2c225bcf9a7d02cef1b6041a600b62190a,RUN-20260821T114001,2026-08-21T11:40:01.305238+04:00
ITM-ea63cfe55e4dc145,1275f3165053060d7c1e563122c879978b91a20659178cf44c9490b4efb08f6d,OBS-FR-OI-SIMPLE-SOURCING-8,3a5c386500cd53b1784bb548d0555e2c225bcf9a7d02cef1b6041a600b62190a,RUN-20260821T114001,2026-08-21T11:40:01.305238+04:00
ITM-ea71f8687a081d14,6db13e3347a54afec36ed5b6a6ff6ff8ab791562bf7cc6bbd3a95eb080005255,OBS-FR-OI-SIMPLE-SOURCING-8,3a5c386500cd53b1784bb548d0555e2c225bcf9a7d02cef1b6041a600b62190a,RUN-20260821T114001,2026-08-21T11:40:01.305238+04:00
ITM-eaaa860d9e21f897,29b33156f1ab15ba9de79dc9bcc175426c5de867340361b6d70b7ee7385f3cb2,OBS-FR-OI-SIMPLE-SOURCING-8,3a5c386500cd53b1784bb548d0555e2c225bcf9a7d02cef1b6041a600b62190a,RUN-20260821T114001,2026-08-21T11:40:01.305238+04:00
ITM-eaecf4e86b86fa5b,6a22cc73cd0f6d06a25a840023ac9130b9ac8a7a232e808456fdcca380dc957c,OBS-FR-OI-SIMPLE-SOURCING-8,3a5c386500cd53b1784bb548d0555e2c225bcf9a7d02cef1b6041a600b62190a,RUN-20260821T114001,2026-08-21T11:40:01.305238+04:00
ITM-eb2905aa30f03676,4704d1ca0c4f5241bfea96d0080cf914c8d2918aa02ed14f6d8c7285131adaf6,OBS-FR-OI-SIMPLE-SOURCING-8,3a5c386500cd53b1784bb548d0555e2c225bcf9a7d02cef1b6041a600b62190a,RUN-20260821T114001,2026-08-21T11:40:01.305238+04:00
ITM-ec5e029054f430b6,e49c088748cd68310700771c442442f48b545d26e5527dc8bf8110a5880c3d6e,OBS-FR-OI-SIMPLE-SOURCING-8,3a5c386500cd53b1784bb548d0555e2c225bcf9a7d02cef1b6041a600b62190a,RUN-20260821T114001,2026-08-21T11:40:01.305238+04:00
ITM-ec87c66b3a181c48,2a60b5e8f78aeebf46f4b61984e4d2412a09297bf157ac09d8fdf4077e07fde2,OBS-FR-OI-SIMPLE-SOURCING-8,3a5c386500cd53b1784bb548d0555e2c225bcf9a7d02cef1b6041a600b62190a,RUN-20260821T114001,2026-08-21T11:40:01.305238+04:00
ITM-eccc3bee1d567144,1c6fc49b54615cfcc3b004eec2dcdd809de873961fe864d4674e3982cdc5239a,OBS-FR-OI-SIMPLE-SOURCING-8,3a5c386500cd53b1784bb548d0555e2c225bcf9a7d02cef1b6041a600b62190a,RUN-20260821T114001,2026-08-21T11:40:01.305238+04:00
ITM-ed08c5759f21caf3,30db845154ba09675a43c35db8b68d2cb78b06e3cbeea92a09b2f4a5c1edfbbe,OBS-FR-OI-SIMPLE-SOURCING-8,3a5c386500cd53b1784bb548d0555e2c225bcf9a7d02cef1b6041a600b62190a,RUN-20260821T114001,2026-08-21T11:40:01.305238+04:00
ITM-ed29901db7155751,4cb33c7bc6a8f18bbac5e02d01964a02170bbb2af61e8901079b4a78d864fb68,OBS-FR-OI-SIMPLE-SOURCING-8,3a5c386500cd53b1784bb548d0555e2c225bcf9a7d02cef1b6041a600b62190a,RUN-20260821T114001,2026-08-21T11:40:01.305238+04:00
ITM-edcaa782a22325e8,a6d1644f28f728952563eaeb64087fb928156b722e5437cbd676c768e4ccc2fc,OBS-FR-OI-SIMPLE-SOURCING-8,3a5c386500cd53b1784bb548d0555e2c225bcf9a7d02cef1b6041a600b62190a,RUN-20260821T114001,2026-08-21T11:40:01.305238+04:00
ITM-ede17ecfb5fe58c9,15a714de3c5a18c8be723840fe25c4fbdc38bbe41f24d6b573c994c3d120da75,OBS-FR-OI-SIMPLE-SOURCING-8,3a5c386500cd53b1784bb548d0555e2c225bcf9a7d02cef1b6041a600b62190a,RUN-20260821T114001,2026-08-21T11:40:01.305238+04:00
ITM-edf290ed3b106ac4,d76c754a536fb3dd43f8c8bd1d26922c830c2d52c0888481a9d1a2f3cc277a4e,OBS-FR-OI-SIMPLE-SOURCING-8,3a5c386500cd53b1784bb548d0555e2c225bcf9a7d02cef1b6041a600b62190a,RUN-20260821T114001,2026-08-21T11:40:01.305238+04:00
ITM-edfc23e9a96e605b,5b7b71978169f4923df894c8cc25fcb8da9b065ee49810b608d0ea5d71aa8853,OBS-FR-OI-SIMPLE-SOURCING-8,3a5c386500cd53b1784bb548d0555e2c225bcf9a7d02cef1b6041a600b62190a,RUN-20260821T114001,2026-08-21T11:40:01.305238+04:00
ITM-ee3c358661623c8a,8ab95bcf077522002b76f4fd3c3a3504cbbb6f106d663c3696013cd134b2a627,OBS-FR-OI-SIMPLE-SOURCING-8,3a5c386500cd53b1784bb548d0555e2c225bcf9a7d02cef1b6041a600b62190a,RUN-20260821T114001,2026-08-21T11:40:01.305238+04:00
ITM-ee7b340a06bc098b,7910ae0bc30a10ad3badeb0722d783dc108292ad808d37220954be284a9224c6,OBS-FR-OI-SIMPLE-SOURCING-8,3a5c386500cd53b1784bb548d0555e2c225bcf9a7d02cef1b6041a600b62190a,RUN-20260821T114001,2026-08-21T11:40:01.305238+04:00
ITM-eed0916e868e838d,d6ff895213baa14f514a7f38c617f66fc42ae98534f23cf3640fdbc23815e677,OBS-FR-OI-SIMPLE-SOURCING-8,3a5c386500cd53b1784bb548d0555e2c225bcf9a7d02cef1b6041a600b62190a,RUN-20260821T114001,2026-08-21T11:40:01.305238+04:00
ITM-ef1e2e44e8c4d290,0781a44ad18fc26583aa8e64ddc717ccdf2061933822a57bbb2e310ab674b642,OBS-FR-OI-SIMPLE-SOURCING-8,3a5c386500cd53b1784bb548d0555e2c225bcf9a7d02cef1b6041a600b62190a,RUN-20260821T114001,2026-08-21T11:40:01.305238+04:00
ITM-efb9a61d306709d1,53581374f9393f0f48e26f06e971d0f6440a558eb8583560253d1bd43000923f,OBS-FR-OI-SIMPLE-SOURCING-8,3a5c386500cd53b1784bb548d0555e2c225bcf9a7d02cef1b6041a600b62190a,RUN-20260821T114001,2026-08-21T11:40:01.305238+04:00
ITM-efd309dbae8f54d6,662c2e27f47e0f788726c85baece0a6bc3bcd19f8d9822cfc14c765ad2b27064,OBS-FR-OI-SIMPLE-SOURCING-8,3a5c386500cd53b1784bb548d0555e2c225bcf9a7d02cef1b6041a600b62190a,RUN-20260821T114001,2026-08-21T11:40:01.305238+04:00
ITM-f0035a911566beea,631bb835eb4b07a907e6c94be47d68297ec2133ccf6552dfb98f4802f66ddd21,OBS-FR-OI-SIMPLE-SOURCING-8,3a5c386500cd53b1784bb548d0555e2c225bcf9a7d02cef1b6041a600b62190a,RUN-20260821T114001,2026-08-21T11:40:01.305238+04:00
ITM-f023d89dae1a5000,f22e7db125088bb46c6220edec4a70b395cd5f5999b27a0aaf18f0c5d6005592,OBS-FR-OI-SIMPLE-SOURCING-8,3a5c386500cd53b1784bb548d0555e2c225bcf9a7d02cef1b6041a600b62190a,RUN-20260821T114001,2026-08-21T11:40:01.305238+04:00
ITM-f02674bfd45fa4b1,0b90aa20662e64db2a4384ff412d8c66ceba5cb55a2b9c945b33191721bd96a1,OBS-FR-OI-SIMPLE-SOURCING-8,3a5c386500cd53b1784bb548d0555e2c225bcf9a7d02cef1b6041a600b62190a,RUN-20260821T114001,2026-08-21T11:40:01.305238+04:00
ITM-f02e328d67075759,957d48b499f8d7faa5e4ce2fc12aceaf546289615db00b0f5afa6de29a5e000b,OBS-FR-OI-SIMPLE-SOURCING-8,3a5c386500cd53b1784bb548d0555e2c225bcf9a7d02cef1b6041a600b62190a,RUN-20260821T114001,2026-08-21T11:40:01.305238+04:00
ITM-f03883d1236b5734,72e55cfd48788bbb4fa44e226645b90becd8cca2d74e2e38f5db6a919797e161,OBS-FR-OI-SIMPLE-SOURCING-8,3a5c386500cd53b1784bb548d0555e2c225bcf9a7d02cef1b6041a600b62190a,RUN-20260821T114001,2026-08-21T11:40:01.305238+04:00
ITM-f05d6b4a75654d00,eb2570abf65784e61fd2c61aafe6fc47c8bc1d78ff76247997dd7f58abc09e23,OBS-FR-OI-SIMPLE-SOURCING-8,3a5c386500cd53b1784bb548d0555e2c225bcf9a7d02cef1b6041a600b62190a,RUN-20260821T114001,2026-08-21T11:40:01.305238+04:00
ITM-f0d43e8eab683471,5ccb2b3a5a37f445c1a010d39c9b570f0ba28095582b7246a6326b9b8701d163,OBS-FR-OI-SIMPLE-SOURCING-8,3a5c386500cd53b1784bb548d0555e2c225bcf9a7d02cef1b6041a600b62190a,RUN-20260821T114001,2026-08-21T11:40:01.305238+04:00
ITM-f10fab241bce001a,44e8a227fa47c9cb9732c65d946db4678ea447bdbb93c11395219c50944907c6,OBS-FR-OI-SIMPLE-SOURCING-8,3a5c386500cd53b1784bb548d0555e2c225bcf9a7d02cef1b6041a600b62190a,RUN-20260821T114001,2026-08-21T11:40:01.305238+04:00
ITM-f1c05acc8c1fadaa,1026301b218425ee40fe7973a37b8a474e551a801f3f49cffaecf54a7108d2ac,OBS-FR-OI-SIMPLE-SOURCING-8,3a5c386500cd53b1784bb548d0555e2c225bcf9a7d02cef1b6041a600b62190a,RUN-20260821T114001,2026-08-21T11:40:01.305238+04:00
ITM-f20284ea1bdb052f,1fd20d66138a3c4f484367061c3935db029a68742f882e291b0cb051b23d4136,OBS-FR-OI-SIMPLE-SOURCING-8,3a5c386500cd53b1784bb548d0555e2c225bcf9a7d02cef1b6041a600b62190a,RUN-20260821T114001,2026-08-21T11:40:01.305238+04:00
ITM-f29d88a82b36180c,d1e3200eb2b701253c363595ea7f1bcd6afb1081878faff795a7d76a31a4248b,OBS-FR-OI-SIMPLE-SOURCING-8,3a5c386500cd53b1784bb548d0555e2c225bcf9a7d02cef1b6041a600b62190a,RUN-20260821T114001,2026-08-21T11:40:01.305238+04:00
ITM-f317e63262487dbd,4b6fdafeafa1968956040f9b058e4137973cb1bc4e1d0f9622a997edd688a3aa,OBS-FR-OI-SIMPLE-SOURCING-8,3a5c386500cd53b1784bb548d0555e2c225bcf9a7d02cef1b6041a600b62190a,RUN-20260821T114001,2026-08-21T11:40:01.305238+04:00
ITM-f33a350a786d3337,69be7bbfdb1d63be7778b5b6ce2dae408d7014f61a95e7d05aa24b0a7c1af653,OBS-FR-OI-SIMPLE-SOURCING-8,3a5c386500cd53b1784bb548d0555e2c225bcf9a7d02cef1b6041a600b62190a,RUN-20260821T114001,2026-08-21T11:40:01.305238+04:00
ITM-f38727a182bac79c,8c2611db01cf585b1c47b845c7d23c14364f3643574e8787b42e186c31f428ec,OBS-FR-OI-SIMPLE-SOURCING-8,3a5c386500cd53b1784bb548d0555e2c225bcf9a7d02cef1b6041a600b62190a,RUN-20260821T114001,2026-08-21T11:40:01.305238+04:00
ITM-f39adbe63ce9a35b,064c964a0d6442a9332ded16afff390e310cc9349a444dc3560b810c8915eaac,OBS-FR-OI-SIMPLE-SOURCING-8,3a5c386500cd53b1784bb548d0555e2c225bcf9a7d02cef1b6041a600b62190a,RUN-20260821T114001,2026-08-21T11:40:01.305238+04:00
ITM-f3fa2eae458681be,9c8452ffd2de78f4014b5c521bd65de36b4f8f5d41ff3d5450ebafc3cf80199e,OBS-FR-OI-SIMPLE-SOURCING-8,3a5c386500cd53b1784bb548d0555e2c225bcf9a7d02cef1b6041a600b62190a,RUN-20260821T114001,2026-08-21T11:40:01.305238+04:00
ITM-f412f85529531773,a3bb3f88bd8a137a8fa10032eb7e6a278603661998e5e1544d406878632bb275,OBS-FR-OI-SIMPLE-SOURCING-8,3a5c386500cd53b1784bb548d0555e2c225bcf9a7d02cef1b6041a600b62190a,RUN-20260821T114001,2026-08-21T11:40:01.305238+04:00
ITM-f44d5624086ab40b,7b9eb2846141cef3b5d5578d807e0df75e2cb9fae85f33306f0a21d3d0a9d1d4,OBS-FR-OI-SIMPLE-SOURCING-8,3a5c386500cd53b1784bb548d0555e2c225bcf9a7d02cef1b6041a600b62190a,RUN-20260821T114001,2026-08-21T11:40:01.305238+04:00
ITM-f4793b6bb7199808,41275e9eba564df14f13f0594ba78f3b55ff8a1df21608f819428cc891c8dedc,OBS-FR-OI-SIMPLE-SOURCING-8,3a5c386500cd53b1784bb548d0555e2c225bcf9a7d02cef1b6041a600b62190a,RUN-20260821T114001,2026-08-21T11:40:01.305238+04:00
ITM-f4a1ca5fd05d90cc,bde92a2aae55bab8a3995ff7b14df986fe3a1c14cdf8fe0a71692cec42a33a51,OBS-FR-OI-SIMPLE-SOURCING-8,3a5c386500cd53b1784bb548d0555e2c225bcf9a7d02cef1b6041a600b62190a,RUN-20260821T114001,2026-08-21T11:40:01.305238+04:00
ITM-f4aabe53126031a6,6e69a8fd36cd20eea97db2f6ed7b77ebaae5cdf1448b8c4935843fa284755fc1,OBS-FR-OI-SIMPLE-SOURCING-8,3a5c386500cd53b1784bb548d0555e2c225bcf9a7d02cef1b6041a600b62190a,RUN-20260821T114001,2026-08-21T11:40:01.305238+04:00
ITM-f4bc528ac672e18a,75c66e535bfaa610017b710ba7f93149c1dd6cfb69acc4d0b6ab6a4275699f6d,OBS-FR-OI-SIMPLE-SOURCING-8,3a5c386500cd53b1784bb548d0555e2c225bcf9a7d02cef1b6041a600b62190a,RUN-20260821T114001,2026-08-21T11:40:01.305238+04:00
ITM-f4d3e4a1b9bf10c0,0d6ceb4d48c7faa8f72602560b94a8c67d4d47d56e9d75bbab37abc59f6dc8c0,OBS-FR-OI-SIMPLE-SOURCING-8,3a5c386500cd53b1784bb548d0555e2c225bcf9a7d02cef1b6041a600b62190a,RUN-20260821T114001,2026-08-21T11:40:01.305238+04:00
ITM-f4e36024b124226c,b02d7342e4012ceb4b4d51c59d3e8e902925f63f0ae6e846e5cc3e64664543b5,OBS-FR-OI-SIMPLE-SOURCING-8,3a5c386500cd53b1784bb548d0555e2c225bcf9a7d02cef1b6041a600b62190a,RUN-20260821T114001,2026-08-21T11:40:01.305238+04:00
ITM-f4f2bbb1cb2bcee9,5085a363175086632f7d1dba44bfb45e7b5340c9f4dc6162a308343d9bcf05ca,OBS-FR-OI-SIMPLE-SOURCING-8,3a5c386500cd53b1784bb548d0555e2c225bcf9a7d02cef1b6041a600b62190a,RUN-20260821T114001,2026-08-21T11:40:01.305238+04:00
ITM-f51c29cbc5cb25de,9c9a47afb3fd4eff288b12e8469818671499b1a097eb43348ab5f7a4b80ec2ac,OBS-FR-OI-SIMPLE-SOURCING-8,3a5c386500cd53b1784bb548d0555e2c225bcf9a7d02cef1b6041a600b62190a,RUN-20260821T114001,2026-08-21T11:40:01.305238+04:00
ITM-f53dea5db4df4fa8,9521f9a3322a4353fa47302732a5e159fc805d2f8c185a8b396296086094e4a8,OBS-FR-OI-SIMPLE-SOURCING-8,3a5c386500cd53b1784bb548d0555e2c225bcf9a7d02cef1b6041a600b62190a,RUN-20260821T114001,2026-08-21T11:40:01.305238+04:00
ITM-f5d8aa96f0d7b55c,853dfbbc3a1ed7a93b245e85b4a9d901fd0e11450d96171c437d99986c876587,OBS-FR-OI-SIMPLE-SOURCING-8,3a5c386500cd53b1784bb548d0555e2c225bcf9a7d02cef1b6041a600b62190a,RUN-20260821T114001,2026-08-21T11:40:01.305238+04:00
ITM-f5e405affe3c3910,2ae0dd634b0e1a62041a5ce2dfcaecda2eb40ddeb36bc84d7b10ca6162a98ea1,OBS-FR-OI-SIMPLE-SOURCING-8,3a5c386500cd53b1784bb548d0555e2c225bcf9a7d02cef1b6041a600b62190a,RUN-20260821T114001,2026-08-21T11:40:01.305238+04:00
ITM-f5edd42642e73433,5185533f4394cd6773fe30fc037008f84183d6229cb4cca82659cf23d3c69b33,OBS-FR-OI-SIMPLE-SOURCING-8,3a5c386500cd53b1784bb548d0555e2c225bcf9a7d02cef1b6041a600b62190a,RUN-20260821T114001,2026-08-21T11:40:01.305238+04:00
ITM-f5f1da6f5bceca04,93e5a74ce550e60da9a6fcb737b91bf0eee42ef1afff870c9c94678f9e05e4c4,OBS-FR-OI-SIMPLE-SOURCING-8,3a5c386500cd53b1784bb548d0555e2c225bcf9a7d02cef1b6041a600b62190a,RUN-20260821T114001,2026-08-21T11:40:01.305238+04:00
ITM-f60a72267153ca38,ef7e0aea469bc33fd46494ba860d44f4ae4378fbe8390bdf0d67c2c35bd92e47,OBS-FR-OI-SIMPLE-SOURCING-8,3a5c386500cd53b1784bb548d0555e2c225bcf9a7d02cef1b6041a600b62190a,RUN-20260821T114001,2026-08-21T11:40:01.305238+04:00
ITM-f60b8117b612012b,29ed5adc1edb9ead8ce9159d5ea4ad778b879b8e87b292df68e1a71c2d9d88f1,OBS-FR-OI-SIMPLE-SOURCING-8,3a5c386500cd53b1784bb548d0555e2c225bcf9a7d02cef1b6041a600b62190a,RUN-20260821T114001,2026-08-21T11:40:01.305238+04:00
ITM-f6156035d9fc1a1e,4a6c1551494a50913c079b1c823ed5de2d206e048acd6d8697a923a0f5ba8e4e,OBS-FR-OI-SIMPLE-SOURCING-8,3a5c386500cd53b1784bb548d0555e2c225bcf9a7d02cef1b6041a600b62190a,RUN-20260821T114001,2026-08-21T11:40:01.305238+04:00
ITM-f62ba09eeb1ccefc,9b97979b6f09ef03c2e9795a5cbecadd7fb16aee049db687181c0d7669486e6b,OBS-FR-OI-SIMPLE-SOURCING-8,3a5c386500cd53b1784bb548d0555e2c225bcf9a7d02cef1b6041a600b62190a,RUN-20260821T114001,2026-08-21T11:40:01.305238+04:00
ITM-f657770915b5d951,1b4059f355f1327f7c279e024df4dcb32197293c9c93308d183fb2fdaaf8fc64,OBS-FR-OI-SIMPLE-SOURCING-8,3a5c386500cd53b1784bb548d0555e2c225bcf9a7d02cef1b6041a600b62190a,RUN-20260821T114001,2026-08-21T11:40:01.305238+04:00
ITM-f65cd7bf221d9d10,142e8bcf88888e0f1ec0d0feea25777e69d2fa0c6377d6923431f7a97b0bc08a,OBS-FR-OI-SIMPLE-SOURCING-8,3a5c386500cd53b1784bb548d0555e2c225bcf9a7d02cef1b6041a600b62190a,RUN-20260821T114001,2026-08-21T11:40:01.305238+04:00
ITM-f68f11ae5255c850,56fd9b5c7388bdcbca217fd1c6b2431b9ff762d306c411a947910e5d7329819e,OBS-FR-OI-SIMPLE-SOURCING-8,3a5c386500cd53b1784bb548d0555e2c225bcf9a7d02cef1b6041a600b62190a,RUN-20260821T114001,2026-08-21T11:40:01.305238+04:00
ITM-f690c99943f1ca81,75c4342b3748f9ffad332bed9fe5f7c9aa75953628af02ed75533e9a9c5af415,OBS-FR-OI-SIMPLE-SOURCING-8,3a5c386500cd53b1784bb548d0555e2c225bcf9a7d02cef1b6041a600b62190a,RUN-20260821T114001,2026-08-21T11:40:01.305238+04:00
ITM-f6f916078e291e8d,945e189ae21e16e97aaad551beaf9a8fd5358b1b1a45ee7025ee9fc8d9ccd8b0,OBS-FR-OI-SIMPLE-SOURCING-8,3a5c386500cd53b1784bb548d0555e2c225bcf9a7d02cef1b6041a600b62190a,RUN-20260821T114001,2026-08-21T11:40:01.305238+04:00
ITM-f7388cbead470177,7e0f39f96ff5ca3ab327d344af39d4444a383af315839ca889e7c5de6861b530,OBS-FR-OI-SIMPLE-SOURCING-8,3a5c386500cd53b1784bb548d0555e2c225bcf9a7d02cef1b6041a600b62190a,RUN-20260821T114001,2026-08-21T11:40:01.305238+04:00
ITM-f73e40d0ad869644,fdf9f404ec3fb1c40b968cd064c6629dce9633d891a57e0192227cedd237b9a8,OBS-FR-OI-SIMPLE-SOURCING-8,3a5c386500cd53b1784bb548d0555e2c225bcf9a7d02cef1b6041a600b62190a,RUN-20260821T114001,2026-08-21T11:40:01.305238+04:00
ITM-f782487e0b9d1379,3cee07e563ac1475119490e6546b19342ab2bb09d37f5ecfeb4ec7ddffebeb7a,OBS-FR-OI-SIMPLE-SOURCING-8,3a5c386500cd53b1784bb548d0555e2c225bcf9a7d02cef1b6041a600b62190a,RUN-20260821T114001,2026-08-21T11:40:01.305238+04:00
ITM-f796c1c162ca1ac0,bae04a54800d8b439e3fe2c3f8d8132b76739933237b7e03dd31be30bac89c1a,OBS-FR-OI-SIMPLE-SOURCING-8,3a5c386500cd53b1784bb548d0555e2c225bcf9a7d02cef1b6041a600b62190a,RUN-20260821T114001,2026-08-21T11:40:01.305238+04:00
ITM-f7aec10b7f55d79d,f0464362b6dfd48b15179ed5bbbd91c676afbfcd43f80fe154aa8f799ffb1ba2,OBS-FR-OI-SIMPLE-SOURCING-8,3a5c386500cd53b1784bb548d0555e2c225bcf9a7d02cef1b6041a600b62190a,RUN-20260821T114001,2026-08-21T11:40:01.305238+04:00
ITM-f7bb81100fe07424,40c27b70f7a027af0d73b2b347f76ec99259208f47a9063c7c8bdc95152a0432,OBS-FR-OI-SIMPLE-SOURCING-8,3a5c386500cd53b1784bb548d0555e2c225bcf9a7d02cef1b6041a600b62190a,RUN-20260821T114001,2026-08-21T11:40:01.305238+04:00
ITM-f7bbc189c200750d,9a3b0789b058dfb885b5a4722e644d0d604fb503766f032923b96fca58c114a1,OBS-FR-OI-SIMPLE-SOURCING-8,3a5c386500cd53b1784bb548d0555e2c225bcf9a7d02cef1b6041a600b62190a,RUN-20260821T114001,2026-08-21T11:40:01.305238+04:00
ITM-f866f562c24dd0d0,11e047e285dbc51a70e2e43877abfff64e0b7cc6f8db84962a1ff0db98980b15,OBS-FR-OI-SIMPLE-SOURCING-8,3a5c386500cd53b1784bb548d0555e2c225bcf9a7d02cef1b6041a600b62190a,RUN-20260821T114001,2026-08-21T11:40:01.305238+04:00
ITM-f87bb5791c862511,51fd637a36b39c9f526a1160b5a698224aea9b544d782f5993067f9816a55a93,OBS-FR-OI-SIMPLE-SOURCING-8,3a5c386500cd53b1784bb548d0555e2c225bcf9a7d02cef1b6041a600b62190a,RUN-20260821T114001,2026-08-21T11:40:01.305238+04:00
ITM-f90316e1f792c499,475877db7aebb3d05bed57d0aeb552402452a5bf3d6c2ff9840e452a9b772c87,OBS-FR-OI-SIMPLE-SOURCING-8,3a5c386500cd53b1784bb548d0555e2c225bcf9a7d02cef1b6041a600b62190a,RUN-20260821T114001,2026-08-21T11:40:01.305238+04:00
ITM-f96036c6fb22f89b,2a026f0e5399efa7f7a06e7079062b683c740e1376e34eb149f38294756b77ca,OBS-FR-OI-SIMPLE-SOURCING-8,3a5c386500cd53b1784bb548d0555e2c225bcf9a7d02cef1b6041a600b62190a,RUN-20260821T114001,2026-08-21T11:40:01.305238+04:00
ITM-f9e552e18a424509,ba7a9110aa0fc17f5c4f15e0bcd2fb7e5c3892257c66f9eb1be53ccbe8f0ef39,OBS-FR-OI-SIMPLE-SOURCING-8,3a5c386500cd53b1784bb548d0555e2c225bcf9a7d02cef1b6041a600b62190a,RUN-20260821T114001,2026-08-21T11:40:01.305238+04:00
ITM-fa22411d5209e6b8,72a7d758a7718fc5f7350f1660f7d7b5acd16992dff019650a0f1fe23a36e89f,OBS-FR-OI-SIMPLE-SOURCING-8,3a5c386500cd53b1784bb548d0555e2c225bcf9a7d02cef1b6041a600b62190a,RUN-20260821T114001,2026-08-21T11:40:01.305238+04:00
ITM-fa4e2699a798669f,122a2860304c1e3bce01d8644ef13523548b8ceff3e7a5ad0483e3befef92215,OBS-FR-OI-SIMPLE-SOURCING-8,3a5c386500cd53b1784bb548d0555e2c225bcf9a7d02cef1b6041a600b62190a,RUN-20260821T114001,2026-08-21T11:40:01.305238+04:00
ITM-fab33f2a4d20edb5,4ef6f00c8c5df41d9abb0a5078cee5f650e0a798935f0e080d52d549f66dd54a,OBS-FR-OI-SIMPLE-SOURCING-8,3a5c386500cd53b1784bb548d0555e2c225bcf9a7d02cef1b6041a600b62190a,RUN-20260821T114001,2026-08-21T11:40:01.305238+04:00
ITM-fac377f6dd0d8ee8,f7296df7790c27086435cf38576dc859bb3434c5e1751dae8b4b1e235cae7a3e,OBS-FR-OI-SIMPLE-SOURCING-8,3a5c386500cd53b1784bb548d0555e2c225bcf9a7d02cef1b6041a600b62190a,RUN-20260821T114001,2026-08-21T11:40:01.305238+04:00
ITM-fbe345a97a247b1e,cbaba34e1587e9eda8a736038cfcec898d3be9bf0a4fc934ccce2ce4f46f54e2,OBS-FR-OI-SIMPLE-SOURCING-8,3a5c386500cd53b1784bb548d0555e2c225bcf9a7d02cef1b6041a600b62190a,RUN-20260821T114001,2026-08-21T11:40:01.305238+04:00
ITM-fbf70b9cec592f9e,bce5ae73bc1a74a83c75d4b3f16a422cb48f107db050fecff47435bf524646e2,OBS-FR-OI-SIMPLE-SOURCING-8,3a5c386500cd53b1784bb548d0555e2c225bcf9a7d02cef1b6041a600b62190a,RUN-20260821T114001,2026-08-21T11:40:01.305238+04:00
ITM-fc1064e0de6ca190,ea2e1162847f3f6cc8789812e7c969ecc895af81aa6692198595db4f89c7d4ea,OBS-FR-OI-SIMPLE-SOURCING-8,3a5c386500cd53b1784bb548d0555e2c225bcf9a7d02cef1b6041a600b62190a,RUN-20260821T114001,2026-08-21T11:40:01.305238+04:00
ITM-fc1b90509100b6be,644d6e0889088efb1310fed2e5582f3d71485177399713ea722fbc0ba05c1943,OBS-FR-OI-SIMPLE-SOURCING-8,3a5c386500cd53b1784bb548d0555e2c225bcf9a7d02cef1b6041a600b62190a,RUN-20260821T114001,2026-08-21T11:40:01.305238+04:00
ITM-fc3fac38755a54db,39877c5354aefc5f158cf45168d42fc33afe09a585f12eb8e618036b596968a8,OBS-FR-OI-SIMPLE-SOURCING-8,3a5c386500cd53b1784bb548d0555e2c225bcf9a7d02cef1b6041a600b62190a,RUN-20260821T114001,2026-08-21T11:40:01.305238+04:00
ITM-fc5c215dc379733c,54af4215f4eaa9e4254d9b15df908dd1bc16a1703f02e963d984f952aee04280,OBS-FR-OI-SIMPLE-SOURCING-8,3a5c386500cd53b1784bb548d0555e2c225bcf9a7d02cef1b6041a600b62190a,RUN-20260821T114001,2026-08-21T11:40:01.305238+04:00
ITM-fcb0961d57bae830,dce26a1aef29d6b860f755289982037e8c44dafff7b87a337f32b8a52bcdf044,OBS-FR-OI-SIMPLE-SOURCING-8,3a5c386500cd53b1784bb548d0555e2c225bcf9a7d02cef1b6041a600b62190a,RUN-20260821T114001,2026-08-21T11:40:01.305238+04:00
ITM-fcb9546efe478ce7,ece08c8181546f1100d4bb86d911179781e1bc3b604a70a99b00e00d4bc2b688,OBS-FR-OI-SIMPLE-SOURCING-8,3a5c386500cd53b1784bb548d0555e2c225bcf9a7d02cef1b6041a600b62190a,RUN-20260821T114001,2026-08-21T11:40:01.305238+04:00
ITM-fcbb2a30976447da,2a7b243e8ca932c3af324648b304cff050d7b3bf038d05ff8acdf4d41d475336,OBS-FR-OI-SIMPLE-SOURCING-8,3a5c386500cd53b1784bb548d0555e2c225bcf9a7d02cef1b6041a600b62190a,RUN-20260821T114001,2026-08-21T11:40:01.305238+04:00
ITM-fd38480114ffc165,929788e99cc6600d4bfc45cc37c5f79ccf84f92564043057456f8714b90e6d48,OBS-FR-OI-SIMPLE-SOURCING-8,3a5c386500cd53b1784bb548d0555e2c225bcf9a7d02cef1b6041a600b62190a,RUN-20260821T114001,2026-08-21T11:40:01.305238+04:00
ITM-fd3fbc7d38df09b9,d3977ff14ce98dab79d71440b3a3fb9a18e2a34cc1cab4a0da72db6d9babbdd3,OBS-FR-OI-SIMPLE-SOURCING-8,3a5c386500cd53b1784bb548d0555e2c225bcf9a7d02cef1b6041a600b62190a,RUN-20260821T114001,2026-08-21T11:40:01.305238+04:00
ITM-fd464840f9b28916,7909d68bfc8e06aaa576ceab74a1a68a34174653b689e3bdb3aeca89461329bb,OBS-FR-OI-SIMPLE-SOURCING-8,3a5c386500cd53b1784bb548d0555e2c225bcf9a7d02cef1b6041a600b62190a,RUN-20260821T114001,2026-08-21T11:40:01.305238+04:00
ITM-fd4ec558d614b37a,d46bfe19415f6f4d6e3c38c11720c61b34685e7483df9932889a1184cb2888fd,OBS-FR-OI-SIMPLE-SOURCING-8,3a5c386500cd53b1784bb548d0555e2c225bcf9a7d02cef1b6041a600b62190a,RUN-20260821T114001,2026-08-21T11:40:01.305238+04:00
ITM-fd56c69414a47f90,4cbf16b1739e3346aa11defd3bf2fd2dacc43d814e47f9050bda538b0b153f61,OBS-FR-OI-SIMPLE-SOURCING-8,3a5c386500cd53b1784bb548d0555e2c225bcf9a7d02cef1b6041a600b62190a,RUN-20260821T114001,2026-08-21T11:40:01.305238+04:00
ITM-fdc78707cd7e72bc,c51b3ae6b81ec68cfedeaaf24e69b050095fb309fca8426cfa8c3bbfb1f24d1d,OBS-FR-OI-SIMPLE-SOURCING-8,3a5c386500cd53b1784bb548d0555e2c225bcf9a7d02cef1b6041a600b62190a,RUN-20260821T114001,2026-08-21T11:40:01.305238+04:00
ITM-fdcf23090de1dcfd,b574ae8f3194e5435c4245b2c4a9f848d9f77fea496cffe2a82e0ac269daaef8,OBS-FR-OI-SIMPLE-SOURCING-8,3a5c386500cd53b1784bb548d0555e2c225bcf9a7d02cef1b6041a600b62190a,RUN-20260821T114001,2026-08-21T11:40:01.305238+04:00
ITM-fdd4de31fc2fb49c,e9e82f8c1db23b67a29bed07f63cc9734a4c60fa7d4d7b6bd2674c401907dda7,OBS-FR-OI-SIMPLE-SOURCING-8,3a5c386500cd53b1784bb548d0555e2c225bcf9a7d02cef1b6041a600b62190a,RUN-20260821T114001,2026-08-21T11:40:01.305238+04:00
ITM-fde932394abab432,1ffab1217f10455b1279092bb1c60b21cf0148f365d0f2e8db9d14a8cfd0285c,OBS-FR-OI-SIMPLE-SOURCING-8,3a5c386500cd53b1784bb548d0555e2c225bcf9a7d02cef1b6041a600b62190a,RUN-20260821T114001,2026-08-21T11:40:01.305238+04:00
ITM-fe38fbba13f1277e,ac08fee76acda3ae23e52cbe514c442f4fc0049b8405fbcc90cf01f21869244a,OBS-FR-OI-SIMPLE-SOURCING-8,3a5c386500cd53b1784bb548d0555e2c225bcf9a7d02cef1b6041a600b62190a,RUN-20260821T114001,2026-08-21T11:40:01.305238+04:00
ITM-fe95b6ef3e1dded7,ab12b0b2759a6065050ef8b42d6017582cdd9dd13ca8c8db2e70782297912579,OBS-FR-OI-SIMPLE-SOURCING-8,3a5c386500cd53b1784bb548d0555e2c225bcf9a7d02cef1b6041a600b62190a,RUN-20260821T114001,2026-08-21T11:40:01.305238+04:00
ITM-ff199c241307633e,fc6d5caa1b3781de81f362476cac79cd2d9b64debf05142bf3fd5e0e1efd4872,OBS-FR-OI-SIMPLE-SOURCING-8,3a5c386500cd53b1784bb548d0555e2c225bcf9a7d02cef1b6041a600b62190a,RUN-20260821T114001,2026-08-21T11:40:01.305238+04:00
ITM-ff2cc39a37c3f651,dd6f0e15e71e3c1055427fac432196c3436d6a7559fc7cfd29191133feda952b,OBS-FR-OI-SIMPLE-SOURCING-8,3a5c386500cd53b1784bb548d0555e2c225bcf9a7d02cef1b6041a600b62190a,RUN-20260821T114001,2026-08-21T11:40:01.305238+04:00
ITM-ff7d3b2b47c6c4e0,a2d475712909a7427d51ff73de02f59f8f11b4f7181cd31fdfab9ff83ede5231,OBS-FR-OI-SIMPLE-SOURCING-8,3a5c386500cd53b1784bb548d0555e2c225bcf9a7d02cef1b6041a600b62190a,RUN-20260821T114001,2026-08-21T11:40:01.305238+04:00
ITM-ff95482b0d0c1044,0aca966afc50be6c7894f8809d93776854d299aa6dae69d03c7e65b6d844c36a,OBS-FR-OI-SIMPLE-SOURCING-8,3a5c386500cd53b1784bb548d0555e2c225bcf9a7d02cef1b6041a600b62190a,RUN-20260821T114001,2026-08-21T11:40:01.305238+04:00
ITM-ffa91ff73839712b,1d52a94af7103ffc5c809032f21186553f1eb3a77c86297660f7be9c47950e21,OBS-FR-OI-SIMPLE-SOURCING-8,3a5c386500cd53b1784bb548d0555e2c225bcf9a7d02cef1b6041a600b62190a,RUN-20260821T114001,2026-08-21T11:40:01.305238+04:00
ITM-ffb301ad6b47093e,ccd29bddf226e5fc8e483601175ef173967d7f1382b6357d7b69eed5cf5922e5,OBS-FR-OI-SIMPLE-SOURCING-8,3a5c386500cd53b1784bb548d0555e2c225bcf9a7d02cef1b6041a600b62190a,RUN-20260821T114001,2026-08-21T11:40:01.305238+04:00
ITM-ffea5dbcc5e82a7c,3a7d4bdd33295d69c702c393be7deda2a8b88d7000454efab2da8a4903f4167a,OBS-FR-OI-SIMPLE-SOURCING-8,3a5c386500cd53b1784bb548d0555e2c225bcf9a7d02cef1b6041a600b62190a,RUN-20260821T114001,2026-08-21T11:40:01.305238+04:00
