Item_ID,Qualification_Fingerprint,Output_Hash,Provenance_Hash,Cache_Version,Run_ID,As_Of
ITM-005a36176dc24a3a,0bc8b74fb86e5f7ac570819b3137dbacfc2ea0b2929bc2a16d1f87776e3ce511,fe374d4474f72c7fe1384a55a04027b0098946e9e18cd9e77a5c15598b04b39d,4131053d8d0d0015c1f2c9ec081dfafe15e23a1fc45ac33830d0a458c630a9b8,QUAL-SHADOW-1,RUN-20260820T113852,2026-08-20T11:38:52.928740+04:00
ITM-008e2729e5969f7f,d26a37d722f1859a0a75aa3ee9ca9fc5fe99af65250cdc1fd0b3dd3987b34ba3,4b3d87268c07a62f5ba6ddfefbb9c9bb86db180c0bb9987393ba64fb218c50a9,eaba15d4820f8afc0ee0f1db7f1ca2a8768d953f19b91c1dc84a0a9e1559dcdf,QUAL-SHADOW-1,RUN-20260820T113852,2026-08-20T11:38:52.928740+04:00
ITM-00e3e6e37ab04d64,3f68b8c890906c23ec3adf5b3216689aad72aae38f1590aef641cb932e17a047,0de55736b518758b50809904585ed4cf4b92fcf7e25a84cc7753f0f2313aa0d2,4f53cda18c2baa0c0354bb5f9a3ecbe5ed12ab4d8e11ba873c2f11161202b945,QUAL-SHADOW-1,RUN-20260820T113852,2026-08-20T11:38:52.928740+04:00
ITM-0146aaed9f0a5383,ed6a4002fdbab87155d065ee89c54dd41a93f0f50e7a0333ee51b06cd755c787,d357970730da346c08e9263e3403206542db60bc15a9d14ab5b1745baf235bcb,4f53cda18c2baa0c0354bb5f9a3ecbe5ed12ab4d8e11ba873c2f11161202b945,QUAL-SHADOW-1,RUN-20260820T113852,2026-08-20T11:38:52.928740+04:00
ITM-014bb4da729676e9,d002174687bc79876544944bc5124be357e85fd4f10c2d55fcc5e76757acb77f,0294eef2299973ac6dc9f28dc87192e3a1e5f8140c6c75489d7c2fb6373e86d2,4f53cda18c2baa0c0354bb5f9a3ecbe5ed12ab4d8e11ba873c2f11161202b945,QUAL-SHADOW-1,RUN-20260820T113852,2026-08-20T11:38:52.928740+04:00
ITM-015da41dbb8ea80b,ba41d2ad4e9b987c535122940b2309727e46689fea07bec8618c4893f93ac069,5faca78d4cd19c9888032344fddec0505341c412046ba1ff1a3ed61357566f78,fccb2ae5b9533bfec964447686c8713b63d4989d1d5de05f04226c158861daf6,QUAL-SHADOW-1,RUN-20260820T113852,2026-08-20T11:38:52.928740+04:00
ITM-0301e932a02d3c7b,b0baf25d1a156519712adb3ba6b652bbc4ced456419b21fbec32771b323f1d10,6d7ce8aa3f343a366ab0231f6b5a474f3bf983d179138dd3edbfa1cfa5cef8a4,4f53cda18c2baa0c0354bb5f9a3ecbe5ed12ab4d8e11ba873c2f11161202b945,QUAL-SHADOW-1,RUN-20260820T113852,2026-08-20T11:38:52.928740+04:00
ITM-0356561a0ce1e8dc,9260889fd1f8fde828ae5d6fe509840be2642aafc9722efbe08b7165f19129fb,c416f5b9cfa94d6340969e2194ada39bc9a664245bb4604c30c162b3ea189d36,91c1d7f54608a3e193a818fda2f565bc660bc209e687b2464d647d9028e63402,QUAL-SHADOW-1,RUN-20260820T113852,2026-08-20T11:38:52.928740+04:00
ITM-04382f2e8178ccb6,38fffaa9bf602ad2f478d7f4570e9e0bbfd6739457cdcbe6fead32aa79379dd3,d74e6209d442b5ff7899ee6c816aed488b09d52873e39d26c8b936eb459454f4,98eed8e1d8a98d7d06f76887804a6242ae4c689d9de81fb0159ee42400063fc9,QUAL-SHADOW-1,RUN-20260820T113852,2026-08-20T11:38:52.928740+04:00
ITM-04a856475a59deb2,c0a6936637d04dc1c9f984600c27f4ffd8d361a1f04cfac37fe9da443256a582,eca73918619eefba88cba8d69392b3cfaf394179cdb7983902ac5833a87a8f22,4075d64f50848a7f74f62639f34e2f7df7ec1d539c35e5476b77cd5d6c113211,QUAL-SHADOW-1,RUN-20260820T113852,2026-08-20T11:38:52.928740+04:00
ITM-04d6fe7da62a4060,4870ee7e0d3cf60dc8a81500139b6263383bb2c4b22748c7a68c84b10b4cdcc4,4fbb7e40191af763e1660a1f5ec7cd49d13f484e103f5f4c8ee666caa008d813,2f59eeb5736ba92045e76d6342faf6e1a539062484f4d5294a187d7b94cc4eb1,QUAL-SHADOW-1,RUN-20260820T113852,2026-08-20T11:38:52.928740+04:00
ITM-04e0d362bcf71382,2e8abe8d0f7822ca31ba4e613351352e61edbb4127fc338c21a7842222f4de1c,638436e7a980145ca4994fc0647a80b679324b238cbf78766e7953a951d0e705,1a241b7ef04bcbe0a7b524d7bb209b29c8d4d9201e5cfc420851a854e9c7258b,QUAL-SHADOW-1,RUN-20260820T113852,2026-08-20T11:38:52.928740+04:00
ITM-054ef7e4c93e1e1e,d3bc23c11a1b8efe3d551a77075e654d89c704d497947f1c69059910e83f429a,913b726abd3178c9312d2fd75337e038a60c6f6c5cf4d07c060c049c7af67966,ed64d69773e02dbcf6d3fc727ab438cdcdf826302e96a40024892579fa853b14,QUAL-SHADOW-1,RUN-20260820T113852,2026-08-20T11:38:52.928740+04:00
ITM-057b52f6d1ab1f67,319537504b53c130d9af95ab46cf249ee136c1e927230c18cf20f520df376003,2aef562e50dd55c1261bcfe36f77ffad01f4670e8c9a3fdb60dcb6ed81e1de10,17a32002b41f05ad9693595838717934de9129dbfecf74605138d826bee6cac7,QUAL-SHADOW-1,RUN-20260820T113852,2026-08-20T11:38:52.928740+04:00
ITM-061d9f43ac5d68be,03cba9d58e0a12f641070c05c4ba60d445d88cf6611262f11ded1142a5965d18,0ac311866c0a8eff4a9789c91441d2508dafa70b79b097fe71bb375a77bee41b,4f53cda18c2baa0c0354bb5f9a3ecbe5ed12ab4d8e11ba873c2f11161202b945,QUAL-SHADOW-1,RUN-20260820T113852,2026-08-20T11:38:52.928740+04:00
ITM-06421cd29d6a0b11,218ef8f77778889c94bc03c4da7793caec0c19e8062207cc445e7a7f434e1629,48b1267074f30c97b997f01b05cebca3a521b336d8fcbeb33484ee731d90cc4e,4f53cda18c2baa0c0354bb5f9a3ecbe5ed12ab4d8e11ba873c2f11161202b945,QUAL-SHADOW-1,RUN-20260820T113852,2026-08-20T11:38:52.928740+04:00
ITM-06a1986bae323c17,1242fde3669bb352cd7a532ab5f00ef60eb7fd36a932265d07545bb432f75329,7ad8f045291b0c411f41b03900a7507c644849340ec670a40bb69b1e40854472,25cc2c7cfa064138f5eb5e7cfa833cfb1856c205c9c60574b5dd85d5263de719,QUAL-SHADOW-1,RUN-20260820T113852,2026-08-20T11:38:52.928740+04:00
ITM-0724785a877742c0,e24f7d6dbb0ecc2d689552e1e8306f6624f3af5a870156b012639a4e39c41b34,9177f07b0cbf5b220e5ef5bbff15ea61a79f0599b641deb99d9736348138fb40,4f53cda18c2baa0c0354bb5f9a3ecbe5ed12ab4d8e11ba873c2f11161202b945,QUAL-SHADOW-1,RUN-20260820T113852,2026-08-20T11:38:52.928740+04:00
ITM-073165dc67597152,f181f7a5e863362e31cc6c7bcdf45b245ae1562c1264746ef68ecbcf078e3385,d162dda29dde6a65c50f36e6680abf00c2f82d789fb5b7d5d57bc80e0afc1a97,f0c66bdb11f658f495ca0d8f44c9adf7ab1fe39c57e587028523ed8d58036b72,QUAL-SHADOW-1,RUN-20260820T113852,2026-08-20T11:38:52.928740+04:00
ITM-07b9952774dc9686,1bf6d7fd4dc0270c7bfb92bac7401edd3949c725fa9a579788169f47cee23b71,fd0a6667a31db8558ba0263aec5657681e4e695337a867dfe44053eb05f17abe,06bd8be91a87390e3a93a6ef769e2e545059f0b613746dde1946a6fe6f454220,QUAL-SHADOW-1,RUN-20260820T113852,2026-08-20T11:38:52.928740+04:00
ITM-083a449d9f671b74,e77f8938bb84442719f222ae4503cf6582ec9b3df68251b01a3694e6062efea4,605568fed299130e9ec77f833fb0b02a4783dd72bf30d6370bfcbb23a9958bf7,4f53cda18c2baa0c0354bb5f9a3ecbe5ed12ab4d8e11ba873c2f11161202b945,QUAL-SHADOW-1,RUN-20260820T113852,2026-08-20T11:38:52.928740+04:00
ITM-0879efb5ba994b81,ebac960e3f621ec5ab5b71a711fc8973d5113753cb45927b353735509a523e6a,730914cf7006f3cd3fa56ce765808f31bd6c157550db365b915f13b27b7531d3,4f53cda18c2baa0c0354bb5f9a3ecbe5ed12ab4d8e11ba873c2f11161202b945,QUAL-SHADOW-1,RUN-20260820T113852,2026-08-20T11:38:52.928740+04:00
ITM-08ce576935520d87,d762b3e95f2e4bd04a10d8f926d28ec55660e8634a1c518895c4d8903112c72c,ae9919797c7b9295edd8de27b9a859b4bb249bc19927f93836fcc6becd28c83e,225b008c891db80a0f8eaf0a4c49ad236099ca6bbca1842534c79a870d151ee6,QUAL-SHADOW-1,RUN-20260820T113852,2026-08-20T11:38:52.928740+04:00
ITM-08ee2b51433078f2,9fa89320b59bc0b96b74b2dd34f07c2636a20320004925d7fff1b4f1638e1fee,86b3ef55cba3da955c1c1105b549169830f5f192bdc758d23530ea385f6f2b2c,d5ab126df6b733d80724797f0059fa83c41aaaee52f52e00d100dc071c87a038,QUAL-SHADOW-1,RUN-20260820T113852,2026-08-20T11:38:52.928740+04:00
ITM-08ef3509bc450700,8764d1fabbb01a2bddd163ae2ca0416f5286b02cab6ab17a331282a8159b9ed5,e105f6ec27e36c6f5f6a526cbc92cadc3c14715d5845be23b11214c3abb54f6e,4f53cda18c2baa0c0354bb5f9a3ecbe5ed12ab4d8e11ba873c2f11161202b945,QUAL-SHADOW-1,RUN-20260820T113852,2026-08-20T11:38:52.928740+04:00
ITM-08fb14d5587521ab,f3d7041d0616f650108c32d37edbee9d73191ce1edcc3b2a8da5b16a7fa62702,df89eb6771bf84f240493b4d3d6a068f41c077461d8a065ddf85fb419931b5f9,4bfeb50b2458be4a77ab2e1fc40ac3bca0bafa3f28d76996b11e83efa5645ed1,QUAL-SHADOW-1,RUN-20260820T113852,2026-08-20T11:38:52.928740+04:00
ITM-08fe35f4fde7b20e,b8010556649ec5ce4c2e5745dbf442cea0dba2080555a2a42d35ca558ca27fae,e05e07303df7ba358ca23818745f41d5d6a5982b6c51cbea9dcd908289d1db1e,024de5dcd412e09416f450e862974ba586184424848721ab69b1e4f31bed577a,QUAL-SHADOW-1,RUN-20260820T113852,2026-08-20T11:38:52.928740+04:00
ITM-091fc8637ce58920,ded9141cfe8f0a7eb3dfbe67e79a5ed9b7ea09de63230d6de6e3a18fd968070c,ebedc7d5fdfd74d1a3455747ef5c71061cf1c39f0b3779b70bf5bf3bf1ba183e,5da649066571606ff596fc13de9be0f551562a421e90023ebb19e74d74dbf568,QUAL-SHADOW-1,RUN-20260820T113852,2026-08-20T11:38:52.928740+04:00
ITM-094a3b986efdd194,27fad36de2efa4526f0878bdc85d8be66e46ff90f8f7b368f4ba220176cec5bb,9c94ef8a50046afad31fa274fccd05c21606dcafeb3c39513347fbad04c56a1b,28528d48a3c5d67f40ef3d696b759e33779bf18a5683033284afb0b1a93e979b,QUAL-SHADOW-1,RUN-20260820T113852,2026-08-20T11:38:52.928740+04:00
ITM-0972b9f1cdbf38ca,bb5942af3f1095fbb81fc5c971f99bbbba7b40407d20d482d9d74cfe39fc7cb2,78773beb511d629e044dce5ac82002cce39a43a55752e2d054443c43c27893c8,4f53cda18c2baa0c0354bb5f9a3ecbe5ed12ab4d8e11ba873c2f11161202b945,QUAL-SHADOW-1,RUN-20260820T113852,2026-08-20T11:38:52.928740+04:00
ITM-09c61578497f8747,f0bd7a3dc456da59e1d1ef5142ab9dd75d08ae88bf4ef95f2a5edbec1e26774f,eac84de2439c4b9635ca428e7c2ff2a36e41ef88508db564dd844942d779f5ec,d3f4a595518f2b7ec4bd39756d38ceab4856c4f7e41545faec5f536f64d8eca4,QUAL-SHADOW-1,RUN-20260820T113852,2026-08-20T11:38:52.928740+04:00
ITM-09eb6993763586d8,8d9dcf9cecee0b582b6447ada1cfa1f6c04baf8cf8a5deb30565840288c70e13,352f8429a3ebf3cf425dae1ff239811f4f11745171944b1cd853c8a4050bac61,4646839996ba6308d49a738ff0bfbedb6aecaac675fc788a61e84b3ed49c7d71,QUAL-SHADOW-1,RUN-20260820T113852,2026-08-20T11:38:52.928740+04:00
ITM-09ee3dd87a27ea02,b5d2651f57ab03f1286766c023aa9b8b1bb750551699290d94400ac6fb395191,b68e6d600d4e658b762664e7b9bb8a3cc0cb6116daa54f8a229d36654e5dd351,4f53cda18c2baa0c0354bb5f9a3ecbe5ed12ab4d8e11ba873c2f11161202b945,QUAL-SHADOW-1,RUN-20260820T113852,2026-08-20T11:38:52.928740+04:00
ITM-0a082f20eda672d9,039a75673fcb7add733f23fefa4b329b7bfd64864e4f228332a50e6c006ee347,ff9eda6ca57c4e975de99aecf4a7d66134c6ebc94f8bd7904295963178fa7035,9eb1849ed4db3d3b496cb9109edec86ae3540dc811e0a4bb70dd9e93a05cd332,QUAL-SHADOW-1,RUN-20260820T113852,2026-08-20T11:38:52.928740+04:00
ITM-0a66cd85dc848f8c,9e0fe29aa35bc3fc9c8298ade8ad64a0c49f02fd23a52a31c350b507d48fb5af,2fda335779b7612a18b617e9e6a9b48277946c75d444bf4e5f2a3cdd5404bb2d,4f53cda18c2baa0c0354bb5f9a3ecbe5ed12ab4d8e11ba873c2f11161202b945,QUAL-SHADOW-1,RUN-20260820T113852,2026-08-20T11:38:52.928740+04:00
ITM-0a6898b2be76a259,ad601412e1d0846354c4f0e198f3a10c9a1d277fcab164eca762b0624a0e8066,05339024d5d257e3000157186b70d59dddb50fbfc6efec5092c897f86b08f5a8,4f53cda18c2baa0c0354bb5f9a3ecbe5ed12ab4d8e11ba873c2f11161202b945,QUAL-SHADOW-1,RUN-20260820T113852,2026-08-20T11:38:52.928740+04:00
ITM-0afdd42d79791efe,6a5a423059f78c0152a5612e1a16e25280fb5b12df57634c83eba1b97ccc9d31,1588005d082faeecaad92e0fe7f5fa5eca96099f96cb3f1a40bc422858c37239,4f53cda18c2baa0c0354bb5f9a3ecbe5ed12ab4d8e11ba873c2f11161202b945,QUAL-SHADOW-1,RUN-20260820T113852,2026-08-20T11:38:52.928740+04:00
ITM-0b2017aee8c65950,34ee2c0bb6f69def7d065dfcf8fa3eda742c58cb27c25b7d9c284e03b8d48aba,afc87ebb69263880fb53d0be7483ab54dc458685bbaa250d12a14bbbbc0196e2,4f53cda18c2baa0c0354bb5f9a3ecbe5ed12ab4d8e11ba873c2f11161202b945,QUAL-SHADOW-1,RUN-20260820T113852,2026-08-20T11:38:52.928740+04:00
ITM-0b61d23ad11d724e,d8b764b62481fef5069b05e55c7be5b3eabb85a6b072930f4eda81342ab701c9,7849b6d71b4304877189d5a71266870ad859f34fa7ac40b91be57e8886ac4d54,4f53cda18c2baa0c0354bb5f9a3ecbe5ed12ab4d8e11ba873c2f11161202b945,QUAL-SHADOW-1,RUN-20260820T113852,2026-08-20T11:38:52.928740+04:00
ITM-0b8854d4551e6f74,c9f3226ab7eeae1f2d850277bcdc4c3fd83dcfa0d4f2457a44f04129ba3c3ac4,8a7d0bddb918fff24f8a414bdb6e4dec6702c61082ede4cbc63c49ed921d4ef4,e4bdeb2294605178ee7284f029f22bbd4fef925054115c03972d6037bad1c618,QUAL-SHADOW-1,RUN-20260820T113852,2026-08-20T11:38:52.928740+04:00
ITM-0bdbce4aee4f8eb5,7a48f3007f7128cb2bfaeaffa369e29c061315f26984b73a51f0e576acf9954f,e4cfee82c40ebe3fc641401cc4149203e8c56cb6044765f7e9b5ed314cfb0e48,4f53cda18c2baa0c0354bb5f9a3ecbe5ed12ab4d8e11ba873c2f11161202b945,QUAL-SHADOW-1,RUN-20260820T113852,2026-08-20T11:38:52.928740+04:00
ITM-0c05eddc40f69bfe,4e577c142d6e241ca4a8a6d7bf3992afb79c9488d6dc3e67f589e31b0d603604,db686aa85c5bc0075a7dace8c01035bd50e86c0e7a583debfd0c76bc1e7b3d23,4f53cda18c2baa0c0354bb5f9a3ecbe5ed12ab4d8e11ba873c2f11161202b945,QUAL-SHADOW-1,RUN-20260820T113852,2026-08-20T11:38:52.928740+04:00
ITM-0c17e88035585450,90e37cf7fcda98c91aac43015b420ee12101e48838866a2130f024e0dc315ec4,adbc2cafaf1ea5c439dca7e7904c52e1bd5845113de49bd9ffcb1a151d7b5e91,4f53cda18c2baa0c0354bb5f9a3ecbe5ed12ab4d8e11ba873c2f11161202b945,QUAL-SHADOW-1,RUN-20260820T113852,2026-08-20T11:38:52.928740+04:00
ITM-0c4c9229ba436a2d,bbc52c81812a0289c41911e2119412cb5da976f724c6cb1411c1a361a17293bf,88a8359568a708404eaa97e845e92cc1fbf64b602a349faaae4e39163ee58d82,ff3b744b7e492e922edfbf4de9b3ef40d9cf7c27b72c55c3a9f098fbfbeac6a6,QUAL-SHADOW-1,RUN-20260820T113852,2026-08-20T11:38:52.928740+04:00
ITM-0c71d9ac5b4e6492,b24888989f5d9cd8fbb156423273a0ea3e000adff98e99bfb2c1fb8aaa784438,fe0badd94f7ecade999e690ef82b537049e335e574c4912f43315dc11770d319,9cc5420dd5832a3d8cae7a719d2d80db1bfc597af3325af3ece91e24b4050f36,QUAL-SHADOW-1,RUN-20260820T113852,2026-08-20T11:38:52.928740+04:00
ITM-0c7b318a8fdf7645,33bf07f761e8d4b5cd5c1f3a66b7f55090959979462f5c6bde9a5bf1f578281b,6989a7f476246dd97647570de4bcbf1644c798d9d0cad4fe18b55463e782463e,4f53cda18c2baa0c0354bb5f9a3ecbe5ed12ab4d8e11ba873c2f11161202b945,QUAL-SHADOW-1,RUN-20260820T113852,2026-08-20T11:38:52.928740+04:00
ITM-0ca880336ac1979f,fd63d2f8b523886f7f5f82231c7fa5332b070d9ee1c414901095feffe60638bf,314d92bef4ec8fc46c9b4da15db5370203663d5acd5e9b54f32fe5994a2b0674,d019db405792dfce14437b872788d6780ac9850b56a870a82fcb26287e2360d4,QUAL-SHADOW-1,RUN-20260820T113852,2026-08-20T11:38:52.928740+04:00
ITM-0ce8a5fd20327cea,07d4bbe5a41a828ec309b80ebb2865fc73b3c49296c7c4485040d71890fc67d4,2c2729dcf490ec8228072c162f0dc57d98289158373e52094cd8203df2b95005,e8d28153dd2b427850a9e0b3de3d6762f0e9623630e4980c9ecbc9ab147969c3,QUAL-SHADOW-1,RUN-20260820T113852,2026-08-20T11:38:52.928740+04:00
ITM-0ce92c4a5b950c9d,e9786931c6e19b36b10c6a1f29a1c483fdaf5773832f7cf5d426f71ab0815bf6,a57624411d0005c0e2e045feaadc60360c793614e3f076b7ca8b6953bf225b34,481c33727eae3f6390228b54601a3c497798dda68fd39d9113325431f028947c,QUAL-SHADOW-1,RUN-20260820T113852,2026-08-20T11:38:52.928740+04:00
ITM-0d0fd64f9195ae13,1ca773e021468c55ac546eafaca084d4f21dc15e86853c0fb3ef23028190381d,35bad8629bf2e9e0b1a84ca6b6d0b0eec079834f9a268e979b30c6ba22196bb5,4f53cda18c2baa0c0354bb5f9a3ecbe5ed12ab4d8e11ba873c2f11161202b945,QUAL-SHADOW-1,RUN-20260820T113852,2026-08-20T11:38:52.928740+04:00
ITM-0d56a3768f074541,8688e78630343add398325711c4861a8bec7c8ea548c972670cee6bf1e784575,db99dd0b49b12e31d109d55e2109b094240e853de342b68816e2d177aa711922,4f53cda18c2baa0c0354bb5f9a3ecbe5ed12ab4d8e11ba873c2f11161202b945,QUAL-SHADOW-1,RUN-20260820T113852,2026-08-20T11:38:52.928740+04:00
ITM-0d9cf70acb3f36fe,13b7f9f41add3aab53c7f53c5be4acb40dce4e63bb6b62d8d5833da9fb21e146,967e9b583040579defe6e9c51abdf8d86bcc62a29f828c0e9ff9a52862a0da90,f57cc3b69b43a60d2829408d4e025bc1c850b0cb05128e318cfccb7a58ba3f52,QUAL-SHADOW-1,RUN-20260820T113852,2026-08-20T11:38:52.928740+04:00
ITM-0dab9fb9f26c4852,7e7e76778882e24eb1311f5217f46255d7eefd9418dedf20cef7c5e8d6a7e9aa,3e1d82d3b5e25d26ddfd058e770226194b783b5aa8927ca4e62a6f0bd98113b7,4f53cda18c2baa0c0354bb5f9a3ecbe5ed12ab4d8e11ba873c2f11161202b945,QUAL-SHADOW-1,RUN-20260820T113852,2026-08-20T11:38:52.928740+04:00
ITM-0dd0ead1cf4f8083,1982d0c4fd66ae5cd08f59c91afacf62874869f62a1c926db005d9fee129b6fc,661adf1da7f18a8e1cedc75297bce86fa180eb8e7f5d7aa99f3744c322aa0c30,a7cb4f188361584aa57a0ad47fa30281c7d2e09b8fca8891223bbdc723131920,QUAL-SHADOW-1,RUN-20260820T113852,2026-08-20T11:38:52.928740+04:00
ITM-0dd4151b5c4080e5,73ca3375110050c59ab3c80a05d9cad52c62f44756e6092d923f37f321989a2b,a3882e5f54bad07f22fd558941f00f382e6964ee1a6bf0095c52fdf297954880,4f53cda18c2baa0c0354bb5f9a3ecbe5ed12ab4d8e11ba873c2f11161202b945,QUAL-SHADOW-1,RUN-20260820T113852,2026-08-20T11:38:52.928740+04:00
ITM-0e287e99fcee3d2f,8fa4e8e5e882140a3516475875b2acf5ad3ec6f74f6bb1126bb7f0e3d2033b03,44eb049ebcc8393fd4462cb6f24e697f012a8126acba312fc168d4c2dbf71ec9,4f53cda18c2baa0c0354bb5f9a3ecbe5ed12ab4d8e11ba873c2f11161202b945,QUAL-SHADOW-1,RUN-20260820T113852,2026-08-20T11:38:52.928740+04:00
ITM-0e33f948422de680,21f95ff561a55150b5db2b061019d175da731fa33f1bd452d2fb1e5bdc442b6b,dca1a77c0e71bb413edb56c460f577399c8718f768a50838e9d57d35c1d9e1bb,9665ccd2a55ec8958dae794f4307012c85aced970dd72326268101e790e4bb2c,QUAL-SHADOW-1,RUN-20260820T113852,2026-08-20T11:38:52.928740+04:00
ITM-0e7bb6157c9bc155,189fb9879ba97c4df33084009d7cc2f61d88a27a1d83170855445f62e75fa82d,bbed00bdc51df4f78771627c7286526ca5ab0884ceb469beceaf34f22d3833f1,06567ef858211645db63f57c6ea860c09d11972e477f0eb7cb08072782c06bef,QUAL-SHADOW-1,RUN-20260820T113852,2026-08-20T11:38:52.928740+04:00
ITM-0eea4dcee7d727c2,051bbfb4613b3b6c69a957bba852e84cb7ef53452ed62efe812558eb3cd22026,c963e534b37232ac737330cc458a2f80908107ba8ac4634746f9ebb7f8ff183b,4f53cda18c2baa0c0354bb5f9a3ecbe5ed12ab4d8e11ba873c2f11161202b945,QUAL-SHADOW-1,RUN-20260820T113852,2026-08-20T11:38:52.928740+04:00
ITM-0f318ac62c789d1a,7e38dd768d8687686165ef4a030247bb38332afbcdafb06b994c68303d94c692,d0715737ecd4929c1056a10e8e1aa3d3ef072508b77ba31cc6344743eae2b0a5,97f1cce5c2998239b57da269295dc469d6f6e5e4b0969b56cdd9cb8f74a48a23,QUAL-SHADOW-1,RUN-20260820T113852,2026-08-20T11:38:52.928740+04:00
ITM-0fbbd7a366d814cb,3c27a3df6922a1d202d4ae6b927ac050a9f806dca5527bdd74b626f496834e23,ba43f1135990d096542398805fb87b67f7bc1d6c29a68477bf47cef5144cb256,4f53cda18c2baa0c0354bb5f9a3ecbe5ed12ab4d8e11ba873c2f11161202b945,QUAL-SHADOW-1,RUN-20260820T113852,2026-08-20T11:38:52.928740+04:00
ITM-100ca7046f841cee,6998d49feba54a51e17416149ddf6b73beb2ac620d2df72d2305f0d670c48a61,ffd79d830e7ad111d56a9297aac4eda7104ddd053df86c59f7925aaa1629fd01,4f53cda18c2baa0c0354bb5f9a3ecbe5ed12ab4d8e11ba873c2f11161202b945,QUAL-SHADOW-1,RUN-20260820T113852,2026-08-20T11:38:52.928740+04:00
ITM-1074f8abdc878a18,059d9f19852e60b82d3892c5eb852bc0ccb71ab7d2c523a01a1b788a52872293,ca7a5c9df5d0939cda41526251c3b47495fedc5335f5703a2fb19814e01d0d03,4f53cda18c2baa0c0354bb5f9a3ecbe5ed12ab4d8e11ba873c2f11161202b945,QUAL-SHADOW-1,RUN-20260820T113852,2026-08-20T11:38:52.928740+04:00
ITM-108999051c95181a,c80671edf085f5bfc4cc3c52f951fb2d4a240366d7e65cfdaca1993eb020c3a3,06ff9b35965427915b92e9d741990b99e394fd1148150274458f07cbe8cbdadc,4f53cda18c2baa0c0354bb5f9a3ecbe5ed12ab4d8e11ba873c2f11161202b945,QUAL-SHADOW-1,RUN-20260820T113852,2026-08-20T11:38:52.928740+04:00
ITM-10963ce40ab3c845,6db4edb7d36c880d5d68a187630cd810fac9601b403c17af1f68623f1a3b0d68,e87169a2fb325d5027ae289592782a27a891cd08d658c1c003f44577acf6ac39,31689ca88727436ae680bc1a25cef77a182bd0b7e594576f22aeac2220157437,QUAL-SHADOW-1,RUN-20260820T113852,2026-08-20T11:38:52.928740+04:00
ITM-10bc2de399feb216,40eb4a6f3a18545c75516779dbce3ef8a98cda92d2d8425f7b9a6de9575122fc,8a2879e1fec17b4d93ffb5ad98b2eac6062f969134196de650ed0e127b9fb1ba,90553cf9c1625fd337b96d38fa7d7cc10f386afb9fa94378b46a891fe6cb82a3,QUAL-SHADOW-1,RUN-20260820T113852,2026-08-20T11:38:52.928740+04:00
ITM-10fc3f8594c71a78,c63e05f3ed6f6b9df10e9066e55f7685b2d92f5fde0c4a34f41d3918ae407a3c,38c83d71db80ba0157dc4161f617aae63303d598c4c25e08f2ae465c82b95cee,4f53cda18c2baa0c0354bb5f9a3ecbe5ed12ab4d8e11ba873c2f11161202b945,QUAL-SHADOW-1,RUN-20260820T113852,2026-08-20T11:38:52.928740+04:00
ITM-1124113b8a57eb93,669499fe0da03c2c985e241d9b0d7a4ccb52a724c1d6fb951f7abe3b546cef10,2aa6385bd54ae4e6c73be4ce5704d77ec6c71e8a24fbe7d096172c407474f159,4f53cda18c2baa0c0354bb5f9a3ecbe5ed12ab4d8e11ba873c2f11161202b945,QUAL-SHADOW-1,RUN-20260820T113852,2026-08-20T11:38:52.928740+04:00
ITM-112bb20f4d798153,055822310be576dfbd3fa19bc00e70978a56a052f31a876318bc6b9036cd1182,77ec860dce60615b84c6852a0aa03de4eb3ca4982c5135bbf58e8093a5e6e33d,4f53cda18c2baa0c0354bb5f9a3ecbe5ed12ab4d8e11ba873c2f11161202b945,QUAL-SHADOW-1,RUN-20260820T113852,2026-08-20T11:38:52.928740+04:00
ITM-1238c9d8f08a43be,30b2346ae6e02064055f906ef8cdd6918bc2fdc9dc640ba9706ab622d0f07c51,65d7223beb9139f66439964ccd42952c171bbc253bc349428c243ba666c8bb83,4f53cda18c2baa0c0354bb5f9a3ecbe5ed12ab4d8e11ba873c2f11161202b945,QUAL-SHADOW-1,RUN-20260820T113852,2026-08-20T11:38:52.928740+04:00
ITM-1239e1e69a0e1f6c,221e8919635f3b5da95932d0c2b6a46ff03efd34aa53b92639c254b8e272a57d,eef74722335ea38caa9ba7dd768a163932e3e5c91d3d5afd07cd446e9dc09c23,e187004a14d8eeb23f11eb6ccd88b75fe6fbdbe641f2e9fa8b4727a1f7ebdf19,QUAL-SHADOW-1,RUN-20260820T113852,2026-08-20T11:38:52.928740+04:00
ITM-12725faa099ca51c,9361b6aa157a26df23f387038035221d0d3224e6e2c7ed793c758142fa7e9b82,7419c161c79c5915bdda6d72d4d8108c743fc1c09c128cb7d01c95637a93d630,4f53cda18c2baa0c0354bb5f9a3ecbe5ed12ab4d8e11ba873c2f11161202b945,QUAL-SHADOW-1,RUN-20260820T113852,2026-08-20T11:38:52.928740+04:00
ITM-12a4ed2f1cf8e7e8,731d3f97d232842443a1fc7c71ebe5a9a80f6dd24b0465c9048b02f10f19b708,2bd9a2a82d18ab98df95e2fefd12f627bce9145f74967cd1a3f28ed6dc884726,70ab5a3be00204796e37f885db4c66baf80884509a183a375322ca62d267152e,QUAL-SHADOW-1,RUN-20260820T113852,2026-08-20T11:38:52.928740+04:00
ITM-12a6212cedb8e5ce,2730dad4d57f1e07d1ca20ce2c06e3a4ab04572f5906872d23a603dd163d0b9f,7ed476d89ad331d3eca387775030d92527754aae4e6d70a697cc9f5cba5956a3,4f53cda18c2baa0c0354bb5f9a3ecbe5ed12ab4d8e11ba873c2f11161202b945,QUAL-SHADOW-1,RUN-20260820T113852,2026-08-20T11:38:52.928740+04:00
ITM-12bcfac430ef1cf0,63249b3ac59e3337b84a12ddcdaf2de2f4f35f7244376d9b9c23bcb27646e8b7,3569f44a2b9fa2f62e12d75d9049ee1ee3f331b1d31ee55027267dcc239f5d1c,25bbb66460d59caa9492d033b03b5c69d5b3a9f3b085b04b4240eaab3c61d76a,QUAL-SHADOW-1,RUN-20260820T113852,2026-08-20T11:38:52.928740+04:00
ITM-12c2b662bcda52a1,a01f3ad95a412c76e8659d0358328c2f54989eb102e86a3469dba2fc318f08cd,0ddf04337644308701500617f5660b574ec2bf110be6dffd1f025624e9c7c96e,0285463a699e3ec426073a3cc6b0f62dddf0f1efe489334508e504826cbf2236,QUAL-SHADOW-1,RUN-20260820T113852,2026-08-20T11:38:52.928740+04:00
ITM-12c42e6cd7f7c288,196618b20147800878b0d2a3cf310762bea798a7c3fda15232548e59fb1b6c33,f49c59362fc843a14b0fe51e92330834370cef51d5f0ff73cdd8005772ef96de,70e5dfd1d93c131ab8b1706bdbd82de84bdd5294b4a690806dce8e0e272625a6,QUAL-SHADOW-1,RUN-20260820T113852,2026-08-20T11:38:52.928740+04:00
ITM-12efd3c9f0ff5b86,fbe6bd0f7232deb80d885c700867465aa356d3b2a17a0bb04fac08fb80983c67,78518169893da4ef4df2d130c0f747f554578dd6a6ee9da86c0688320aec96b4,937dcaa5910df680cf3561a0d2865af505d99d249e7d2adbf119c1691181147e,QUAL-SHADOW-1,RUN-20260820T113852,2026-08-20T11:38:52.928740+04:00
ITM-12fddc4c0dc4222c,e092a3117ccfb3cfa1770220dc44d4f3915d16a41ef8b0877019b14c47210dbc,fa6a2af092cb4b834e83d114444241cbfb07b0c69dbc8fe8732fffa2cf545eb1,6b617830dea6cb0129f0d47af22456b6fa169fddc477025ea8b2970d15c34144,QUAL-SHADOW-1,RUN-20260820T113852,2026-08-20T11:38:52.928740+04:00
ITM-138924ed9143382e,cacc389f71c7fce24f8881d8b39d88e76ed703f17411fa6f0299789e8f99f2e1,cda094b33bd9f96776ef7e434364835b66a610fdefd160e63169483a0ebbfd34,8c41c406cb4ee604cf3f523760206ca3d3a872a8b891ff859894289a4efd9e7a,QUAL-SHADOW-1,RUN-20260820T113852,2026-08-20T11:38:52.928740+04:00
ITM-13c365aea8d21c31,b8af674a856e26557172b5b6439c8ebb7b8109099ac660c2f596871efa6c706b,654901cda9a541cb2acbe52ee78ae8f55a1e7714e59d02c9e83870fd3a0e547f,881fa80d371a54e9bdf7924c0b8ebd375c60ae4d40cdfc7d200a2be9bee16851,QUAL-SHADOW-1,RUN-20260820T113852,2026-08-20T11:38:52.928740+04:00
ITM-1405c2be130d1ecd,b5e74a14f440fbc2eb84d5d87dfd9f1d8a2003aa8309a3ac410bd71aea3d9e22,d214c4686141711a4f580899436275e6f146abbc05164515db1a18f0adccab5a,d65411f0aaa40ff7aafb74336629430ba1db24c295a286e4e588f3b1298cf2d9,QUAL-SHADOW-1,RUN-20260820T113852,2026-08-20T11:38:52.928740+04:00
ITM-14097fe8c6268343,1b0d23b7d1196e46954a5b327e31ec9179d62f558ab246ecc62cfa94f75ce27f,10759c90fd5c6efa2ffa9dab999affebfb62410824a14711605fb5d9ab0a65a7,4f53cda18c2baa0c0354bb5f9a3ecbe5ed12ab4d8e11ba873c2f11161202b945,QUAL-SHADOW-1,RUN-20260820T113852,2026-08-20T11:38:52.928740+04:00
ITM-145ff5995c92a02d,866e914081f830d7994b25a8b0437beb9aad71813f33adaf9e2998d4301fdfc5,fd661d5876660c01d7e0939193bd222b8d909d3777616fd8deafaed937da2781,88f5a40ad3fa4957e67edf756e102a1cd4f70ed3bc43339eb3f56890883ec175,QUAL-SHADOW-1,RUN-20260820T113852,2026-08-20T11:38:52.928740+04:00
ITM-148d65792859dc97,374b7b887185c0bca74c1ec30710aaf3716170969f6895557a5c709b3abe89c5,51eaf287b1e2ff636faa5644a3f2281f8f7b33928d0a0fe373d73d517076c732,4f53cda18c2baa0c0354bb5f9a3ecbe5ed12ab4d8e11ba873c2f11161202b945,QUAL-SHADOW-1,RUN-20260820T113852,2026-08-20T11:38:52.928740+04:00
ITM-149382450d886235,7adb34cd9c396e6e8ec654747f3a44d00a0c447dda5e65a6cea75443e6c2d35c,0a75eefde86d0ad7a371cf94e5b4e5cd33212907e11f984fce65cc81814734c2,ed10a50913150781dea5798b95c909276efa5006af45c11749628324624d7fd1,QUAL-SHADOW-1,RUN-20260820T113852,2026-08-20T11:38:52.928740+04:00
ITM-1531de5fcb7b2920,d90e81ea36056f86ebc54e89cef52171ddaf6b1c1d5c404ef4cde517645be142,cd9b9c103ce2ca5bb593f82e5ef15f69721abb7b8fe9bd7a655d45ecf09bd90b,bea40374f07a18ae8f64a2a4532f82a46c65d91f73a5df7f701fecb70d16d8bf,QUAL-SHADOW-1,RUN-20260820T113852,2026-08-20T11:38:52.928740+04:00
ITM-157ec8180d223fb4,bac48e5e2f7fffa837187df8042620bcb89097ed4a19ea11097c42a3e98fa3ed,f5d1c62dc6a2fdebc412e1a900f41f73e860c0f9c326f2053f623e456af1c072,e36ff5eec6733af6cc0c291ae7a0179d4502189c9f8ff9b6661eebb5815c8683,QUAL-SHADOW-1,RUN-20260820T113852,2026-08-20T11:38:52.928740+04:00
ITM-15e8d2e551df0802,076e2b8b55b4ab48fc468fa2276ef624f80e430cd3e1ff588b88c0314c498167,238502e186739fe8e2e7c80bccd630683d16e03a22c96a1a0e5c03ca87ac22f8,4f53cda18c2baa0c0354bb5f9a3ecbe5ed12ab4d8e11ba873c2f11161202b945,QUAL-SHADOW-1,RUN-20260820T113852,2026-08-20T11:38:52.928740+04:00
ITM-163615d7c9f7aa59,9b4236c5a63fd10b9a0628b0b9487b2f5d092c2b21d60fc228d6e9213f641d45,4528841846ba3032952d8debe4b6a498892ce5f52587f35e3f5ecc094df633ec,46328875fa2c8c64d1f5f76672fa5393b95a1e836fc195bc91281fdb042cb63e,QUAL-SHADOW-1,RUN-20260820T113852,2026-08-20T11:38:52.928740+04:00
ITM-166bd5cffe402fcb,927c9d784404ca567b755196ac3326f372535ef6717758f4372ead11b52ab29d,325df5ac4d2747336411643ed220da3d10c2fc3578b51adcfd234e5eeaf84fd9,4f53cda18c2baa0c0354bb5f9a3ecbe5ed12ab4d8e11ba873c2f11161202b945,QUAL-SHADOW-1,RUN-20260820T113852,2026-08-20T11:38:52.928740+04:00
ITM-1684cdf6989b703f,509f60577c63d958e216daf1a69f1232ec7cf7bbf80810396ad777c4cb7f8f9b,b61c9b1df34c065e4416ce3c8706c4d1f9ced5712ec482ad1ecea03f39c2a399,4f53cda18c2baa0c0354bb5f9a3ecbe5ed12ab4d8e11ba873c2f11161202b945,QUAL-SHADOW-1,RUN-20260820T113852,2026-08-20T11:38:52.928740+04:00
ITM-16932e47eab9036d,ac860e4721289a0203e1854da6a876756e31847e30dc9cf367ed48344121ec84,07488e5d5c52b042d312641d8d34660a3be1187b728c9a3e6cb9730678092f44,7316c4f7fe5a42e6023138d3de227ef91cc1e50d216a2f0d4466d0a82a1ac23e,QUAL-SHADOW-1,RUN-20260820T113852,2026-08-20T11:38:52.928740+04:00
ITM-16b33d8821d927b3,421af22a95147a038712c69c75e26287e213e5bd706f841a0da8842ec2a8a88e,0754d3055f75e9543a52342e830ad6a0d3985ae1abdd5585bd3baa115bbd0840,4f53cda18c2baa0c0354bb5f9a3ecbe5ed12ab4d8e11ba873c2f11161202b945,QUAL-SHADOW-1,RUN-20260820T113852,2026-08-20T11:38:52.928740+04:00
ITM-16b6aa02661200f5,f763b94555cf3117a7c72252cca4254d73b7c5cdb819ab9e80be7addc1c6f017,306a8ec3a2a01c86cab174066d2648b92d8273d4b0ba1bc3326a77c5de881318,4f53cda18c2baa0c0354bb5f9a3ecbe5ed12ab4d8e11ba873c2f11161202b945,QUAL-SHADOW-1,RUN-20260820T113852,2026-08-20T11:38:52.928740+04:00
ITM-16baa08a1203a688,a064aa7025d195bf8748c503e557527aaf29ec098900d3951b2339274caa9ea4,e3a7d9970f70fe2446ccc80c734ae2768a61805acaabcdc671f4ccf94a0f9bc6,afda42848cf6591389b696e94dbb10e246aaafc935571c131094713f5b0d0bc8,QUAL-SHADOW-1,RUN-20260820T113852,2026-08-20T11:38:52.928740+04:00
ITM-16e1b365df062e31,51ab98bfabac1ed9c24471fbba3d5333e602ff8feac98ad335571456a53ad674,1dddbbf300e7a6a39b15ddaaef08e678775618be96be24db95ccecebc08176f2,4f53cda18c2baa0c0354bb5f9a3ecbe5ed12ab4d8e11ba873c2f11161202b945,QUAL-SHADOW-1,RUN-20260820T113852,2026-08-20T11:38:52.928740+04:00
ITM-1727d5995cd0b94f,7588c1bb3293b96910da35f6750fbfff3a48a8744f9714c08269c0a363afef77,47df5e58ad3a45902c4cd29715132a5cd72c17a13547f07a049429b4d7347f4c,f2572da68e35dee213c984ab67a807eb0ee6235e0b77ace87fe751e45bf4e1ca,QUAL-SHADOW-1,RUN-20260820T113852,2026-08-20T11:38:52.928740+04:00
ITM-174aa1135065caa2,c9723125d5cc30c50cccc76e68431937c13388374904a36002fb93f042788f74,37c76ed8b9cee609308ac2666d1f60156d04b73b44a2337ff8f5986037a829b9,90cec5a61f032aff6dfbf2cd0b7b87812f51d575cfbfd7bef29e884eb0ac751e,QUAL-SHADOW-1,RUN-20260820T113852,2026-08-20T11:38:52.928740+04:00
ITM-174e230214ed401f,8bf513d9a00a5d6dc3c1bed9757297203004c9415b90037c2442d1ba13728beb,e17809c128a610002f211b4e228c538ecc13a35f028e65e2509c80aaa6ac7324,4f53cda18c2baa0c0354bb5f9a3ecbe5ed12ab4d8e11ba873c2f11161202b945,QUAL-SHADOW-1,RUN-20260820T113852,2026-08-20T11:38:52.928740+04:00
ITM-176d6d6164dfd493,e20fc8108257a3a97593d6c13735e20f6a135235a703651524b8b249c553b6d7,33249bb824ac09f398acec3dde463c32076f36a03e6e7955a207c584a8b243c5,9f991e0129417719d9e0cc9c4dc23611f91b8ff257fb19563fc67c17111d5a9b,QUAL-SHADOW-1,RUN-20260820T113852,2026-08-20T11:38:52.928740+04:00
ITM-178cfa85173845d7,57005c0a4fd9c16cbd0a06827bfbd0aa2e996a699da1138c38578e6b54b0a785,fcd80ce3f6492b8fe331d443ef400b1053ea56374a1b9be5f31662f64d15f722,4f53cda18c2baa0c0354bb5f9a3ecbe5ed12ab4d8e11ba873c2f11161202b945,QUAL-SHADOW-1,RUN-20260820T113852,2026-08-20T11:38:52.928740+04:00
ITM-17e60b8a16b53009,7d4237094165539a2edf7b54f3110bd685c191181a2878e0b741d9881693b3d5,84546bacf01fe22189c1ee83a7b2c883c5d5ffdad16148f8788b3c22a4ac41b8,944a8d43f483fb287f003e618fd3093ad3e86fe060b576f9db34f4636eb0dc82,QUAL-SHADOW-1,RUN-20260820T113852,2026-08-20T11:38:52.928740+04:00
ITM-186367d25b8353be,f9e13a8033cbe6cc1f8d211500d0c4198d82a33e3d4c030437c0cb733b9e1d17,8c0788e01f63c5573eb82ccdf1f6c0750a5c97a1d9fb62913454b1024fbd35b8,4f53cda18c2baa0c0354bb5f9a3ecbe5ed12ab4d8e11ba873c2f11161202b945,QUAL-SHADOW-1,RUN-20260820T113852,2026-08-20T11:38:52.928740+04:00
ITM-189bd07440b5fa3e,27dfc150e9883763d67370e62f403ffeb1862c684237b63ab399eb6944401b5c,4e3cae194c11798e4c9c3f02cde1cd23811bbcdf1c5ccdb2a2e740c9e567e8f3,d038521a018bfd4caa15384641b0d44deedd643949da2a0bb8557e535b9c906d,QUAL-SHADOW-1,RUN-20260820T113852,2026-08-20T11:38:52.928740+04:00
ITM-191b5674790ce220,fee3a851995fcc0eec91ad626796ec9e766c5f89fe58f3736a2b1c47a3c0c7a4,4d40bcf08503ccd142d1cf9e8676327da1c5ae7357968ee0436d2d05c8c9f37c,3c009fc0c64f6767a9378714ec31f608309955adeabb578107ec297a08b2211e,QUAL-SHADOW-1,RUN-20260820T113852,2026-08-20T11:38:52.928740+04:00
ITM-1925f941acc44c6a,183040d656843563e6c44af346238af901024a348699d3f2f9c3fbf621524259,c12d8de7b7212a5ada0b2e1cf14b365e5f6c9b585e21fc1bad53f15a991d86d7,0ffbc961cc6dca2c2b092a672004cca0b23a4e64aea5c5aa343100acd72cb6a5,QUAL-SHADOW-1,RUN-20260820T113852,2026-08-20T11:38:52.928740+04:00
ITM-1941a3ab487817da,69cbb1f6aacf976e67b207e43335a4be5120ff22ac7225fcf3172506b451ea17,ff24a6de9fef6dd4c6986601ae08ec3489cbae6dd67e293af74114db0cc5bfcc,e1390f225ed8c26b0b7fd896c43fcdaa5760d4b682d8ea87bf5d34e6c5d54199,QUAL-SHADOW-1,RUN-20260820T113852,2026-08-20T11:38:52.928740+04:00
ITM-19791620146f2ed3,c74a24fab0b4e4c1adfa727ce7efafda5e9d76f60ffd323eebc4b8966d852add,5e9769fa2d165bb6ac9eaff84d959d93a0ccc6c300ef1215cc3227a5e9e624a9,4f53cda18c2baa0c0354bb5f9a3ecbe5ed12ab4d8e11ba873c2f11161202b945,QUAL-SHADOW-1,RUN-20260820T113852,2026-08-20T11:38:52.928740+04:00
ITM-198cb46c20a6d114,58806125f553b4c2f8766b3c0864afb8e8d93a1928f3d63fe90b74f0df061d03,b6d9ba0ad135fa0a53fdea6fc9222d92c5b9c431be732cad461bfa14c1208a42,4f53cda18c2baa0c0354bb5f9a3ecbe5ed12ab4d8e11ba873c2f11161202b945,QUAL-SHADOW-1,RUN-20260820T113852,2026-08-20T11:38:52.928740+04:00
ITM-19a8ed99ad988174,0507e3b923425e832e2bd3bb5e96bcb95a294697ad2ea5158645ee3c722a95f9,1e3509cb143e44b37bf6b5523ba336bfc0e627eed3b3e4ef0b14f4605f119d4b,4f53cda18c2baa0c0354bb5f9a3ecbe5ed12ab4d8e11ba873c2f11161202b945,QUAL-SHADOW-1,RUN-20260820T113852,2026-08-20T11:38:52.928740+04:00
ITM-19c23a895740e5e6,1e8731939e1a4a6f93665115a8447ee34717e219966a3020b9dc1695288a0eed,a5b935c46b7b929c43fe604b918bde35e5e5f6ed106426d4839cbdfbf018288f,4f53cda18c2baa0c0354bb5f9a3ecbe5ed12ab4d8e11ba873c2f11161202b945,QUAL-SHADOW-1,RUN-20260820T113852,2026-08-20T11:38:52.928740+04:00
ITM-19d1356065f238ef,0cf12609094272fc74b28dd0f7d37c556f354b9d5ba5d2a44383d3cae216fba1,10a483c4438543af0e84e8d5ea2ea4ca619399cd474e934c18b3604a73137da3,e42e50cd52089b1a0cdb5e157d9a4074fd0ce3c76acc10278f10737e7f808f68,QUAL-SHADOW-1,RUN-20260820T113852,2026-08-20T11:38:52.928740+04:00
ITM-1a9b3e882ac9ef7a,663b0a66fb7ea67011673c6fd8216c628cc9274bcf2fd1359dbaebbae7f554a2,0bfb5348e96e9ca669c9c5e6af2ad1be843dc643b4d3efe99b38ab18d3557aac,c2a9e1e5ee2014538b3ef6b41c66daa1c156133984cfbac975c00caddca63cf2,QUAL-SHADOW-1,RUN-20260820T113852,2026-08-20T11:38:52.928740+04:00
ITM-1aa602530f6dfa07,420a5e311f3aa355e824627d04abfaec00f43229ab34aad35782ea8cc85fb96e,d372bf5ffa2f8738e45857e80bb8d411b36ac10d7d59dd4f36245557b1136511,4a57b8dea606dede6dac83bfb0bb8c2cc9c0ae98d641caa2c7feb0caeea39d83,QUAL-SHADOW-1,RUN-20260820T113852,2026-08-20T11:38:52.928740+04:00
ITM-1b1e27a63a03e0b0,6367237791cbce81948945487c4fa500b5e25c9eda22cf8f0641de19d637ab12,faccd913792d43d3cac2496ba3782269b454bf64b72f0532f2312ed7e947df70,4f53cda18c2baa0c0354bb5f9a3ecbe5ed12ab4d8e11ba873c2f11161202b945,QUAL-SHADOW-1,RUN-20260820T113852,2026-08-20T11:38:52.928740+04:00
ITM-1c429f2e5c0fd626,5d728538a3b3769074738d4b8641e31555938aa9e77212d9e6294b1c834fd4a1,0eeb5516d8fd8c227228c4305d8123619799b2cb55f57c5da8b5b376c8875bed,4f53cda18c2baa0c0354bb5f9a3ecbe5ed12ab4d8e11ba873c2f11161202b945,QUAL-SHADOW-1,RUN-20260820T113852,2026-08-20T11:38:52.928740+04:00
ITM-1c5366e5d595a5b8,2a10082a16ece6bf662aa6ceb5aefbe037a469c776c807f451337a737e4504ca,2ba1894749cd17288c4ac26e95a3a9aa76d47ab3b3bad0f9fd9097737be91aa6,0b6581e3b92622e14a05c550c437180b40ab58f85bd03051b93faadf10129abd,QUAL-SHADOW-1,RUN-20260820T113852,2026-08-20T11:38:52.928740+04:00
ITM-1d1f4b3772c629ec,b726def5f49a2ad8ac83576fa1fb0887280b9930c0349f17431d4289bb3a592c,6ffe490bdba91189512f4c6451729d009774a8af55838278f77b0635bdc8e6c2,4f53cda18c2baa0c0354bb5f9a3ecbe5ed12ab4d8e11ba873c2f11161202b945,QUAL-SHADOW-1,RUN-20260820T113852,2026-08-20T11:38:52.928740+04:00
ITM-1d4f3e5c7fa6b19e,5129bc56132ef111916b99826f832991e05235a1aa42db727c97cce11c186d88,f26a2fa55eaf6a79dacb7619e0f2e723274f5423acacb674371007ef4940486e,413498ee75aec35f35c29d6c192a10d30c14a00bd927a822cb919cf950f3e1bd,QUAL-SHADOW-1,RUN-20260820T113852,2026-08-20T11:38:52.928740+04:00
ITM-1d79908044660863,a3b52deeac1fb28c02a845cf2f9f320005327e3847cdd354d21dbd8f59a2de6f,dcf0e7d2d4cd56e13b6a4ad9b3e3050db86aed95dbd917bc22fc0d8669beae5c,4f53cda18c2baa0c0354bb5f9a3ecbe5ed12ab4d8e11ba873c2f11161202b945,QUAL-SHADOW-1,RUN-20260820T113852,2026-08-20T11:38:52.928740+04:00
ITM-1d7c7ad9592b5ba2,0f1fbc98ca5229a63f2f1dd1a10eb69a0e692ac175767b86358b3eb6880c6c53,9863b048280c917c8c7506979c0d5ff7466f000c4b1b3f629ba5cbd4e43972db,4f53cda18c2baa0c0354bb5f9a3ecbe5ed12ab4d8e11ba873c2f11161202b945,QUAL-SHADOW-1,RUN-20260820T113852,2026-08-20T11:38:52.928740+04:00
ITM-1d969c0cb2336c84,93045ce2ed93f103f3011f8e094af9cce5e3c0d2a596a53501661d6997e02fc5,4a117f8994a96a3fcdbd1111123d941bcfc64b205442b4c4b4f65dbfd37d3c87,4f53cda18c2baa0c0354bb5f9a3ecbe5ed12ab4d8e11ba873c2f11161202b945,QUAL-SHADOW-1,RUN-20260820T113852,2026-08-20T11:38:52.928740+04:00
ITM-1da1b871787bdc73,6e826e34e74184adaabc607a374c21d4c5d7e68826598736bcd92336d9d9685b,c178295e93587a298017824f767704d650e8c632d57936839ddcc90d63d62535,112866eb6ad2565a6c9ccf2e2d7912bb0e89eb9549cf93a9a3b9ded3b9b5a938,QUAL-SHADOW-1,RUN-20260820T113852,2026-08-20T11:38:52.928740+04:00
ITM-1df989f797ffbedb,2215676085c54f830fbcd243b23b3e7af4637fd9d7f88e5f8f149454ef1922d8,461247f1f860c376499e56f12a83040ddf0ca7cee8e96e04c11558fe974d3bbf,0feaf82c5e419c91088e76415f219ddc78e483dfa67c8a1c8a749193ab401970,QUAL-SHADOW-1,RUN-20260820T113852,2026-08-20T11:38:52.928740+04:00
ITM-1e10bd27f0de50d5,ba8f7466fdacbdb81477646d88ac27198073a985ebb59c2cdcedb09d30adb48b,9a952fcc90b39f652e3ae409984eb6675da01fa7afb2ca2b73345a797b1c930a,4f53cda18c2baa0c0354bb5f9a3ecbe5ed12ab4d8e11ba873c2f11161202b945,QUAL-SHADOW-1,RUN-20260820T113852,2026-08-20T11:38:52.928740+04:00
ITM-1e2583638be83a87,a1df401f56ec55d33077ddcf131babe15a8eded6ab48c3ee03fc902cf56d71b5,5f5cd0b12e120b1be0003d947d96b1a72d09090f4cc383dc11f956d1f46987b0,72f28b39d2faaa81f58dc71617c4389fd0cd4ff6b8658f92412c3a5970c557ac,QUAL-SHADOW-1,RUN-20260820T113852,2026-08-20T11:38:52.928740+04:00
ITM-1e43c437c74b3c6c,62db519416229bd0e2a2ea78af43421ef4f9ddd72ad781d418c8b68a80a2b882,2a550812f46beed4c9edcc39b42ac3ae413a291bbb392c55a236c983ad3b9c68,eac3e6dc08f31277c59d77861c63e63aff27e2689c8edce1635fbd7ab1a41d07,QUAL-SHADOW-1,RUN-20260820T113852,2026-08-20T11:38:52.928740+04:00
ITM-1e5b448f3ca30e31,1249d902ecfb1ecc9592e71029302bc0f0d008abea20983079b848f52deafe82,25fd7c430fbb658cd2a3a1e872bf40420b9d2f89116273dc6f7c78b5d8f9c8b4,4f53cda18c2baa0c0354bb5f9a3ecbe5ed12ab4d8e11ba873c2f11161202b945,QUAL-SHADOW-1,RUN-20260820T113852,2026-08-20T11:38:52.928740+04:00
ITM-1eb6515e2ca46a8b,3e856dc040c77830e3c4187c1791914a3d4ea2b692d74c83606cbd1935f40825,8e847ac2915458603fec981137ea6c221b161d678efe2f09e4cfa761c1f302b9,43ab6bfe2254e19f59c3bdded19a96e778e2b6db3957959e6615809dbecbc094,QUAL-SHADOW-1,RUN-20260820T113852,2026-08-20T11:38:52.928740+04:00
ITM-1ee6f6cbcdcfbbb3,4ce104bce9c9dddfa7f5a5c8e929a52aa34e64d3e3cedc47179e5e822bdc396e,2037da06a7875281a7fd4bab70f4315c5eb932425793e7ae4ea593073ce3556a,56a6a3c5589879c1e899dccf2bd63b5d011a8a837b0e709b1f4b06ef360a59da,QUAL-SHADOW-1,RUN-20260820T113852,2026-08-20T11:38:52.928740+04:00
ITM-1ef73e8b1eaed406,9c31900522bd8732d3240a6f43e25717a627701029ad2d3b520b569ac598b1fb,265eef49d04ef3dfe94a0d38edce9a3ef886eb8a19ee532aff64f60021f90892,4f53cda18c2baa0c0354bb5f9a3ecbe5ed12ab4d8e11ba873c2f11161202b945,QUAL-SHADOW-1,RUN-20260820T113852,2026-08-20T11:38:52.928740+04:00
ITM-1f052644476b0bdf,1a4e81862f4f4038626895b360c0b5252fd8078a844922462341c75bc26cf366,58844e2a02bbe577beca0a1dcfa44bb227e1f54bfecd2555d21fd98d7e1d0f66,a2ea86f0cae0160ada7c8eb391957aa1be3e3abbd924b7890f049e76eb4e1338,QUAL-SHADOW-1,RUN-20260820T113852,2026-08-20T11:38:52.928740+04:00
ITM-1f0ab32d274268c5,a0f367c8494acb8cddfd280a65e42bd015cab5c9301a51bc3a0e8565f634ef0f,2a0a94949087cb556417a85d5ce0dadbc37735324e22ca7173b7c5d76f812149,b2f02afee77600e6bf8150fd0ef0e79c037dd2c3e467c143a006fcc082ec002e,QUAL-SHADOW-1,RUN-20260820T113852,2026-08-20T11:38:52.928740+04:00
ITM-1f215ed45c170622,bd7e50926f66b51d7445a7a825445bb4d1f061032e17ab7c06c76d5edffe8d6e,d19e8af58400d8d7704448d41b7f328b6f6f2cca9376011a64c66c81f3dd855d,927c98b01cc1e6cf7964726237f8f7bbd2de009e194a8d2a697bf8d64c7adf55,QUAL-SHADOW-1,RUN-20260820T113852,2026-08-20T11:38:52.928740+04:00
ITM-1f4e8297dec64af5,d55887c1a04c0679c454f359796db46217390570e10fefe83c5aeec4945677ed,b4e04cf567896567da73934a4de1ae72dca138716e1b2b44f007fcc6be5c7cfd,8a3610b412f6150db59931957b8ab3560b56c3cd260f560a7afd012101ee043c,QUAL-SHADOW-1,RUN-20260820T113852,2026-08-20T11:38:52.928740+04:00
ITM-1f6e17c0ce60e40b,d384c9773e22a5bab3ad617a21263e9acf716faa4f07a6843972cb3afdbacd71,bcaeb2810ccbe362c5ae725b1b24601c6f08a3d86a6d8acf2de3c582c4cc4676,0a9731b3ff5312225e1656de53faa011b514d69a44cdb776f1fd2d69895381e8,QUAL-SHADOW-1,RUN-20260820T113852,2026-08-20T11:38:52.928740+04:00
ITM-1fd99d34255bf919,a6cb2ceb4aef361e285610e0c1071bedd8ba9285828f9da9dc09eb89f7de774d,8ef7b9542222b773f04b22f8e73c894f294bcbc4c8b4b09baf5dfb4159e2a4f8,bf8fb5102e59c4237c180bf570818719f9022f7a6c122ef49f52f24f2d60f3fe,QUAL-SHADOW-1,RUN-20260820T113852,2026-08-20T11:38:52.928740+04:00
ITM-1fdcf3bb7afcc977,f781caf8bf5e170c4cf1c83413d865c46ec4b2a516f3a4f42313652d6d375911,72db9e1be2fafbfb290aba7bb84d7ce54a89cdf03b15bb8095550ab5c05801a4,6936653733bb5d99e3636644a71848eebb6a6d47d534aff3246f9bc73d03e2b8,QUAL-SHADOW-1,RUN-20260820T113852,2026-08-20T11:38:52.928740+04:00
ITM-201dda3fd7cca1a6,2db444e1058671cf63c4dbc9f303cbba1509a1267a0c52be618022a53b6f2fd0,ae379cdb1a1c8d0e3d4037df6c71131af30f756896f0da2563d00b6bbf51df15,4f53cda18c2baa0c0354bb5f9a3ecbe5ed12ab4d8e11ba873c2f11161202b945,QUAL-SHADOW-1,RUN-20260820T113852,2026-08-20T11:38:52.928740+04:00
ITM-205fad16b2c103a8,d641f792ed56413663e27d7dff553285125b39635979cd960172e4611bcd4426,d5471192f36924663b126bc34d86d74a51ea4028e4637999d4ee82b7f3c41a16,4f53cda18c2baa0c0354bb5f9a3ecbe5ed12ab4d8e11ba873c2f11161202b945,QUAL-SHADOW-1,RUN-20260820T113852,2026-08-20T11:38:52.928740+04:00
ITM-206f73f9e8b77bb9,6bdbfac2b2486c902c9300c7d685e4031328b86d904ba10e251119d6426f984e,760556b0f6c99736177942be927318dabb09973e157c0ffd69a393d983af77f8,4f53cda18c2baa0c0354bb5f9a3ecbe5ed12ab4d8e11ba873c2f11161202b945,QUAL-SHADOW-1,RUN-20260820T113852,2026-08-20T11:38:52.928740+04:00
ITM-2075525fe1b12382,ebea77c8d7eec9d563c835302c2c4ebaa9d31d8727df42e2630d68fd1456cea0,4356472a2bc49f50caaf0f39733ee408ee9a9f23838745df68cb2bb9a8e2b0e3,4f53cda18c2baa0c0354bb5f9a3ecbe5ed12ab4d8e11ba873c2f11161202b945,QUAL-SHADOW-1,RUN-20260820T113852,2026-08-20T11:38:52.928740+04:00
ITM-20afe79fae511313,289174d998d78c49d94cd94d6c7d35d44b5a656adfd1167462daa942d4f1953f,931d2265b44daf650d31d51949e451b688dcff028711ddbb251178c16569f9fe,5b8a3af18fa80f5b7014851a352121d81517112be7f245718e28e8fc3184a487,QUAL-SHADOW-1,RUN-20260820T113852,2026-08-20T11:38:52.928740+04:00
ITM-20ebf0b4645653ac,e3527bde34fac3639ba465e7f11541487bee7450fe9a5a8870869cc50c8ae674,0e02ecac3879c1bf1b32c5021c81f12a8a4e32edf708731d6d5e14557cb3480e,dc78d952beb09a7cb9557d8ea9be07e1176243220ac8f3806ea15deaab21f45c,QUAL-SHADOW-1,RUN-20260820T113852,2026-08-20T11:38:52.928740+04:00
ITM-213f922056c63ae5,2f711ab7c7cb5fef8ed58f0ed046b8c6f67b7df4c1fc14977d40260a42f155ec,b3b9ac7ae050ecfcddcda60b55238f775a935b5d5d38ee071e5c494ec2b9098a,d790711f5abe39197fd6850858b9c3e55601fdb23b828a0b84a4ae819ad51348,QUAL-SHADOW-1,RUN-20260820T113852,2026-08-20T11:38:52.928740+04:00
ITM-2177bfacf5e3aa66,08fa9dc19be5284255cd641bda43ae6c32f70859d5024007a2c179cc2c7b43dc,e9077d946a79e10df638dc8d245850ad14e06e9455767c25cdace1f9c62681f3,4f53cda18c2baa0c0354bb5f9a3ecbe5ed12ab4d8e11ba873c2f11161202b945,QUAL-SHADOW-1,RUN-20260820T113852,2026-08-20T11:38:52.928740+04:00
ITM-2182974e2680d4a9,c0ee113c176a5d8fa2b4f151912cd70240d0992079eb709e3f5795b1d2d6f3bd,2332bea4621986edc1e199e01685f51b28425a93e99e42b9100d77db197debb7,4f53cda18c2baa0c0354bb5f9a3ecbe5ed12ab4d8e11ba873c2f11161202b945,QUAL-SHADOW-1,RUN-20260820T113852,2026-08-20T11:38:52.928740+04:00
ITM-21e94b8e42c9be69,7c602feef6ba45c881f19e3c21a8f397fac15271de79544d4c67ce176c962762,ce41194a34e2b4da039e00f781779ae09659a86582152d21433d8ee72c376453,d635c950c8196bfff9b8f869015382b0fc8c510492515370a13dd79fcf6ffe12,QUAL-SHADOW-1,RUN-20260820T113852,2026-08-20T11:38:52.928740+04:00
ITM-21fc6dd42b4e952c,65353cb214e3c4c21987a1b1cc17419b0b15685391650a3626a6fad657d8cd2f,f420957390d1f365c3cc96e31ae30a5f7540db2b62917860fe725cfec416dfd0,4f53cda18c2baa0c0354bb5f9a3ecbe5ed12ab4d8e11ba873c2f11161202b945,QUAL-SHADOW-1,RUN-20260820T113852,2026-08-20T11:38:52.928740+04:00
ITM-22156441c933a214,e9aaa718114db1598b55e28f6fde43039c95ec7aa255ff248e2e169e28d3b2b9,4d0952805339e85470232ec486a75ecf9bcc765ec2a6cc65928c2f552e54286d,4f53cda18c2baa0c0354bb5f9a3ecbe5ed12ab4d8e11ba873c2f11161202b945,QUAL-SHADOW-1,RUN-20260820T113852,2026-08-20T11:38:52.928740+04:00
ITM-22262d8dead57847,08ecf205856e9a822c2388c5640deaee6b6dd6f3adf376d9504bed3d8093298c,4964573a8adcff6ac03f8c9677085ad05b59b44d0d9868fa02f2c09f7cb31edc,4f53cda18c2baa0c0354bb5f9a3ecbe5ed12ab4d8e11ba873c2f11161202b945,QUAL-SHADOW-1,RUN-20260820T113852,2026-08-20T11:38:52.928740+04:00
ITM-22320d2daa338297,584c01a3981631c03e92e93be9ed68fba2938fb3df6ed1b187539fab0951606a,b8fca529e8f5e4699db1668702f49d0fe4ee0f17087f670cb14e179219e84beb,876f2e626cea0baf96a18c2794c0d7c806bd44eff9c49499ec00d270d2495623,QUAL-SHADOW-1,RUN-20260820T113852,2026-08-20T11:38:52.928740+04:00
ITM-2249150bcb3835dc,fd65efc44992433ab69352bf6db9d6748e27e82311b432e9ae2cec07237e8936,504e53ed5744484cd925eb202c7f081b7af87307ef9b31e6831f3ab3ed263e14,4f53cda18c2baa0c0354bb5f9a3ecbe5ed12ab4d8e11ba873c2f11161202b945,QUAL-SHADOW-1,RUN-20260820T113852,2026-08-20T11:38:52.928740+04:00
ITM-2314df5a3d3d6829,609cade51f4b7f6169ace6ecd8138060b26c2e7a16560d8447db5ef0c1bca787,3a88ba9e712ae8cd301239c70f10ad1759ba68dc00226741805f4486f407aa6a,96717fafc70faeec3e6dabc6522f8ea608bb6a4f29f49e0af2a4b93d8a5691a1,QUAL-SHADOW-1,RUN-20260820T113852,2026-08-20T11:38:52.928740+04:00
ITM-23191062b6effb9a,fc7fff911058e666c8b9d5e240a83463162b63ef7578c5ce433fa43347abaee9,0d433e260703544f0c9f09235faf668958d9d9271ad1baf473abb0673ec34ca5,a15bab194dd59b8722a13c0d4bddb84b412961234895d68d5effaae0c76a6793,QUAL-SHADOW-1,RUN-20260820T113852,2026-08-20T11:38:52.928740+04:00
ITM-23523fcc94824ff1,81c3d1cc582c02da73354b2e559785f6972a4996d670006ca67990542fb5eb84,953f4616411497548081a4f69c6a6601b9f8c6d74cd1539044741c5cd91e0253,4f53cda18c2baa0c0354bb5f9a3ecbe5ed12ab4d8e11ba873c2f11161202b945,QUAL-SHADOW-1,RUN-20260820T113852,2026-08-20T11:38:52.928740+04:00
ITM-2398fc903726c14c,89f58b545177bcc8a1540d35a04a1eef56b9e892334f6b427260553b75098dcb,4d9476123e9ede61957624ed01ef209247b703d5a9a6c79f0725f26310b690a8,4f53cda18c2baa0c0354bb5f9a3ecbe5ed12ab4d8e11ba873c2f11161202b945,QUAL-SHADOW-1,RUN-20260820T113852,2026-08-20T11:38:52.928740+04:00
ITM-23c3e5e8d480aef2,64885d69c900e7d490b0dfffec16a7db73623b4cd54ff80fe2a69ffaead7f5e8,e1015769d7f657e2e101e5749d308ab5dbca2bbd4260128f2a485e70f026059b,283ee1924eef687cc71eb97c5d8f601e06b6a8e3178d11840166087f2c171b46,QUAL-SHADOW-1,RUN-20260820T113852,2026-08-20T11:38:52.928740+04:00
ITM-2468564128fe4e1a,87971e223c7e73ff2ae5d6d9780442773fefe0135fe75393e6c29189cc8053c6,f535e1eb74257d101bcb14066b3ddabeda203a5020a31d84d7843f8ed73a23fc,4f53cda18c2baa0c0354bb5f9a3ecbe5ed12ab4d8e11ba873c2f11161202b945,QUAL-SHADOW-1,RUN-20260820T113852,2026-08-20T11:38:52.928740+04:00
ITM-246da658d179e870,624f69aef880c5cc4c117db5315db8e74b4a3c73bf4a69264d9a6b1fbd82277a,954b6d901fdc61d53d2bb7fffe05b2e429fab98d9179298706a7607cfbfcd460,4f53cda18c2baa0c0354bb5f9a3ecbe5ed12ab4d8e11ba873c2f11161202b945,QUAL-SHADOW-1,RUN-20260820T113852,2026-08-20T11:38:52.928740+04:00
ITM-247f4dff97444f33,af66c30257a23a532a2a715048cb7c1d43a95059157b5d1d77e794dadcbd8e96,9407da312e9b7c8dd2724969bb7830cf8609991e9458bf1fbaa279944cc95f15,aefffd90b29ecd52fdc742acf197fc994f302b6417a5a3b0c753f6a12924db4a,QUAL-SHADOW-1,RUN-20260820T113852,2026-08-20T11:38:52.928740+04:00
ITM-24855e8f5a8afd7f,c944409163e91873f62c111a54ba267c1e2f27f98a843830fb804d33a8d89cd9,d5c1deef369a8ae6b3aa8c4140a8188f3ab8c075f504191f562f2c1726e9f430,4f53cda18c2baa0c0354bb5f9a3ecbe5ed12ab4d8e11ba873c2f11161202b945,QUAL-SHADOW-1,RUN-20260820T113852,2026-08-20T11:38:52.928740+04:00
ITM-249b4dde69a7ce06,7fd0be671f31807a5de34be0ccc48c489f234465a32ffd38008f5e221d8e4975,5f2c988d472acf5e59987accba4574f951e2c25796cbf1d8eca711d3ca6f2049,634891362fdcd11ce415d7637147df20d126f1e79f00e083861ac6bf9f91f9ad,QUAL-SHADOW-1,RUN-20260820T113852,2026-08-20T11:38:52.928740+04:00
ITM-24c5d6d231b18f09,1fef74b077bd68b2b2698fa253e65bb072899ce1e0eed0fc52ea489c9d3f2cb0,489d3834038fb66d7ec5863e82217551683dcd539adfdacd65b5e2d312949808,e16a7e5b5becd3888d8f5fcdafc3780eaf8ec212498ab997c8482e45825390ac,QUAL-SHADOW-1,RUN-20260820T113852,2026-08-20T11:38:52.928740+04:00
ITM-24fa423026187314,f7d093c3b249ea00a6882cb6de191fd8eccd7bd48f8f54850a5cdfa22b08d178,52b9bfe47c8d4d2bd9ba937fca8de2fcef6fae3d756bbf2b24adec112287ca64,f93f9f5230b5250dc5c69e67676ea6e95f452565b3569106d95fb49f3b7ff8f8,QUAL-SHADOW-1,RUN-20260820T113852,2026-08-20T11:38:52.928740+04:00
ITM-255f58fa365fcd72,27de92854571fc1799d664b52334a89cbd31bf153505dc9c38d8c7cd06923cb7,f1415eda20576e690754293d6d42840366ba173e1c964410c0024e19187bb32d,3e0c03eede9791439298ceb1c4680b08b0ba24d15180ce7a5a91f36029747318,QUAL-SHADOW-1,RUN-20260820T113852,2026-08-20T11:38:52.928740+04:00
ITM-26487d3b2a36a30b,63741ebbb789014fa82a4bfa9db3b59aea4c0c8be282154a9c14d0c0141a6417,46a14aa5bfd8d6052dd110ac953bb83292b8b9b6ae18112133e649fd88d15dfd,4f53cda18c2baa0c0354bb5f9a3ecbe5ed12ab4d8e11ba873c2f11161202b945,QUAL-SHADOW-1,RUN-20260820T113852,2026-08-20T11:38:52.928740+04:00
ITM-2684104d81afedbf,595638ea845e4b9619db3852c4878e34750b4111310814473d74b8b69ac79f4d,1adbdfe0855c034708d752cfe64f064a5c478dd87de11e9cc7a212d15ecb8548,cccaa9c952b663e8efea65005b89427eac5b5cbc04c131164dcba82b77cb4c35,QUAL-SHADOW-1,RUN-20260820T113852,2026-08-20T11:38:52.928740+04:00
ITM-268ef524b2d70fb5,14435312bdd4bc4cecd712c87dc546f6028a90504f46a10bec18d0653e7c3ee0,7f22b00423fc73b645f9cb16eb478e50062379db1ad3efc5b26c970332180ce0,b458d93a9f9208b159339a8b1b96bc1e73d4e76e3d3ac6f860124dc8c443e056,QUAL-SHADOW-1,RUN-20260820T113852,2026-08-20T11:38:52.928740+04:00
ITM-269b7ed2a6d0b273,c8e10b6320c13d210cb47b8549f1adc35e3c008745870409fef43601305a14df,b84d0d2a1db6af6057ef4448db49fe803bb652ccdf33466fad4e559d86b04d05,a453cd087648167c2ab3378c770976bc01571ebe4f5feec5d8d37dad5cf34bf2,QUAL-SHADOW-1,RUN-20260820T113852,2026-08-20T11:38:52.928740+04:00
ITM-26ce968e349877e9,69e94d08d608bda0808a377b5646a581adbe82fc4b80ad4a48175f18665efccf,948f007f84da6d887a68e1e6c956608eb2f229b969f6c23a5244cedad0b4a1ab,fe160b20e09d157bfc31983ded2fdee81bb33e1a91104bd5ba0bf3d68f98d5cb,QUAL-SHADOW-1,RUN-20260820T113852,2026-08-20T11:38:52.928740+04:00
ITM-26e4653c4fae2e20,64d0b4c0a6531e7fa8e1f6d5faaf8e075a706bbb3bcf9dbde04adcee93aae009,7bb7c203a7b03ff8253945bc4d69dd290f2764f058a42053c62fbefd35404409,4f53cda18c2baa0c0354bb5f9a3ecbe5ed12ab4d8e11ba873c2f11161202b945,QUAL-SHADOW-1,RUN-20260820T113852,2026-08-20T11:38:52.928740+04:00
ITM-26fa3664882d7189,ba2874a47f95539ca5f34f2559ddb6d0f3b37aa0c17452a8dffe0a3719beefd4,b36d506da5b987923df11ec18378962b4c8f0e9cd6e164d54d4f6685cb980667,83c95b1609965adbacc794410872b370358a2f261d0254745b7f1c1b5289a5d8,QUAL-SHADOW-1,RUN-20260820T113852,2026-08-20T11:38:52.928740+04:00
ITM-277439c90b63e90f,1d0d414e45c97dea52829e9fbe5f51261e6db03da4fa88fba43e65c325a16d5e,a56967b5d76c464782eb345f8968e20d7a570c41d13c8b9881a891ffa3275351,c9a0d678fc9af5baa032cdb16b57b68f39c686910691711702faac77684f616a,QUAL-SHADOW-1,RUN-20260820T113852,2026-08-20T11:38:52.928740+04:00
ITM-27b21f05fec3395b,9d7045b0df57f54259134f37e33e4474705ebc5aea3925bd85c945744972445b,9c445688f21bf49b44e95e46106bc9fb6b4a9bfef1def87252b6e1612081c81c,4274bd5634f0ecdc8598032f04d6a31408ed4e852fea5811dcfa066e87eabca4,QUAL-SHADOW-1,RUN-20260820T113852,2026-08-20T11:38:52.928740+04:00
ITM-27cf1b69eb25d777,3aad8f207b455812036c8f93073957b6dd5840240fc898856c6116806c86b715,a89a67ba2a3750eee90b443132a81584427b0ad884e8eb434308ecc8b2eb6a48,4f53cda18c2baa0c0354bb5f9a3ecbe5ed12ab4d8e11ba873c2f11161202b945,QUAL-SHADOW-1,RUN-20260820T113852,2026-08-20T11:38:52.928740+04:00
ITM-27e3f039685c5d6a,a423c6d8545fa4307384f0f003b41f140d0af7658ddea1465954f3d35a40696a,93a897768e9859fa83cdd257f0fbf980d66b27d36dc70955d65657e2d45c81e0,4f53cda18c2baa0c0354bb5f9a3ecbe5ed12ab4d8e11ba873c2f11161202b945,QUAL-SHADOW-1,RUN-20260820T113852,2026-08-20T11:38:52.928740+04:00
ITM-27edc3db68b79f41,8831e6d9078341533ddfae815575aac957bba6c9ca4194d57f990a60eb1fee68,42220576cf78736f40a7f922c8a9c6376d56f2d07145f8a5719fc3494631c65a,4f53cda18c2baa0c0354bb5f9a3ecbe5ed12ab4d8e11ba873c2f11161202b945,QUAL-SHADOW-1,RUN-20260820T113852,2026-08-20T11:38:52.928740+04:00
ITM-2896155f813de93a,1b76bd3b8d590b255327e6a98667c6187ca667ab99caffe0d318c1417969c08f,9721c535be68192710600d75e2a7cf0e09075deed7d7a5e9c5c47fba6c15bbe4,cf85066864b027c837af7aec2a154ff52dac4c7044acdcfdc1edfba42eae5fcb,QUAL-SHADOW-1,RUN-20260820T113852,2026-08-20T11:38:52.928740+04:00
ITM-28a0139ac09e8192,14daccbbc177a56c98cc0990bae469a4eb361a342d0ccd58af610e4e5b639d23,f7df16316ca929ba73af8e642ff42eba64563a216b83958d8a8a0bb0924bfd11,4f53cda18c2baa0c0354bb5f9a3ecbe5ed12ab4d8e11ba873c2f11161202b945,QUAL-SHADOW-1,RUN-20260820T113852,2026-08-20T11:38:52.928740+04:00
ITM-28e9957400947090,d15453687104e83f76091629557f77f414bcc4ce5eb5bf23f0da06eae22ce24f,82a93c0b4570a2202dec21040d73be788206e463a75cc1975a24dc220a6f182f,a43c659f972455bbc0aefd362f2a0ce055f2cc8eea60fc43f5f7347509dd9eb9,QUAL-SHADOW-1,RUN-20260820T113852,2026-08-20T11:38:52.928740+04:00
ITM-295bbb44a2869caa,87d8bce1428de03b44a11cd2843cad9505bb1066b95e2f2c875660e463e2e628,480b6b777c6befdba412bfa4c8502f8f35fd996ddab13e3e739623d623672097,ae6b14a871d26a8e49d611f30fb5c17b0c89da7e3b764fdfbb0674c4f1cb07c9,QUAL-SHADOW-1,RUN-20260820T113852,2026-08-20T11:38:52.928740+04:00
ITM-295bfefc6fc53d5e,cfe273f1d8ae56297c0b200242e5e286ee9d4fcf8f6627b690f7fd9ad60f2c5b,ad302adf147da8a14b835b5aa79966f84ddefd2379a673900d6db89642fcd47b,3f169b8e55d09ee9ff394d4f26751da1b3cce8f06892a399a425201f6cac43b8,QUAL-SHADOW-1,RUN-20260820T113852,2026-08-20T11:38:52.928740+04:00
ITM-296dcc1b98de858e,51fa9f5ad688d124e0749dea702876fa95fab257fd04908791e25f456893ef03,8fe5c2647e20d51f88c6500f306f73b431ccfa342b261a3d8b0e99b74f1f8e15,4f53cda18c2baa0c0354bb5f9a3ecbe5ed12ab4d8e11ba873c2f11161202b945,QUAL-SHADOW-1,RUN-20260820T113852,2026-08-20T11:38:52.928740+04:00
ITM-2980c7c892d07c1b,93b3caf0c654389243b2915904ec75940aba9db3a871f446b95e138af41299df,282e75172c81f40584d2677a297b4ee0924ad86a656abaa20afc3b2900a0d944,4f53cda18c2baa0c0354bb5f9a3ecbe5ed12ab4d8e11ba873c2f11161202b945,QUAL-SHADOW-1,RUN-20260820T113852,2026-08-20T11:38:52.928740+04:00
ITM-298d229e760740db,6f05f8244cefd6f53e3892ae20570e4cfea2bad23516105f630a6fb1bcb0a325,cb5dd6a24e62f7a42f786d65ab96cdc87caf1a0c2b11c84f685feef56484f56a,4f53cda18c2baa0c0354bb5f9a3ecbe5ed12ab4d8e11ba873c2f11161202b945,QUAL-SHADOW-1,RUN-20260820T113852,2026-08-20T11:38:52.928740+04:00
ITM-29a6c509ea96dd94,8629c20a0417a4a1f49be9dae22282e069a30c31c40727daaf18867311fbba88,752c2ac374c1a5ca6afb97ff3390b920922930ef63e54007d10bd0912ce1e469,eae1229a5c28cc128c177aee696ee7d58f7050e3458cbe2c87c3c3c596ab00ba,QUAL-SHADOW-1,RUN-20260820T113852,2026-08-20T11:38:52.928740+04:00
ITM-29ad2fef543694a2,591aa981b536db70eb6622fef83d2def15ddc8a807451f30cfe7090ee001f162,593db67797210094298027282d19de56348c8c4bcedc52b27077a14164fb1e47,c8dbed4cc2e7a4f64e83835022cb571c0bbf329a5e280485c61fe53ee21fb966,QUAL-SHADOW-1,RUN-20260820T113852,2026-08-20T11:38:52.928740+04:00
ITM-29aec06e45af16fa,4de903b3437fe4a70fbff74e864dcb962f7e38881bbb8b972b6b02a760b7e696,c6672c262d148c6e732ec57d3969ebc6290d2a468c495c08ed205f23322e7c95,4f53cda18c2baa0c0354bb5f9a3ecbe5ed12ab4d8e11ba873c2f11161202b945,QUAL-SHADOW-1,RUN-20260820T113852,2026-08-20T11:38:52.928740+04:00
ITM-29dc67fbaae4c408,81ad6dc884228f5229e7d4b4d657eb5c5fc40039e93cfc8c0d6efecfe463521f,0206e01afaddf0188d18ec21e116b1739f48c77c00f7c078560a4f64fc481a20,fd0a5ce0cda3e6f2953553ef43923b2d88e6635187a87d3057c3288a962ca442,QUAL-SHADOW-1,RUN-20260820T113852,2026-08-20T11:38:52.928740+04:00
ITM-29f9a37181b762c0,72af0079f91ba5c2dc90626a0f8ebdf454d62f8da892839e89c5aacd221d9618,9099a562d621d5ecd3da67583bb538f476927618aa95da3731cb66545d3a8d57,4f53cda18c2baa0c0354bb5f9a3ecbe5ed12ab4d8e11ba873c2f11161202b945,QUAL-SHADOW-1,RUN-20260820T113852,2026-08-20T11:38:52.928740+04:00
ITM-2a0a03c7945724c5,d66e7b1af8b84d12f8b7811afcd67a6cf67e5a061f8ad84c2121b706e9ea1cf2,71ebbc159e0f311451c5d79fc9a1161d02604f6875ce8ddcc519fec842e4c48e,772e1897334c637ca8160f61dfa978443fecf60fc9d0021f09ddf62ad0ba1aba,QUAL-SHADOW-1,RUN-20260820T113852,2026-08-20T11:38:52.928740+04:00
ITM-2a15e5cd24de9f02,edf4cf255930f68ab1209e75753c90165e3deb71fe66f784d444eb1e24e44e43,7bb3916849a8154e27f2ec7778d60ef1ffab74959408500684b8dc04efc78607,4f53cda18c2baa0c0354bb5f9a3ecbe5ed12ab4d8e11ba873c2f11161202b945,QUAL-SHADOW-1,RUN-20260820T113852,2026-08-20T11:38:52.928740+04:00
ITM-2a98e1f1110fd74e,659ea6d0a9d4784255e7bcaa737b87145f7a993aa2716c6d3795144693504d04,138d01040cf04b888ecb0d3499907c1b68b07981f93deec04878df41784d0a0c,06da1a3a2340f7f95fbdbd818a60c4257caecae8280a2336edf953e2128a966b,QUAL-SHADOW-1,RUN-20260820T113852,2026-08-20T11:38:52.928740+04:00
ITM-2aa8d0673a0a0bdf,bc149576b872598edd7116c20ecc2f6b9b9f780fd8bd4685b3754ab229930b07,5ea822765cc3338d61cedc296dbf84f230a5724767c9e8b00a61706358ca0241,4f53cda18c2baa0c0354bb5f9a3ecbe5ed12ab4d8e11ba873c2f11161202b945,QUAL-SHADOW-1,RUN-20260820T113852,2026-08-20T11:38:52.928740+04:00
ITM-2aebab4aa64a90ce,f355dce86f3774041451cabd34631c41760ad4e68313cfb32846140d78541316,76c4cb4a08462d83c6ca1d595c8808f5ea6e44d0eafd8e991ef8a3f82dde22cd,4f53cda18c2baa0c0354bb5f9a3ecbe5ed12ab4d8e11ba873c2f11161202b945,QUAL-SHADOW-1,RUN-20260820T113852,2026-08-20T11:38:52.928740+04:00
ITM-2b76e8647a39221c,ca31c0f5b5ef1e0239a75d68d77657893c3c603d3028239075bec1bd74675d82,2851a7f1793a78a3ca13d6d69a91c589244d9b495a90edb2d1924cd2ee39def0,18b12b60d5ce28b7d14cf15539ae3ee1e126d4ed66a63b02548a6b07deeab3f2,QUAL-SHADOW-1,RUN-20260820T113852,2026-08-20T11:38:52.928740+04:00
ITM-2b8c9b61526969e0,4c7e52e01106fc67f9e2b618dd6e180cef2fe0d553993ac09ad2fd91dc5a24ff,4715da233692b0c0d5fce542742893c34669ca4d9431f8353ef3bee18252b0ea,d38fbba4c85d6721ac4725b51422d37887bbd8c4c9ba01e5822b0a0d325b679c,QUAL-SHADOW-1,RUN-20260820T113852,2026-08-20T11:38:52.928740+04:00
ITM-2b9d8705c52c56ca,b19b4a72f9c744fc8c4e0e3824b6ea6d0b449bb7622c5cfa258eb0181ee51270,b59132c3dc6fb8df4174aab5ad2b2d32b807896662ba84a074018a9eab1c31a4,4f53cda18c2baa0c0354bb5f9a3ecbe5ed12ab4d8e11ba873c2f11161202b945,QUAL-SHADOW-1,RUN-20260820T113852,2026-08-20T11:38:52.928740+04:00
ITM-2ba3e3c2f36fb9f7,78cb7679a1d97f13a3147d89982a9cc3f4f27cdb85c93678f357d6ab73928160,9005d4137d8665817b5380340c63f6ac24f1bdbbbfbb5935eae0bd7af5efc271,4f53cda18c2baa0c0354bb5f9a3ecbe5ed12ab4d8e11ba873c2f11161202b945,QUAL-SHADOW-1,RUN-20260820T113852,2026-08-20T11:38:52.928740+04:00
ITM-2c144248ae323296,02f9475071eb36f0dc724b33a6cebc325ebf510a48a6e99040c579ff9625f888,d74f01159ff19da5b902356340fd2addcb16f497cd91a2db7c3c9f335333f2c7,4f53cda18c2baa0c0354bb5f9a3ecbe5ed12ab4d8e11ba873c2f11161202b945,QUAL-SHADOW-1,RUN-20260820T113852,2026-08-20T11:38:52.928740+04:00
ITM-2c396f6864f1d87b,f8e1bc0f33b81f86f086ff0fe2c4b94717288c8abeff875629fc1ddeeaf35d31,023878b1a1c84d0f5bd9c7c4774a74676d74a968e56c6e5d330b7b85c952db16,8e6a2dfb0a21ca2ad0cd289b0ed3ac7bda705b759e3498eb31ecc0dffc3505ed,QUAL-SHADOW-1,RUN-20260820T113852,2026-08-20T11:38:52.928740+04:00
ITM-2c4ab0a765e83ffa,3dfde510ad5f0e7b5df66ddf1f7b38899ac2b88fbfcf242bf64066791c0fe674,398c9221b83e795d98b04026875db3ce7a00e1552ffe9adc372868207cc96870,4f53cda18c2baa0c0354bb5f9a3ecbe5ed12ab4d8e11ba873c2f11161202b945,QUAL-SHADOW-1,RUN-20260820T113852,2026-08-20T11:38:52.928740+04:00
ITM-2c5f5d803c594745,b4490d81f9fe21e16ff4c13e2ac49bc2ce6de8f98f302aa173b16c978387a874,4335352f36c6266f19830a3d15c9351eff8e55444435ea9293b3de815da1b32d,4f53cda18c2baa0c0354bb5f9a3ecbe5ed12ab4d8e11ba873c2f11161202b945,QUAL-SHADOW-1,RUN-20260820T113852,2026-08-20T11:38:52.928740+04:00
ITM-2ca1bc720708b178,d224bd53103d36629c37ea2f1c00b878514129faed4cf756b69ba5e24859fdbc,5f87ffa86fe8c946bee266c4f4a0697c56d99a457f59fb43b9699619f74dbc82,634ad120717bb25bbd481812f37cb2e9896120b558899ec820c506c260c097e2,QUAL-SHADOW-1,RUN-20260820T113852,2026-08-20T11:38:52.928740+04:00
ITM-2ccefab3d66d64ac,39354e20384664cbe662e29cd8aeedbea8b7d2a4ee2aa35e84da4752b884d920,6f7cca904207e8d775e3e8044a6770ed3b189b2ef503e8aaa8fb7dc3ccf54670,bc12d1d36a14ad8bbdf3a8df16d608aec3789a45eab8e27ee51720cb31f006b8,QUAL-SHADOW-1,RUN-20260820T113852,2026-08-20T11:38:52.928740+04:00
ITM-2d10a543a72f6167,525e83aeb99833a7442ab0ee22baf0423100b55ef24962c094f77715c75e03c6,c03cf5728a52aa5a414d1119c6c23b230325cf5e5302c52ace082174a6dde22f,4f53cda18c2baa0c0354bb5f9a3ecbe5ed12ab4d8e11ba873c2f11161202b945,QUAL-SHADOW-1,RUN-20260820T113852,2026-08-20T11:38:52.928740+04:00
ITM-2d4ba6100b97bf77,510992660968a51f80d8083cb38878209fd5cd02efa9c40117057f82169b6954,b3a7e353c58d2febca32defee269be8c863bbe8f13f4b7d0ee41d6f796230882,4f53cda18c2baa0c0354bb5f9a3ecbe5ed12ab4d8e11ba873c2f11161202b945,QUAL-SHADOW-1,RUN-20260820T113852,2026-08-20T11:38:52.928740+04:00
ITM-2d70763cbfb162a1,5bfe54b12d48700470f8a9534fbad4528f5ed5fd9ce6f91e5d4d948cf5c6a308,bdd4bdbd0cb30c21ae5b094a56d4dd890c639c7ab9a527f5cfb2edc41f86df2e,dc8dac814de78cba372ac2ce2f83a9ef0d9712a2df8036f97bdb5a65d5fcf664,QUAL-SHADOW-1,RUN-20260820T113852,2026-08-20T11:38:52.928740+04:00
ITM-2d9197b4bd0430e4,f44277a11d5e5b4f681ea08e9a61223c485923bd20bd18936270b4abc5a39d3e,da7da0c2fee58d1dc73812c016744271632e2db893bde9d33bb6aec344c48321,4f53cda18c2baa0c0354bb5f9a3ecbe5ed12ab4d8e11ba873c2f11161202b945,QUAL-SHADOW-1,RUN-20260820T113852,2026-08-20T11:38:52.928740+04:00
ITM-2db30989bdd24f2f,53a4bb14fcb7013e8bdaa700d2b07b1be6109c145c4948f06efda849ec6d99db,507a9647d24f16ed560c084f7947c570b8932d417b4315d7548a5fa828aa6672,4f53cda18c2baa0c0354bb5f9a3ecbe5ed12ab4d8e11ba873c2f11161202b945,QUAL-SHADOW-1,RUN-20260820T113852,2026-08-20T11:38:52.928740+04:00
ITM-2dc06829efb12d5a,0120424d407c7597e1b86e4f56f943e4cc0f35493dbd1e458e30233f5a67a639,3f449e82ebbb370ca277a99dcf687e3be1b053a9b95f5e8c53e0b70fb8fc3574,4f53cda18c2baa0c0354bb5f9a3ecbe5ed12ab4d8e11ba873c2f11161202b945,QUAL-SHADOW-1,RUN-20260820T113852,2026-08-20T11:38:52.928740+04:00
ITM-2deed703ef4198b6,042b9c80db55af528cc5ef9b4f6b07c53d91f22708a85f61e84641c087066c84,7624dbf5f04166f261b524f2e0c9bedf4f43b62f82893adab08de37dbd330ff3,4f53cda18c2baa0c0354bb5f9a3ecbe5ed12ab4d8e11ba873c2f11161202b945,QUAL-SHADOW-1,RUN-20260820T113852,2026-08-20T11:38:52.928740+04:00
ITM-2e09c834c48baa53,7a183bb1327b4946550dcea4457982bf224dfd60c95fecb833c6cc551d7dfce7,121396e4d5e77569621be8f2c990fe2b03ce04450496cf06dcb1a42971a68ffb,24461bf7322a3d234d2570fe1182cda839fbe357bfa804c4b94d3556618fb2b2,QUAL-SHADOW-1,RUN-20260820T113852,2026-08-20T11:38:52.928740+04:00
ITM-2e89c7628bc6e11b,e8818d245480ee0a575d124b9d970630a031707231fa76cdce09bc9d3de2c415,6025e5373b7fc7fa234512c09cba71e2235e54bbc12d4eea717f68b65fb905df,5a58917d0041a2546987804fc0d0f9de32e75c6417ca5a31fc2c7416d0f7b165,QUAL-SHADOW-1,RUN-20260820T113852,2026-08-20T11:38:52.928740+04:00
ITM-2e95686500507378,49ad2ce07abe3f3fe0d2c322b4c23f14cb761486d2e7a289faea2c73b38bffbb,417a015826b5a563e22e37f870ede1362154f4fb43efc8d8c172653ed8e3c600,4f53cda18c2baa0c0354bb5f9a3ecbe5ed12ab4d8e11ba873c2f11161202b945,QUAL-SHADOW-1,RUN-20260820T113852,2026-08-20T11:38:52.928740+04:00
ITM-2f0f5128964772ac,d2bcf81e8873d70bbd65d46d98aad84cf24f3c7147b365e8d3c2d1db2d85987c,7e0d5d0050996b1a41904f3135fb1275a22c1344a033305308de0de9fd620232,4f53cda18c2baa0c0354bb5f9a3ecbe5ed12ab4d8e11ba873c2f11161202b945,QUAL-SHADOW-1,RUN-20260820T113852,2026-08-20T11:38:52.928740+04:00
ITM-2fbe95fa2462d0d5,8256d3ff12b0152b6757b6731191a4cc485d369a06f3199dbcddfa54cc20c4e5,b61bb30596204d1ffebe0f8a3b909c787c1ce18b8d3166d6f312fe8c8130779c,712997935cad6af937798501663677eb5fee87d8742cd03f438ce8da77d6f6ea,QUAL-SHADOW-1,RUN-20260820T113852,2026-08-20T11:38:52.928740+04:00
ITM-2ffd85beaea38385,fcc83ddcbbf55d36eba0a5fd7a14f47715c8b3f9d0224091c90b1a530327ac15,738c1a19056b5dcb31085ae2eb1b0882e0db0fbef49a7af334cdd8edb587679f,4f53cda18c2baa0c0354bb5f9a3ecbe5ed12ab4d8e11ba873c2f11161202b945,QUAL-SHADOW-1,RUN-20260820T113852,2026-08-20T11:38:52.928740+04:00
ITM-300f3dc131b10cb1,cdb0f019d977c503990fc91e911dc1a8abc155fbb35584affbc71cca5178e943,92235383ae562653b85a759564a5ce8ebc8991a6d1391b8c3bbc2747a3f84797,4f53cda18c2baa0c0354bb5f9a3ecbe5ed12ab4d8e11ba873c2f11161202b945,QUAL-SHADOW-1,RUN-20260820T113852,2026-08-20T11:38:52.928740+04:00
ITM-301e4ba5ce0f46c3,3e51ccb0d10b13e9e35cf9d1de5fe029640b8201eb28501a21d10c252b86a750,7651d8bdab40b7bcab62cd6ec8c66b55f5f22d30b98e90867e4eafb444d46ec6,ee2a8b097ab81ab50d20bded11686000d228c81365aaeb04265a6a4bde62c5bd,QUAL-SHADOW-1,RUN-20260820T113852,2026-08-20T11:38:52.928740+04:00
ITM-302ff656df6d650e,0060542e547fe87b2d99f82d909c3276e4d60ab77ae8db1800c120cdaee275e1,ca21751562e21cfb71f8033836128e35d464fd2cc02cbca96f9bf80ff6e2f716,bc1e7c62a9395cd641da861dc6887d873eaf14fc857585cca2cb320bf576fcda,QUAL-SHADOW-1,RUN-20260820T113852,2026-08-20T11:38:52.928740+04:00
ITM-306a484f0d79b344,9afa779f5d48b9ff57684d0ae875350b2f5342ac5b2e4fe967cfe77e49f785f7,f293412c6831d4f81793227aa8c7f6a7e56c7bdaca07937f235b5eec3c4693ba,8e00fe9f0563e38a5797a4739f1dd34dc2a777765d7aa595214015a846830018,QUAL-SHADOW-1,RUN-20260820T113852,2026-08-20T11:38:52.928740+04:00
ITM-30b99ffa7476055b,53b635d9cdc1e2b542c36d3638f4bc601f0f9ea0d64437dc08c5ba077f7aa14c,c33cb5156bb54a5efb7b127bab4917936d5da5914c004cec2321248c556a6465,f50cb523042ca54653e2acdcf3e3d93ec7ade483de4597ee967e3c9ee76116f7,QUAL-SHADOW-1,RUN-20260820T113852,2026-08-20T11:38:52.928740+04:00
ITM-30d32983380f4be9,23c7284e3f2efaeb8703dc561b9a091923f8b21d469715bf6024c2c3d542f645,af88c684460d32e026bfc1805a69a5fa0b254d6adc9d03405ff737f8c2de080b,4f53cda18c2baa0c0354bb5f9a3ecbe5ed12ab4d8e11ba873c2f11161202b945,QUAL-SHADOW-1,RUN-20260820T113852,2026-08-20T11:38:52.928740+04:00
ITM-31165a2028701f4a,7178be59f4c393f99af3b5dd3d282d28de27084b0202b37ca52c426ba3ccb332,3f300f82b4632e7592477d81d755c1fc6c7d8832c6e73e02b3b6fc0f577eb168,402226fb3281125c65df1d27e34055de66d59fe39bd7ea95f46289f792d03414,QUAL-SHADOW-1,RUN-20260820T113852,2026-08-20T11:38:52.928740+04:00
ITM-3124e925aca46b35,386ad904ab95297e21eb53bacdf37aa95fcfa3d7d9157ae179d6738ffe307f04,aade595062564c2de44c2aef7c3e072b0cf5eaa88e83d991a46f51930d0f3ad2,4f53cda18c2baa0c0354bb5f9a3ecbe5ed12ab4d8e11ba873c2f11161202b945,QUAL-SHADOW-1,RUN-20260820T113852,2026-08-20T11:38:52.928740+04:00
ITM-31440ee78c8e0a41,086020fb083a4056968f25e72c75f675cc2cb5a5f79fd1db0d11cfd3d03bb80e,8630bba636c7bd7b6f3ad479aea65bb66c4ae889cf1c008151d9d9ee6e58f6ad,4f53cda18c2baa0c0354bb5f9a3ecbe5ed12ab4d8e11ba873c2f11161202b945,QUAL-SHADOW-1,RUN-20260820T113852,2026-08-20T11:38:52.928740+04:00
ITM-314468b5e3fd3824,17f7c8827835f62a260440af9f383872803179d2b32e348ecf937cb2427a468c,21b41d2392a0c2974fa055daba4b6005ca330ad6a0d2a055d62e7b4dbced316b,2a292ad250729a152b778cab5510f164bac4aa915dde138001acdeabefce399f,QUAL-SHADOW-1,RUN-20260820T113852,2026-08-20T11:38:52.928740+04:00
ITM-31473808a5c44562,c57eebfce59e999205d3e62ebb81adee597517f8cbe31b32ec5f215d7b5c86dd,b24f732facda2dfb76e124341121f4ca9b675aca95f15260c991b655e8a81663,4f53cda18c2baa0c0354bb5f9a3ecbe5ed12ab4d8e11ba873c2f11161202b945,QUAL-SHADOW-1,RUN-20260820T113852,2026-08-20T11:38:52.928740+04:00
ITM-3161621bb1ea6814,0922ba030f5f8239c6867605bbe2bab2c1e771a1ecb35090d24dee85b129e7f8,2c15aed73b2874f253e2d589db9f1a8fa664043bb054be51aa1de5fcc135c1f7,e4f16c91bc24e65e19dd2753f469cc178b9f5ab3181886596cf70863e5bef71d,QUAL-SHADOW-1,RUN-20260820T113852,2026-08-20T11:38:52.928740+04:00
ITM-31a233dafb2b6617,5dc9def5dd854660d35070a1180d50fc3266dda657667c8b9f7a05eb2c9615e0,b5617179ac4067353400e0c89154cbe3b5419410e8d4900364005e6492175353,9b315c57cc8f39b0eb8b190d92d9021bf314608da290e282a1fd91e8e76efc63,QUAL-SHADOW-1,RUN-20260820T113852,2026-08-20T11:38:52.928740+04:00
ITM-327d6d901340ac43,0323ee4b68a13a683f79fb6f7d235c9be1216ba96741a8ca9a281b5f63ba81d8,afec4baeb6c0027074f35fa78e220a793a1214255a7b9f54f13040d63dd0fda1,d4734acb799d7af1f9506233ac3f8d4d3bbfa6de71af4a28c6aabf7e67f76808,QUAL-SHADOW-1,RUN-20260820T113852,2026-08-20T11:38:52.928740+04:00
ITM-32a5248d6e3be01d,844282e123a19d3af8445d66dc518c7a2dcbc91e44b843ddd3c0f6871d2a0671,d2503b5c042cdc6501f65a29a790684bfc0627de3e7f5e90691dce49b9afbc1f,9067b3e0826ffaf603eac7d12f1e8f64dcfd38f2827de09e82202515fbb5c5f9,QUAL-SHADOW-1,RUN-20260820T113852,2026-08-20T11:38:52.928740+04:00
ITM-32adc4810c1b28f3,744babd9b12b2555b14f4bcb7aa6625f61ed4f8c451b23549fdd0f97f637edd2,21d2462dd3d0a5e0a767d821a39eabbd69ed09852f6ae64d9bcbbd19bd768db1,4f53cda18c2baa0c0354bb5f9a3ecbe5ed12ab4d8e11ba873c2f11161202b945,QUAL-SHADOW-1,RUN-20260820T113852,2026-08-20T11:38:52.928740+04:00
ITM-32bbbfeebe25b49b,eb47d8e0937156f585b1ea8fefa72cac48810ee82a44ce867c145a373545cda3,f0cf872166c8342791464e0db8456acfce17c91532321c084995771334d3089f,68ed7aeaa7f901f8c1913d3f5f942c94024a9f608978208a837f91e902d01400,QUAL-SHADOW-1,RUN-20260820T113852,2026-08-20T11:38:52.928740+04:00
ITM-337671434c9f4562,aecf446f93e4df554ccd6d63de393ec509fa6286cd83b4e374435ebcbbb60abe,c65615ad6075ff17c3a5621265d8d0a0836f43531185fc17b11782d826a20376,4f53cda18c2baa0c0354bb5f9a3ecbe5ed12ab4d8e11ba873c2f11161202b945,QUAL-SHADOW-1,RUN-20260820T113852,2026-08-20T11:38:52.928740+04:00
ITM-33985d03c91ab4e1,eeeb6b15aa0c01405c672529a801ec2c515cae2346c9e989dca852a94f593c72,ae02e2940f95e8d48bdc915abe0c89435393d1a4eae3589272c3cd9d374fbbfc,4f53cda18c2baa0c0354bb5f9a3ecbe5ed12ab4d8e11ba873c2f11161202b945,QUAL-SHADOW-1,RUN-20260820T113852,2026-08-20T11:38:52.928740+04:00
ITM-33a56ad7e361ee27,0f4b8c91b68bae8317b8a4cc25451bb7179247df43eaa4ea58c9d54f92b9c65c,faa2f4fab18b7c9a1975821d69b286ade0ecb7d8139f6e48b9b1df9a221a4313,4f53cda18c2baa0c0354bb5f9a3ecbe5ed12ab4d8e11ba873c2f11161202b945,QUAL-SHADOW-1,RUN-20260820T113852,2026-08-20T11:38:52.928740+04:00
ITM-33a67e9f40f8745d,6633d1e13442b600e5ecd1d407c72b963952f9d1ec45e67b4014b7b3bb476925,4e7f8f72cb552416f56dfebffe29a99ca55125428ba209afdf04e6aca9cfb411,1047748c31d06ef822a80bc897c32bf60ef7504ccc7e2badfad12b77ae5a1a35,QUAL-SHADOW-1,RUN-20260820T113852,2026-08-20T11:38:52.928740+04:00
ITM-33b5597cb23fd4f8,680a40b32af31672e95148c4660050add1e4f037a1d66ddc90126d79e92834ae,1d9fcada63cff8b012b0592c4dfd8e5e82c6896305772d7caae75cfe404a8cc2,9bcf63cf02dd80ad085ffb5197204ce34db35766137f20912d3299f410167907,QUAL-SHADOW-1,RUN-20260820T113852,2026-08-20T11:38:52.928740+04:00
ITM-3421f9f17f7348e3,d6b3f409eb2e0af4a6cf97fee47468dfb6b6c6932b054d2af0796b2efde0a796,b78658458a8180223676ec833982c39a70b884bfb1546aa0a0eb0abda968537e,4f53cda18c2baa0c0354bb5f9a3ecbe5ed12ab4d8e11ba873c2f11161202b945,QUAL-SHADOW-1,RUN-20260820T113852,2026-08-20T11:38:52.928740+04:00
ITM-34e28e6bc0f1471e,a963c07293d3d687a5f1c2293865fb8a6060c0e1aa7a0a65c64f2393279e2a9a,ddc85a2cd975cc8f2005794d5242b441b4836b395438aedbeddb90546b7e95b1,4f53cda18c2baa0c0354bb5f9a3ecbe5ed12ab4d8e11ba873c2f11161202b945,QUAL-SHADOW-1,RUN-20260820T113852,2026-08-20T11:38:52.928740+04:00
ITM-357334c8f1d993ba,a4415d5908ab25a46f9da51d1779bd02d3b94a0e98d1344d3563826219bbd990,2f6dd3ce5a060dc413fe081f6c2988945de21f57ffa719d76db3489d6956f07b,4f53cda18c2baa0c0354bb5f9a3ecbe5ed12ab4d8e11ba873c2f11161202b945,QUAL-SHADOW-1,RUN-20260820T113852,2026-08-20T11:38:52.928740+04:00
ITM-360588917b99861a,c6ffa9bc46f1bd4bc38fd9d87de37d8ebe6f00a5f767bb6f67300038cd94a88f,2c10558294af6d2d7dd82130f8433f5902e5ab1c9d953d99230f966dff1d312b,4f53cda18c2baa0c0354bb5f9a3ecbe5ed12ab4d8e11ba873c2f11161202b945,QUAL-SHADOW-1,RUN-20260820T113852,2026-08-20T11:38:52.928740+04:00
ITM-3681baf873ee750a,f657c46ce7bdc0a0ce29332038ef9fea5f51c0f718467177310492e2b2665722,922903088d474462f192b3d9382833c4e27ea8621183c0b6c9a8336a1af88e68,4f53cda18c2baa0c0354bb5f9a3ecbe5ed12ab4d8e11ba873c2f11161202b945,QUAL-SHADOW-1,RUN-20260820T113852,2026-08-20T11:38:52.928740+04:00
ITM-3688aa52266b886f,7bbf3505693e7b426cdd7933df8c9522b963924e27ef830fe6e29c47496972cc,1a29f92b940b367249af9d2aac80ee2ea1b67e0e30f2a07eb884f143c0596d6c,a393abdaa18bb2091ed2b0afecbe83950e26b8fa8196aa2f1f18f6c49259ee4e,QUAL-SHADOW-1,RUN-20260820T113852,2026-08-20T11:38:52.928740+04:00
ITM-36c725c15bb2be4a,3814182d4ae4c8e61eddf27744c7b00708c327e62b846a082ca9126b89edd255,ecfe22877a633a6b37bece15baee039e4b53b0cad152752393050165b35ee2a6,edc5a8a19bb9dc7ded44116c6e2eb1effcf533faadd5d4e6822ca0d5d3474912,QUAL-SHADOW-1,RUN-20260820T113852,2026-08-20T11:38:52.928740+04:00
ITM-36edf64a418688d6,ee13669cbf8fb7191f79b9d58616f2f71c64fa23f3fccd680a75501455d788c3,22b79007d1c0088f902ebf0d662f94ea2963c05ec186766bd56742e2bd914329,4f53cda18c2baa0c0354bb5f9a3ecbe5ed12ab4d8e11ba873c2f11161202b945,QUAL-SHADOW-1,RUN-20260820T113852,2026-08-20T11:38:52.928740+04:00
ITM-36fb7d45d2079ff9,1c9d6353db99e8986151c93f12634fa79064f0d7b36070981e7c328edad3f593,4117aad3bace8b8645b5636b5a81ab7d9315043ab2d6eaeed414c27367713808,4f53cda18c2baa0c0354bb5f9a3ecbe5ed12ab4d8e11ba873c2f11161202b945,QUAL-SHADOW-1,RUN-20260820T113852,2026-08-20T11:38:52.928740+04:00
ITM-377da6b2e065b8fa,cc2872860a5e7d107503e4224f8b0076a0e69f847989f2c3d001eef6f7e34771,dfe6d6805d8406305adbfe9770261a38b80aac3cc80b0b6378358ff71966a569,4f53cda18c2baa0c0354bb5f9a3ecbe5ed12ab4d8e11ba873c2f11161202b945,QUAL-SHADOW-1,RUN-20260820T113852,2026-08-20T11:38:52.928740+04:00
ITM-383d8a66ff6e2220,753a4309fadb5c4c95f23f3a0ec50148edee4b433cee6872007bf62d01641925,dca23ff65a99c6d42c0195a9ff8791975fb7fe2dd07cb7764fa4e91d929b564b,4f53cda18c2baa0c0354bb5f9a3ecbe5ed12ab4d8e11ba873c2f11161202b945,QUAL-SHADOW-1,RUN-20260820T113852,2026-08-20T11:38:52.928740+04:00
ITM-386bf2c572aa1262,c390840f2da82fda5bc3789900e9bd17b6e756d438a0398b8981e3346d84f594,8429cca64617586e2d9edb1342dae99a1b67fb39e538003b07dbe54b697d1f71,d177aea13ce6700264bc74deb622ad6756014e3ee860502331c75da7da97bb15,QUAL-SHADOW-1,RUN-20260820T113852,2026-08-20T11:38:52.928740+04:00
ITM-388754922f1334d8,e296a0e2e606bb6c8a9df087ab4f070139faed12467ab4d9149db34909df95fd,435e8592ad6cfecfdc2a0d8d6c8d8e9a1bd92b4f362d032b9e17c696d8f403f0,4f53cda18c2baa0c0354bb5f9a3ecbe5ed12ab4d8e11ba873c2f11161202b945,QUAL-SHADOW-1,RUN-20260820T113852,2026-08-20T11:38:52.928740+04:00
ITM-38c266a12eff1272,83795965211097830c05ceb370c469f5601b91de628f8fb8fd761d94b9bb1f0d,320203658df42a8bbf755787e7fd4b0d60007c36b339bac6b6e055f337ec5f84,680bbd6137616b3450e1d0a9d8a8f42de4b85cdc8152adb2b255abea77c32c4d,QUAL-SHADOW-1,RUN-20260820T113852,2026-08-20T11:38:52.928740+04:00
ITM-38c3391aa200710c,8d1d134b5dcd86d343118a7f615e3305345ca6d448a47c98bc99d58b6e296121,7b8ae06a2f34afd4a937142b6e477d745bcd2e9eb5aaa82f1c7069dcc6b16d19,4f53cda18c2baa0c0354bb5f9a3ecbe5ed12ab4d8e11ba873c2f11161202b945,QUAL-SHADOW-1,RUN-20260820T113852,2026-08-20T11:38:52.928740+04:00
ITM-38cfb6b435b9c1f5,55f9b3e7e7d8aa7d5e7807bca77b23b8ff80d624eb649fbca5402597676b4941,c94d33eb0e1749c9867f2a9e1cf3e927c4ac41d4db6a8dfa3b6b34f3d47b8ded,4f53cda18c2baa0c0354bb5f9a3ecbe5ed12ab4d8e11ba873c2f11161202b945,QUAL-SHADOW-1,RUN-20260820T113852,2026-08-20T11:38:52.928740+04:00
ITM-38f7e4f5a09b85e4,404dbddb0e115b2f06cc5585f09b525a9520d6dd1efb54166fbd7a62580120a2,5a4a5264b918122b5ba99a0f36bfd793592b609b4c506f10bf190ed4a9765cfd,f9c546e33914688df739b19aa8801c3cc531d926807599df2e0c97d29242dc04,QUAL-SHADOW-1,RUN-20260820T113852,2026-08-20T11:38:52.928740+04:00
ITM-3911dd4642f35c3b,a2be16a099c56dbe78fee687cd6c552a49c16f6fe42892064cbf86a290b14361,4f69317cb5db9cb002b4f62ba90104a29c560126e536a08423f6e939c06016fc,4f53cda18c2baa0c0354bb5f9a3ecbe5ed12ab4d8e11ba873c2f11161202b945,QUAL-SHADOW-1,RUN-20260820T113852,2026-08-20T11:38:52.928740+04:00
ITM-392d9c69f0c69280,7209f2f90a2d7b8c745dcfb6c1ab6039deadf62f6d90e26e161094578e71fd0f,49a6f8ab7506094c5f6135bcd468d11b43b89df411395c2b4bd31839e05b3505,4f53cda18c2baa0c0354bb5f9a3ecbe5ed12ab4d8e11ba873c2f11161202b945,QUAL-SHADOW-1,RUN-20260820T113852,2026-08-20T11:38:52.928740+04:00
ITM-39b6b41eeb5dc3bb,0832a8de6c3e9a9bad8d3676c6906c0df11a2b850a8d02354ae5cd5f756643fe,04ad937c5cd18f0bfd141efb02cf3cdcc963d7bed8fae95d667acaf65ea32963,4f53cda18c2baa0c0354bb5f9a3ecbe5ed12ab4d8e11ba873c2f11161202b945,QUAL-SHADOW-1,RUN-20260820T113852,2026-08-20T11:38:52.928740+04:00
ITM-39bba874d5289dd9,479296ba6022480a6435763bc8777756933bbcf331068c7270ec7f856cfed9d1,789907792e4a723df82707153c594c916b0c076b0fc602a9fc4a520681a8f588,4f53cda18c2baa0c0354bb5f9a3ecbe5ed12ab4d8e11ba873c2f11161202b945,QUAL-SHADOW-1,RUN-20260820T113852,2026-08-20T11:38:52.928740+04:00
ITM-3a3a1e654fe82a2b,ca2c6e2d881a701ca441891e6178b0cdb6b2d7b1897075a598303e9fdbaa6906,32c4d6e29453515ebb25f59271935842248ccecd708b6f184bc76baaa2ae16a8,7d38714da2c45f8f7d2339b4facb3185e35c5454225bd665cc6e2df1747f5255,QUAL-SHADOW-1,RUN-20260820T113852,2026-08-20T11:38:52.928740+04:00
ITM-3aa294289a2dc6f8,aa109e7f45d21ef9ae4143190f9029116a37b7fbb7aaca6137d0e2ca820d43f1,6e7ef498de2b358a9b72b5e56a4dea8b8acb388c97e64a5ea129f385a2def88c,4f53cda18c2baa0c0354bb5f9a3ecbe5ed12ab4d8e11ba873c2f11161202b945,QUAL-SHADOW-1,RUN-20260820T113852,2026-08-20T11:38:52.928740+04:00
ITM-3ae917385f81a2aa,9c3bd14843561517b29f5cd7a5d4b0632f8896663853b13738adfa3e71167c1c,fdaf93294f6598e7952febe9af89c7ee79ec6c22b3d5c89037b4f99edb8ea10b,1f18fe8e2cf3c2cf4c7883e414910f23bcba6a29cc3e6a715f92153ba4b7989e,QUAL-SHADOW-1,RUN-20260820T113852,2026-08-20T11:38:52.928740+04:00
ITM-3afd2a42857b165b,a621fbb4f4db6baaf9191dcdbc41429db4e24bc6d8c1b8d803e4bf39ea680488,345378eb1acebe96c909db9f451b36f8aacc7811c3e7bddec9b768a6701dc385,7ec4e554f9c97801d6dd3a148ee80929bd20e2d5cf1b3db298ac1b46005d4677,QUAL-SHADOW-1,RUN-20260820T113852,2026-08-20T11:38:52.928740+04:00
ITM-3b3dc88186c87b68,2b94e451d2a64afd306bc3430c81cce5f05f7ecf7934d8f9bd05e568e032d640,b152a50c22ffe4626d1e31ee97fecf9eeacffebd68fcbf7d00f310ff6ddf314c,4f53cda18c2baa0c0354bb5f9a3ecbe5ed12ab4d8e11ba873c2f11161202b945,QUAL-SHADOW-1,RUN-20260820T113852,2026-08-20T11:38:52.928740+04:00
ITM-3b4183babfb4e7e6,0c20e3b19c28cceabd6a7b4f21f039576e98474d2925b210065e980e3c0c13b0,588e7ba8342150b878bf671bdb7ba09857b7adc3587a32bbed9d041df531c0c2,4f53cda18c2baa0c0354bb5f9a3ecbe5ed12ab4d8e11ba873c2f11161202b945,QUAL-SHADOW-1,RUN-20260820T113852,2026-08-20T11:38:52.928740+04:00
ITM-3bb5237007419649,8d8ddb946514cc065a4e5878ce9aed81e5e094dd81850cc44045f255c2c04f71,4c24a10b64bc4384743a072c7aa3c10a10bf2dade48c9b9e80ce2b3e058098e1,4f53cda18c2baa0c0354bb5f9a3ecbe5ed12ab4d8e11ba873c2f11161202b945,QUAL-SHADOW-1,RUN-20260820T113852,2026-08-20T11:38:52.928740+04:00
ITM-3c0e930e83b4d77e,242e209c797e1b96953eaccf51e8d40d6fc856aca00842b18678c7968d4646a6,846a863f6773df580aba1a0927ebd8a1b624ed8153b6d3bc7f6a64e2731b9a31,4f53cda18c2baa0c0354bb5f9a3ecbe5ed12ab4d8e11ba873c2f11161202b945,QUAL-SHADOW-1,RUN-20260820T113852,2026-08-20T11:38:52.928740+04:00
ITM-3c78303a0184667b,54c75a3859542b59ea92c81ba38765e85c66e8889d8545f5a9d436777aeefb45,61006447d3bdeb396e2307bb5d5c10e5f4f0a9cb78567b45f516deb54116d410,4f53cda18c2baa0c0354bb5f9a3ecbe5ed12ab4d8e11ba873c2f11161202b945,QUAL-SHADOW-1,RUN-20260820T113852,2026-08-20T11:38:52.928740+04:00
ITM-3cfffe553d2b37e7,b880873c352584060396836fa373880b25d2d00b73ecba80d465170dc5407c0c,1bb9d9f69110f18eb31b448c24e0660406bc8dcecb8ffaeaefb004e7f03cf996,4f53cda18c2baa0c0354bb5f9a3ecbe5ed12ab4d8e11ba873c2f11161202b945,QUAL-SHADOW-1,RUN-20260820T113852,2026-08-20T11:38:52.928740+04:00
ITM-3d43838629d9de74,5b4cd123d2610e163cae4360372b2ad2a3b65ed5a8e31438f7124c48ee85c20a,4256a0743b05a8f603b22a1a3866a4fe959417b169988dfa0052ace3cf760843,4f53cda18c2baa0c0354bb5f9a3ecbe5ed12ab4d8e11ba873c2f11161202b945,QUAL-SHADOW-1,RUN-20260820T113852,2026-08-20T11:38:52.928740+04:00
ITM-3d4bbd2296a67743,1b423ae5bad0886c0d5bc31bd337b54eb09316b378b1d28fd1fa44cc37f78d27,5e379d3b56edf5de462e608b50eb997e7cc4e5da9b013b8afa82fc5f2238e87a,6922f03984c4cc20a40d7244602562c95b0f21c43204a544e461f12804c15a5e,QUAL-SHADOW-1,RUN-20260820T113852,2026-08-20T11:38:52.928740+04:00
ITM-3d8cfa4857ad5047,68587fe714c39d7dba59384f03b3ee3d0422d5bcfa75f881fa817479d0cc4bc3,b4d8a6f6b22485771e5d9921f1bd5c02e40ac86dcc8506039acab017bede39eb,c7d10b702435cdfed22900cd76aaa484a72fe70d9f7a452cb4c8c7d51fd35b08,QUAL-SHADOW-1,RUN-20260820T113852,2026-08-20T11:38:52.928740+04:00
ITM-3dabd6bdfdecb4e2,3eef21cb5bbb6a73c86578fd22de30cff3ee65c7fad7ebf9fe50a35f9d70e88e,98713c383c1d3b9d008430a6f7da6983030f043cbed90921acbe6fcebd1352da,4f53cda18c2baa0c0354bb5f9a3ecbe5ed12ab4d8e11ba873c2f11161202b945,QUAL-SHADOW-1,RUN-20260820T113852,2026-08-20T11:38:52.928740+04:00
ITM-3e008fa243b802c2,482a481caa49ab84d1f313bc9548900d62554e2ffbf3742d3e36c5ffbcf0362c,95e9ab695c0ae5cf8fd26e276e2d68104afacdeb552ed42e0fc562cae42b7103,9e5f5057033ce41649d25c567b308fde307f3f4e0f51b4307f149cb0f61ace72,QUAL-SHADOW-1,RUN-20260820T113852,2026-08-20T11:38:52.928740+04:00
ITM-3e1aec1085c58493,255c95aa84b2be0a96e16cf1b79dc1d6ffd1bf455bca2c8be76367f8fa0c0a4f,a1472e55b654e2404931e1b5e5088ccf30edcf7d104d48e275e50b1f2319cbfb,d2b557f377cc881eb99e3380fcf3bb9e1c8e702107e9dcf610d51c408fb84119,QUAL-SHADOW-1,RUN-20260820T113852,2026-08-20T11:38:52.928740+04:00
ITM-3e5d703112ec92b8,81fa4db271e8f32c5b91aefdcc4c80aa6f0e8bd299268b4ffadb2fd608d69513,3cd9107a1c8a1c859f820f92c4a44044336446194ebfa6454bdb9ea0200988a4,4f53cda18c2baa0c0354bb5f9a3ecbe5ed12ab4d8e11ba873c2f11161202b945,QUAL-SHADOW-1,RUN-20260820T113852,2026-08-20T11:38:52.928740+04:00
ITM-3e747f2bbf3f1804,7b1dc15a9d6159027eb438bfa5ac8ae4cedc8a26357bae61ff7b21d5ca3093bf,ec6d575426393b85a758abf48a415527b143e30f35651a9c17b383238eca8fe9,0438481bc0a3175e93049b961283489b4fc86603cb2e43096d0197132bbac163,QUAL-SHADOW-1,RUN-20260820T113852,2026-08-20T11:38:52.928740+04:00
ITM-3e8e3659c36af014,d23813b7f7cf53ee52029a4d7e271aa50508f2291dd103c78bb4dab6716e6d06,5ce00c7f652c1529a69b333a89712a8d90b301995997b62029b472100c10e9fc,f6ab05dfca8a9e318209134f5e61173b1c92db59b923ffd78e03c499afcf81a3,QUAL-SHADOW-1,RUN-20260820T113852,2026-08-20T11:38:52.928740+04:00
ITM-3f4a4b1c2bd43c76,769a51168bb6fd240550353a51e07157164d798e3ecbc73de6b7ced679577774,ea0be639e7935b7c477da607419e0d7e9adf53857acf1883631666d9fcc21081,a2f6314706d201f7781259a49c860567ea9f9c8cdb8453e3275755fe81526ee1,QUAL-SHADOW-1,RUN-20260820T113852,2026-08-20T11:38:52.928740+04:00
ITM-3faf29a11aa2d120,6bf5c16c0204d5401b7868836c1211c5d3b970dc40ccf05b2a94223b65ae37c9,1f75e68bb49851824f6105d4e986ad61fcb0779818fdf7decb923935c853ccf8,4f53cda18c2baa0c0354bb5f9a3ecbe5ed12ab4d8e11ba873c2f11161202b945,QUAL-SHADOW-1,RUN-20260820T113852,2026-08-20T11:38:52.928740+04:00
ITM-3fc9eba93a38dd6e,0d8e0e016fbe5f60e8458ec5b5c2e6c8784e8c1af6f2b79e3036a7af192b1ab4,ec4fd43c67f254a49ccfbd9295d1dfcc3a4ba3c5ac20409feb986dc10c4a8beb,4f53cda18c2baa0c0354bb5f9a3ecbe5ed12ab4d8e11ba873c2f11161202b945,QUAL-SHADOW-1,RUN-20260820T113852,2026-08-20T11:38:52.928740+04:00
ITM-3fe09fc3870f6751,57683fb92c65cc78cde553fb1ff86c2286378a33d3bcf95b9a80db483d49fb8e,f6fa66513f16886c98e820ccd5233acdd7510bfd4a36ec40a57562da13ef2922,4f53cda18c2baa0c0354bb5f9a3ecbe5ed12ab4d8e11ba873c2f11161202b945,QUAL-SHADOW-1,RUN-20260820T113852,2026-08-20T11:38:52.928740+04:00
ITM-3ffd219722fda342,08c99d280560b46185c7bfa36d1bd5090d02fd0c38979088dd3aed4482a882ef,4c15d285cb9668c4d9302c63e34a6bc869fe4ac009250209d12170d73cf7eba1,4f53cda18c2baa0c0354bb5f9a3ecbe5ed12ab4d8e11ba873c2f11161202b945,QUAL-SHADOW-1,RUN-20260820T113852,2026-08-20T11:38:52.928740+04:00
ITM-407c0484b5a27135,2ae85406ac6361cce1d305eb0a8d6e6f714c94f77f661ed7ed996d1736c39568,1aa9f14fbc2642fe902b9827b12bbdd61f33e05f602e2e8e169a2da49a628915,4f53cda18c2baa0c0354bb5f9a3ecbe5ed12ab4d8e11ba873c2f11161202b945,QUAL-SHADOW-1,RUN-20260820T113852,2026-08-20T11:38:52.928740+04:00
ITM-4098b59c5c132913,d2bc32ab54c9833d783fdbbd01b7c46c96fcffa3bf48edccad702007a6957853,9497fb109c2da78b24f0035336bd7c38a8cea843a094277ba860c114146f00d2,0f568688177c76dd44f4df8b6d308877ea032df095570356ca3f2b2957a75615,QUAL-SHADOW-1,RUN-20260820T113852,2026-08-20T11:38:52.928740+04:00
ITM-40b394bef3a1fe44,b6a9f105246f7a9d6564ec456ba769d67f7dbb4978355b3928ef34dd88d794b5,c9a42ec2016964f67162f265380a375e7f6f9052a48198a22150b0ce6074b9d3,28effb8f65775af3a6b61647e66a7245e855229834aaa5368f44bbe39be19f21,QUAL-SHADOW-1,RUN-20260820T113852,2026-08-20T11:38:52.928740+04:00
ITM-410dbe7b91c57c0c,e767fc6f52662b426ffb044a36749776dfd19ea2292b19ea86796c8498de8744,d17fabaa761deab79d0ca2a57fbe33071e935a348f27b81660bff3644c497bb0,66dc0325dc2c4c245b5512fc7218bb6ac7a8caba8cb62118f2bb4098a0f1b9a2,QUAL-SHADOW-1,RUN-20260820T113852,2026-08-20T11:38:52.928740+04:00
ITM-411d9699b70d5c2a,736b9339dd0698899a6f0616026a65fb1e1bc70b97dcf0ba2151e83892aa454d,661b06879d9a56031f8a7dde7b1cd8567b65586c474f9f559d41a8901d8cfac2,4f53cda18c2baa0c0354bb5f9a3ecbe5ed12ab4d8e11ba873c2f11161202b945,QUAL-SHADOW-1,RUN-20260820T113852,2026-08-20T11:38:52.928740+04:00
ITM-4123a8c8dd76e72b,8b8be846e7919c47985441782bed41053aabfb9c3afda9c9b5b125a83db2310f,d61e22eb17669a3a97fd51614513409a3dcdc5f1efe754d3c7cbc39914a534c2,c9785eb03cde8bff32152b7b40b69c835c3c180c0cd5f5964b60db1c8d2f728b,QUAL-SHADOW-1,RUN-20260820T113852,2026-08-20T11:38:52.928740+04:00
ITM-4168c464e94c7b7e,5630e67eeee4beac60dea34f1ab5ce083cdee7edbe63e1a2af6368b861a2ae30,3ea6a394259e49254d5d1d13c8657fcd9217c3a407013e02031780d71c8d6fa6,8c95a4e6d57cb84702a46b71e2565584cb63f0e3eb4f1e8860448198913f06ae,QUAL-SHADOW-1,RUN-20260820T113852,2026-08-20T11:38:52.928740+04:00
ITM-41a32f160602c2b3,d8197afe7e4be2fba4316e08c933c128f617a882425dead0f87c47fa39292376,15c9cf447126e47b8d7bcd22c279413faf7c1a0cb0cadb5c26ae2c004add2b29,4f53cda18c2baa0c0354bb5f9a3ecbe5ed12ab4d8e11ba873c2f11161202b945,QUAL-SHADOW-1,RUN-20260820T113852,2026-08-20T11:38:52.928740+04:00
ITM-41b1800a129f39f5,04aab66dbb6d46f349858ace3f9f2e01299e434e17f1aef9be0b83dee81f55a9,6f23f3b9aebbc5ab05864b2cd5af17aa7ea3c3061ed7566548af5c904792da88,4f53cda18c2baa0c0354bb5f9a3ecbe5ed12ab4d8e11ba873c2f11161202b945,QUAL-SHADOW-1,RUN-20260820T113852,2026-08-20T11:38:52.928740+04:00
ITM-41baf7135554388a,1b4e9a62aabbe6c29a78a0bd672197d39540a1aed5dae133de7d892091b878e2,ff7b87aa348ed8b894cfa522275f156d4bb53d0523b626b03a27b1796e8dd8d3,4f53cda18c2baa0c0354bb5f9a3ecbe5ed12ab4d8e11ba873c2f11161202b945,QUAL-SHADOW-1,RUN-20260820T113852,2026-08-20T11:38:52.928740+04:00
ITM-41ce3144208bea57,add21ce1ab734fda853083b72a63a7eb8ce0f6383506e65de7675a8f90004b08,c0095553efe43e9e0a34295446e9fa61ba958b2ab4ec07c581d1b123edc09d45,4f53cda18c2baa0c0354bb5f9a3ecbe5ed12ab4d8e11ba873c2f11161202b945,QUAL-SHADOW-1,RUN-20260820T113852,2026-08-20T11:38:52.928740+04:00
ITM-421af925e36f5e92,a5530c2338422dec249aa90f18d67e51dfd0c4e9040544c5c4d01ae857c701a3,fd115237d479e9dd02a0c4391b609cf21a72a68c67d164cd189008864a980f22,4f53cda18c2baa0c0354bb5f9a3ecbe5ed12ab4d8e11ba873c2f11161202b945,QUAL-SHADOW-1,RUN-20260820T113852,2026-08-20T11:38:52.928740+04:00
ITM-4227c4e5d3e439fa,e1d4f6a1454062500c8b4c9d016ef5b040068fc1a0cad5a83c0e074d3dc6c43d,6edaf3629722a9dea03b3255a1f86d7e270d077544276215e8ee73e9a24dfaf8,4f53cda18c2baa0c0354bb5f9a3ecbe5ed12ab4d8e11ba873c2f11161202b945,QUAL-SHADOW-1,RUN-20260820T113852,2026-08-20T11:38:52.928740+04:00
ITM-4245230a13c94517,c725b2baea53c3e14137df5e5e9b0224447dd492542dd70d0ee68c978262f0fe,1790437c0a9e7612ffabce7fcc820c3d8ff598e4575105c11009825fa06cb4b3,335f29533b45b7df9addd2d081140dfb737bd7aa92c9b5102c38c05e075b2929,QUAL-SHADOW-1,RUN-20260820T113852,2026-08-20T11:38:52.928740+04:00
ITM-42cd1072a1de5e25,a8a2b685b7a94143910a25706f594aeedeb273290d52a42ef9eee3c50271d4b3,b5cd35c9a560c8da1bc0ae90a39db56f3339e863ce3000ba36a58105168d9612,4f53cda18c2baa0c0354bb5f9a3ecbe5ed12ab4d8e11ba873c2f11161202b945,QUAL-SHADOW-1,RUN-20260820T113852,2026-08-20T11:38:52.928740+04:00
ITM-435a61c36aff8c50,176166bec1afc609832b8a3982fcc64a804c80aed1d4b3246888115c454bdb8b,2841760533cba62950ac144c69efc7bd6e82313e3060a10b2b856870324c45d5,0d2fd6116f89cb85350498aba9d358574ad7082d64f55d291da97492b4bb0348,QUAL-SHADOW-1,RUN-20260820T113852,2026-08-20T11:38:52.928740+04:00
ITM-43ac91aa02e03ec9,92494df7874f34679e480f347e2b036a0ddbf15fc300b76e06b7dce855c79d09,31572d015cfbd54390fb2d0c476bf69680c40e931d44db3cb4103688dea7a4c3,4f53cda18c2baa0c0354bb5f9a3ecbe5ed12ab4d8e11ba873c2f11161202b945,QUAL-SHADOW-1,RUN-20260820T113852,2026-08-20T11:38:52.928740+04:00
ITM-43fb98510242f7c0,4209b4752e0a5c215ef1d2b93d6219c6e7f8a70790b9ca6cbc6eaac96e92733f,9b55090791d9afe8cfc9a570e05ff20c865141da46a155d8afa083cdb01f64a5,4f53cda18c2baa0c0354bb5f9a3ecbe5ed12ab4d8e11ba873c2f11161202b945,QUAL-SHADOW-1,RUN-20260820T113852,2026-08-20T11:38:52.928740+04:00
ITM-443066696ecd0fa1,64ba6e90a6162cc6073d7b93b7b3c809c2f619a77f9a41effa197de6e6cb1fe0,c1c2090f100b3210f9719333dd1a3a691a384db96c08ad36dc179bb91b16eeab,4f53cda18c2baa0c0354bb5f9a3ecbe5ed12ab4d8e11ba873c2f11161202b945,QUAL-SHADOW-1,RUN-20260820T113852,2026-08-20T11:38:52.928740+04:00
ITM-4471af0669161a1e,142511a056e4d304bb440f268175297f1ba763931b8892983eafdec6384e0d5d,1a10f584a3595aa452995989c1b6ea7a8f912e48e133bfed72c545e52dc00836,4f53cda18c2baa0c0354bb5f9a3ecbe5ed12ab4d8e11ba873c2f11161202b945,QUAL-SHADOW-1,RUN-20260820T113852,2026-08-20T11:38:52.928740+04:00
ITM-44d1712a78265b5c,c71461d5249380e286773fa66619c39f226b45dedd73df0e2eb5d9c518c83b1b,c437bbe3441c9e1d77ad900d2b8958d2d91dec5de16e1562d72657b7409b3e93,4f53cda18c2baa0c0354bb5f9a3ecbe5ed12ab4d8e11ba873c2f11161202b945,QUAL-SHADOW-1,RUN-20260820T113852,2026-08-20T11:38:52.928740+04:00
ITM-4541376470a8e8fa,48d45770b915420e853bd45dada186b6ca3866c9763370a8c8ea8ef357711a54,e322663c1f41dbaed764eb119231b0536bb384d0d6871bd9c20a08139036979b,8a1828ecf5d50bd8c2fa8796478e1f0d4c578e8bf10db1068950aa7f0527250f,QUAL-SHADOW-1,RUN-20260820T113852,2026-08-20T11:38:52.928740+04:00
ITM-456d5e14f20e0592,59667ff95d812de014823a67e4bc06981af48cdebb7df6d583d8fa81bb8f03f0,f9ae540ef48e7d6864b6d83b16affbd831876bb4b521c87cd255b19802ab1ef8,4f53cda18c2baa0c0354bb5f9a3ecbe5ed12ab4d8e11ba873c2f11161202b945,QUAL-SHADOW-1,RUN-20260820T113852,2026-08-20T11:38:52.928740+04:00
ITM-458c65ac5da17f3f,f4c0c9300223a5b1cdd79347be3f2fa27e69dc48f2059299e77cc9601588827b,6ff252769a4bc5ac4d0ce42087a366b7dcd22c46570bd4bba6a02dbc190e2ccf,4f53cda18c2baa0c0354bb5f9a3ecbe5ed12ab4d8e11ba873c2f11161202b945,QUAL-SHADOW-1,RUN-20260820T113852,2026-08-20T11:38:52.928740+04:00
ITM-45b5bba10a7796b4,5fce1b5d6f8d9791833c9943d12ea54c153fed67301a23ad4ed2e0617fe1c129,85bab9061e095bbe49d6c70f66e813ea575dfb3cf58a695f45d0f14bff950b2b,50fcb52f6446bd4fb8a795cf3dc3b4460ba036913a2cfb56e4d7cf61d55be267,QUAL-SHADOW-1,RUN-20260820T113852,2026-08-20T11:38:52.928740+04:00
ITM-464180dceec58b0f,478dceae636580b0237cc244e177fc0996ec1b32090a2f0aa038e96997a43371,a810539829b23622ee48c9ca616ab99aadc89d4103368745604d098ced552c8e,4f53cda18c2baa0c0354bb5f9a3ecbe5ed12ab4d8e11ba873c2f11161202b945,QUAL-SHADOW-1,RUN-20260820T113852,2026-08-20T11:38:52.928740+04:00
ITM-464f9dfbb19200db,0ee1f9b329369db1b6c033d3c009ad5695b73437991fae9ab23c35b277b6c481,1b03f150390346476d0b60eb4366bf132b58e0f8ea3db68ab9f5cad92d63f5fe,3cb77c620eb936e03ed1d4d0e891a800111cb0a63f0a18ea8077f8ec82a68636,QUAL-SHADOW-1,RUN-20260820T113852,2026-08-20T11:38:52.928740+04:00
ITM-465255d6ae8ab559,f8135e9966c7d224a2c448b993ef283a6b2b208ade8d1326d0076acd8623a8ac,6a4dc2fb06801f89f4ad815fd5d8de5f8f3bdd91b6d7be8b95c9795977299b05,f36b41661aa58c93cb620715dc95aea29430549fc61fc7b05837350d9f3ba8c7,QUAL-SHADOW-1,RUN-20260820T113852,2026-08-20T11:38:52.928740+04:00
ITM-46c96799cba619ff,60cb186921854afd256079ee1137821ab7d4f123f1fcab65e4e43cd5289ae038,f129100e4ce2e2151081b261263fc413440e37d9b331782d528615864bc15132,4f53cda18c2baa0c0354bb5f9a3ecbe5ed12ab4d8e11ba873c2f11161202b945,QUAL-SHADOW-1,RUN-20260820T113852,2026-08-20T11:38:52.928740+04:00
ITM-46ff6121cfa97761,598b6d93451b8c256081015ce2b6a8dc35a0e1af942a456f260f977c0460fad5,9e14805b79b9628357a700499f90c98c1f7d56f0c549866bfb8dcc5dce3e1acf,fea28aa2271c8e8dc876f58debbdd7a50e7a824f15c62fdfd4918663b1c6638e,QUAL-SHADOW-1,RUN-20260820T113852,2026-08-20T11:38:52.928740+04:00
ITM-476ca705ec80202b,1de267dfe9fd846306b20da3156efe15bcb4b0eca08003c5d9299c05f4b36fe7,ca4865f8b9a5f91695091fdec8246cbd66559354fb1a3569a156d14db6cf668d,ffa3da952947ea780fb49b2864721ac525d4ba3a1cc46a202cedd45c52bc49a3,QUAL-SHADOW-1,RUN-20260820T113852,2026-08-20T11:38:52.928740+04:00
ITM-477192de09971703,d04948cdcc7ee4605be59737028ca6a5196d0c6602e4716f6aa1369226d45acf,41e21097c63578643c40a8e412716c4936d98d8131a5003c8785b2cab5e1c0c2,6a56173b7537de695568d9198bf9f37530d32d42c1b835bc56aac291239787ec,QUAL-SHADOW-1,RUN-20260820T113852,2026-08-20T11:38:52.928740+04:00
ITM-47841ca9f37a01a9,05fbf4173e53232e48e4ba58a983a558681a37591acbebacf7b0cc75c66fc822,415f2cb5df24838823a2caff20347db6dc4a4bd97c613716a5770f0a1541c2b4,401b95f2ca138e95f7d6558d23544742c708f687e34e1860ec3f1e1038680670,QUAL-SHADOW-1,RUN-20260820T113852,2026-08-20T11:38:52.928740+04:00
ITM-47fbc45d8cb1322d,436f511eab2171ba730eed9cf207157b0a029095d6874e76b9d4cab5127b54fb,c1205f27f63db134f19c3c302e3f7b158cc5b9958fbf176ef5ac9f1658769760,4f53cda18c2baa0c0354bb5f9a3ecbe5ed12ab4d8e11ba873c2f11161202b945,QUAL-SHADOW-1,RUN-20260820T113852,2026-08-20T11:38:52.928740+04:00
ITM-4856fed59a50d116,0340b3c656f90806f86f3195e013bfaa5783cd435e7d73496c5b2474b4e44506,b30b2b398752201731ce4342f2a1fad4d340d381170a007f3f7160a8bebc2c32,da21d81c3e80ab6cd60166c669b961011f909bf54459d3be6d9fcffda203ae80,QUAL-SHADOW-1,RUN-20260820T113852,2026-08-20T11:38:52.928740+04:00
ITM-486f08701ff57650,e665c6ed5b5a0a564bb11f5458a880651970e9126b17cdedde405ddffef49020,5df323ee158b15071f84f453cd80657984fba313e8dfec28bd3b5c19d08caabb,4f53cda18c2baa0c0354bb5f9a3ecbe5ed12ab4d8e11ba873c2f11161202b945,QUAL-SHADOW-1,RUN-20260820T113852,2026-08-20T11:38:52.928740+04:00
ITM-4879fc78a32b9a32,7286d1e6171b3a5d2f775a8e769587d71788284c1b6b3abd4f2600e4b823b7c4,a036390f457a44de3568c9aeb03ad1de0f6d64cf75d43768904fcb2deb221668,a2290bb9fd9bd37da0062b8b352d733b00c8eb28e3723927b7b8556e65dd096d,QUAL-SHADOW-1,RUN-20260820T113852,2026-08-20T11:38:52.928740+04:00
ITM-49153d15337fd28b,2d53128e86e8fb9b37dc369c60b3999cf059c1157861686e78229553e4ca1047,416f6edd6e780be35ad9836baaef329f2cb563cbb1a7827cc65d17f3f01894af,4f53cda18c2baa0c0354bb5f9a3ecbe5ed12ab4d8e11ba873c2f11161202b945,QUAL-SHADOW-1,RUN-20260820T113852,2026-08-20T11:38:52.928740+04:00
ITM-49b4bda3f6d704ea,a3614238b71659404c8130429bc2936d8eb2c457d3b8ca66429f1d918412a4c5,4c5bde02322b28766fedef369b5ac65040ca03e8b5319ad61fbdda323f35b362,92953113d23c9410631fa7e5e0ff12aeb3a5a387bcae60945e2083633f357367,QUAL-SHADOW-1,RUN-20260820T113852,2026-08-20T11:38:52.928740+04:00
ITM-4a352d042f265e0e,8aa555bde491d1879fb58fd3fb353a3ec82093641cf6d3ecaf26064351c63aa0,28d9af96bd3b717fc5b51dd44dabcd27ac33630d20c95150ad61d8a3ffe59075,4f53cda18c2baa0c0354bb5f9a3ecbe5ed12ab4d8e11ba873c2f11161202b945,QUAL-SHADOW-1,RUN-20260820T113852,2026-08-20T11:38:52.928740+04:00
ITM-4a37f0a39ac9ee0f,6c36daff3ace7084c2f43e320800ff693c39470474b520c66544cd23c690c0ca,db3fdedda2dc515424883b90547af000bd5523916ea945cb4020e851c833bdea,4f53cda18c2baa0c0354bb5f9a3ecbe5ed12ab4d8e11ba873c2f11161202b945,QUAL-SHADOW-1,RUN-20260820T113852,2026-08-20T11:38:52.928740+04:00
ITM-4acbbed09e3890af,47d4598645e3e0fff756e91c3fd02eb2b27c485cc43644d1b68c3677ebecaabb,12cb2b3db8397921f51a747c9bd1bf2fbe458a0f075596e8beb6545f00fe39a4,e51076f671becf92672c1ce04c7a8ade346b7b80c4497a8613433e7837824b41,QUAL-SHADOW-1,RUN-20260820T113852,2026-08-20T11:38:52.928740+04:00
ITM-4af3012cc8843eef,9f019d228169ae1a463d20c17ea8bfc81c3142d63cc4cba4942906896c4106a0,7ffc45dda53e6f8c431830ea4aadd86186d57c47d994622609a271c023c1df62,4f53cda18c2baa0c0354bb5f9a3ecbe5ed12ab4d8e11ba873c2f11161202b945,QUAL-SHADOW-1,RUN-20260820T113852,2026-08-20T11:38:52.928740+04:00
ITM-4b24135d56fb402f,0c17574401880146cdae7bcf43532c34739b661d08ee0dcab8be3ddf7780ed16,58a53fb78eea447f10ebdeb49b9f4356df3ca53a7339f477f4cffe742fc72700,b8808720e0ce826f448bc6deb821dfe81354d52ab8a9a6e975e85e6968b3cc0d,QUAL-SHADOW-1,RUN-20260820T113852,2026-08-20T11:38:52.928740+04:00
ITM-4b55ff7064532fe0,fff7320fbc9fec7aa87c088ea6e3ac703e922e2a604784a734ae5a7d4b205f87,2a1c20d73d8eb7614ceb9bcba8ad68f7010e8993548149cfa2561f8b88a238e4,4f53cda18c2baa0c0354bb5f9a3ecbe5ed12ab4d8e11ba873c2f11161202b945,QUAL-SHADOW-1,RUN-20260820T113852,2026-08-20T11:38:52.928740+04:00
ITM-4b79645d80ad2ef9,c175243d38a5fc35a579f720f2115895a7295ffd6bceb85fbe5913ac264bc1b7,865fb3bf38d20fc3ddf33790a890dcbbaa73dfb32298b03cba9f0140b7502246,85a9938fe8d5d0b8f32f883e0ee850edffa8de5c1376b936027b976978fd0cca,QUAL-SHADOW-1,RUN-20260820T113852,2026-08-20T11:38:52.928740+04:00
ITM-4bfa09a25398f690,7ca009f4f3df6cf183b2e49fb67f9e86a8ca27d9e522ea86fcf69375aea49367,bcc1aab90a5929ccd4cc2a65c604e0329ac8687e86584b5c1b5297ddda254947,ba94df6d6f6ed91cde83783e900ef38f4d62ed1b2bbafad4978a84015a35eb5d,QUAL-SHADOW-1,RUN-20260820T113852,2026-08-20T11:38:52.928740+04:00
ITM-4c0f816830f7ed1a,5231c8b48af2e3ccd12bdba0f175bfbe4f541ebc6ebff90103c4e7b6eb4c8670,38a80021710353ed271b7ad550ec55b7a06fb479419b98445423c923b32760e1,4f53cda18c2baa0c0354bb5f9a3ecbe5ed12ab4d8e11ba873c2f11161202b945,QUAL-SHADOW-1,RUN-20260820T113852,2026-08-20T11:38:52.928740+04:00
ITM-4c1aec321d7cd504,7453a09b48adb6570050681ba0f050c5dd74e7a69176a04a5135c64440a25db8,a9068cf4c28dd9da94f126a314ef0e1fb2e2c08232e396fa4310ca49f2cc84bf,8726c9cb6843e9e479aa690a090b72bf649ef0aba4af01751bc0f580434a41ed,QUAL-SHADOW-1,RUN-20260820T113852,2026-08-20T11:38:52.928740+04:00
ITM-4c31ad23daadfdd4,fab4cf59d539a979a0d19f2939f0853b979ecb10fdd01439613fdbf2edda73f8,4bc10c5c2d06c74bda547082fdd7916b52497cef943d0d799095f16c97a04bca,4f53cda18c2baa0c0354bb5f9a3ecbe5ed12ab4d8e11ba873c2f11161202b945,QUAL-SHADOW-1,RUN-20260820T113852,2026-08-20T11:38:52.928740+04:00
ITM-4c3549bd8c462486,9733e09bd5e9e7346062450ea7991b53d7b0a04bc43492f0a0d61bd3a60858a9,2fa08e92e4c3036e48f561405ea7b33cef7ca270bd363e60c99228902d38c326,4f53cda18c2baa0c0354bb5f9a3ecbe5ed12ab4d8e11ba873c2f11161202b945,QUAL-SHADOW-1,RUN-20260820T113852,2026-08-20T11:38:52.928740+04:00
ITM-4c3bb280ccd0a626,f8dd46f69000351266d2eb63ded3420824cfa0ac7fe362064c68a5c8ff8c0ad7,4d2db6e3e06fbd2c9f405a5af65c36eb6cb4dad645ab443a5f921c3fb39da9f1,4f53cda18c2baa0c0354bb5f9a3ecbe5ed12ab4d8e11ba873c2f11161202b945,QUAL-SHADOW-1,RUN-20260820T113852,2026-08-20T11:38:52.928740+04:00
ITM-4c6b7aed766b02c2,cb91c93b7a16ddef01855be107513e3567ad2ba319cfbf47b013799007bde066,9595a7fb075bd5b015e353175171dccc525ab80c2751da4a4978128ba780b73b,4f53cda18c2baa0c0354bb5f9a3ecbe5ed12ab4d8e11ba873c2f11161202b945,QUAL-SHADOW-1,RUN-20260820T113852,2026-08-20T11:38:52.928740+04:00
ITM-4c80a47facb79e82,a4ac25fd132a51ad09aeee635af2c9a5ed43fe58629472bc9eebfbd3281f208e,b57d692a28d198f4b2ea8e02c3b8ab859e9d266e7f41fe1ade04d5d5cde85592,f306b1879a02cb9b3d059548942e76a61a563bd718fdc54e20036b236d045842,QUAL-SHADOW-1,RUN-20260820T113852,2026-08-20T11:38:52.928740+04:00
ITM-4c832b1de1bb40af,10dfd73c80e02d9a76321ecfada63cf7a9cbc79bd5dd9e80e9877d357b667809,cb75d85e585582d37194041773cec55a207f417a80124c666acf3a8b3a731e95,4f53cda18c2baa0c0354bb5f9a3ecbe5ed12ab4d8e11ba873c2f11161202b945,QUAL-SHADOW-1,RUN-20260820T113852,2026-08-20T11:38:52.928740+04:00
ITM-4cc8816fbf2bf2c7,5f6c49dd2f168a6259ba1ca947e4ad46ee54e6f9f980d625907a28fffeb38072,f660b23056233978a22be80c07fee6934df713d1ae634ab160429e3a16c9f6de,9f30e4fb0d3fa741c98e405611315106508796a9eb5cc2cd19af8e4f5baf0383,QUAL-SHADOW-1,RUN-20260820T113852,2026-08-20T11:38:52.928740+04:00
ITM-4d4f9cab97dd323b,8ef53892f9f8dd4e8a8570401e402250e7973b47776956529f92fe04f76947c8,2f7cd580ea91d9ffdb71f010e342c4349791804f580cc2335e7930275125696b,4b9a7b55fc4eb4aa5816c96c34139bd28277b99be6b71530aff8f4d56e15d6e3,QUAL-SHADOW-1,RUN-20260820T113852,2026-08-20T11:38:52.928740+04:00
ITM-4ddbde07eb7bc484,b352e135f67c42fab3af33e484f85d414b1ea4b532c69a6440625d83464aa402,249a564b28ab35d2f3cccff35d73d3749633dfc9fd04d3005d0784858992b1f2,4f53cda18c2baa0c0354bb5f9a3ecbe5ed12ab4d8e11ba873c2f11161202b945,QUAL-SHADOW-1,RUN-20260820T113852,2026-08-20T11:38:52.928740+04:00
ITM-4de5cf91bb4e0f3b,6b604f1d01b7b67bfa1893f60ae67624ee4559ba0da7072e17b541166dd138b9,52e0957e627696b9c7b378cc4fa2a5c2d179bfa6c405cdea770875731196f2e9,38b02ca055451484c7b563e0d337e668c7ce7cba708f4c54c698d2d32774ac71,QUAL-SHADOW-1,RUN-20260820T113852,2026-08-20T11:38:52.928740+04:00
ITM-4e34b7f2e45eaad2,05adf2b0ab39254126c27060fad2e7d72100474299a1948038facdee0a15ce13,680274e607f345fcca699a3696cf4c24d4a76b5c4aaee49e3a8b308520122386,4f53cda18c2baa0c0354bb5f9a3ecbe5ed12ab4d8e11ba873c2f11161202b945,QUAL-SHADOW-1,RUN-20260820T113852,2026-08-20T11:38:52.928740+04:00
ITM-4e4b8b80b3af1e77,16444dca6c516043eecfa579b59f77c44a6ebc76c6d8038d9ac7b9199d1c392d,b59959e2b0a6dc7fdc5888aed0fa01b49f57efd5e5b8e31a09b133ff8c20e04d,4f53cda18c2baa0c0354bb5f9a3ecbe5ed12ab4d8e11ba873c2f11161202b945,QUAL-SHADOW-1,RUN-20260820T113852,2026-08-20T11:38:52.928740+04:00
ITM-4e5ee1bd7fd8a874,d1b826b561e8487daf220571d78b8c91a86564b63085228a56bec239b0a443ee,bdcf5a5b38fe1f59c0666bda99ce4685e36558da14b714bdd77840137ad751d5,4f53cda18c2baa0c0354bb5f9a3ecbe5ed12ab4d8e11ba873c2f11161202b945,QUAL-SHADOW-1,RUN-20260820T113852,2026-08-20T11:38:52.928740+04:00
ITM-4e60695bf0907969,01d011be8d94b6032a4374d4565fcb7f58dc5024857328470c95cdcdf41facce,15d53d38c830c5d2a85f0802adcdd35e2aa3807b85e0c67598ed2e2caa8b0406,4f53cda18c2baa0c0354bb5f9a3ecbe5ed12ab4d8e11ba873c2f11161202b945,QUAL-SHADOW-1,RUN-20260820T113852,2026-08-20T11:38:52.928740+04:00
ITM-4eaca779380317ce,29bf3054d06a1cf61eb5bccb7618c66f34ff49e471efc064606e8d6433dcccfd,e1cb35571d6da218210b8d13aafe303a59bbf86b9cfd33230e4e8b6d62333be1,f99220b6f22b9159fa56108ba2998f2413a868649883f41c88d93da5fd7a40c8,QUAL-SHADOW-1,RUN-20260820T113852,2026-08-20T11:38:52.928740+04:00
ITM-4f1645b29b463600,ca09111e5386c9c27c2e23b433701a06d1bd5725b024238f274437fc05c3b94a,aec74dd3d5e5d65fc94123129136baeaad80c83ceca7e291d92eaeacb9bab9f0,4f53cda18c2baa0c0354bb5f9a3ecbe5ed12ab4d8e11ba873c2f11161202b945,QUAL-SHADOW-1,RUN-20260820T113852,2026-08-20T11:38:52.928740+04:00
ITM-4f622a23e140c541,3b006035d378d3ff0488bd5bb514b01eff77486ccf6e133adddc14b299d390be,e58dbf8cd6a93589f43420d50bc57e3e20ed9ebf63dd772b16284194f571f163,4f53cda18c2baa0c0354bb5f9a3ecbe5ed12ab4d8e11ba873c2f11161202b945,QUAL-SHADOW-1,RUN-20260820T113852,2026-08-20T11:38:52.928740+04:00
ITM-5011931f94e0fb39,abe9b393e0181b8d478063411540af6897876e20bd60087160dc2d1c2b990c97,39a10749c0f15fb853da5e796dfa969847618f00155962d3fe45c0819abc2801,f6dd7a80eec25a1f3babd81ed667e003f05666952ca8bf7c7ad02e3c85dd3492,QUAL-SHADOW-1,RUN-20260820T113852,2026-08-20T11:38:52.928740+04:00
ITM-503ed2199ab8ebba,7a9d3457b8fd6456325665db19a712d9c64367896ee1bf064bce4268d552e70d,fc8eb32f85ff8de96d9482393c0e5297c371791bbb7311313df39011c45d2c88,4f53cda18c2baa0c0354bb5f9a3ecbe5ed12ab4d8e11ba873c2f11161202b945,QUAL-SHADOW-1,RUN-20260820T113852,2026-08-20T11:38:52.928740+04:00
ITM-5060676509ac6f03,55d9753cf6f532f02282888cd6ea8d826d66cb6fc7b6b08368fd682b49cba1f7,9fc829a5dfc947bf9d77d87bd52f20b2cfb0d4aae1ece59ad5097863fd41604a,4f53cda18c2baa0c0354bb5f9a3ecbe5ed12ab4d8e11ba873c2f11161202b945,QUAL-SHADOW-1,RUN-20260820T113852,2026-08-20T11:38:52.928740+04:00
ITM-50808b81d1fe1645,e88cd58ecf1bb49c6490147e1c3e4d3bd1c1f4c433f4bbcd59460afd71b265be,f7a9208d87aac3b926db26a7978cc5ffc86bfa944b832efdccd362711bbe3fe4,cf45fb876d8488b13d65df1714ed881b507a0f2651f4b26dd79a68ac885cc431,QUAL-SHADOW-1,RUN-20260820T113852,2026-08-20T11:38:52.928740+04:00
ITM-5087f77865a98d13,0bed60903626ecdcc93c3659fcf6851d699b40cba4c494c9101abd1e25fed309,d288845653b6345e69614e8b490c1985bcf9274d8c120cb8e191b0673feb5e27,ac20b1c828b22890e43f0af5bfc310a45adf41a4805f852d3dccbfde82c60545,QUAL-SHADOW-1,RUN-20260820T113852,2026-08-20T11:38:52.928740+04:00
ITM-50e32c52ab3d8a05,c1099ee77544cdab7444027093ae28d718341c9fa062b0df5c22e3bf568956b8,bac9810965cecbf13fe0907826323cf87992a3b02f03cfca344d0d2efe9971ff,698564cad73e7a5193d044d9256c3ac203a367ddbd1c15b9b012d17397ecd85f,QUAL-SHADOW-1,RUN-20260820T113852,2026-08-20T11:38:52.928740+04:00
ITM-511f948ed3eebed5,dff32f09c9526f3aa8504d650ae12c4362b9c4f7dad8b14271b78e260047be07,544f184a8902a81abc02b0ea935ca4f4ed0ac5173fb77379a8421af328895247,4f53cda18c2baa0c0354bb5f9a3ecbe5ed12ab4d8e11ba873c2f11161202b945,QUAL-SHADOW-1,RUN-20260820T113852,2026-08-20T11:38:52.928740+04:00
ITM-513c8fde62b8cae3,0daa0d68fea5dd7c67c601c310af39c2f657ff7e2ac23a892babafd4f1a40e6a,dc96d80223539a6c7dc129b21c79904d03c56e0f946217eb6961b7dea629fdfe,4f53cda18c2baa0c0354bb5f9a3ecbe5ed12ab4d8e11ba873c2f11161202b945,QUAL-SHADOW-1,RUN-20260820T113852,2026-08-20T11:38:52.928740+04:00
ITM-5195e435f4b81c8c,724dccc3a046e8fde2950b8bded93c52b8682c0e5b8e846d7e9ce5a333b8051b,d0ebb5ef4fd12f3ab7474a46452eec5d1b53200ffdc8ab5b87bf3d78536c12ec,e8bcc410f37020bec6e1fe5c041daabf517713418aee97aef93080aa8088538a,QUAL-SHADOW-1,RUN-20260820T113852,2026-08-20T11:38:52.928740+04:00
ITM-51d1441b43e29f73,d67e50b22107f7d02c4d1989a3bbfacf75d6318b88b1cbfd72b094ea824c6666,3f476842f765bbc1ad911ba1b7f4588119ceeac6269d51dca6beeda4097e48a7,0867556c5049d884551cd0e49e0a64fc6a86340493da734e7a96cdcb4de2f536,QUAL-SHADOW-1,RUN-20260820T113852,2026-08-20T11:38:52.928740+04:00
ITM-520e6431eea63f00,7582ee16bc820568ab20937b15901a9e689da0d47624130803ccbe48ee12870b,9e1840aa999fe638caaf5f976f66d29ce520d265f3a11645a2a6b870028d4191,c3bce1d7e287b051cd6638bc5aac70f4db1d7ecd35a1f2618fcc9616c55a877f,QUAL-SHADOW-1,RUN-20260820T113852,2026-08-20T11:38:52.928740+04:00
ITM-522aa38c30b008dc,89763018ff188cd276757bae960b64ea1a377734461ddaabff5de924a6be6e9f,99b12219f50f266d1a47de717fdaad4b279fe4ba7155581d3061def4d33fc1d8,4f53cda18c2baa0c0354bb5f9a3ecbe5ed12ab4d8e11ba873c2f11161202b945,QUAL-SHADOW-1,RUN-20260820T113852,2026-08-20T11:38:52.928740+04:00
ITM-525f9068fd6b7ab1,8a1e072041dc8625ed91aab31da8c50a52d6c782df7287406b4bbc74de610c7b,4b1ffeda8aa9dd5d090c07a2e486f3cbdd352f7c81464e2ab6bb003eeafba23e,c6039870de34982f4fba05b69f893709d7ae803e95ce23b0911d403cc85fecd0,QUAL-SHADOW-1,RUN-20260820T113852,2026-08-20T11:38:52.928740+04:00
ITM-5299e7c10746fa62,7398d9643e190845791697022a1b16d290b9911d9d42523fd4a162e31794e950,f6233081f6e06066ad3e53bd2a83d9d9a9c6a07dda1c58081a82fc71ba86a5fe,4f53cda18c2baa0c0354bb5f9a3ecbe5ed12ab4d8e11ba873c2f11161202b945,QUAL-SHADOW-1,RUN-20260820T113852,2026-08-20T11:38:52.928740+04:00
ITM-530518f6cfbc1d68,d9c6a096a7d76dfa2618f98e848ab88cad0b9f3bcfdd0d7c8a113a44515af7b1,518aa97a85c9e6158d216d581c3b6bf85b99515b2724022aa29d856ec2267c50,4f53cda18c2baa0c0354bb5f9a3ecbe5ed12ab4d8e11ba873c2f11161202b945,QUAL-SHADOW-1,RUN-20260820T113852,2026-08-20T11:38:52.928740+04:00
ITM-533dcdbec3437d5a,96330d2be333b19420ffbe9036a764806451eb99e8621b1d222336f3f11f8e49,49f84d7f6b61a5ac493f894220b99a94e8005c81432439a09f11ee3c2ff6be8b,4f53cda18c2baa0c0354bb5f9a3ecbe5ed12ab4d8e11ba873c2f11161202b945,QUAL-SHADOW-1,RUN-20260820T113852,2026-08-20T11:38:52.928740+04:00
ITM-5384bb2edc1e590e,28cdfac48e7aea1ba8c0b56370f22d93068f726e4edf0128fbfb5cec60fe0ae3,68369c27fd92046106d2a8d9fb630297c4b4d4a55fdcc618e64762b5bb0cb6eb,7fec9c53ec214ae9e2452dabe3a9239f9babcea994fcf1ee48dfe59cc04eaeea,QUAL-SHADOW-1,RUN-20260820T113852,2026-08-20T11:38:52.928740+04:00
ITM-539e9416bad4a918,a921822313a8da69620d3fc175364b71a90e728ea313715c5c2893f748641cb8,2ce9636065ca86f37ee3f629c3d489c0f0b6462daf0c38f7fcac156268133a18,2d0ca5e7f8511e0c1de66adb4195f9a1134e24c91ecef844a1bb9d5a695b0612,QUAL-SHADOW-1,RUN-20260820T113852,2026-08-20T11:38:52.928740+04:00
ITM-53bccaa6091fe456,dc2f46f19c2437eff17b2e87a3a9f58cd112875195c3f60e22602a5d615f6c62,11e08267f37d42d778d54f726d4c0d4dba16affadab840e68d874469fef27cb0,4f53cda18c2baa0c0354bb5f9a3ecbe5ed12ab4d8e11ba873c2f11161202b945,QUAL-SHADOW-1,RUN-20260820T113852,2026-08-20T11:38:52.928740+04:00
ITM-54224a642d605adb,cb9546d42a21637597cfac69bdc32c9505da35c84e2e189fc4ed415af298e93e,b9ccdec8fbf84218757f15ac6898ee0a9bd5fdc1bf12fbbc06c4bd42075fc238,4f53cda18c2baa0c0354bb5f9a3ecbe5ed12ab4d8e11ba873c2f11161202b945,QUAL-SHADOW-1,RUN-20260820T113852,2026-08-20T11:38:52.928740+04:00
ITM-54413e569df7ef7b,2bf46d3061bfdb7b0c544ee468f0311fa455f8b6ae5b722cd0addd3d8fd3d917,556f5f30751df5280a2a64925b4cb592b3c11bc80750779495e3cd5f4e5f7e76,0416d8c40b8980748807fa023819268d570c2bf39ef3538e6f59d17bfe787c2a,QUAL-SHADOW-1,RUN-20260820T113852,2026-08-20T11:38:52.928740+04:00
ITM-54bfa9e5b4a8842e,c12e2761e9746a23a59fc5484539cb180333c35fe7c09415e7438c64b4c615a6,08f31bf4be1003c9f577494ab6250d5763d4209fa1df89d56d236e65062efd7c,4f53cda18c2baa0c0354bb5f9a3ecbe5ed12ab4d8e11ba873c2f11161202b945,QUAL-SHADOW-1,RUN-20260820T113852,2026-08-20T11:38:52.928740+04:00
ITM-55009a7fcb0bbb0b,1734b26fe21dd45ee2cd31899b5d457d3207b94638b83fd29be056cbc3b6d1c1,1f473fb710c1ae04cf95f4ee30ce9ad0428e0d646c2a6da0e80405e638b0f73a,c61746ff68077d0f84b6a6427b3cad8fd471e1db61789e3888c97df4fa844af5,QUAL-SHADOW-1,RUN-20260820T113852,2026-08-20T11:38:52.928740+04:00
ITM-552149bd1bd6474d,88db4d43cce1e0ed6fbb1dfb36ef9a5f36fbeb40d5156a25ce00a34a31518229,b5dd595e0af0707e0d2923bc13da39c31400c371345fbf32f55fbc470cb51802,4f53cda18c2baa0c0354bb5f9a3ecbe5ed12ab4d8e11ba873c2f11161202b945,QUAL-SHADOW-1,RUN-20260820T113852,2026-08-20T11:38:52.928740+04:00
ITM-55973f575f4233f9,5ecae5b4e3121bc0c8cc2ff8afe310d967d739f8212bac1a129509216667fce7,d320a1f5c2a0fbfc2572627951789523ca0e41b6df582b24a0c19f6b62afba10,4f53cda18c2baa0c0354bb5f9a3ecbe5ed12ab4d8e11ba873c2f11161202b945,QUAL-SHADOW-1,RUN-20260820T113852,2026-08-20T11:38:52.928740+04:00
ITM-55ff361328afaab5,80b911d6b365e459e41ccb4cf38ea207e81a9f78c1c604935078761bce312934,77ec3fa9e412a7248a246a56a6bd25c0c215eb7a91d80615ad8f41278662bde9,4f53cda18c2baa0c0354bb5f9a3ecbe5ed12ab4d8e11ba873c2f11161202b945,QUAL-SHADOW-1,RUN-20260820T113852,2026-08-20T11:38:52.928740+04:00
ITM-56760f5811985a28,bc4259fbc1babd72474a75fdf007fb6d2cfd37741898a2f1f627ae62243f77ba,3c6d1e5081e8dfbaea0941504a45df94c671c8ab07f99bcacc9427ae009176c9,4f53cda18c2baa0c0354bb5f9a3ecbe5ed12ab4d8e11ba873c2f11161202b945,QUAL-SHADOW-1,RUN-20260820T113852,2026-08-20T11:38:52.928740+04:00
ITM-56c9e482212ffba9,276aa23a8819c73c4ab79812fb6a7d35a5adda9e62758a0f4114b4c6c95a4c2f,846a61ac3c404fab14bd22c12c56c5add0435c45f719a09adab9faa3dce8231f,7ab8b4d67b63cbb69c97a804ee756f56013cc665927e4c7de20d9a6bb325d0f0,QUAL-SHADOW-1,RUN-20260820T113852,2026-08-20T11:38:52.928740+04:00
ITM-56d4439d472896c2,daac495be0d532edafc74b388775ace0c47d74b6411e9feae7f9b90c9079ec8b,8f03512e799667763e45e8b54a9f4252d303d8c72001cf4a2b4bd9e16e0842c3,abc2bb0104be2cf7b8cfb88948bc4a52797a2b92f6cddd644f85073bab042c29,QUAL-SHADOW-1,RUN-20260820T113852,2026-08-20T11:38:52.928740+04:00
ITM-571b51a7d00802b7,cd707533eab04e8f4f4383f7e91eaf6a8b1e69aae6bb9f64e0dc5d7fee97089a,d08f51d19f63e47318afda6582d6b696a854adeb77be425b3cc27ac323d37fea,6911165ba0deca3b8daa14ab9de6c0deeb76ddbb4aacd9ee867b861652a74c08,QUAL-SHADOW-1,RUN-20260820T113852,2026-08-20T11:38:52.928740+04:00
ITM-572762a3c6c97af5,d1d5cda1325d9ea06020aa84cdfbc0faa674fd306764bfa4c25e0c72e34fc8c4,18d07f63266bf545910150e0ef2c248a0a8ccd819159e9c37b1c9535a659780e,b8a1ead120c9d4c70c318d55dc2f9c95d6dc889e6ad4b0ad866efb85d3927e6c,QUAL-SHADOW-1,RUN-20260820T113852,2026-08-20T11:38:52.928740+04:00
ITM-5803deee6aaef043,54a3d032f0bdcf5e9605489678990331b011cec9a47b82c3de48ab2ed435fac4,03785379ae90437d13def04974787cfcf366e633bd6bbdad3de4ce310e9872c4,4f53cda18c2baa0c0354bb5f9a3ecbe5ed12ab4d8e11ba873c2f11161202b945,QUAL-SHADOW-1,RUN-20260820T113852,2026-08-20T11:38:52.928740+04:00
ITM-580b80276a00138e,0a768dca9743529f1ed481d4c559a522c08226add86e4e0b1ce8534427e70e6c,54c8d0b492c4ac5fa3d5e7dd2a90b9979bb58ee02f05475eca16a18c665e5fe4,4f53cda18c2baa0c0354bb5f9a3ecbe5ed12ab4d8e11ba873c2f11161202b945,QUAL-SHADOW-1,RUN-20260820T113852,2026-08-20T11:38:52.928740+04:00
ITM-582eb78bcb240856,5f1bb9c297b6346d912b3dce31da3ba9928a9efc28b07fc5265423f214b7a223,ca3f7d69bee516ce1c4f213b35a3e108f31825a87021891a71df9271c19c798f,910f19bf8e36b2b2a10d4664b1c54726a9d85c3923236664a6a9af3260ed2cba,QUAL-SHADOW-1,RUN-20260820T113852,2026-08-20T11:38:52.928740+04:00
ITM-58547cd515824b45,0eca07e96bb939e5f5cbb6ac113382dfaa75a1645a470854d39a5894f56e2f42,349f0bfae44183d18b5116471e8e777e54369b450b66d8f500964da88a3879af,08ccef7c64d100d2dbf7b04739f23f86088f323fe245c003dfe297763969c757,QUAL-SHADOW-1,RUN-20260820T113852,2026-08-20T11:38:52.928740+04:00
ITM-5893fb24d8b9ccf3,3291dd9c92210e30ee25f2dd316ecfa3241d1dc917cd5079fd2a442fa9e74bca,fb6c77013cd4a6a2b52a6ebdc428004c860a652959ddefcadea2f79557dd4c14,4f53cda18c2baa0c0354bb5f9a3ecbe5ed12ab4d8e11ba873c2f11161202b945,QUAL-SHADOW-1,RUN-20260820T113852,2026-08-20T11:38:52.928740+04:00
ITM-589ef74c132ae0a2,66294b690a1b9728f3a22fbf6eed26411c611915ba8c48ea77e661bfbbf6d667,8f63d36ae3383772cca1e9fe066cf744008144270774b300b211f9a24dfb9119,2ff54ff916f2aff666d759b374124830a46008aa1d223d169ddf1a17c6cf7bac,QUAL-SHADOW-1,RUN-20260820T113852,2026-08-20T11:38:52.928740+04:00
ITM-5907f5a5b306f012,93414cbca73abdbffc8e60f0d6dcccd46d7a1007ff3ddc2f05f9766e6bfef98b,d7dae5d01b2eb68499f98700d9c0e2d92862971a3be25b2fa697ef7e650c7ae5,4f53cda18c2baa0c0354bb5f9a3ecbe5ed12ab4d8e11ba873c2f11161202b945,QUAL-SHADOW-1,RUN-20260820T113852,2026-08-20T11:38:52.928740+04:00
ITM-59c2e598ee47471d,d15bab942f26b6d3c0f9f330ecef2c92ed13ca8e14e7309017f99b72f6ec0227,75ee16df8c95064ac6c30686c789d34a5da6f07ecef24506cf42ef39b5fddb17,4f53cda18c2baa0c0354bb5f9a3ecbe5ed12ab4d8e11ba873c2f11161202b945,QUAL-SHADOW-1,RUN-20260820T113852,2026-08-20T11:38:52.928740+04:00
ITM-5a10a8949c397f2d,72721923c211167e23bc2d66d132e46554e9b7a33e9a3917ab61c6313ef0ae3c,3a87d969d42bfad11374e0bbd4075fc19e1e1f60f163a82c87c324db5fd959c8,4f53cda18c2baa0c0354bb5f9a3ecbe5ed12ab4d8e11ba873c2f11161202b945,QUAL-SHADOW-1,RUN-20260820T113852,2026-08-20T11:38:52.928740+04:00
ITM-5a4a266d279fda15,209216cf1a60ddf3058ced28b41d52ab339c5ab80f47598dc83cf656c481ef25,54df50721260fce547b8be656904797863b3490824e199f82706c4dc2a748824,7e73acf97da9de105f2f3cfd28e5bdb135324f858129335233f1b68827bd6e70,QUAL-SHADOW-1,RUN-20260820T113852,2026-08-20T11:38:52.928740+04:00
ITM-5a921aaebb3181e9,ea2868fe964a30d9e0e09ae5f4aed998077e1d7242988d1754e08fefebcac158,19b17ebbfb73b1e85b037f984577d6fa421f38e3577cad35f17ab047f9b6fb7d,5441a8f2b7a3bd2ccdcbde4966b8b92c36370b1f0a1b208d63a34e4b52695179,QUAL-SHADOW-1,RUN-20260820T113852,2026-08-20T11:38:52.928740+04:00
ITM-5ab13a9b8c40816f,f8d65804cebe7a1c61d35bc86f4c388b486bcbc9ecd6c4f0603a526fbaf88aa5,dfb453e45ccccdd256db68244be72844b0c602f1c362914569058ec4e6b675c9,77b64b86465a685d49d480e860484bab6fdf35db970a31fa21e7441df59d030a,QUAL-SHADOW-1,RUN-20260820T113852,2026-08-20T11:38:52.928740+04:00
ITM-5ad9dee2bb8a4173,d7524ba85b6d50f282a30f84b8e672e2b1ca1b60e6cf8596491693dce044e651,f00f5275f2194d1bdf8a4f97e47786d2233b41b3132ef418539f6e40b1216bb2,4f53cda18c2baa0c0354bb5f9a3ecbe5ed12ab4d8e11ba873c2f11161202b945,QUAL-SHADOW-1,RUN-20260820T113852,2026-08-20T11:38:52.928740+04:00
ITM-5b224f2217bc78a0,19f9656d57dd3d915baff73811806f0c8e27df60351b880752128cf51fa11335,0c2e647901c51a6c8e757b929237241bd9412d9999100f95b439a935b4902f5a,b0fdf6b22f5d381c79ec487e5dbad441a09e8fe30c1d20a852a10e4615031aa3,QUAL-SHADOW-1,RUN-20260820T113852,2026-08-20T11:38:52.928740+04:00
ITM-5b2aaeb7311dd267,6b6e0edfc1c04bd50e1a31651f7012159d99ad8b6ba184c153e6e35278ed0f9b,562f2e42b3102b0e676fe47c2c9c54c7eb91a484ab60a22386994b1725fa9b4f,4f53cda18c2baa0c0354bb5f9a3ecbe5ed12ab4d8e11ba873c2f11161202b945,QUAL-SHADOW-1,RUN-20260820T113852,2026-08-20T11:38:52.928740+04:00
ITM-5b6991aaa5085b79,d9ded04a2467ce2ce8b7f9b37f0e1882b5d4e7c63a278eee5c330dfc07b6c587,433e4eef569c20a57347df7cf4f3d4825c18219799b8916e9c3b430c13606ee9,e34691d4a2e7955ed61af55bb3ba7542dd9ee0df212c5276cfc99b20e8245ba4,QUAL-SHADOW-1,RUN-20260820T113852,2026-08-20T11:38:52.928740+04:00
ITM-5be7f4f4816ada3e,16b2f823cabd29dbd8825af8cd8be5874b239d92c30bfe0c1603fea2ddde47cd,6b944f27e51ec71d5502e137ea639acd6607535c139fefc684bcd462645b95e9,15ff6b58cc2fdf124ff3af13384dd116b1c486d537a82c3b8c35842bc75291d5,QUAL-SHADOW-1,RUN-20260820T113852,2026-08-20T11:38:52.928740+04:00
ITM-5c2e0a1a7c553b74,127ebef189c381b15ead0df9ae75a86ffc029f2338910728d6413da59a99dd2a,9eba9336d313973a29940e92fea0b0bf1586714dc611ef95857e962a10d5814b,4f53cda18c2baa0c0354bb5f9a3ecbe5ed12ab4d8e11ba873c2f11161202b945,QUAL-SHADOW-1,RUN-20260820T113852,2026-08-20T11:38:52.928740+04:00
ITM-5c8b6fd4791892aa,7ae71716394d25a32c6b5ab18b484c9fe6d0bf7c9a8ac81ac8a2668ce1428528,b7e2ac4dc3942d986c8c142d9280461c967cf40fb4af9541bcc5382c22ffeb97,4f53cda18c2baa0c0354bb5f9a3ecbe5ed12ab4d8e11ba873c2f11161202b945,QUAL-SHADOW-1,RUN-20260820T113852,2026-08-20T11:38:52.928740+04:00
ITM-5de129f1515265ed,3f399782d536c934593a3ade8f4e392eb196d395991488677b191469f81fa07a,08ae962105d00e6cd1313098219a8368da84084ca8b01678606a0413ce40c248,082ac4442fbb818a8c79b92addb736bafebc5ce341a82a607aceef387a9bbbba,QUAL-SHADOW-1,RUN-20260820T113852,2026-08-20T11:38:52.928740+04:00
ITM-5dfcab08de0f6e21,20b9e1b687fadab4777501e16c69cd856a023da24d89baf5b3c8ad20f6aa7283,30d2f37c5ab038111ab39c4d0b35bc4a26516e09a857c4ad7681dadc0c2ba78f,4f53cda18c2baa0c0354bb5f9a3ecbe5ed12ab4d8e11ba873c2f11161202b945,QUAL-SHADOW-1,RUN-20260820T113852,2026-08-20T11:38:52.928740+04:00
ITM-5e135e88502f97bd,064d819bcc88f117f6ff94740b3f8550bfb8ec4545727867f32ed628be9f476b,9972e7e2fdaac83621d76389c5ed7f9a0e8a3646858d7512b76f1f6e6ed6b761,a2658ad8657a95411e056b71e4f1fdd49f54729ef6cbea516227feec1d1cd7ba,QUAL-SHADOW-1,RUN-20260820T113852,2026-08-20T11:38:52.928740+04:00
ITM-5e23e9d1f63da027,f4cb8cd800754947e8391f9e9cff6ed29d28e96289c553260eb45beb0feb4be6,dbb16d262bcb9f42b88fceda61c7a4449c94b87e4224331a8d083ce65cf8c912,4f53cda18c2baa0c0354bb5f9a3ecbe5ed12ab4d8e11ba873c2f11161202b945,QUAL-SHADOW-1,RUN-20260820T113852,2026-08-20T11:38:52.928740+04:00
ITM-5e272386cb9a578e,20242fee5b0f109b71082e7ef0ad260e0920f42fab3d7e4ce112b1400ea244e6,60a9692450cebc0cb8102ac25e0535422a9f5aebe901b488b41fc3b79ee86410,4f53cda18c2baa0c0354bb5f9a3ecbe5ed12ab4d8e11ba873c2f11161202b945,QUAL-SHADOW-1,RUN-20260820T113852,2026-08-20T11:38:52.928740+04:00
ITM-5e2dc4d4478dbb5d,c94fd7310cea0e0f894fe1f13f539706589f0982c0d62da69078a4083c00e759,c1f842a2bb7c977bc77164994e137611c3083d71d6d55dc3bb1bbabf76a32785,4f53cda18c2baa0c0354bb5f9a3ecbe5ed12ab4d8e11ba873c2f11161202b945,QUAL-SHADOW-1,RUN-20260820T113852,2026-08-20T11:38:52.928740+04:00
ITM-5e5ac5f23a02d0b4,c97245f8d231b551d81d76d2d66a81d312ef7f15d8bb22a9196b4ee7f4bb35d0,e93f45758b27b2518f0d642289855b9d09450bdd0b3f60b1420d6f458cd8ea8f,4f53cda18c2baa0c0354bb5f9a3ecbe5ed12ab4d8e11ba873c2f11161202b945,QUAL-SHADOW-1,RUN-20260820T113852,2026-08-20T11:38:52.928740+04:00
ITM-5ec91c7b0bb76ae4,4ce3c8cf104c0b51c100f879d52db36c61c35d3d8e2f93c21e91ed97e18c75b4,3036819237c9c131ba40f3a92a86a669296bf9ad21b3f3e8324e1c19437662bb,4f53cda18c2baa0c0354bb5f9a3ecbe5ed12ab4d8e11ba873c2f11161202b945,QUAL-SHADOW-1,RUN-20260820T113852,2026-08-20T11:38:52.928740+04:00
ITM-5ed30ac0b6b94ced,9e1f62cb0ab4431de38abb4a05df3c8e192e195fc63e2038793463fd9840134f,383458324d9f48f66d5ace47b0737bf1098ccea011a58eb6189c211fbd3ec852,d6464d245a355f5b7653d2ed09395eb73db2b08a235aefa09592f51ad5ef57b3,QUAL-SHADOW-1,RUN-20260820T113852,2026-08-20T11:38:52.928740+04:00
ITM-5ef16bdb42a2ded8,0df58daa93246a1a1ee65bbab4663964e3b72996ea7fcd9f91179e180b453848,0220de75904ab56f9240ee2e096c33c01b6c7a9788a8dc1f69d4d31cfd4ce12d,ae6f6b6b475291fa27716c48f6e3f4cae69b8de4eeb22697bd46e2b6c67e6ed2,QUAL-SHADOW-1,RUN-20260820T113852,2026-08-20T11:38:52.928740+04:00
ITM-5ef1e91900f382aa,68b3800dc45f8ce9f02cfed46926aae2b3869cd16acb8ac9b5247b958df079b4,e52529e6811f2952ee5ce6ebe2367e15f8cc03c48a27a14f537741896e1cec65,99532a9fdda00faf082d60e34a8a2a08862b5ca2aafaae5aa54cba83ec7fd910,QUAL-SHADOW-1,RUN-20260820T113852,2026-08-20T11:38:52.928740+04:00
ITM-5f4d35c89fc47f90,4e8f9dc7e6891c7ffac0d2e4e5c145f5ca2634d585b36cec5a44adce70711b2d,ca8c8318fc67efc7e9d8497bca190c719615c1cd0be5555eebc75312fd70d494,4f53cda18c2baa0c0354bb5f9a3ecbe5ed12ab4d8e11ba873c2f11161202b945,QUAL-SHADOW-1,RUN-20260820T113852,2026-08-20T11:38:52.928740+04:00
ITM-5f5d736c0ab6bd08,5a7b58347b826497569f8408b19ecff91ab5b9600c71d343cdbf8d77128877a0,69f0e3e800e5e44d85dc526bfd41391ce049483f1e62832b5a40c8d112b744e2,1ef37a76f014318506e2b77be506633bc31735e89464203299ed711dd60194da,QUAL-SHADOW-1,RUN-20260820T113852,2026-08-20T11:38:52.928740+04:00
ITM-5fcf2b78f3a8f4ad,37d6c1ea9c038c4ea9fa77b15a6a6a26ab27c1b4f6baae8e85289d856731e798,d771b85fd400454268ebe97f020b8db88676d66707418b04159db4796962fb05,42177db63226c2159a8ae3249b29abd5d400b77f83fe9ac629b73ecb49b87f41,QUAL-SHADOW-1,RUN-20260820T113852,2026-08-20T11:38:52.928740+04:00
ITM-5fe0b6e65458e8c2,4c0662cb3d8c713959cfcdc5ba94ef6a1e82ca2c714f3da7e5ad2f7a6a2a9de3,d247baa696883236d2634fb5bfd8b1cbd6a1767c22f2d0d453fa91f4baf062d2,4f53cda18c2baa0c0354bb5f9a3ecbe5ed12ab4d8e11ba873c2f11161202b945,QUAL-SHADOW-1,RUN-20260820T113852,2026-08-20T11:38:52.928740+04:00
ITM-5ff54b3426c5d095,25e7797e8353c06f08648526fd41c7a557df4edec9465fd42d46410438f0520b,ccb2ea257235ae32a8073af3949547e3901dfc9723df6c05b38f194341c1c9ac,4f53cda18c2baa0c0354bb5f9a3ecbe5ed12ab4d8e11ba873c2f11161202b945,QUAL-SHADOW-1,RUN-20260820T113852,2026-08-20T11:38:52.928740+04:00
ITM-601868916e7adbcf,bd0cf39e74abd63f8ddb37053dda7f7d72cf527c4d968e91b2e9b8b9e2bac4a2,b091812bf7619c0ae8bd0a303b952316e2b2db1e78bcdfa1828a32a85ed98f75,4f53cda18c2baa0c0354bb5f9a3ecbe5ed12ab4d8e11ba873c2f11161202b945,QUAL-SHADOW-1,RUN-20260820T113852,2026-08-20T11:38:52.928740+04:00
ITM-6023eead5a989ee1,34146b8da2a0276db7ca3a4afc29ab796db543b81ad06edc29c1e50e8337766e,e1535e5db504002b3ca83ac17ef0062300175733f0d85eb6ae9c41a3220faf6c,4bb6adb8c04335b382f9a14440a48372b3b1813d75fbd3dc7e9acb81c41f1d09,QUAL-SHADOW-1,RUN-20260820T113852,2026-08-20T11:38:52.928740+04:00
ITM-608ba5a181f84f40,09238e8117e39f0faf96b6bf9487ae5edfedf4c180b890642311367c15a45e9c,d6bcbfc37929c48993649e72ff0b3d64de3659e43c7775c834e471b6be3d3c93,4f53cda18c2baa0c0354bb5f9a3ecbe5ed12ab4d8e11ba873c2f11161202b945,QUAL-SHADOW-1,RUN-20260820T113852,2026-08-20T11:38:52.928740+04:00
ITM-60c784ad4e524fe4,97fadc55266d6eb8ea21da4bf0177b1653805135adc386f63a9d5613fd8aa3bf,3e01533df9aa556b0ef9db607403a28da6d3edfb07d12d4b4700aff6a79d542b,4f53cda18c2baa0c0354bb5f9a3ecbe5ed12ab4d8e11ba873c2f11161202b945,QUAL-SHADOW-1,RUN-20260820T113852,2026-08-20T11:38:52.928740+04:00
ITM-612dc60d840f78da,27685fdb896e3da38fb884389c155a5ec832097adba27afa75a87902baa2fbdd,49f0f27050d0642d5de21370d3a60fcece6d6ae90a2c5887c713655d6b88cfbd,4f53cda18c2baa0c0354bb5f9a3ecbe5ed12ab4d8e11ba873c2f11161202b945,QUAL-SHADOW-1,RUN-20260820T113852,2026-08-20T11:38:52.928740+04:00
ITM-6152c6e03391a140,af86eb8ec2360e5b2c237db31ed001386cfd3336070bb10ddf4938782dcaf7f2,8b1078867cb6f4671f61756d09b9b53142526f0f4358097ec8cc6b9c8804276d,4f53cda18c2baa0c0354bb5f9a3ecbe5ed12ab4d8e11ba873c2f11161202b945,QUAL-SHADOW-1,RUN-20260820T113852,2026-08-20T11:38:52.928740+04:00
ITM-617c9e36ad9111f9,6800f43f434d0ad0592dd9ca2ca637b95dc3111150f03e9e94831779e17c1f2f,7d247906130d212f1b9a0809118dd1c27c738fb246659d27cb9057bb4c0b3db5,4f53cda18c2baa0c0354bb5f9a3ecbe5ed12ab4d8e11ba873c2f11161202b945,QUAL-SHADOW-1,RUN-20260820T113852,2026-08-20T11:38:52.928740+04:00
ITM-62001f9e3983d410,e683e6da5f76be74e53d265eba6d8ea56b80a3e42b9d0d206cad678f4e710fb5,639e357a870bcf189c863d9be8732ee44afcb1e9e1bbf664140c308911b90f28,4f53cda18c2baa0c0354bb5f9a3ecbe5ed12ab4d8e11ba873c2f11161202b945,QUAL-SHADOW-1,RUN-20260820T113852,2026-08-20T11:38:52.928740+04:00
ITM-621ab3d04c1a7786,c9cb10e8ca1c6059fc8e8eeba9a74c8731c21a57922be3c22d5e96557b48551a,785fad40a147b69ab1ae4411135c1d21cd3d4d8e734f68423887649ca822b1fe,5cea3d3c6a13ca75a0dc06d0f98ebf535f33baf8ec001a9f511a8f9f492c2873,QUAL-SHADOW-1,RUN-20260820T113852,2026-08-20T11:38:52.928740+04:00
ITM-6261906376079f45,601566ce6b008aa082d172dd627fa12793a4cae16d3b3f843d30ce291e653970,fbf758f44fdcdca6338e7db789b560c51a1e0cf26bac50e1aef2ed627bc5ea6b,69bac053da900e1941753c9cbdfd65ac6c5dec2001a036d7f1f7f8a80916e6cc,QUAL-SHADOW-1,RUN-20260820T113852,2026-08-20T11:38:52.928740+04:00
ITM-628755b3a7846d5c,e6fb3dadaee9055a19f4329c338494ae9ad55955a09f1090e7d9931cd8a5a6cc,409b41b04894d25a5fdc34786d725d81f2ad66dc2d1da0d6521b2efd60a5cb87,53d99ce92d3894da70c3f91dd7013e78436498ac1db55003b0ca8f6744958744,QUAL-SHADOW-1,RUN-20260820T113852,2026-08-20T11:38:52.928740+04:00
ITM-6303806dfda26cef,af27ee664746edb32fd30f3f79dfc94045489ae63c2f8940ce5fad09b613650d,3ed588dfcbe07f3c2ed4d0c589ae8c8e07b751cd391f1ff222a63e77a6dc0050,cd5cd3e4c847201cc8e484b46775e1fea194a18480e784d280f6973733562051,QUAL-SHADOW-1,RUN-20260820T113852,2026-08-20T11:38:52.928740+04:00
ITM-63098fe3dbf180ac,c6671371d6a7109b243bf8ab6c87349d173bb09aeecbd93e28da5148ef3a02a7,88ef7401c1c8b0769a30e274d8f55ddab8c2463299b5a47b345239aefc8ee6c4,4f53cda18c2baa0c0354bb5f9a3ecbe5ed12ab4d8e11ba873c2f11161202b945,QUAL-SHADOW-1,RUN-20260820T113852,2026-08-20T11:38:52.928740+04:00
ITM-637343689cfb8ae6,38681d215e300d5b9d675996bf4f2a59c01d442fa80184bb57acaf685a614a10,7d02e089e3d5cea34211cfb08b86d6d13118ce712856865d97d19d13e1935eda,418f19ad12dff11ad70484dff60f5d17a135c7e7f291923778094f37ae66ef4d,QUAL-SHADOW-1,RUN-20260820T113852,2026-08-20T11:38:52.928740+04:00
ITM-63e80c535cc0ba3d,efdc95b2d9bbde50638d8dd2dd4910ac41b9186f4e0f18b2c1e261e6a51fd6bf,e77685b1022dc009ada3702444d0d33ea4a242993a8a3129e64592a963e285d4,4f53cda18c2baa0c0354bb5f9a3ecbe5ed12ab4d8e11ba873c2f11161202b945,QUAL-SHADOW-1,RUN-20260820T113852,2026-08-20T11:38:52.928740+04:00
ITM-6434a5e7b1d21b73,2d53a621f40de70ff7517f4666497721c502d980e17092d5edc81669708c3186,a72eadc13f5f5528e7762ba6baf5bc4727ed327b3060e6f9dcf99f4d0ee12206,4f53cda18c2baa0c0354bb5f9a3ecbe5ed12ab4d8e11ba873c2f11161202b945,QUAL-SHADOW-1,RUN-20260820T113852,2026-08-20T11:38:52.928740+04:00
ITM-6443c8aab653e7d2,be63f9170e6e6208e5de2b8f09a9e66339bd3531a2d7972c25765d420e6eeacc,97dc1be53a52a41c4d6a36a877ecb698bff9208336ca5b0dc0560ecb932b9665,4f53cda18c2baa0c0354bb5f9a3ecbe5ed12ab4d8e11ba873c2f11161202b945,QUAL-SHADOW-1,RUN-20260820T113852,2026-08-20T11:38:52.928740+04:00
ITM-64485c5121289c6d,6f738ff2c01f6660d1c3908bff65d2bc01370e73ed0d9b650d772b2281ecf82f,092899de987dc0272ac860d5599c052bb7eff9e176f3509e324f1a2ce8af6a9b,9c5302b1cab1a0c3f59aa1e33bb6df8340a7e634e9a12b6ba16a4e52702a1385,QUAL-SHADOW-1,RUN-20260820T113852,2026-08-20T11:38:52.928740+04:00
ITM-650997d490245a1e,8203bb470f7f7f9e39767b69f87c87393073ddc675d8dc41352194200854829e,cbdf815aea904afee030126ccd7393cee8ee264c132f6b2d24cc7106b7cf8000,4f53cda18c2baa0c0354bb5f9a3ecbe5ed12ab4d8e11ba873c2f11161202b945,QUAL-SHADOW-1,RUN-20260820T113852,2026-08-20T11:38:52.928740+04:00
ITM-653edd7cc3538318,b43c04fd84638f2b266ebe03114e1fdd1e31c6d740b43e4768013c5a51ce93e1,d26cd9a5c371a753818a5ad93c3e86599a7417219eadc683ab97b3ec44c3c770,9e2e72db40f8879224454f457bb7f7d82ce6c869cd26c901ecfc29feaaba15c3,QUAL-SHADOW-1,RUN-20260820T113852,2026-08-20T11:38:52.928740+04:00
ITM-6540e15e4bb1089d,c4e58cc0c667969277b3952737b0605575c863885e42c1043b393711b38f8759,9d3bcd5b2c91c1bdd6ccbb07572eb1e7f28fa2c1345ea2651c98b64ed88afbcb,2f32f0fdcea0ea93567c781c2e0956d5242b57e59f0cbfa0846459c619aa9646,QUAL-SHADOW-1,RUN-20260820T113852,2026-08-20T11:38:52.928740+04:00
ITM-658a1c05df63653b,a5d72758a1868578e2c71e2c7108aa0ffd2333e2d29e050c617dc727bf662772,327c5e77a18c467c9485625df7d0d7dccb07f37b6c766cf89cbe70cef72aa030,4f53cda18c2baa0c0354bb5f9a3ecbe5ed12ab4d8e11ba873c2f11161202b945,QUAL-SHADOW-1,RUN-20260820T113852,2026-08-20T11:38:52.928740+04:00
ITM-65ce0dab605eb5e8,7557be9dd18176215257121784c7442dd44061b1d193b1622643f80ef9557fe9,1ef609cd5cdd92821b8d34753defa5fa2cd6e188fba8d0316092fda0197aaee0,4f53cda18c2baa0c0354bb5f9a3ecbe5ed12ab4d8e11ba873c2f11161202b945,QUAL-SHADOW-1,RUN-20260820T113852,2026-08-20T11:38:52.928740+04:00
ITM-65e543f390e5b3b5,af7d61fb771016dbf9a496eda256ff66c7baf3406322453701e3d126d8148082,be0719d51fbe15563106285958023e9cd76736cbbb45bc51479cd6c643567840,4f53cda18c2baa0c0354bb5f9a3ecbe5ed12ab4d8e11ba873c2f11161202b945,QUAL-SHADOW-1,RUN-20260820T113852,2026-08-20T11:38:52.928740+04:00
ITM-65f350809a5a3828,7e2adddb669559e79c0074ebc591b66714d9318de979c2558691a6cf21312c2c,cada00fe67c361b053271169bbb412d7ae893c3e93bc41eab52c6691d9b95896,4f53cda18c2baa0c0354bb5f9a3ecbe5ed12ab4d8e11ba873c2f11161202b945,QUAL-SHADOW-1,RUN-20260820T113852,2026-08-20T11:38:52.928740+04:00
ITM-65fc228311f0ac68,28f3b21f4d30d81ccef47c4f4ca10faf40deb1fa592757ba557875b531410c2e,dbe557cae0a1b0d23d55396f70cdd157c9a008294bf3ad4eb7538fd51dfdc9b9,7f9ac18f8314a5dbec30367554f4e80209d5cfaa132978faf1302398f9fa55c9,QUAL-SHADOW-1,RUN-20260820T113852,2026-08-20T11:38:52.928740+04:00
ITM-661df1461c218991,a97a3eb4347bcd72b84275f2c3e1671e2500f9966d78caea81b49adcefcd2294,09714ef1f9564c2fb4d38119047bdd5e89f199f03f625e1c24719d347628047b,4f53cda18c2baa0c0354bb5f9a3ecbe5ed12ab4d8e11ba873c2f11161202b945,QUAL-SHADOW-1,RUN-20260820T113852,2026-08-20T11:38:52.928740+04:00
ITM-66285aa24e7daecb,38d348831fa86cde0e4adca5b0ded6c743bd8ec8db66779e7a2cd54fd1e6bfd3,b6224d3d5bac584f85df1f55c4b915ddbc14e6e1227a9bfcdfa1e30b5bbc494c,4f53cda18c2baa0c0354bb5f9a3ecbe5ed12ab4d8e11ba873c2f11161202b945,QUAL-SHADOW-1,RUN-20260820T113852,2026-08-20T11:38:52.928740+04:00
ITM-66bf0cf28479575f,23acb6bb3443be5e79ad8de4b6ce28b028421ca9c1310c00bc376276287d3328,9d44939e384fe331eae76c68ad4a3d8b799e804911cb309666ff9e8a558b280b,5de76edbce334981c2c2ef361261b3337d7d85398642223a37a1677efa867d1d,QUAL-SHADOW-1,RUN-20260820T113852,2026-08-20T11:38:52.928740+04:00
ITM-670c735118df98c4,35a38bbefa925f17710c53fd4d27a4fc891d87370010bb13de0282afb6ca0736,131caabacc44a41fe9f21f09e5a7f6a66f1daaf482084b57f81ceeead9089dd5,e2d609e69278dc1cf745d2d619e82ba0933fafc2a145f0eb920a7c9f6eb18e80,QUAL-SHADOW-1,RUN-20260820T113852,2026-08-20T11:38:52.928740+04:00
ITM-673d112781447f3b,c6fe60fe8684c2c434bb3e64ed9bf96880bedcf99355927bb20d5c6a9b65fd21,e15e5815f550d3d8001e3864556bc1937f5112e36b13f21c62d7d9791f0f269a,4f53cda18c2baa0c0354bb5f9a3ecbe5ed12ab4d8e11ba873c2f11161202b945,QUAL-SHADOW-1,RUN-20260820T113852,2026-08-20T11:38:52.928740+04:00
ITM-678f490b7e3fa135,b9985e8d696ec1fefd7c60b31f6a6d67249737fc2228028aa60cf5260c2b02e5,d34936f6c8e1c6913df5c6713b5a51a80d02f4b98e74e06659a68f3dbb33a845,b10c5ed26e567a3a08219efa9d146fd9f65914aa822fda6ce6d4ce10626df5e7,QUAL-SHADOW-1,RUN-20260820T113852,2026-08-20T11:38:52.928740+04:00
ITM-67c04c6b5d60a618,7f917a888f6e1e64b54e674696fb43f3e7cfcec911196ebe6a4c0e875d8abcaf,8bb6a33c3ea63c4aa0a653e56ae30b83af224da91e57e5c76228a442c841c95d,e45938b4d95d7c0a2de2476247558a6ae2dbd4b6937a03a170819101daba9b97,QUAL-SHADOW-1,RUN-20260820T113852,2026-08-20T11:38:52.928740+04:00
ITM-67c0c759836a906c,9dd5b595beb05a4a3b861a536be0a158b1e96c01879cdd5921eb0f3a86a92591,02aeff91e77d01452c80efe33d9145a888117c7e89e6de71daa8c6719761d103,4f53cda18c2baa0c0354bb5f9a3ecbe5ed12ab4d8e11ba873c2f11161202b945,QUAL-SHADOW-1,RUN-20260820T113852,2026-08-20T11:38:52.928740+04:00
ITM-680463799d591869,e72c8a1b2b5de3de57a5559d1700cca8e665a8f235bac12464457f2460186e15,f465acd257cc421a1f4e88f362b5d578aa0f588faed4d3c2e9abb084fd466128,4f53cda18c2baa0c0354bb5f9a3ecbe5ed12ab4d8e11ba873c2f11161202b945,QUAL-SHADOW-1,RUN-20260820T113852,2026-08-20T11:38:52.928740+04:00
ITM-683227387ea6357c,607c69a0753e4dd3f4f786763931203c562d322cabc89fa2677db2fd046f09b0,fb69ac92227dcfe33a4af482af09b82acd2cfb00a755e21a142c77881a182967,4f53cda18c2baa0c0354bb5f9a3ecbe5ed12ab4d8e11ba873c2f11161202b945,QUAL-SHADOW-1,RUN-20260820T113852,2026-08-20T11:38:52.928740+04:00
ITM-684738bbbed34293,0ece88e4e545563fc0a04db40e7bb8312e86bad55c6a9f81ddf3f251c50ef04e,927a29489c92b2ce605fb1ca392497ebf60200bbdd3b741783bfa637fb733527,4f53cda18c2baa0c0354bb5f9a3ecbe5ed12ab4d8e11ba873c2f11161202b945,QUAL-SHADOW-1,RUN-20260820T113852,2026-08-20T11:38:52.928740+04:00
ITM-68ac2f6a3f12d775,a0008f36f2bbc9894fb667bb3c9b3b7c486bfc1df6216a55800f1a9e335544ec,54b4a812e6d82af692f420c5d3a313ba030a08465c88aa3079a32dde3fdfd550,4f53cda18c2baa0c0354bb5f9a3ecbe5ed12ab4d8e11ba873c2f11161202b945,QUAL-SHADOW-1,RUN-20260820T113852,2026-08-20T11:38:52.928740+04:00
ITM-6956e8db07f07944,501fb4101dd6a26b30fbece49412a1d13b0918e2c9903933cf841baa9db5c8bf,024ba4a2aad2f7aa082be088726ab43cb1834b444b2f649f6d766dec25508630,4f53cda18c2baa0c0354bb5f9a3ecbe5ed12ab4d8e11ba873c2f11161202b945,QUAL-SHADOW-1,RUN-20260820T113852,2026-08-20T11:38:52.928740+04:00
ITM-69af84c23a50cee3,5c4d802a15455a070844d21ae22ac6b7d406c5593b9f52045aec01f88260a67a,4bf1cd87a47e6b122ecc52cbae116c6ae5eccb1622f2cb6815ea90379a5fba2e,4f53cda18c2baa0c0354bb5f9a3ecbe5ed12ab4d8e11ba873c2f11161202b945,QUAL-SHADOW-1,RUN-20260820T113852,2026-08-20T11:38:52.928740+04:00
ITM-69bb07edea4d4585,f02a024bf915133c7d52d36e6181c32bc178b5eb9b895540bab708841abd37f1,fb00b076029de3419d4575c1e2559239ca4cbf2ea0526e385a369d27db2771b3,3f6c8a3a1c397b561601d8ba4aa7831bb9fa1ed8b576eb09625ec5130334e10d,QUAL-SHADOW-1,RUN-20260820T113852,2026-08-20T11:38:52.928740+04:00
ITM-6a8c316d3b798998,aef726d629584deb5347213385634e52466633c3b1843f91d708818e17f7a6c9,69bc388015031a29e1dc3e04f8c062426dd5191cb918c58d8ac9b8cd5c1ff90a,4f53cda18c2baa0c0354bb5f9a3ecbe5ed12ab4d8e11ba873c2f11161202b945,QUAL-SHADOW-1,RUN-20260820T113852,2026-08-20T11:38:52.928740+04:00
ITM-6ae1ae71bd4ae564,6045c533f85560328c911323b36ce4464efc6d7e4f57f2bb630f2434e6411965,1b628893b8f4eff5e7c683b90e90cf9a0a4df5aa539c95a13548d371128d84fc,4f53cda18c2baa0c0354bb5f9a3ecbe5ed12ab4d8e11ba873c2f11161202b945,QUAL-SHADOW-1,RUN-20260820T113852,2026-08-20T11:38:52.928740+04:00
ITM-6b6b114355b4e382,eabc88cd82793fced7af1502cfada714a99886037ffbe2cf4482e5142ed4a7b2,caf32024048f483497edb65eb6847bc7b3ef632a28444b31ce218da013ce94ac,d3abc5f4335c7b6afe94ea37e64104cb15910632ae83f40426a1a8650bf59b88,QUAL-SHADOW-1,RUN-20260820T113852,2026-08-20T11:38:52.928740+04:00
ITM-6bc58685cc74eb76,e16eea190261081db0c184ee773db79b5a689071c5406db18f1da678384831bf,9f159e6154e4783c7c1a08df1d25bc73ce3ccdca0afffce45a68adfff4a8418c,4f53cda18c2baa0c0354bb5f9a3ecbe5ed12ab4d8e11ba873c2f11161202b945,QUAL-SHADOW-1,RUN-20260820T113852,2026-08-20T11:38:52.928740+04:00
ITM-6bfa36e2b7739b94,e6307379c28e3276225b65ccf24d7626d5e0362c3b602da42efceb1d965ac830,0dde9c09e844a6a38af19cc5c91478ca61079a3f59252ba30f2afc5fbb5cb225,3a1dd2cc2067bb521e15ce07078e6a9554b0d53085b437f172866cce2e6edab5,QUAL-SHADOW-1,RUN-20260820T113852,2026-08-20T11:38:52.928740+04:00
ITM-6c40605f8540852c,6cc394db6b7c15675baa76b0d94d270df3d1f2ea3af6b0b7f9cf2b5cb3017b5b,13b9526ebc587bbe0c731b1120eacf51d646b40654569ba6a4fd0a9790d129df,bde47574ef4b619576cc01b51656f056e9969ce523b3f8b6642f6afbaf63f39c,QUAL-SHADOW-1,RUN-20260820T113852,2026-08-20T11:38:52.928740+04:00
ITM-6c7f2c9c13a2413c,2b1e491d6e896818c16c88fc1b24d00b96e21dc0a319e97ad6e5eecf174264cb,40eb3d0beb3cc6795c16f34302d019f30b3a75975292841f726a1d70fdd3c102,d97bd8ab7ae30c60e7ea89d23e075461951320460b55a3af4df4b9ed9a05ae45,QUAL-SHADOW-1,RUN-20260820T113852,2026-08-20T11:38:52.928740+04:00
ITM-6cd906cccf4e1d39,61be843d9194b2c2369e918174c9d80659cd93d92e38ab6c877285f7d315985e,a99c9561d87a5f161097d7b1bac7bdbdee0580f20b2021757f57e99343137ecd,aabbd4a595dd878095fe64f6bcd24a6f37bb7f31415eb0c0993d254b993fa99a,QUAL-SHADOW-1,RUN-20260820T113852,2026-08-20T11:38:52.928740+04:00
ITM-6d575af765841054,6398a1eb6977cff8d4166456f35a6ef900a72569813b5f393ddb6dc4c3708330,c5ec835ef7b33807b2dcd7da5f91c4d940aa53ff55ca9c4f9611274b32b243aa,4f53cda18c2baa0c0354bb5f9a3ecbe5ed12ab4d8e11ba873c2f11161202b945,QUAL-SHADOW-1,RUN-20260820T113852,2026-08-20T11:38:52.928740+04:00
ITM-6dc9846b78e49a70,d84f42f6216f7c0d0f77f93f686b16811c8c318a183668a15147b0f7787d9ec0,16a7c9348963d50c217904747d98e054b0500127f7e33503957d661af358a2f1,4f53cda18c2baa0c0354bb5f9a3ecbe5ed12ab4d8e11ba873c2f11161202b945,QUAL-SHADOW-1,RUN-20260820T113852,2026-08-20T11:38:52.928740+04:00
ITM-6e3243743693785c,5d6e0e4248023a3ad0b6909fa4260399e8c234303a2cd63e87d7fc7b1373eb09,80baf033a4987882f8719e5816922463c0291c6cd80f45077e895cdd8fe74cf0,197278bf8d64745b857ea127e3fa0e632f10abcb896490aaebd70489be6a4692,QUAL-SHADOW-1,RUN-20260820T113852,2026-08-20T11:38:52.928740+04:00
ITM-6e76853753006061,bb597361165ae9caa2e94d8a16b99a0c236388ae886e9f309e9fea86d10fa298,dee9b28df02b2ddc60d63fc4b9fe4abb69f2d2b622237450d4b6689552f8e323,15a63c6217992debe56f7f45db427cee13331ae1ead44febdb4d74b4af8310b4,QUAL-SHADOW-1,RUN-20260820T113852,2026-08-20T11:38:52.928740+04:00
ITM-6f803c07a32519a9,99a36aacee8aa4f41bead8d9916e3614abefd756ac181b9e63553d6a88efb871,46f7e90f292e72fa13d560cc3c728df7c033ab06d2e2c490eaa479804bb1ee60,e4764e9d39cae663356109b0af3fa92d0014f22453c5f8e3b733698da3a89d04,QUAL-SHADOW-1,RUN-20260820T113852,2026-08-20T11:38:52.928740+04:00
ITM-7053e5e8c0fbb1a7,2e0f5d9242a5b8752da9edf13499177b1a91dbbc3383189e443ab622bf0fef7e,ce381989c602a94f2a90fc26eaf81d61f6f955817e84e71ae55748955a7a0ca4,4f53cda18c2baa0c0354bb5f9a3ecbe5ed12ab4d8e11ba873c2f11161202b945,QUAL-SHADOW-1,RUN-20260820T113852,2026-08-20T11:38:52.928740+04:00
ITM-70543a64df50de81,dad43596382edc8452619f4bc9dec8c53380d80a32ce637ae568699bc2ef5c79,f17ad3433c77d59634f932691e92841744685900d53aa16020be13b5888df721,4f53cda18c2baa0c0354bb5f9a3ecbe5ed12ab4d8e11ba873c2f11161202b945,QUAL-SHADOW-1,RUN-20260820T113852,2026-08-20T11:38:52.928740+04:00
ITM-705dad067669f909,ff3aab2dd9ff7f7ad32401514d8387c495fc27a4a5e479bfcafa2dcb8b75c469,071423fe45389d57587a25c971145de67ceb29ca0f94f4050b553f2c234baa06,4f53cda18c2baa0c0354bb5f9a3ecbe5ed12ab4d8e11ba873c2f11161202b945,QUAL-SHADOW-1,RUN-20260820T113852,2026-08-20T11:38:52.928740+04:00
ITM-706944f425da80e8,b56a164f704cfc309b888a4e7c12ca20abbe964249b98b98e19383d3254e5975,e903f15f663c887c79ea424ad35e31689c26cb7a3c4aed8f31b0db4b897e2739,4f53cda18c2baa0c0354bb5f9a3ecbe5ed12ab4d8e11ba873c2f11161202b945,QUAL-SHADOW-1,RUN-20260820T113852,2026-08-20T11:38:52.928740+04:00
ITM-70a383630c21a266,5c886986727cc86d4179d1ba9d3852a09e764e96ddc6eafe8269fe50589b2488,8dbd2fa3dcff99088d49f46a2348ce75fb95e12be576d69c12c7ca9de60bf590,8393ad037a22386135f214021200a107a487268699ad613f68c619ff5886e1dd,QUAL-SHADOW-1,RUN-20260820T113852,2026-08-20T11:38:52.928740+04:00
ITM-70d251534d26af50,7cf305de010603e23bbc5a04a0fa2240a3f6870ccc692ed8b0036256c01eeab9,af8fe3dfad7fed61567bc8b2dc31a60575fce0471f04f6de06faa4f9c7118d2b,4f53cda18c2baa0c0354bb5f9a3ecbe5ed12ab4d8e11ba873c2f11161202b945,QUAL-SHADOW-1,RUN-20260820T113852,2026-08-20T11:38:52.928740+04:00
ITM-71664af3c267eb3d,19b485e07a4c5ca953b13b9bfdd9202ea97d45a3c5968eb5aeef86661804fa0b,717134fdefff4c84fd1331fa1988be99690a2721281b7bd2efaa4b5b376dba79,4f53cda18c2baa0c0354bb5f9a3ecbe5ed12ab4d8e11ba873c2f11161202b945,QUAL-SHADOW-1,RUN-20260820T113852,2026-08-20T11:38:52.928740+04:00
ITM-719727fac88493c1,97a5c1a82174d363c98e585514ff9c9d6a997ca45b148f4f4192a897f7386fac,66c639a2c37ec515d221b9ac65a3016986653aa025ddc96bdafccdf51603e3f9,cc7a10920935c876b0f63923ec16aea0a9ec51c19ed97bbfbe76dcae2ffcd9c8,QUAL-SHADOW-1,RUN-20260820T113852,2026-08-20T11:38:52.928740+04:00
ITM-719c70712ed574e8,394f91eb2dcd6bafb0c7c97a0c7c706b7d86904ebad90b08ffc8c2574384044a,0f8e6746d9798d6a74f6bfade458f6637ab7ea8a0b928a2f04557bc1ae5e670a,4f53cda18c2baa0c0354bb5f9a3ecbe5ed12ab4d8e11ba873c2f11161202b945,QUAL-SHADOW-1,RUN-20260820T113852,2026-08-20T11:38:52.928740+04:00
ITM-71a62b32365c1652,7809f51c9ed31a7b0ca638d86550bb7ec381250b71d53eaf59259ed2b8356871,21617fe14ed43839aa8edc16be954ab437bff5446fbdd69c641e3430135d5904,4f53cda18c2baa0c0354bb5f9a3ecbe5ed12ab4d8e11ba873c2f11161202b945,QUAL-SHADOW-1,RUN-20260820T113852,2026-08-20T11:38:52.928740+04:00
ITM-71e8bf8985fa65c1,009ab94d1000d08752b01d0c1b6ff2a8ab131f0ebc9d0604ef391dd79f1993ee,33d4a6d7e1927e166a5b7204a4464089d796561a12a9ac7fa6efea25acc4ac7d,5ac62647c0e72bfead8b300dc988eea82ce1f245a513926d44da4f6f48616aca,QUAL-SHADOW-1,RUN-20260820T113852,2026-08-20T11:38:52.928740+04:00
ITM-72079a8da8425a21,a7a04b75e0194731ccbce2c457e9fd69dc4686949c761c5a9c76f42d5cc8d572,ed41e2233374de2d310ea9737d06e9bd261e6e10095a6a530f9d8fcb9939d0d7,4f53cda18c2baa0c0354bb5f9a3ecbe5ed12ab4d8e11ba873c2f11161202b945,QUAL-SHADOW-1,RUN-20260820T113852,2026-08-20T11:38:52.928740+04:00
ITM-7224d9b57b64273c,70b93847e8a1a3e657a9bb92709fa36c65b51603e4928ed8daab7467c8d2aa6f,6a20fd20c095bafe3bc9f248320e69ed7b51354669e0af154d543399d5e7768d,4f53cda18c2baa0c0354bb5f9a3ecbe5ed12ab4d8e11ba873c2f11161202b945,QUAL-SHADOW-1,RUN-20260820T113852,2026-08-20T11:38:52.928740+04:00
ITM-72672d945d4ed973,4c9709aee48eb973866515d7060c96f191c969c448c1192176d7482ccebad613,3d0a6c07a7c33a5be704781261a4253e9d96062a12bca3979206903a2f234215,4f53cda18c2baa0c0354bb5f9a3ecbe5ed12ab4d8e11ba873c2f11161202b945,QUAL-SHADOW-1,RUN-20260820T113852,2026-08-20T11:38:52.928740+04:00
ITM-728468c245751d1f,207365f3af3271b80b942d688577b0795f231df520fc7da5b0e1879a3f5cf4ce,b2571a73ba984b96a27d1e8f3529cddcf610d0123c601c929780d7c1ab55f1b7,09d9d1b71308ff82304166e9870bcf2cdb5f903458352c36c99104a5964cb1eb,QUAL-SHADOW-1,RUN-20260820T113852,2026-08-20T11:38:52.928740+04:00
ITM-72b2101fc9791988,617dfe67e45d4e4c572a43bf1208fcf30f8ac00d7d2a1e0543e671503cc2e8c9,4064b389fcb3fc36e18289cb83759d8411faa2c27009318e4d8aaa253c4b5b00,4f53cda18c2baa0c0354bb5f9a3ecbe5ed12ab4d8e11ba873c2f11161202b945,QUAL-SHADOW-1,RUN-20260820T113852,2026-08-20T11:38:52.928740+04:00
ITM-731439817b4fe753,8174d8c7e0c2cba1ab733d1120279ea79f28768b8ceda57b99b935f2309bb708,af1426f81287eca5e9cfb52d8c692df223c88f10e620feddb0bcef0b255eb3af,4f53cda18c2baa0c0354bb5f9a3ecbe5ed12ab4d8e11ba873c2f11161202b945,QUAL-SHADOW-1,RUN-20260820T113852,2026-08-20T11:38:52.928740+04:00
ITM-737920915fbb19df,41c5614bc5f75197e05f0cfa4a12638aa808c0c72f67472eaac991c5815fa7eb,046acd0851ad2475d22b60071c375f54383d47a7b2549d1a556f8c6886dcd6c2,4f53cda18c2baa0c0354bb5f9a3ecbe5ed12ab4d8e11ba873c2f11161202b945,QUAL-SHADOW-1,RUN-20260820T113852,2026-08-20T11:38:52.928740+04:00
ITM-73a822a3b6314f09,4c670a5173eac2c9e3b89336d34363ade046ea10efb6b5adcf737ef1b36d6141,f1f18f97d319503f43cc9ffd5930ad9af56fd49c5370f25f2a04c33d45b2eea7,4f53cda18c2baa0c0354bb5f9a3ecbe5ed12ab4d8e11ba873c2f11161202b945,QUAL-SHADOW-1,RUN-20260820T113852,2026-08-20T11:38:52.928740+04:00
ITM-73a830fda37fc8dc,651841007e0731e8cbcbdd24866db7f00a48f8618561ad388ae67fc11402134d,48a320a2cffe38bdfb7fd5577b2d1cd4373a90c43a83dd9fdb0257ff8ccab36a,08d340ce72444cf20a6f836e7ba9d8728ffce5a04ad50b31ee3825ff4dfc471e,QUAL-SHADOW-1,RUN-20260820T113852,2026-08-20T11:38:52.928740+04:00
ITM-747e8d9b1c8dac45,6528f2c346d0e57aa794503fdb212274e179c2fbd8c968742dfc574919f637a0,0f9152fd9c8bc436f6b5963c0d0bf41c110751fe04e55cb80af7067d25859073,4f53cda18c2baa0c0354bb5f9a3ecbe5ed12ab4d8e11ba873c2f11161202b945,QUAL-SHADOW-1,RUN-20260820T113852,2026-08-20T11:38:52.928740+04:00
ITM-74e55b7d0e556eff,0edc1a37d59a03dec677659bc776bedfd16bb761175dde318f74cecdae4e5e65,855418cc374abe4b153d9ffee351f6403f7f1ce6894fe77bf6e603eeffac245c,fd1e0c07b4d5d6786bd74beddc84d0f07c40e631af901404bbedba1c282fd9ec,QUAL-SHADOW-1,RUN-20260820T113852,2026-08-20T11:38:52.928740+04:00
ITM-762c11acce8e01cf,3a938f8ac644deea4979ce03c31b8c5de2890656f95beee4d396de2489c14768,aad8aa006f0d45c87172e00a194096f66f2a1886fab81fecfb567248da6d0a7f,4f53cda18c2baa0c0354bb5f9a3ecbe5ed12ab4d8e11ba873c2f11161202b945,QUAL-SHADOW-1,RUN-20260820T113852,2026-08-20T11:38:52.928740+04:00
ITM-764290f2f70f1276,33f9663dd716539c1e10ab6f7009e9976fae92e30c2769beba09e6bf699e05e6,e25901053c5eb5f308a2a4694a4a4dd282f8c29b90227c350ebd48e54b41ee32,e5499de7aa37a66010fd3e625f1e4eff8206566ae2775d175de46f0b88218626,QUAL-SHADOW-1,RUN-20260820T113852,2026-08-20T11:38:52.928740+04:00
ITM-7671767ff22c2342,96488a350c32abec3bdec9f2a1d45ded237337a68b651ff39bd4a3b4bbda3eaa,04940388e9da3f3d8fa7da5cea7e8214847167f66a92c59c6a6489bda593d7d4,541ad19d63baccb2c316234601359b02ebbf9ee3ae43cb623b6de6138fdca02d,QUAL-SHADOW-1,RUN-20260820T113852,2026-08-20T11:38:52.928740+04:00
ITM-7698717fa16655cf,2cbd3ba5d8a62d849b8cede3b1ae7c794ba56f7e947ca8f3122f6b24872b24a0,13de66a5d7a07f7efde178651f697c2872f386bca407bea0af0c847ac2c5bac0,4f53cda18c2baa0c0354bb5f9a3ecbe5ed12ab4d8e11ba873c2f11161202b945,QUAL-SHADOW-1,RUN-20260820T113852,2026-08-20T11:38:52.928740+04:00
ITM-76a4c07de4838701,fa8c7cd8251c267894975a6681731811e10b328115f7cc6f46ca6006c08a132c,1efa6c9985dd86980ae54e4e4c2967e4d1d38516cf1c49388fe9eff0bd3d55d0,4f53cda18c2baa0c0354bb5f9a3ecbe5ed12ab4d8e11ba873c2f11161202b945,QUAL-SHADOW-1,RUN-20260820T113852,2026-08-20T11:38:52.928740+04:00
ITM-76d52fcd842492d5,d264ebe57a5d62b78043ee38e4b8e94a9ce16454af8a7e2c29189551065b391e,ac5ce1705f4e54a207949ba179b21111584c2e1082074020ab33d33955ea639c,4f53cda18c2baa0c0354bb5f9a3ecbe5ed12ab4d8e11ba873c2f11161202b945,QUAL-SHADOW-1,RUN-20260820T113852,2026-08-20T11:38:52.928740+04:00
ITM-77d99da3eb7846e3,5d0a2dac5b9400484562469c70ea5ae7b9f48c90d4a003c8fe0cb7cc21712aa4,3499edc5919c9124c2ea61ae1a77c701684cf550c40e69c9390a07ccef070c58,a0a98df2b267333dbb972e7e7f3a718683e5cc6b7bb91de46e9356292c9d1650,QUAL-SHADOW-1,RUN-20260820T113852,2026-08-20T11:38:52.928740+04:00
ITM-780254ccd9565bfa,eaeeec8b6c4a5fad5b1e548084189772c7e863cf32bcdbb2758e1518b9f522f4,e2851b21898c1e69f93b74fe03e53893d8de64bae2d5fc19eb3ebdfa7ccc631e,4f53cda18c2baa0c0354bb5f9a3ecbe5ed12ab4d8e11ba873c2f11161202b945,QUAL-SHADOW-1,RUN-20260820T113852,2026-08-20T11:38:52.928740+04:00
ITM-783dfbd911a6ea5d,74e28e03f6fbf869cf5b0dc5ece7645ec48966ba9783e8af43f17968882995a2,bbb5d0e63a483bf27ec5fc16cc81d496517ab1858e0a1d72284c6ce2fff69f38,743407beb87793e588c57d05bfa74e21d431fa033d0028ce68c603d2a3a6e5ab,QUAL-SHADOW-1,RUN-20260820T113852,2026-08-20T11:38:52.928740+04:00
ITM-78511140c3e0d931,fe745384254507ab62b04e01c1b56b4bd67ecb577a586fae15e953e7436dec7c,b2902ae3a4d2422852e2fb286c89b3f46346a4be7c58de9ae298ed2964619352,4f53cda18c2baa0c0354bb5f9a3ecbe5ed12ab4d8e11ba873c2f11161202b945,QUAL-SHADOW-1,RUN-20260820T113852,2026-08-20T11:38:52.928740+04:00
ITM-7902d7c7ba499791,f83b0ef08ff26f8df01bfa88ab08b352c339881011b857fd77c2c8c09be213b2,e1b31b9d5b6565943af333640f33299782a0a573d136ee187fdfb257dc428746,4f53cda18c2baa0c0354bb5f9a3ecbe5ed12ab4d8e11ba873c2f11161202b945,QUAL-SHADOW-1,RUN-20260820T113852,2026-08-20T11:38:52.928740+04:00
ITM-79443a3771add68b,a40fd42c445ee80a5520f40c42c0ed8c7bf6fdce20fd8dff1c2df03c09045359,863f0dbf45da2145490a549ec27ee2cee9f78bbb3c93d60dbd11b898ce47106a,0bdba9b768ce79d536de0dfe62f862c146c1967fa0b8410b1f2bd6fd13fc851d,QUAL-SHADOW-1,RUN-20260820T113852,2026-08-20T11:38:52.928740+04:00
ITM-79580a52d536f918,7545d65b2679fa49085a6bca7781dceac07fe52dffca2df77268b413c38f7400,8e27a067d2ae66ed4f98f7918076857d0b7be3db6dac7f29fe59878cd776b015,4f53cda18c2baa0c0354bb5f9a3ecbe5ed12ab4d8e11ba873c2f11161202b945,QUAL-SHADOW-1,RUN-20260820T113852,2026-08-20T11:38:52.928740+04:00
ITM-79b4708568399367,b7269c267862f5cdd249d2c61a37a27d5b93b36d6113e0d92d59ffb32f7dfc85,7df4a404a138910ef5b3d5fb9a3556c1ad44906a7fca38784731437e0114bef7,3d40ef79829dabcefa79ab7da2174f21bced5215e059a06e2999679abfc88422,QUAL-SHADOW-1,RUN-20260820T113852,2026-08-20T11:38:52.928740+04:00
ITM-79be8c6752bdc475,fe0da52dae8e020f174c3cb9c0e00e6e332d7a47487f7fb8ab096efe03864bf0,01d59c221f4738f0c18047d177c184b5fefd08e425be67c7e90713d4cd977330,4f53cda18c2baa0c0354bb5f9a3ecbe5ed12ab4d8e11ba873c2f11161202b945,QUAL-SHADOW-1,RUN-20260820T113852,2026-08-20T11:38:52.928740+04:00
ITM-79d6014bde53dcf9,1ceca18c3a5cd9b59691ac63bfbee61ecf27997113bd19fcd40cd74e3f26161d,7a8995e6793609bfe211855f5f0dbdfc6c99233e9801ca42b3c4c9edac6f3686,4f53cda18c2baa0c0354bb5f9a3ecbe5ed12ab4d8e11ba873c2f11161202b945,QUAL-SHADOW-1,RUN-20260820T113852,2026-08-20T11:38:52.928740+04:00
ITM-79e960ea98038f0d,07a27bcaa4bcdcf4c25471bbe6698438c0034862127caf5e72c6dc912626e03e,4f0329b64892974781d04c5cd6a4ff94f0c55c9af8f9fd59b0a7a2310f1d8760,4f53cda18c2baa0c0354bb5f9a3ecbe5ed12ab4d8e11ba873c2f11161202b945,QUAL-SHADOW-1,RUN-20260820T113852,2026-08-20T11:38:52.928740+04:00
ITM-79ebb35641de2339,8175beaa90fc6ee689814d88bfae896cb05c984b59e1e3d8e1db2047380a16e5,48a029accba8a56d885a97e03cab9de1778f94270b3ac66c052d2076e9bb4a12,4f53cda18c2baa0c0354bb5f9a3ecbe5ed12ab4d8e11ba873c2f11161202b945,QUAL-SHADOW-1,RUN-20260820T113852,2026-08-20T11:38:52.928740+04:00
ITM-79ff395b4b5864a4,9e9d8ab16955774d91e70842801ae9c7c424eb7c7cd94054a682cc9eb46717f7,cad45279b3ca4efbd7b0760830c51a13a65a316dbf25c925beaa27ad438cae27,c6e64f7db5f2af7f87ee71928252a295a3ae24a36d44eda90a7144288402ba22,QUAL-SHADOW-1,RUN-20260820T113852,2026-08-20T11:38:52.928740+04:00
ITM-7aab2c2ee9bc6b49,01a061d8d40e194770b30ee0aa924e3135c81b6878408951f1142b96aa979792,754e58046ed76becc6f1bbff07bb2c3ba52bae78687303d724f04b4eacc002b2,4f53cda18c2baa0c0354bb5f9a3ecbe5ed12ab4d8e11ba873c2f11161202b945,QUAL-SHADOW-1,RUN-20260820T113852,2026-08-20T11:38:52.928740+04:00
ITM-7abef61056c1dc74,10cf8078fbab6af79f5d7471ce54ce763b8e0cc13543cbef3799fb5235c9bc07,81cbcdef414ed6ca24ce7ecf39ed87fb736d402335f98e0f1558bc94821a7038,9777ed57a8eb5a3ec3c896857cd0c3e4922462d423ea128f4ef285e514df2e72,QUAL-SHADOW-1,RUN-20260820T113852,2026-08-20T11:38:52.928740+04:00
ITM-7b2d0395d0266dbe,16c1797325e55aaf785a3fb64a6bee6a33b73bd9f5b4eb9dcb7662a9f78ee398,84ce93c0cef58447bd6b36795eaddb087894fec33bd6e51f3c96df3165f01679,856244273d8eb8eeb1e7b4832522b6fcea609312c1da9e2878ec7d1c0e9b5562,QUAL-SHADOW-1,RUN-20260820T113852,2026-08-20T11:38:52.928740+04:00
ITM-7b44e271fa72b3fc,fa24a942ed88ddc6226ff76cb8ec11f1c2940f61fd580cc2e8fb2c992d167bbe,48bc31eead3f2effc11dd3119cc080c402ee5f1641eb7ec963d510b9a1f6262e,4f53cda18c2baa0c0354bb5f9a3ecbe5ed12ab4d8e11ba873c2f11161202b945,QUAL-SHADOW-1,RUN-20260820T113852,2026-08-20T11:38:52.928740+04:00
ITM-7b4652f77219dd98,22d1d14a44fed8bb92862cf0e0200d770ee577aaa9225ef0ac0eabb9ecc58852,6e231c4e882f10b22a8558273bddc9dede81e48c363ac1213e4626804054c8f3,4f53cda18c2baa0c0354bb5f9a3ecbe5ed12ab4d8e11ba873c2f11161202b945,QUAL-SHADOW-1,RUN-20260820T113852,2026-08-20T11:38:52.928740+04:00
ITM-7b6a330a123ae6d0,18ce748b026f1aaf08293689bea1e3888bceb5b9d2ab18b58299ef77d1bd84d9,0baec77950b55d6bd02d1b0c2862d3c373d43c1fc02efb1c0b647297f31ac58b,a9b8418f0f74c677067564a74e8354338b3930b5c199b24fd12f39a80ea0100d,QUAL-SHADOW-1,RUN-20260820T113852,2026-08-20T11:38:52.928740+04:00
ITM-7b9bd6dd625d25a9,8ff699dae97006178aedf632b6f2aae917422054891e76549fef2f92703b7021,83cebf3e670692c08be98c986a851b29df2a566033ecde58f5f6172c4a6c9ad7,4f53cda18c2baa0c0354bb5f9a3ecbe5ed12ab4d8e11ba873c2f11161202b945,QUAL-SHADOW-1,RUN-20260820T113852,2026-08-20T11:38:52.928740+04:00
ITM-7bc62b4065396782,8960146c28f3069b45917ff9d766a867f8097a083ef0e0a3d186ba68a72a3cdc,1f2b249b771ae8e737f6dc80f9189ed4eeda1453ab1fae7a4653e99c20607b7c,4f53cda18c2baa0c0354bb5f9a3ecbe5ed12ab4d8e11ba873c2f11161202b945,QUAL-SHADOW-1,RUN-20260820T113852,2026-08-20T11:38:52.928740+04:00
ITM-7c6ff69b57b9f2e8,78e8f04208b4fd7fd7fb3192bc4611d4800bc079fc3483c2868c2e2d505d8880,2b7aa6e3aad230a10ec1c84d7b46a30bdf680a4362b2ac6618c32d473ac44361,9c0988dbd34e892612054866afcb53ddaeb2495dbe55ad19a851209108855746,QUAL-SHADOW-1,RUN-20260820T113852,2026-08-20T11:38:52.928740+04:00
ITM-7cd9766a15c98805,ba37ba67de337cbab38ab1f4df30785b30916c06652b4266731748bef8d7985e,6e65f3a21a408a3472cf3a57a00a034a8017ba111a0dcae125ba621fe85539b3,4f53cda18c2baa0c0354bb5f9a3ecbe5ed12ab4d8e11ba873c2f11161202b945,QUAL-SHADOW-1,RUN-20260820T113852,2026-08-20T11:38:52.928740+04:00
ITM-7cffcc1c4dabc835,5566c35b96f91796913adae0d1f932b8bd990c2fde00c9a4eb547b3913916156,5cc60036df727fd09a9d9f7eed3c221f1304e3399c9de0edd834378439b013a0,2bf33a7542dd20617618b8823bdb1509688e47cbf098b0fd6ee9201572a2759d,QUAL-SHADOW-1,RUN-20260820T113852,2026-08-20T11:38:52.928740+04:00
ITM-7d300de6f2b501d4,86c0ef1e4ff767db0d189e1da36e3115d05f2e92653874371405b5828ee88948,49bc6bd61654d2cde83f3eb51bc6a9e6d49ff3bde60a382d28431fecc8db21c0,4f53cda18c2baa0c0354bb5f9a3ecbe5ed12ab4d8e11ba873c2f11161202b945,QUAL-SHADOW-1,RUN-20260820T113852,2026-08-20T11:38:52.928740+04:00
ITM-7d3ea37810917080,ea8cc4adc8d8993c3fa1596ac38b1e736e608581e609839ea078dd0bd5a66b2e,f748f0c7691c0249949881d59f3963f13375b70b948cbd221491103c2116fee0,4f53cda18c2baa0c0354bb5f9a3ecbe5ed12ab4d8e11ba873c2f11161202b945,QUAL-SHADOW-1,RUN-20260820T113852,2026-08-20T11:38:52.928740+04:00
ITM-7dd1f0e4d1e8c057,ad168a1036c0de925c9fbe9a6b0734a7ba8d0d25dfaec09083cc27e09286d0f7,7ce7eaa9c761b5449ca053dd3cc9d2ada72a5aee92eefc983f2ae23690aade8c,4f53cda18c2baa0c0354bb5f9a3ecbe5ed12ab4d8e11ba873c2f11161202b945,QUAL-SHADOW-1,RUN-20260820T113852,2026-08-20T11:38:52.928740+04:00
ITM-7ddb7ad99d50b44e,4fc5ad55b894a62ad780ddf04fb66e935fd69569df38de52aadff241714d1259,086748de8a0bc0372fc2c396b828067afdf899c959df53d5e0fb71106a3e877a,b4a0203715e582b1f4236f0baaa6f08cfe9507f51111a866a5beb94e22d17940,QUAL-SHADOW-1,RUN-20260820T113852,2026-08-20T11:38:52.928740+04:00
ITM-7e18bbecb36b2a39,af89a7b06a561e019e2f0ec86f16ec7e301b96f5be7e1694fa239bcdfa5dae0e,409d2582dc72e2b2d2e342bc58732d26188fe6fc6c08b0e3a5982fb60e292b5f,6e53c4b026f593b4d31522d504b95fd4443065146ded340e4c3df79699af2e6f,QUAL-SHADOW-1,RUN-20260820T113852,2026-08-20T11:38:52.928740+04:00
ITM-7e239857c1866b2f,3b1664fdf991a9df667addae1ca1944202cbdc63ca57c96c079e0753361384fe,e67e097d3a0a61ae5c8ca02eba31e37fe890381bfbfb0e407069dd2412e1d853,4f53cda18c2baa0c0354bb5f9a3ecbe5ed12ab4d8e11ba873c2f11161202b945,QUAL-SHADOW-1,RUN-20260820T113852,2026-08-20T11:38:52.928740+04:00
ITM-7e79e18fad39d1f3,67df44b9d6a6f3ae96689b0c0b14d1f42caa4f95136bad446140471b2faaebc2,a989df888908c7af11d14e0fbc3b3d9d6be26d95fb8bdd64dd99b217a73b5f2b,4f53cda18c2baa0c0354bb5f9a3ecbe5ed12ab4d8e11ba873c2f11161202b945,QUAL-SHADOW-1,RUN-20260820T113852,2026-08-20T11:38:52.928740+04:00
ITM-7e83aee578513585,f0fbba4abb7080ad27254cd48bd9482dea14c675f98a0a848490019249f3fd88,50fa95c597079de221385b12486abeeb47b32cada6b5057f6ff90a0e29baa76f,4f53cda18c2baa0c0354bb5f9a3ecbe5ed12ab4d8e11ba873c2f11161202b945,QUAL-SHADOW-1,RUN-20260820T113852,2026-08-20T11:38:52.928740+04:00
ITM-7eb270a7dc3ede4a,545ca06cafef7871a8935bdb86e451ab35aa00d375c9a5e00c6bd85b20f337a8,c4e2a8e736a1464beb401e435b6cb448b5f5c7c8cfca254dde45e7f88ec07190,4f53cda18c2baa0c0354bb5f9a3ecbe5ed12ab4d8e11ba873c2f11161202b945,QUAL-SHADOW-1,RUN-20260820T113852,2026-08-20T11:38:52.928740+04:00
ITM-7f146f99ee4e4fa1,fcc00dec81137b157559a415c08bc58923d0b5023f2c6961c30d906127f7c88f,93b2b7bb457ef7bcef6ad722023543172732ac994d8ecd139e6c0580dab8fd2d,69334e705f42d0a8354a6a511ddee9e3ff67b4f415982764981b52e606ffa0bc,QUAL-SHADOW-1,RUN-20260820T113852,2026-08-20T11:38:52.928740+04:00
ITM-7f47d1b3c6ff01f6,4489e0bce671fa23bfabcd4425ea559d92a48961ccc917fed9cbac66ef4705c6,74d5b1069a736333eb3f83868d431920ce3c06a94836a3c3a9cd7e689b760fb7,4f53cda18c2baa0c0354bb5f9a3ecbe5ed12ab4d8e11ba873c2f11161202b945,QUAL-SHADOW-1,RUN-20260820T113852,2026-08-20T11:38:52.928740+04:00
ITM-7f532dfa32a07e54,94a608b3708c5c25b129abc54c79a425a4f488e6f9dd1fc0d2dc0b1020e1bc11,0238116259c91450b28c884e224d7816c468d14f8cd7ebdcc81b00fa1ac2c2ca,a2446f739e86d30806f38526a0b107f69fa8d08071c976a40a9f4c68281609c5,QUAL-SHADOW-1,RUN-20260820T113852,2026-08-20T11:38:52.928740+04:00
ITM-7fb2d95bc3dfb5dc,991db648c7b68fae1d32c7568bb004079c8699774d31ed03fb765846e70b960a,9bdc70ee529e3abd1dee42e7d1cc76bb0d807bdc609aecc280bb1773e3829bc4,a3a21a64604d0223236295b4a99e50492187ba7eb28ed1e4e190ba12b3bbd421,QUAL-SHADOW-1,RUN-20260820T113852,2026-08-20T11:38:52.928740+04:00
ITM-8005bd30ea3951cd,76078ee630299688e855773693ead478c78e31c15852e760d5cf128bd30b9ab4,e0211f2a9431b0dab3718eeca9b1220a192bc4b0a0196e04d262fd5aa42babf1,4f53cda18c2baa0c0354bb5f9a3ecbe5ed12ab4d8e11ba873c2f11161202b945,QUAL-SHADOW-1,RUN-20260820T113852,2026-08-20T11:38:52.928740+04:00
ITM-80375e093b23aa4f,443b2bf19aaf72af10e57556df702381bd917274b6cdc40c117c7c7ed38f65ec,f14620baea010f9954de456bfda88b9caa5dd4cca2e3db2abd7fc37c5aebd10e,4f53cda18c2baa0c0354bb5f9a3ecbe5ed12ab4d8e11ba873c2f11161202b945,QUAL-SHADOW-1,RUN-20260820T113852,2026-08-20T11:38:52.928740+04:00
ITM-803dbab7e2fdcb4d,1ee6cfd9d25f1120854b5fd6f2159f7264d8a3858ce5c9be0a649ca371571627,24c44814cf30f0537f1f1be60fc85e51e66c121de4fd0e0841756d4e76e56524,832b8294968c1a0b9ab90f20c3040b524f866dc067582a22655a52b500f829cf,QUAL-SHADOW-1,RUN-20260820T113852,2026-08-20T11:38:52.928740+04:00
ITM-808b105e4a3b43fe,90a298d8dff4adbdf14c0dc8acca3e7d1b62e6d10dce20c01b8b9b08542d1ade,4648a0b52313cb5d8f6b8a7f5b6898f60852f1a51037b966397ddbdf19618b38,4f53cda18c2baa0c0354bb5f9a3ecbe5ed12ab4d8e11ba873c2f11161202b945,QUAL-SHADOW-1,RUN-20260820T113852,2026-08-20T11:38:52.928740+04:00
ITM-80afdf216d137be6,1287a92128f65a5273a0bc7afe000cfda31ff0fa23631255b415380716d4579a,d8005fc8343c9482f7f633f5a4746bf4aa613c5d88d33c0f82791059cf093f32,a516f6deabd1faa50511725ccdd04b962ce0171160b6813fb387972b38525806,QUAL-SHADOW-1,RUN-20260820T113852,2026-08-20T11:38:52.928740+04:00
ITM-80c5569eb89575bf,f991e6edf0dfab17666acd042ebd19406639abe2491b5184636ee00e6ca58066,adfe451954772dfbbfee1dabad9c700478123db9917f039163f0b3e01b02cdf4,4f53cda18c2baa0c0354bb5f9a3ecbe5ed12ab4d8e11ba873c2f11161202b945,QUAL-SHADOW-1,RUN-20260820T113852,2026-08-20T11:38:52.928740+04:00
ITM-80fc55c362cadec5,047ebf8e66e685dce93a5b6bee7090869ca7ad7bfe553804b2cb11cd933fd69f,50ad1fd524b7a1ffc4f90467fcfe160a791715f7e0afcf7859d1b44473bf7d58,73123d2dfe0ec9ed00abc1a1eb2ecea81faef2478203ce7c4225780cbf88bc29,QUAL-SHADOW-1,RUN-20260820T113852,2026-08-20T11:38:52.928740+04:00
ITM-814be5d038aa702e,da267e38e35494da62aa9f96b596fbb8203a10b22725782bdd26cea77e4baf8d,8641d24d802eb3d7b273af9cf8f522415e19895153a9b77e6daed8edb2963d3c,4f53cda18c2baa0c0354bb5f9a3ecbe5ed12ab4d8e11ba873c2f11161202b945,QUAL-SHADOW-1,RUN-20260820T113852,2026-08-20T11:38:52.928740+04:00
ITM-8169181bb38a6aac,b7673f35b084f5bc3203784a6b74e5db03147cf9affdcaa7953f5c943550cae4,50ad189aa6822b187f8f2a457c148addd0c64ee2309bcbae01820a1e3c39e565,4f53cda18c2baa0c0354bb5f9a3ecbe5ed12ab4d8e11ba873c2f11161202b945,QUAL-SHADOW-1,RUN-20260820T113852,2026-08-20T11:38:52.928740+04:00
ITM-8193ad52d36c8866,c4a39801933fc115d34d8b7b7476c95dc8401e4b3737c97f8ed99bf4e5c06323,f96f63d510def5eb8bbcf9bd4bc6fa2010c66bf77de89ecd86d630bc74dcae20,4f53cda18c2baa0c0354bb5f9a3ecbe5ed12ab4d8e11ba873c2f11161202b945,QUAL-SHADOW-1,RUN-20260820T113852,2026-08-20T11:38:52.928740+04:00
ITM-819c1253cef2e590,3c09748db81422eafa6c49ba9ec226e34bbeee9e881bf44878354c609cbce07c,3d3dccf7463280b39a0a122d8cb38fd77b7ac94b742826acef656cdf578ec654,4f53cda18c2baa0c0354bb5f9a3ecbe5ed12ab4d8e11ba873c2f11161202b945,QUAL-SHADOW-1,RUN-20260820T113852,2026-08-20T11:38:52.928740+04:00
ITM-81af3ba335c6e836,aa6a5c93ff2ac186e1f79c90dd753d6eda4ed8ca1bcafda7b62c6e003376727d,df102b833e4060ca9e280d1e723a17f8a1e2d64ceb9643e0aa8ac2ae477d1fb7,719dfd1fc39faaf16c16f2ea76618a531729d0664bfc5ecee15f9ed17f4c63c8,QUAL-SHADOW-1,RUN-20260820T113852,2026-08-20T11:38:52.928740+04:00
ITM-81dcb357169fc36d,0fbc4e10c45dca99e22924d99626f05d27dbd33b3873c4d662da2a8b09d642d3,21a78bc5a0dee53d9ee92f5dfde0a2517edc337d918c89d0003f3769258c8439,4f53cda18c2baa0c0354bb5f9a3ecbe5ed12ab4d8e11ba873c2f11161202b945,QUAL-SHADOW-1,RUN-20260820T113852,2026-08-20T11:38:52.928740+04:00
ITM-82ce5dcedf7e0911,cf2a0ffa0dab01e99a86c2bb3639dfd4a6314f6d117445c60d749234a8c129bf,b5d22673fd2105e3fc252d854f8efba6fb8eea5b9838d9338999c954fb98a4fe,f3753893b8bcd26ef26d83d8f9c69b9adecabceeabeeefbdc3dab31aca16d185,QUAL-SHADOW-1,RUN-20260820T113852,2026-08-20T11:38:52.928740+04:00
ITM-82e696286d6a8f52,a63fe68967473058db49cbcaf65647c62857b326ebc38250e611c62b02a496ce,638471c95826c39a0579584693a2fe81d26e8996418d2a0995f354d6ef42cde2,8867f6733749d250c3b8802cc927773a1e4d5a80c8ec7229ecbac3d4f58da74e,QUAL-SHADOW-1,RUN-20260820T113852,2026-08-20T11:38:52.928740+04:00
ITM-8348ab1cd5e80e51,82dcbd07bd917b8a7a02a0e806dedc86f26a42782612434faf2200af07368699,a858c5cc0492745a3a93eb1da9238d81f3e6d1f78edd596bddf94c053c6bf34c,7e5c36d4ae094f504a95067f97a84ba25a0e948ff8a92cc14ed3d0861600d6ac,QUAL-SHADOW-1,RUN-20260820T113852,2026-08-20T11:38:52.928740+04:00
ITM-83c01dd73b4edf67,46fb391eca73cff752960dc58d5881e5646144bb9bbd1aef8dc77d53093fe936,809627da2d57e7e0ca72836a41ed2bd560f9b151f820e00c61ad9a0ac0ffd3b0,21eed582e08a6936973ae1bb98456bcdc49cc959fbb49fc4a3b53fb72b8ecca4,QUAL-SHADOW-1,RUN-20260820T113852,2026-08-20T11:38:52.928740+04:00
ITM-8418237b10f98a73,bce1a62ecd916f9c6666283b5ad789bd05c7c54fd2ac5546037935714256ad7f,6697565715c401e3625a34ed902d91707883f7cb0791265ea79821218cdd33ca,cc1fa61c830d689d202fe5fcda2f404ad9108fcf3b288bcc3e77d6581c32de27,QUAL-SHADOW-1,RUN-20260820T113852,2026-08-20T11:38:52.928740+04:00
ITM-8423a0294151cd00,fad1972ca862d4357b4edd91b39ce65adee11fc710ed269263e27cec90bea600,122fdd61152fc7da4ac97b03e9ce1e80483d01f7da477327d8d91dfb60e70c66,4f53cda18c2baa0c0354bb5f9a3ecbe5ed12ab4d8e11ba873c2f11161202b945,QUAL-SHADOW-1,RUN-20260820T113852,2026-08-20T11:38:52.928740+04:00
ITM-84758253203f8d43,e848882f5da73d7ae64aa5a5b3a971775bba57910241e7188efeb02bf84acc2c,9e2ed3ff6d30f2358aaefe075be8dcfbd299e1031fcabf1abbfd236e8ebf72a2,1c531e38d8956cf235dcfa43f332ac8e99a0f8df5ca6dfc037e8fae9501c635d,QUAL-SHADOW-1,RUN-20260820T113852,2026-08-20T11:38:52.928740+04:00
ITM-848675c6890d874d,94d5c649d110b47048516d216fdcfa5001052939b31a26fa05656be54e811f70,ac3de245fc91d922f52beb8933e4db9c049b24f39510bdd80ce803541792e54a,4f53cda18c2baa0c0354bb5f9a3ecbe5ed12ab4d8e11ba873c2f11161202b945,QUAL-SHADOW-1,RUN-20260820T113852,2026-08-20T11:38:52.928740+04:00
ITM-84939a45d4322a5b,a0ea89800a76f3238885932703a379ee2aaef5202b1d8a6052a7d47de7bfa492,b201e91c7fe1b81b2dc9966f9cbe3585bbe3fc57f1e3bcee73b44ff7fc560007,4f53cda18c2baa0c0354bb5f9a3ecbe5ed12ab4d8e11ba873c2f11161202b945,QUAL-SHADOW-1,RUN-20260820T113852,2026-08-20T11:38:52.928740+04:00
ITM-852993e926f2b7fe,4d81de899f5dec534232669cba3a60277ce3d122fc0ebdea5b1450e195e642fa,ea9d248c3d4c6cd5847c11a6ad1aee0f5d80fcd40971f69e2acf3e0529a5f980,4f53cda18c2baa0c0354bb5f9a3ecbe5ed12ab4d8e11ba873c2f11161202b945,QUAL-SHADOW-1,RUN-20260820T113852,2026-08-20T11:38:52.928740+04:00
ITM-852f65c340aa5d3e,b20392cab56b55b8d5b099c3caa55aef147ec785284b938ef101c335c238d9a7,ed5b2a76f8bc42a835902b8abb3617ad6d20bfc5d8a9cca228bcecd588ab025f,3bf131578ceded0e80861791234c154b435979a7dac8cafa193fdee804b8e023,QUAL-SHADOW-1,RUN-20260820T113852,2026-08-20T11:38:52.928740+04:00
ITM-85af7a40c5100fa1,382bd0d2a114044c442894cfeb67fa17175e6cc29f29e95e80e2053a1add9d51,a61166f2a41e0163edfea78276d219126e94c5eb30202dbcd563c1003602c8a5,4f53cda18c2baa0c0354bb5f9a3ecbe5ed12ab4d8e11ba873c2f11161202b945,QUAL-SHADOW-1,RUN-20260820T113852,2026-08-20T11:38:52.928740+04:00
ITM-85c12f45cfea9c52,dbc085f887b3f6cc6220e9b6330efa4055b444187d6bd1a1e17617024964dde3,9713ddbc241dbe454b56dfe6bacc4533dd830297ca47174d1652a8b2dc279fa6,4f53cda18c2baa0c0354bb5f9a3ecbe5ed12ab4d8e11ba873c2f11161202b945,QUAL-SHADOW-1,RUN-20260820T113852,2026-08-20T11:38:52.928740+04:00
ITM-862244b6b8a1e9c0,ff520cd468f948f5c7cbcc27e48ed35e66b553b3c5c7cfd12220d806888eb810,33b73908bb0e8cdfc52820684bff03d3f12e4c296b2b164746b0d8a694a177ee,7963bb69721d0cd3a9c9355c678bead984e414a522566810ae8e9b5b621e0901,QUAL-SHADOW-1,RUN-20260820T113852,2026-08-20T11:38:52.928740+04:00
ITM-8637398000870f80,ed09903aa3cace0843ba5c698b8510dd773ac910385e07ab37dff54cbea6f0eb,f679047a005fdfefb066370b8bbecded0baca0f70dfc8388f30388a7f2813e37,4f53cda18c2baa0c0354bb5f9a3ecbe5ed12ab4d8e11ba873c2f11161202b945,QUAL-SHADOW-1,RUN-20260820T113852,2026-08-20T11:38:52.928740+04:00
ITM-8674902bf68ade1a,22a4cb9f3b4b753293358b0f12132787fe6fa7e2a9462958aae33aee0b24e433,47a30cfdefd3a912475f1dc829da8c7539f752fb08b78f6fca27e3920a7f3be6,4f53cda18c2baa0c0354bb5f9a3ecbe5ed12ab4d8e11ba873c2f11161202b945,QUAL-SHADOW-1,RUN-20260820T113852,2026-08-20T11:38:52.928740+04:00
ITM-871ab665f5629d74,750210f17c447116de7578df7940743bc5305aae65fa1c3a5d3bc87104c71f5c,139c831ea5ef61c5beb6318de1d636d2140afd2e77fa23c8690c89ae4cc82e9c,4f53cda18c2baa0c0354bb5f9a3ecbe5ed12ab4d8e11ba873c2f11161202b945,QUAL-SHADOW-1,RUN-20260820T113852,2026-08-20T11:38:52.928740+04:00
ITM-8734fecfbe81d332,97dfacd4c5863d231671500079ccd7dc0f5c7b1b3d57a49b7edbb397cb5dbf0d,3176ed3f56dc5cfc879c5bea830a8100dc641f41470dc301346edafbf2203089,7a2ea34a185217c30b4bdb2ae73be39d74801a53609152b5a2aca6c2c870b03a,QUAL-SHADOW-1,RUN-20260820T113852,2026-08-20T11:38:52.928740+04:00
ITM-878f9b9e06521460,fe6b983924445a05c4c431cafc7c65f08cf147995a3981fb265fa5e52826f4d0,f2475f06976171a2d7679541e3912dfba25c8995f91845d3f12336e1ba993737,4f53cda18c2baa0c0354bb5f9a3ecbe5ed12ab4d8e11ba873c2f11161202b945,QUAL-SHADOW-1,RUN-20260820T113852,2026-08-20T11:38:52.928740+04:00
ITM-87b31991f8b8ee47,4cdf1500f262c16fea456c3461ae94c569e471951a3da27a0876f0a344c9abe9,40ee60fa52c282335cc6fa8b1092807b6350cba2a7324435557efb539268e7c2,4f53cda18c2baa0c0354bb5f9a3ecbe5ed12ab4d8e11ba873c2f11161202b945,QUAL-SHADOW-1,RUN-20260820T113852,2026-08-20T11:38:52.928740+04:00
ITM-87ee7fa8aa98fe91,61da9b26ee641d4cf32691fbf023ffde77247f28134b706ce1dd9409babdee3f,a8a9b724dea136fd9f21ca800b9c644584cc88e35cd50006075c411cc1c8fc9b,4f53cda18c2baa0c0354bb5f9a3ecbe5ed12ab4d8e11ba873c2f11161202b945,QUAL-SHADOW-1,RUN-20260820T113852,2026-08-20T11:38:52.928740+04:00
ITM-8817ff72468c8bb3,6e9567c2ab5661941400310688404e1e6ce160906349ee05a02169ba11df8f7b,448e9eb3ef3212b3be42ffdf56755fabc7b4c815859c8761652916009ba8962a,4f53cda18c2baa0c0354bb5f9a3ecbe5ed12ab4d8e11ba873c2f11161202b945,QUAL-SHADOW-1,RUN-20260820T113852,2026-08-20T11:38:52.928740+04:00
ITM-881dc55d3e5f1f27,ad8ac01edaa7235bde7fff8867edb5278808658211934b53c01226f08a2a809e,e921c06b693bc69b2ac12fbe7096d219b3508ab3f787822fe28fd31f82a823ac,27c362465386dac88a1d40b96fe8f255b252e81ce58277ec6e86ad1c4fb3d9c0,QUAL-SHADOW-1,RUN-20260820T113852,2026-08-20T11:38:52.928740+04:00
ITM-882ba308caf166f6,3f39dfcb3b79ac196d1484553063174ecd1a4eed037c634d6e6ee8381716c658,e97dbdb4be86e9794df272d93825f8a8d473b95072cdabb07e9051a1050ba50b,4f53cda18c2baa0c0354bb5f9a3ecbe5ed12ab4d8e11ba873c2f11161202b945,QUAL-SHADOW-1,RUN-20260820T113852,2026-08-20T11:38:52.928740+04:00
ITM-884675afe5968ccc,4a085d49ef76d72bc925b35f931926f3b88515201c64e7dd4f382eaa4d577dfd,3af3032b7b0c3ddebe12945c6811d41e6b4b9bfb036569cf8a1e8519d119bf98,4f53cda18c2baa0c0354bb5f9a3ecbe5ed12ab4d8e11ba873c2f11161202b945,QUAL-SHADOW-1,RUN-20260820T113852,2026-08-20T11:38:52.928740+04:00
ITM-88543cf208949594,1b4e9c7bad43316c8aacfdde2c9af6a4510c9643baa4cf425a32808320604f39,a8376187c8c9ca89243b3e1d9305211b4f2e7477eb65f047e8da69dce746be50,062b2ef2c8c146fa2bc3accf84f870dc70f9f58374da54037126015f393aad42,QUAL-SHADOW-1,RUN-20260820T113852,2026-08-20T11:38:52.928740+04:00
ITM-88dbeaa705f554a4,121f67d1cc3a4974e9b29262df032bd228bed45501512fc93237b2253197821d,d8fd12247b053a4a512215395fe295d3d8da6caa4453f057fcdf401460933392,4f53cda18c2baa0c0354bb5f9a3ecbe5ed12ab4d8e11ba873c2f11161202b945,QUAL-SHADOW-1,RUN-20260820T113852,2026-08-20T11:38:52.928740+04:00
ITM-88f4149781907f75,32336042e2dbaeb100978e3daac0bb0fdd1ba60f0e278fd2a93b8f7539850968,3e6dc631b1c3bf65c2185513943f2bf186f404347e4d61832688b52a1635c660,4f53cda18c2baa0c0354bb5f9a3ecbe5ed12ab4d8e11ba873c2f11161202b945,QUAL-SHADOW-1,RUN-20260820T113852,2026-08-20T11:38:52.928740+04:00
ITM-89230a8f51b8c522,1d1503d98c358e8e64a6bdf62a12b5f55b936c19ba91fbe9ce3c27ca8ef42f6d,8f8b52560415623eec45c215a43b39cb8536342f845f7aaad677eb7e6e1b0325,601c4fe608095ea70601f47798dced28288c28cc92676d5d504106980aaf9af4,QUAL-SHADOW-1,RUN-20260820T113852,2026-08-20T11:38:52.928740+04:00
ITM-8969a4f72f7c88de,607ee3ed354e2e3a926b685172442eba53f019cb306f01cd99650d5e14a02241,472b3ce5bd4010c18b330c66de443113d19516927c4b412acecda841ceeacb61,4f53cda18c2baa0c0354bb5f9a3ecbe5ed12ab4d8e11ba873c2f11161202b945,QUAL-SHADOW-1,RUN-20260820T113852,2026-08-20T11:38:52.928740+04:00
ITM-89bac7302dd3e4ff,e59e456177e2877135c64976458ccd21604807068307fea5a7170c2d55364a54,a3e2c68d0dccfd59e967426092a600c03562dd51146ce6f61c52d2e0a84b6b7c,4f53cda18c2baa0c0354bb5f9a3ecbe5ed12ab4d8e11ba873c2f11161202b945,QUAL-SHADOW-1,RUN-20260820T113852,2026-08-20T11:38:52.928740+04:00
ITM-8a9a801419f857b5,7f49282f2676436b5e0fb4ac79872d45bb1d17937d1ac2416d4bdf2d8795be65,fb07f2cbd15da367a4ba4f453a0bc64e3412e0cbcc9ae903cda669b3cadfeeeb,4f53cda18c2baa0c0354bb5f9a3ecbe5ed12ab4d8e11ba873c2f11161202b945,QUAL-SHADOW-1,RUN-20260820T113852,2026-08-20T11:38:52.928740+04:00
ITM-8ac674a73961229d,6c15b6324b30889372239e93573bfcaa222ae20f20eca3a6e4e7bbb80cb481f8,3f95abebe9b8d7f1603dae8270ab2b29d186184cb3a353555df00e590c7ead8d,4f53cda18c2baa0c0354bb5f9a3ecbe5ed12ab4d8e11ba873c2f11161202b945,QUAL-SHADOW-1,RUN-20260820T113852,2026-08-20T11:38:52.928740+04:00
ITM-8b0cf0e2e0f0c7d3,7112caebb8595f4fad3360cbc0e6b4017e7a7331f1dd3ac89cb6254122cde370,8ab73d4eb2a05fcee40be1f9bc88c8555a6afc6f0bd355a5c2b8bd87cd163ab1,4f53cda18c2baa0c0354bb5f9a3ecbe5ed12ab4d8e11ba873c2f11161202b945,QUAL-SHADOW-1,RUN-20260820T113852,2026-08-20T11:38:52.928740+04:00
ITM-8bbdf4f200b886ef,d1effe0b776f1fff337e50752fdfba257d797440165f2e0eb85438fcda37bd5d,e24fabbb2a755071298958abc985646effa0baa43372a176c773762f35d46353,6f4a159234dad1a52813245d3e96d1cc1b538efc1d2202eb736e52eb70d16a25,QUAL-SHADOW-1,RUN-20260820T113852,2026-08-20T11:38:52.928740+04:00
ITM-8c43763b416fa35b,ebd127d6d7b9ade215efc443272ff4867a2f03545dc1752d29e15dc66be780fa,20a82caae68b2d57cc2315a3233ee6c9993bee5b80f634967c26835414d7a8c5,c348e640b707180a0b6d12b31b732b006ef858d33fbb26c265ebede49eac67de,QUAL-SHADOW-1,RUN-20260820T113852,2026-08-20T11:38:52.928740+04:00
ITM-8c53bc5da74c2816,e931948c7944fbef93cf3c4b374ec343ffac49ef397ed1d75dade90a12adf4d1,59559bed5762964387191bb8c11b4ea986457c17a142c3d2142a6afed704c335,4f53cda18c2baa0c0354bb5f9a3ecbe5ed12ab4d8e11ba873c2f11161202b945,QUAL-SHADOW-1,RUN-20260820T113852,2026-08-20T11:38:52.928740+04:00
ITM-8c8fcde431c411ec,cfccc1dbde52dab306917d22d843199bbefc72d9581a67e562fc04c8d7c4c4e8,397ab42961bfb211264028502ca4f5da0b352b9088e7c5276cf61c9e2d4b7a44,bcb685dcb642490c3a61288b91a4839dc14b8038287fa710c9aba1dba4853ce5,QUAL-SHADOW-1,RUN-20260820T113852,2026-08-20T11:38:52.928740+04:00
ITM-8cf6a69132cf2117,cb4dc6272d0b1a348d16af669950fd1865422c2ba4c0e5a23a1eb9298ba2a470,f0c8dc71fbd210ce4fadd461ceb5bdbb8f7b47c30316f0928d48a739205d11a2,bebc4c491400504b4ab4f8616b465e7b6c92560062f34b56781b03d90ed404fe,QUAL-SHADOW-1,RUN-20260820T113852,2026-08-20T11:38:52.928740+04:00
ITM-8d003a8330691b07,9a6c36880148e57feb963a62aaf7388fad50704b596a657b903f472d096a83f6,60bcb8fced6c682cf7e497141a0212114ef5e50f4c52b12243d1c1e400e25d72,067776e981fae309a5e91fb6890267e467d930de6b8015453663a59c8e3a8b7f,QUAL-SHADOW-1,RUN-20260820T113852,2026-08-20T11:38:52.928740+04:00
ITM-8d608315a4249243,9f643b148b0f778a6c684b5e756416ba7e38c52184b0bde6c3acc7becec30f7f,e822c82c2a0515ff38f9dba627c8caa7283ce2a0687f14474fa2719231a3939e,435629236af2085be1c030fcb860a6bfc2835452631a664a717972fce664262e,QUAL-SHADOW-1,RUN-20260820T113852,2026-08-20T11:38:52.928740+04:00
ITM-8daad3dbf9019014,6f02eefb1244c0d63303143cf2533127bb7cc106ea44f2e1105817513f39bdd6,c1ce4497d2f443c660878b3b586fa863118139f1ec1ef67a18d3759d4741bd61,4f53cda18c2baa0c0354bb5f9a3ecbe5ed12ab4d8e11ba873c2f11161202b945,QUAL-SHADOW-1,RUN-20260820T113852,2026-08-20T11:38:52.928740+04:00
ITM-8df6691fac71c797,ef77d5227636c8915249e51df1100726b928237efcabe00faff5114c912436b1,1118b197579b4a9db33d0d3286705fe7597260792ed56103d193db228f222482,e6e6febdecb8fe6e8458f458b3acffd50ca1528ed1d70c7426bd47899217989c,QUAL-SHADOW-1,RUN-20260820T113852,2026-08-20T11:38:52.928740+04:00
ITM-8e0808360148a999,91c43db4a40a21eaa3145685ad073d289083b93dd4431bf54d569483666f6bb2,43f70b0f53f3d8d3c3f43ccc306162db2a8247759ccdc2c94b284a76f152b2a7,b02c2e837690f69acb7f67bf987faae6b158f2a8703b789b634192c8406ba96d,QUAL-SHADOW-1,RUN-20260820T113852,2026-08-20T11:38:52.928740+04:00
ITM-8e41c903de39950c,d06d3e676ceb352d81adede9ea41f3c8cffee077c7f6cba5569babca5711d437,023185a029be7243cba28842879cab2842f3b03ac6a3f5c5548a2b67344752ef,f9bee0ed3504be18ee4695bf6197a3bdd54060197d462315246d77ec92721eda,QUAL-SHADOW-1,RUN-20260820T113852,2026-08-20T11:38:52.928740+04:00
ITM-8e7f56364b2ef96c,a2e0e9189057b98571d05e56a267e4a390a3e558c8c79d46c017c2e83e8ca143,836d237a8e9e897ed51f2822d5ada8dbd6560ad51dbe98502ef3953f202cb802,4f53cda18c2baa0c0354bb5f9a3ecbe5ed12ab4d8e11ba873c2f11161202b945,QUAL-SHADOW-1,RUN-20260820T113852,2026-08-20T11:38:52.928740+04:00
ITM-8e9fe728b00ab8ff,ac74451e12d0f340d7fdcadfd9954f39f327e4ef0420645480c71b93e5bfb8cf,5309ea8621030b9df94f2a133ed1795e02bbf3677139358a4298f07e1027e7d7,4f53cda18c2baa0c0354bb5f9a3ecbe5ed12ab4d8e11ba873c2f11161202b945,QUAL-SHADOW-1,RUN-20260820T113852,2026-08-20T11:38:52.928740+04:00
ITM-8ecc4929c8252388,c50ef78bc80164de6b13766ad2824d0ede39e5df14098494e4eea3e17f22f112,60fbc424ea956e9726f3f396a223528898c5ee5ac13a51851b2d19e53fad3c9d,4f53cda18c2baa0c0354bb5f9a3ecbe5ed12ab4d8e11ba873c2f11161202b945,QUAL-SHADOW-1,RUN-20260820T113852,2026-08-20T11:38:52.928740+04:00
ITM-8f3a0130248034f0,d7c0df63b7e246f57b4dc512776cf3f5d3de06770136986babe4359fe95ef583,9cf96725b8218c942e8e31dd54b4a7f18b7dcfd102d30c35c1c4b47a9f1da71b,4f53cda18c2baa0c0354bb5f9a3ecbe5ed12ab4d8e11ba873c2f11161202b945,QUAL-SHADOW-1,RUN-20260820T113852,2026-08-20T11:38:52.928740+04:00
ITM-8fe06e4d51cfd8b0,6b9560ee2a3a146b77f82ab8ed8104d6e2f04a54878cced63e74e0d5c9d9dbf2,c8f3d82fbb52f9ca6de9131664bb4f0efa8282572ee5dc74053f86116ee59190,4f53cda18c2baa0c0354bb5f9a3ecbe5ed12ab4d8e11ba873c2f11161202b945,QUAL-SHADOW-1,RUN-20260820T113852,2026-08-20T11:38:52.928740+04:00
ITM-9021b9aa28ea4a6a,24156710f78442bda8eaacca9ac325a05044eb760f371419864eccfda1813fc0,c8316a3099d33d12e611ea859a9a93918690033999dddfdbbadfd84e39458f4a,474e00c353e5dfd1bf8ace5a46d4c630dd841ee612fb0a921119539e7eeb46f0,QUAL-SHADOW-1,RUN-20260820T113852,2026-08-20T11:38:52.928740+04:00
ITM-90529f4d732ad667,c5c65fbe0f3cbbbd843dcb111162efb81419db7cdbe79470f9fca077ad873e74,9dc174295349fabd2df13d7e566f528fc09b3cdc7ea7cacda9fd0f4129d6cb3f,4f53cda18c2baa0c0354bb5f9a3ecbe5ed12ab4d8e11ba873c2f11161202b945,QUAL-SHADOW-1,RUN-20260820T113852,2026-08-20T11:38:52.928740+04:00
ITM-90e58b42c415c23c,91635fc9ada0a6c5e4511d0044e7270954edaf60855acf631ef519243f9882ad,d91d035fac4e3cf128e1d5a1382285d5647a996d4da55a8d409eccfb0865a3df,4f53cda18c2baa0c0354bb5f9a3ecbe5ed12ab4d8e11ba873c2f11161202b945,QUAL-SHADOW-1,RUN-20260820T113852,2026-08-20T11:38:52.928740+04:00
ITM-911173befeb9b292,6d883b1219059ce4173516a04e6975570cf167610c1d86a964929436600743e3,b24804ef58374fe18a4d55d8f2913e197546a3e1989672c54843d78a3696200c,4f53cda18c2baa0c0354bb5f9a3ecbe5ed12ab4d8e11ba873c2f11161202b945,QUAL-SHADOW-1,RUN-20260820T113852,2026-08-20T11:38:52.928740+04:00
ITM-91291fe3d63c936b,d93f38c07a670cb556b5af9fc00c5656ec6e01d085af79e9ae3083b3ddd71f5f,868ff6003b543fd147fb08bb634fded899b1e0f32e0193497267d75b406d9f23,4f53cda18c2baa0c0354bb5f9a3ecbe5ed12ab4d8e11ba873c2f11161202b945,QUAL-SHADOW-1,RUN-20260820T113852,2026-08-20T11:38:52.928740+04:00
ITM-91911763bdbfa5aa,8da8983adf7e6ccb8f07a49686cf227a617d395a74935a4bf4dd092221b94084,bb3125890f906740fb8aa933c605f2b378c96864731c82eca5d19afd89bab25a,1bb60ffb4942ac312f0446936a8f541c781229d5d8cd373fdd1c39e4c39d50bd,QUAL-SHADOW-1,RUN-20260820T113852,2026-08-20T11:38:52.928740+04:00
ITM-919c8ba44aca1fb3,3ee733d388ccf26fdfd16d214880ba508f59d25e23e4dea45ca4c3fb8e29a50f,b3860e77edc08c089f6e1bae9268aba2b255bc437720e8f44912380cbf42bd32,420b96d9e9d1987078ebab3e820be0468d53b72305c44d4e31246e8ea7735401,QUAL-SHADOW-1,RUN-20260820T113852,2026-08-20T11:38:52.928740+04:00
ITM-9219fb3c2b5d4270,aa98e35d5c4fa3229bb52cc20b94bfd7b53759979c0ead40369fdb1120ebc840,cf5228ee26cc20cdea8cc36c0cd296951445c5d1b67cbdb472c73f3ec2fbb0c4,85421331db4e56c64a39038e16890fc4a10f162a416742fc4596b3a34d54534f,QUAL-SHADOW-1,RUN-20260820T113852,2026-08-20T11:38:52.928740+04:00
ITM-9250cae26eee3bff,f34ddc7792adae5b45efeadf4c8ae6d7564afda40165c3773eb91bb56e1cf0a3,c80d9ab3671a2f3dbfc21bfb422e1917a3099b9cbcf07b44b6456ed2a4ac8e4b,4f53cda18c2baa0c0354bb5f9a3ecbe5ed12ab4d8e11ba873c2f11161202b945,QUAL-SHADOW-1,RUN-20260820T113852,2026-08-20T11:38:52.928740+04:00
ITM-9251a5829fa108ad,b715c19d0b98f92752781eb5ebecdd4ac7d17caaeeb1f5110c348e3d385e05bc,40909ebbb12458aec5f569dc14109e6ca198ca51186dc4677b5439e81bfd6b20,7228ba1fde2b445dc615c4a1652252f95299e318591646bcb244133e18704cb7,QUAL-SHADOW-1,RUN-20260820T113852,2026-08-20T11:38:52.928740+04:00
ITM-9282cff3bbf8b927,5fb6dae108e4ba677373468b8549f4da8c2c04f0c1f809f7efbb5f8328ac3b4e,925f2c40073ab27c17fab058e3467d74e8ae2d0a719fc29fc836826f4e1e8d19,30066d212ad21d6fd5d58a73823eeb5b2814d38328959fb149560f53d0194bcb,QUAL-SHADOW-1,RUN-20260820T113852,2026-08-20T11:38:52.928740+04:00
ITM-928432a62e0635b8,fcf617eb0625b3fb13808e3de8306ee43c50a64b19a6881b10e627a04c0f0a7f,c23ac2a0a7aeb15428a691528dd4801048af2b68d118e4a2894e18a1f5591706,ab92ffe326957d7ce1621f5ec59d9ff395b267540ab6b00c148f5683f95ac8c7,QUAL-SHADOW-1,RUN-20260820T113852,2026-08-20T11:38:52.928740+04:00
ITM-92a96f0fdce3b161,533c5020ec20a7763eb05c7715e44b39b9895e93c6d43ac4e29f4dff3ea4994c,6866ee5db99cd3e96d0dff534fb031526684ddb3893fe0cb66e6a8eedf89cdbc,ccac3129746faf32b8ea3fb82d44ec15044dc0c3baa3e4fa22b55e5bfe120aca,QUAL-SHADOW-1,RUN-20260820T113852,2026-08-20T11:38:52.928740+04:00
ITM-92e2c21a5af8354b,748be011d235ad9ef52230c7e7dbf42784ae5ea858c604da328ba35a17099295,47c706b484d7b7ac41cb78f19efbda093d3602608d6856ca6f8e5221ec2949fd,4f53cda18c2baa0c0354bb5f9a3ecbe5ed12ab4d8e11ba873c2f11161202b945,QUAL-SHADOW-1,RUN-20260820T113852,2026-08-20T11:38:52.928740+04:00
ITM-93079355e83964c6,43b670f0f82033ee7007d023989e4ca749fae6c0e088d1f0e2fdd216f171617a,d3a3ff0fed9a421ad5c6a961e47ce4c0bb5f45735098fe26423d90af1cdec029,4f53cda18c2baa0c0354bb5f9a3ecbe5ed12ab4d8e11ba873c2f11161202b945,QUAL-SHADOW-1,RUN-20260820T113852,2026-08-20T11:38:52.928740+04:00
ITM-9343be30f16a545b,97e8dec1a82a82644867849a580b1915b85d1c409cf258c47cfe776b86903958,142ce1ee44bc4f77fe0e3e650c11547cb965d7f3ade9c5708578f3b541ceb5b7,4f53cda18c2baa0c0354bb5f9a3ecbe5ed12ab4d8e11ba873c2f11161202b945,QUAL-SHADOW-1,RUN-20260820T113852,2026-08-20T11:38:52.928740+04:00
ITM-9371d05789705127,4c2b1bc4771dda1396be172c8d141a758c03e2b403dc091208f5a76e40a87528,fa0060dbbc74ee64e88b46e369ad21184ddb58085db2f5b496393cf76cc3bf9f,4f53cda18c2baa0c0354bb5f9a3ecbe5ed12ab4d8e11ba873c2f11161202b945,QUAL-SHADOW-1,RUN-20260820T113852,2026-08-20T11:38:52.928740+04:00
ITM-93765c1fabb60a6e,089d1d55053db30cc6246489d1ed755705ffc4aacac369bb083231fa580bac17,9bb49b9563b839ca1199d7ac3d3b3d8dac529f3d760a0d7fa0b7ef4278f199cc,4f53cda18c2baa0c0354bb5f9a3ecbe5ed12ab4d8e11ba873c2f11161202b945,QUAL-SHADOW-1,RUN-20260820T113852,2026-08-20T11:38:52.928740+04:00
ITM-93b096784d925e50,711745d475412d19a34f4f23493758adcc9ae4430dd6f1d085fe8cfc945e0517,c4e78f04d7bba4a54de7756b8a8d1533dcc9912bfd1c2400642f44ecd3b08f20,4f53cda18c2baa0c0354bb5f9a3ecbe5ed12ab4d8e11ba873c2f11161202b945,QUAL-SHADOW-1,RUN-20260820T113852,2026-08-20T11:38:52.928740+04:00
ITM-942a3e37a827b327,ab0bd3b422da0ed274f057e2c071cb89363dba0bb2e71913a0e0bd60165662d1,2ec070aa3e2471c63c1f56f92074396e36f4e7a4401aa010e273c3ba7fc285b2,4f53cda18c2baa0c0354bb5f9a3ecbe5ed12ab4d8e11ba873c2f11161202b945,QUAL-SHADOW-1,RUN-20260820T113852,2026-08-20T11:38:52.928740+04:00
ITM-944f8afd7e27abbe,a1bee5690b5fc61b51d3ccca4980886be5777da0f33ac90be31e77d81516f38f,c76e9c3e247f1cc848cb02f569134e3311cc72ac8aa85dbefba59ecdad8ff1e1,f2c622be7b19d0b8a40ffecbe9220f15fbb377786cdfc8c3f684cbb3deca6d87,QUAL-SHADOW-1,RUN-20260820T113852,2026-08-20T11:38:52.928740+04:00
ITM-9486678c6e4228f0,05f038b54772200aa04342e7accde6abdfc95d4d0d2c715b46c33598a21d81cb,45ebe4a2d8e412af38a9e61b1dbdd4859b06b0b13d20096dba42f1f0e5d0cbf6,4f53cda18c2baa0c0354bb5f9a3ecbe5ed12ab4d8e11ba873c2f11161202b945,QUAL-SHADOW-1,RUN-20260820T113852,2026-08-20T11:38:52.928740+04:00
ITM-949905a149730db2,2b4c8991b618c129dd303be265a6883cf9494cc7de6c1910b922967ea282b7ab,45f3f7a6d6c6ce5813b4a785d7a295fedd0f55cbbaa75b12160ab4425035b47a,b60daeee79ed1204f31cd4a864322b41c38b86a9c4654fcac9c6f25db1fd6ed2,QUAL-SHADOW-1,RUN-20260820T113852,2026-08-20T11:38:52.928740+04:00
ITM-94f3a30c48dc77ad,8016caf8c92c3217560764037aa9ee39f4f51568ad6b6b3dfbb41d568abccb49,43a99e998fdbba6198bd0fbfe3ce51ee5b94dd58eabcfba7c1e041ba5217e49b,e264b6d587f4fb36907dee59e925c9f762d31d966397c7443f858b3da5c39809,QUAL-SHADOW-1,RUN-20260820T113852,2026-08-20T11:38:52.928740+04:00
ITM-951309e49e05c229,70de04061508577f17e55278723adc8207b530c8b7ea516fe09363efac68cead,73e468ad7f0cb9432bf02715af91c9d6d82afc0806f41d35c60370b52cd258e2,92bfa1988809ccee8bfc58e6ec3a14944dbdc46aac5cd7b5393da54dd4efff5d,QUAL-SHADOW-1,RUN-20260820T113852,2026-08-20T11:38:52.928740+04:00
ITM-9523cb31d2dd33d8,50b9846bbdf07dd802b72b7bd487d14118703077e8e594e23c50574cf8cb9a4c,073ba351b8b7e9a19d97a470e61071b7ecccb07da63ef64c3a6439e07d5f6c68,6243e963762f3888b0e65f81dc334ec1f968e244ae034ed5d8596df5d2916a86,QUAL-SHADOW-1,RUN-20260820T113852,2026-08-20T11:38:52.928740+04:00
ITM-957af030cd68ea4a,6b95f81c01e1a9cf248c1957e6631b6094b2d62eb7ab149ff263085711cd9542,72a778af9137c1fa95fea84daeb7e1d120333224f0112849ab9fcb12d28064d6,8daa0b1f41712f0ab005ac1c0dbe8ee9dcfb23c27221f48b3f6176ff61220f45,QUAL-SHADOW-1,RUN-20260820T113852,2026-08-20T11:38:52.928740+04:00
ITM-95f5692ecababc20,419275099e7659ec3cedfba6c3930c0b9ceb871997dc30e338cb0813788f042e,dd87fd4295686d8678b13215fb77e97e9a3c61b0737a02e8f0c02d0bceb6a530,4f53cda18c2baa0c0354bb5f9a3ecbe5ed12ab4d8e11ba873c2f11161202b945,QUAL-SHADOW-1,RUN-20260820T113852,2026-08-20T11:38:52.928740+04:00
ITM-961d0a1917f09f88,f50ce622a0dacc4048434671ab3c27e7c76457f67164d9e9373109dd8b76465d,e564f139af48998da3e31bd018b6a688c9cd8efb63346b72d91e7bb7fd60ee1d,4f53cda18c2baa0c0354bb5f9a3ecbe5ed12ab4d8e11ba873c2f11161202b945,QUAL-SHADOW-1,RUN-20260820T113852,2026-08-20T11:38:52.928740+04:00
ITM-9636eb7345e44605,741a878a987061fa63209fe2df959043046fadc5bbbcbad447522ac0619c1b05,e125b8760ab38e36f4cf323aaf89969ed318a87fd4a020c03904f5241e61b3d3,4f53cda18c2baa0c0354bb5f9a3ecbe5ed12ab4d8e11ba873c2f11161202b945,QUAL-SHADOW-1,RUN-20260820T113852,2026-08-20T11:38:52.928740+04:00
ITM-9641cf2b7eb20d65,8dd3b79a7b909e5004ffbd6ef8034f52748fd4542ef918badace32be535be693,0fdf7f6a10bc27e35191e1f567eb40d0a83a9359cce4d5eee1ac1cdd11fa69a0,4f53cda18c2baa0c0354bb5f9a3ecbe5ed12ab4d8e11ba873c2f11161202b945,QUAL-SHADOW-1,RUN-20260820T113852,2026-08-20T11:38:52.928740+04:00
ITM-96713e4e0984f000,5c844e036aaa028cd6cd773b7726ceffbb2062a3ee9046c71ef071fe8d3d0a1d,22c3ffea9d9f713a7a7aad9aeef2ef686aaf7023bbc2735cfd6d7625ddc5f3d7,386f863c90e3355149873ad3fa821ea5c79478d2c718cc5daa7d2133491389d1,QUAL-SHADOW-1,RUN-20260820T113852,2026-08-20T11:38:52.928740+04:00
ITM-96728e715b7df298,ec6c11a5e320d601999c98fe627f14600179a5dc7acf9f2cda24b6fe0975c0a9,e00b86c4ded5e87a0029ee37d058b7348860b8f952f0337f5acdf52cf2f370c2,ad5674974fe7307450099f9fb8f8d0e902d5009b280b9177e7a8703bd10d96bc,QUAL-SHADOW-1,RUN-20260820T113852,2026-08-20T11:38:52.928740+04:00
ITM-96f8f98301895906,d9aa63c6263278b7a673d9a70c8ee2f1ad3d790c6a2f8dc42f5b51a639fb11fb,a40035f14d301724264a760f96f15266f9680ffc679aa717c2d928345c8cf10a,4f53cda18c2baa0c0354bb5f9a3ecbe5ed12ab4d8e11ba873c2f11161202b945,QUAL-SHADOW-1,RUN-20260820T113852,2026-08-20T11:38:52.928740+04:00
ITM-9703baeeb03a2b89,35f98246825f0daa4f4a36d5262320dfd90e18d94b6ea6083c8fb79f5f38d381,847b2c168766596fc73d2fc9b5cf889609947c01f7dd849c3415494b94b52c5d,4f53cda18c2baa0c0354bb5f9a3ecbe5ed12ab4d8e11ba873c2f11161202b945,QUAL-SHADOW-1,RUN-20260820T113852,2026-08-20T11:38:52.928740+04:00
ITM-97112c9335752862,f774d06df95ce2b273bb2fea853b31015557c3e9c6c8929c1b02573cf49d23be,a503e37a66fe5646c8b9357b79e398ee2173897f0d30145d93588263ad190c3b,9e38f066e9511b8735183eff0ce5070a885475712f38e5d1b6c9b64bc4fd06b2,QUAL-SHADOW-1,RUN-20260820T113852,2026-08-20T11:38:52.928740+04:00
ITM-9790792731096f89,1542cce7c070b132df080f8acab86c06015c0d0f9c91d084fa0928983d5dcb6d,93c1a4a3046d801fbd1a6cf3cd5157569012e6fc5aab4395ab04e756ab87f9ed,4f53cda18c2baa0c0354bb5f9a3ecbe5ed12ab4d8e11ba873c2f11161202b945,QUAL-SHADOW-1,RUN-20260820T113852,2026-08-20T11:38:52.928740+04:00
ITM-97c25ac2b10664ff,209e031909cc705f06c3e7a60386598bb56863488b267a5bba38bc3d9be3b0b8,6e2aa2f048925ffe8b05145a87911b91fe0b6663f2557b7e949e2f6ef2b74b33,6ff29200aaf1bc4e04cb3b356faf70f430da1bcbb9d1ee0627f4a5b6b4d210e3,QUAL-SHADOW-1,RUN-20260820T113852,2026-08-20T11:38:52.928740+04:00
ITM-983ec069efa370f6,873f1792728dcaa493619b250b46e58158be4efa8b7054832b90a0c6e186e415,c6b90f2a930ffa1a981d94984d8dd5ca97040ee0990312680cdb785e6243a273,5dd9bc38b851e106ef08bbf9f1a972660ac7e034cc047be23d515ffb0c4b3b44,QUAL-SHADOW-1,RUN-20260820T113852,2026-08-20T11:38:52.928740+04:00
ITM-98a9777be59f5417,b5c67db13238a3c98ba082a28d1eab41fc3e1c686fbf9c226befa99642c3b1f5,470c0bbabeeb98a0c0fd064a3052b69fa4c5dc21ff494f56bce943f35c8c9c2d,9b7b2d6b5e864421e3f59020f34adb65b5ddb6b62eb7fd2d0ee6e205e05ad08a,QUAL-SHADOW-1,RUN-20260820T113852,2026-08-20T11:38:52.928740+04:00
ITM-993496f822d07abc,9d4669fb4fe9c5905fb381fc786adbcb3aeab52048c59ec863acaa64d057598b,530ab94ae7a6f41286e9d071e2715f251f7f47954a3d7b1d9ecb99f7625e34fb,4f53cda18c2baa0c0354bb5f9a3ecbe5ed12ab4d8e11ba873c2f11161202b945,QUAL-SHADOW-1,RUN-20260820T113852,2026-08-20T11:38:52.928740+04:00
ITM-9998dfdf85b1e174,9c6ecd47aa0d2b227c42a454e76f3583bdfcae23f6884fc48be1f9a381de3eed,e76dd631021b99e57e917d3760128033246717de927f524f529f877b75288f26,04453cc2a144d017116b8a5f5fedbd572bd202fd7dcb8671f16d4b9f1b5c27bf,QUAL-SHADOW-1,RUN-20260820T113852,2026-08-20T11:38:52.928740+04:00
ITM-99b6dac52e59dc9e,cfd64505cb14d394b10f1fdd817c0275e5b1e54689f24850d7fd06b2a21ec750,a75007afa891edf989e5bb3d78cd91201ae7b1d129518fd155db1713e151e2eb,3ea8386c8c03af213036d87b8458010999d6be48061dcd9b947a51fa2736edd9,QUAL-SHADOW-1,RUN-20260820T113852,2026-08-20T11:38:52.928740+04:00
ITM-99c7981a385185fb,4359dea0a99f3b14474c733587c2b28e4471f48397fde8d0f7a151107b1ffafe,c13050ee76f6ed99056ea0e004b72e13bb9b2c235ea7fa49b09e161636a53ea4,4f53cda18c2baa0c0354bb5f9a3ecbe5ed12ab4d8e11ba873c2f11161202b945,QUAL-SHADOW-1,RUN-20260820T113852,2026-08-20T11:38:52.928740+04:00
ITM-99e173cc1072d3e1,53606152ea8c91ffaa7bf845e59bc28e7c3830af30adb1858e44c839fc300011,17196fd84d5371a88afc8fe27cdcbf2ce48cb57a157a6ef0bc79c8c1e4d3ac1a,4f53cda18c2baa0c0354bb5f9a3ecbe5ed12ab4d8e11ba873c2f11161202b945,QUAL-SHADOW-1,RUN-20260820T113852,2026-08-20T11:38:52.928740+04:00
ITM-9a6be01421b972ed,6a4580f447478d1dcde86a5fc01122816ab6863a89a474db671bdeff91c9373a,fad0baa6b98021dd735fe84d5fed6e5c7948e36560ce9d2c47eadf49e2e65cc0,4f53cda18c2baa0c0354bb5f9a3ecbe5ed12ab4d8e11ba873c2f11161202b945,QUAL-SHADOW-1,RUN-20260820T113852,2026-08-20T11:38:52.928740+04:00
ITM-9a97507a6afab0dc,0fa9656b3b5cb5adf006c7dcc07e361ac3f3ff79390bcbc43effeca5d2096d22,5f32ea98e12266ae73c34ea2752fc5a71e3da082e5f39e599d5ae022ca8ae02b,4f53cda18c2baa0c0354bb5f9a3ecbe5ed12ab4d8e11ba873c2f11161202b945,QUAL-SHADOW-1,RUN-20260820T113852,2026-08-20T11:38:52.928740+04:00
ITM-9ad83ebdae6c5575,1b9fc0263f94468132bca74aa7e0da22cb6a89db254cc80d91b386521bafb0ff,6a8a1fd95868ecdfc2137aab763653b62864f28e71beac8628d00a511e0b52c6,9d1564703736364926d49b0b1beacd83a713ac65922b67d5e044d5726472e442,QUAL-SHADOW-1,RUN-20260820T113852,2026-08-20T11:38:52.928740+04:00
ITM-9b0aa546dd04ae21,99eb7f7910c4b8ae48853da1e4f2a4a805ad5186223446ec28a364c473aa1f82,9b1e1f6d267b48a3820c991ca7797dccd465778dddb0474631773f1a422596df,9b5ae887d9e3f4aa9695688bf6710757002fd58ddc3ff3b919f884e64d905ad3,QUAL-SHADOW-1,RUN-20260820T113852,2026-08-20T11:38:52.928740+04:00
ITM-9b4e79df031dfd35,44058e35e842f98ddead533c595076360bda4f1bb21f9bbfd7721c16c60a3dc6,f5546b0248c6911f1b2b715a7a9d9b8bad10a27d1b7e2556c77ca092c9c570f5,4f53cda18c2baa0c0354bb5f9a3ecbe5ed12ab4d8e11ba873c2f11161202b945,QUAL-SHADOW-1,RUN-20260820T113852,2026-08-20T11:38:52.928740+04:00
ITM-9c445199e7e2d045,29a5aa112f0b215bced71d34313b714ec56fa984386fb6782a9a07ba6dfff4ae,1a9e89af5c7040fab10ee760fe200596707e2333b2ccc7ca11b773ec60486462,4f53cda18c2baa0c0354bb5f9a3ecbe5ed12ab4d8e11ba873c2f11161202b945,QUAL-SHADOW-1,RUN-20260820T113852,2026-08-20T11:38:52.928740+04:00
ITM-9c579c051bccfbeb,320ab9f98ef2879e63df09144a4a0446c80fc573db1bb91a831090561adb1adc,8a17fdcd26ac4f7bd5d7f0dbe654ab65a0134de07cc3e3d7d548b55b45de5ba2,4f53cda18c2baa0c0354bb5f9a3ecbe5ed12ab4d8e11ba873c2f11161202b945,QUAL-SHADOW-1,RUN-20260820T113852,2026-08-20T11:38:52.928740+04:00
ITM-9c8cd87affdadf8a,c30f9f86bf8f31a9c58ccdca0001e1b771b82b7f96b1b8ac1d308778cb5af327,ba0d8ea35db98776b55ebb5fb55f8bff7c69c6a9ee2b10de75cb7110d346827c,4fcc6e151f763681de35712ab729afa6236174916d0f32325cd9f163c851abe2,QUAL-SHADOW-1,RUN-20260820T113852,2026-08-20T11:38:52.928740+04:00
ITM-9ca61968dda6a6f9,ff2cdf8a255d076232d112a3cde886420b0f03d47fb92eca756a8f82881b283d,71af7f791da0306741860ceb02c77f8a348d9eb617e93a04464be090ae996bc7,4f53cda18c2baa0c0354bb5f9a3ecbe5ed12ab4d8e11ba873c2f11161202b945,QUAL-SHADOW-1,RUN-20260820T113852,2026-08-20T11:38:52.928740+04:00
ITM-9cb9a9183df4e680,8ee253103edbb11d2bddba49c6892801cee05b18b01d1cd10189445e55e050d1,84e173efe710050a6464d0e28448e15a78fa7a617f296c8934c39158cb9deb6d,cb0fad2a1843024806bf993af3e3ddbc8e0f7ea5bb43618822734f8e0af74f78,QUAL-SHADOW-1,RUN-20260820T113852,2026-08-20T11:38:52.928740+04:00
ITM-9cd6f6010d244f5a,30bad9162f7f7fe36187962be11054b1c3eaf3b7e47ed9bdfd7b9be1421be3ea,5ca991488d2ff247d1a4f9d59881b403bac3df35d57173df77bac1d62ef3f327,70d8bb7bc85a9accf3e0828e2e7de77de57cd0e4041574410c51cc8659fd4344,QUAL-SHADOW-1,RUN-20260820T113852,2026-08-20T11:38:52.928740+04:00
ITM-9cdaa8fdb8bab85e,e422399cb562d74d0855bf026365c322d49a54df66df7c979daca1f9f7249e0e,c3ba4ac09c78d974d98fc4474839fabe7971f640b049152867bbce69bef25478,4f53cda18c2baa0c0354bb5f9a3ecbe5ed12ab4d8e11ba873c2f11161202b945,QUAL-SHADOW-1,RUN-20260820T113852,2026-08-20T11:38:52.928740+04:00
ITM-9cfb605da9a64bbe,0d738525dd86662342d2509db9a5facf68e2eccad91b2c24733c968d628a7349,2ff057edfd53f6d3e957ea86b3fefb0ec7d2ee283fe9a5fb2bd54c4991b5ccc7,4f53cda18c2baa0c0354bb5f9a3ecbe5ed12ab4d8e11ba873c2f11161202b945,QUAL-SHADOW-1,RUN-20260820T113852,2026-08-20T11:38:52.928740+04:00
ITM-9d9ca06511ef3e4a,6f7a7c378742a1635b8d12a61d34d7ba5efd3716bec9ec3ae044a620cb0a6f8d,d22917fc673cdea796d1ff8f6286c5b9c228fada637a774a43b6e174232a2e25,4f53cda18c2baa0c0354bb5f9a3ecbe5ed12ab4d8e11ba873c2f11161202b945,QUAL-SHADOW-1,RUN-20260820T113852,2026-08-20T11:38:52.928740+04:00
ITM-9d9d1376f1b77c8f,b269ed1d5a7d6bf66f5f8d73bb1c30950d3dca849088cec568856e191e5782a5,775c5aafc992394a2f6236bafbb253e5802664374385a1b7b000c2d131c16c28,4f53cda18c2baa0c0354bb5f9a3ecbe5ed12ab4d8e11ba873c2f11161202b945,QUAL-SHADOW-1,RUN-20260820T113852,2026-08-20T11:38:52.928740+04:00
ITM-9df785fa5a931c1c,adcf08f2c04490faf745f3ee52f20378a0c4d7c05e20c116433f7bae98bf65fc,4add7350739fa28ba12a1596db03d6a267f102b21562d2adbd21734b0e309972,4f53cda18c2baa0c0354bb5f9a3ecbe5ed12ab4d8e11ba873c2f11161202b945,QUAL-SHADOW-1,RUN-20260820T113852,2026-08-20T11:38:52.928740+04:00
ITM-9f6117dfe9bcd437,2a7a3f55da9001b593d5b65e08110ecc18dae9343551e5024768400def9ee2f2,cac97854fa306946c11b8bc95d7e1ef9c7a54cfd956207e42714c9c142e6ad51,4f00e30fc481eca66e8595bf29a3491585b7c7e9d19a95a395e0df0f711badba,QUAL-SHADOW-1,RUN-20260820T113852,2026-08-20T11:38:52.928740+04:00
ITM-9f6678f10f2f2337,7f6c37d1200dcc15702415d537654c7d75d7de03951afb228e6b83a1634cb871,f62fd89dfddd32fcd0bb3ead395399fe7f21e818743ee42a72e803a2a18c5e10,95803a7eade979a33cf6d0e724369a09995212ef7b701629cb9f37b4c5a1408a,QUAL-SHADOW-1,RUN-20260820T113852,2026-08-20T11:38:52.928740+04:00
ITM-9f971301be909349,c3103723dae34505e5a31ddc5f5bfc0767c16eaba30310a38869582a3f915415,8dbf582889a0646980fd03c5b223f1918114746b10c1e02a66f0dbc9e5e60e62,4f53cda18c2baa0c0354bb5f9a3ecbe5ed12ab4d8e11ba873c2f11161202b945,QUAL-SHADOW-1,RUN-20260820T113852,2026-08-20T11:38:52.928740+04:00
ITM-9fb7da13535cf670,099062296d7b36a8217187d71137c4b96612dd2c415483146718b0c0ddc1ebbd,ff1830867ffa83905df8de0666c1c6d81a13292835735377dc2c7a649eddfe2a,4f53cda18c2baa0c0354bb5f9a3ecbe5ed12ab4d8e11ba873c2f11161202b945,QUAL-SHADOW-1,RUN-20260820T113852,2026-08-20T11:38:52.928740+04:00
ITM-a01ce923c4709d1c,4372540f919ff74067092b5a81b51d4c8a814d17b9642b2a1b136aa71dc8d184,3f9f7b28719a5f2197e8c13b2be9c617388521509ea3f97b1df208ad93b9fb52,4f53cda18c2baa0c0354bb5f9a3ecbe5ed12ab4d8e11ba873c2f11161202b945,QUAL-SHADOW-1,RUN-20260820T113852,2026-08-20T11:38:52.928740+04:00
ITM-a0efabc3a54a7902,b85803bd4ea2fa0315510a7488d0966ebdfb7e994781b7e2e57322c4831eb8ed,eb2b4f6f0d38df8f5f9a00a13a17e7ea52ba328bb32542550e4d8208e6768f2f,fab323bbae44e082ea4d25cc7b66574c28cf42317c5abde78ea950707197d96e,QUAL-SHADOW-1,RUN-20260820T113852,2026-08-20T11:38:52.928740+04:00
ITM-a109173d4410efc7,dfc7382ae6d596b71d11b5b68c7356dd9b291488b1bd5d3b512896060d40cf84,b23ad8973a3e9968cb0563229f08d8a548e0c25419260389fe54a8db52d32961,4f53cda18c2baa0c0354bb5f9a3ecbe5ed12ab4d8e11ba873c2f11161202b945,QUAL-SHADOW-1,RUN-20260820T113852,2026-08-20T11:38:52.928740+04:00
ITM-a10d191484db05d5,11a3bc6a56c37dab56ea5d7ce691649bbacb1941470aaf8996cd834edf9f16da,f1cf1fe4ce53319dcffaa43046b532ec8062fa1c6038859aed4e548037193341,20f9c656dc3881e85d846f8d67f7f5e29efebd0d207ba861aa8e192b4a221dc9,QUAL-SHADOW-1,RUN-20260820T113852,2026-08-20T11:38:52.928740+04:00
ITM-a13247ab74e017e2,d026b66c52a7e09bdd6263ddd295878b4b11266e9c6cf3e13f33e12eb5b1f7fc,585a01e873672f632f7cdfcab5fc6cf6538224aac490dc0cd076e5ad18c056f6,4f53cda18c2baa0c0354bb5f9a3ecbe5ed12ab4d8e11ba873c2f11161202b945,QUAL-SHADOW-1,RUN-20260820T113852,2026-08-20T11:38:52.928740+04:00
ITM-a150c143ef9ec2aa,042db7ce5faec607bca3f3c131f7c937087b6c9a4f00525bf9fba155ae5a342b,1fffce072cc9581fc8905d81ab0dac3ee1744af6348decc08464eb002cee949b,4f53cda18c2baa0c0354bb5f9a3ecbe5ed12ab4d8e11ba873c2f11161202b945,QUAL-SHADOW-1,RUN-20260820T113852,2026-08-20T11:38:52.928740+04:00
ITM-a153af549c4669ca,12c590eb6fa705db78758a2c22ff375096d42ba9a4115c815ef1e4e953d9442a,766a3037bed6258d30ce3407735e830ce19f27ff3d9036bd221b47c7d97c0555,4f53cda18c2baa0c0354bb5f9a3ecbe5ed12ab4d8e11ba873c2f11161202b945,QUAL-SHADOW-1,RUN-20260820T113852,2026-08-20T11:38:52.928740+04:00
ITM-a19c3225b871ccd1,35f33e09128788925d9f9a60c921a534bee58a7b15f6dc2ccfbef0eceb938735,c5f3e932d51e3501f4b25ca18cf916a378a2c3eb7da868a3670d64b52ab1278f,4f53cda18c2baa0c0354bb5f9a3ecbe5ed12ab4d8e11ba873c2f11161202b945,QUAL-SHADOW-1,RUN-20260820T113852,2026-08-20T11:38:52.928740+04:00
ITM-a1a03ef67f01bd1d,34187d4a8577fbc7837438c546d025a16e7670adc8385b62168435e7b61ee46c,71cecef512fb4368d0d840ace9853004267165dd03c9075c5b2a72e8c97d486b,eeb8bfa5e9284a7f67ffe841bcbc1a20d9a40324890c7a041fea6316a05b238e,QUAL-SHADOW-1,RUN-20260820T113852,2026-08-20T11:38:52.928740+04:00
ITM-a1a99e283b35c3a7,671fd80974621682ab33a5cd33aa96bba536ae8a9ef106e19a11a5af552e7727,13602d6fc7428db8336d6f8afb3d500c0e19488273d5f87862a769897de5cd92,f2d14fceef0f1ab309ea8cab090d934351a41dbf97087e13c95ae098dd937272,QUAL-SHADOW-1,RUN-20260820T113852,2026-08-20T11:38:52.928740+04:00
ITM-a221beef2834362d,c230b7243d93068726e5aa8a297d87d0cfaabdcf8591783ac53592c2cb979a4d,335c38d9437ba6c7725a00c2dfb3fd11611818582638abe3b089c69faa5cd73f,4f53cda18c2baa0c0354bb5f9a3ecbe5ed12ab4d8e11ba873c2f11161202b945,QUAL-SHADOW-1,RUN-20260820T113852,2026-08-20T11:38:52.928740+04:00
ITM-a22ac787d2b98d3c,9d08dab7700866d4b84e194014f195e19a4b95d50a0ad33274d0b39c24433fd2,d51c010d38d1a7cf4714d482fb0f62d5d4c77eba38b1cf01e185ee2ca7b65aa4,4f53cda18c2baa0c0354bb5f9a3ecbe5ed12ab4d8e11ba873c2f11161202b945,QUAL-SHADOW-1,RUN-20260820T113852,2026-08-20T11:38:52.928740+04:00
ITM-a23e7f1a9ebc7036,dac4691c88c7407232dc288215a8a673dcf995c0987559782c228f03b309b024,36109bc9953e55766ed18bb66f327d09abb897698dd6947172cecfb64cb576d6,2242f5def6249c8c606b9bc81fdb79b805411a2f137f9092193488e2eab53fa7,QUAL-SHADOW-1,RUN-20260820T113852,2026-08-20T11:38:52.928740+04:00
ITM-a2bec723b02d1203,22a5ea177cceb1a25f10ca4bfd3deeded72ad99d3eef340c2a7d12c6461f73d8,596362cce13a10388b9f07e0ab59ae5ea210547627bb58bfd145c44da795bc44,e05b19dc6f9cd444b19c39a864cfb382feba1cbc9fac654d6965cf559245b321,QUAL-SHADOW-1,RUN-20260820T113852,2026-08-20T11:38:52.928740+04:00
ITM-a2dfa9d484e90c2e,1f92a17df0b2a64a685dd5c020c3b781fa585636b43d4d05241b527cfe9c533e,9a0aa0d3e47c3e3af3911817eb6a723c174e1c165b81409c59324f8fa20cd752,4f53cda18c2baa0c0354bb5f9a3ecbe5ed12ab4d8e11ba873c2f11161202b945,QUAL-SHADOW-1,RUN-20260820T113852,2026-08-20T11:38:52.928740+04:00
ITM-a31788aa2ba0c85a,68322d20164ffddaf192824c9a5dcdb778a0fdb0fe0dc37d090bb0df798a60a7,d76b07b1d115ebd97185b85a8223391f2a1d2edc4551f6dc56f0f8094358ee31,23f509b3324bca66b3a536370bb5d946626e421b37b361a0709c8acb307c2047,QUAL-SHADOW-1,RUN-20260820T113852,2026-08-20T11:38:52.928740+04:00
ITM-a37b2f2064d1e0e9,2958a0d54d85c3f333d488ed411214b4bab7b9902e6869e06ef7b38dbcf0bbf8,2fe3bbd06b9a3fe169aff3d08e6f4740f025a99c92ca78fee17512aa6f998b00,3654ddd7999008e290da7cdceed6faebb699fe9ffa5eedb8772a5d0b44a9b357,QUAL-SHADOW-1,RUN-20260820T113852,2026-08-20T11:38:52.928740+04:00
ITM-a37cb69e3617bb6c,a1b2a3f6889a6dc0997f35d53759aae7eb4cef70891849ce5c376c64fa64894b,e705295dbc641c7be83f5c3a483c5742918c43c028c641b7e4fdbbd182cc5151,df594f965196b522d3afca13119531d657dd793c62e2b25b776e564ab77e5446,QUAL-SHADOW-1,RUN-20260820T113852,2026-08-20T11:38:52.928740+04:00
ITM-a41c3c69231506b9,c4ea5452508be1ee2b2725fbfe7f0063660e2be633aaf1056deb2c2c67ceaf61,a53cfc1066933ff06c4857665dd990021cde052a8c411b1c458ce8552cfba53b,c43bad6408751838bceba48db5ecd87e42ef425497adc2ca7abdd6d573846c60,QUAL-SHADOW-1,RUN-20260820T113852,2026-08-20T11:38:52.928740+04:00
ITM-a43a547526ffdd3a,cc2dde084e9de46a2c4e2ff0608a9f228060ce22961f86b41070c28e58dadc15,172c0e24d11802a5d7bdd29f62a26567fc4bc9c04eb8092ad807fcc299a7591f,4f53cda18c2baa0c0354bb5f9a3ecbe5ed12ab4d8e11ba873c2f11161202b945,QUAL-SHADOW-1,RUN-20260820T113852,2026-08-20T11:38:52.928740+04:00
ITM-a51dc2e8c89bb9ae,6b197a7922d979f456fe27929b9e0ca18c338ed43b0b8b7e05c467e589b249fc,820e52d527eb75e53187128fc9df0885816de038a451705feeeb693bee6fbed5,4f53cda18c2baa0c0354bb5f9a3ecbe5ed12ab4d8e11ba873c2f11161202b945,QUAL-SHADOW-1,RUN-20260820T113852,2026-08-20T11:38:52.928740+04:00
ITM-a55a5fe0d67a9df3,679854c84fafad4af342504670d255ceac473684427472a2b0f19968c59f860a,683f371e78c5b21d1d24bbbf815f1544ef917de7aa5ece784f8bfe9f6950700a,59a4feb84dcaccdd54d17502d372aff21cd53c59c699f9e98d1594727723efc8,QUAL-SHADOW-1,RUN-20260820T113852,2026-08-20T11:38:52.928740+04:00
ITM-a583befb63a42cfd,a76c97f0f9a8f8d52d7a532b214a8fa67475b88f5c10707fda827ecec8fe3c6f,2b458f1ce8e6762243885c1e8c79db8b5127ccacba15c93b128b66d6025d9145,b4a1bbe3fac189b593aa1db1f5f783bf7946484a43ec4dcf21f0a1b7ae9ce3f4,QUAL-SHADOW-1,RUN-20260820T113852,2026-08-20T11:38:52.928740+04:00
ITM-a586cbf8305237e0,363b1e4399685e1a143c268f832c3eda3bd869f5900d20541a848699ba9811ec,a8db5377006718b8c881cf4542dbac02a0e1f7aa147b69b4f04b906f3c587289,4f53cda18c2baa0c0354bb5f9a3ecbe5ed12ab4d8e11ba873c2f11161202b945,QUAL-SHADOW-1,RUN-20260820T113852,2026-08-20T11:38:52.928740+04:00
ITM-a5c26ee9d8b76175,00dc2b66ef690ca4663f14f9f40d2cde4989555f1184c1da8e4473f784203f84,7e7c6ec1106058f5aea79bea48e81de8e23d08ce64333cf5f28990fcbe615bde,d4332271fc168e96e73b54319d6d98bd36aa8e7ac2e5918dcfd0fdc7f8e8386f,QUAL-SHADOW-1,RUN-20260820T113852,2026-08-20T11:38:52.928740+04:00
ITM-a60baa28c63e07fd,ce524ae5733dae2e4e39bab3db1b9391a24b4bf2b8922bfd83e46029f28206d4,5b307bb0bb45988bd8aac658b3fe4bb8e0e69a4bd2536cc64d9496fe421f005e,4f53cda18c2baa0c0354bb5f9a3ecbe5ed12ab4d8e11ba873c2f11161202b945,QUAL-SHADOW-1,RUN-20260820T113852,2026-08-20T11:38:52.928740+04:00
ITM-a6e114003818e4c1,b3e01ac0ce73fde7fc21b4358d9aaa80aa606624ce16ade0cd6d6517b94a6dd3,5132831bcd3d2ab5cb45304bc150de9ac1429f4bb9667405b27bf278256d1908,4f53cda18c2baa0c0354bb5f9a3ecbe5ed12ab4d8e11ba873c2f11161202b945,QUAL-SHADOW-1,RUN-20260820T113852,2026-08-20T11:38:52.928740+04:00
ITM-a6ff0c2afd66ef04,3cebbfda59475dcd0227aed86ddf822a810e1df9b527d8231d7ed08e2ca09633,bf282f9787233c9dd26b8fdce8c790bc387de771d47a50b1ce400561380db7bc,4f53cda18c2baa0c0354bb5f9a3ecbe5ed12ab4d8e11ba873c2f11161202b945,QUAL-SHADOW-1,RUN-20260820T113852,2026-08-20T11:38:52.928740+04:00
ITM-a777e7f2bc1409da,a44f1c7438c862c566fa7c489458dce854e7e5ef9c315012dee087fb02b8702f,487b3910357f95929f27ad3b39f3e82ed94e82ecdb147b887ca8df0c73e6e235,4f53cda18c2baa0c0354bb5f9a3ecbe5ed12ab4d8e11ba873c2f11161202b945,QUAL-SHADOW-1,RUN-20260820T113852,2026-08-20T11:38:52.928740+04:00
ITM-a80915894e379c2e,5671f80ec2ddc8d52013fd78923deadd86df6ab9edb3278bdbac5ade633e0144,feedb0bbaa7c92f7803304d8af819b5cc7a318b8451ff2ad5faa417f00e75977,4f53cda18c2baa0c0354bb5f9a3ecbe5ed12ab4d8e11ba873c2f11161202b945,QUAL-SHADOW-1,RUN-20260820T113852,2026-08-20T11:38:52.928740+04:00
ITM-a820a252aa5455d9,a0e2292089f50a1e463f950cf88241cb95255984c871177065a3df316353ace7,4b7d611dfc6da2df2012f990cccbfeeef4fa38cf3fed8f720c7261fde19d14bf,4f53cda18c2baa0c0354bb5f9a3ecbe5ed12ab4d8e11ba873c2f11161202b945,QUAL-SHADOW-1,RUN-20260820T113852,2026-08-20T11:38:52.928740+04:00
ITM-a841b4d229200c42,6e75b30bc04edf40a9ef58e8e40920510dd081c1d879d26f8210be9d31d111b3,afdabc88888195ddca9b69f955164bbe328ce08e8803fa7baae320cdca51294e,4f53cda18c2baa0c0354bb5f9a3ecbe5ed12ab4d8e11ba873c2f11161202b945,QUAL-SHADOW-1,RUN-20260820T113852,2026-08-20T11:38:52.928740+04:00
ITM-a88c0d6da432d213,03a85de46f3a5eb1710ee4ec392be9d5b4d8623c7576a731117a0fb09aba3f62,afa4db48631995bc1009084553f82abbc42c94a9b718699860cf1b94a8a85d71,150a756c016dea91adad5358ad694a3c6c1458ed1248e7bf1071af7d89a1bea0,QUAL-SHADOW-1,RUN-20260820T113852,2026-08-20T11:38:52.928740+04:00
ITM-a8d2195ebece67ab,2c983abe46a25385e1987f9b225b82570377886009dc65deefcc35f3ca38e3df,621bbf21ba6a2343c9b9041cd4761d3b987fd3b989d0c20d2538869d858c2172,714b02f9908ddc6dd6a4798a632fe4b1f8d5e8c9cfede6c161063f0c57c744f0,QUAL-SHADOW-1,RUN-20260820T113852,2026-08-20T11:38:52.928740+04:00
ITM-a8e3dfb36918dc98,aa50d9d5e3a3f2d84d495f543d50f6ad8f3581ba79fab44dc1845fb318844f67,276f14d0c987007148c3bc762fc0dc5f9840cf7668c5207694f65fff7c68b84a,8b93bdc1d1791e22045072b03706e3a1405fad7cfa5c4351cc6c37b72519a7da,QUAL-SHADOW-1,RUN-20260820T113852,2026-08-20T11:38:52.928740+04:00
ITM-a935e2896bf42300,1e92257af0d7933692e7a38023474607d2157ca81b73bce9da622734a0a144dd,e153b41c5fb91a1a75d1f39214852b90cfe1a7500380a99516a3baef92d4eb33,06b753399a925d9e3fc4634c9beee3f0e148179e1783d4191b832e945b07de9e,QUAL-SHADOW-1,RUN-20260820T113852,2026-08-20T11:38:52.928740+04:00
ITM-a954736eafe569de,d85e39984d72f19ba5d43949188c8652169df9f23c15ce5b5f4c295ea4498a27,2a458cb9426a9e5eea1d30071c952f60444b130b85c4e5ff005a0b1098547f16,b198157668bb5dc3b84e0eeed85432299af3fd0f9bf962a8175e048a7702b7c7,QUAL-SHADOW-1,RUN-20260820T113852,2026-08-20T11:38:52.928740+04:00
ITM-a9e391cbc4f07068,6c42bd70addc9f1f7c7553cad122e2ad9839346a2da0f5315c6dc7b178a0acd8,1f502731616d0415ec23ff96c081f88e4baaa2ec580121c1a76c9e158d98cd9b,06faf36f264b5a1ffead613eaaac82c4200ec3ad084c88cbac861da260633a6b,QUAL-SHADOW-1,RUN-20260820T113852,2026-08-20T11:38:52.928740+04:00
ITM-aa25adec433a94b1,ea6ebdee4d21e4bf317b154ff8a9a6186997efefe446b2d74a71b126a01de1b4,6ce9b7016cfcdeded32f99754438de720bf1700ba9e1f7912c333b365867d404,55e32b72ae28a908d595c92e49eab9caf66eca3377fce92a3764a4c5d08600f6,QUAL-SHADOW-1,RUN-20260820T113852,2026-08-20T11:38:52.928740+04:00
ITM-aa8fb21d7be32c38,68166cc794b5b9867f9ed1da752f84ea92a597af2a703c93e2098fc1c0cfb24c,dad0d260861b344a82e10809ffc996210cad68d0340dcbe03e08e89db2972bd1,4f53cda18c2baa0c0354bb5f9a3ecbe5ed12ab4d8e11ba873c2f11161202b945,QUAL-SHADOW-1,RUN-20260820T113852,2026-08-20T11:38:52.928740+04:00
ITM-aa9b72699972ffc5,897115ca3094178c5288944007eec80a4f10c085fa963a5337a43dd7725c8167,fa299e9080e783bae1d7d60774c4eea59339faec668552bb7fbe1ead9fbfc28c,bd19a435c538e80720edc593a86e05edae1a1b79693666dc626e45f3c942d057,QUAL-SHADOW-1,RUN-20260820T113852,2026-08-20T11:38:52.928740+04:00
ITM-aadcd9745e9d382b,cf3a53e6334049acdcb5e4943029b82a2b31481d085f041a72fef8251a0c73f4,c4faca201f6bfa6a41c31996927957dc4aeb14071c1ed0288e2e49358e845aaa,b7d8c60c5dd4e7aa45f24f707e7976b98fc2812ebf5c67705dcdd2af51559554,QUAL-SHADOW-1,RUN-20260820T113852,2026-08-20T11:38:52.928740+04:00
ITM-ab2d908260eda1da,5112df6bd85fe8b7cf7b4d35c8269a66c20a4fc3ab8b135290a10d198fcf2d48,a6f97244bb136884b7e18f9b1986969f7ac48d83dddd3364228e2777d17dfb3c,52ad8287668828216a47ec05840497b82a248618dd8c21e32ede7736c13a2271,QUAL-SHADOW-1,RUN-20260820T113852,2026-08-20T11:38:52.928740+04:00
ITM-ab5e3c71f5584819,c3ae1bc37810fef2e5ed1680d09b55ef23d0df8de345a1a87c253bb90ef68932,e8341e83d6c849b51d794e1af713d0ac7f3dd0cdae6baf6c4139bee344193177,a42dbb53a6f6c7786611f492860a3da112860ec2da3666cc98e7d989ee0adbc0,QUAL-SHADOW-1,RUN-20260820T113852,2026-08-20T11:38:52.928740+04:00
ITM-ab75fc41eb5d5909,59f26d7b6c2bf44e8ab1263243af6f9a9b07f8b0bf5dbf01dcf4854165e06f70,8f821f52f47714ac386f4ca6dce6647633afd4038fd9be8c447ff3744834748c,123265eb251f3b66e4b9bb64bb0b7cc990b896806eee8f21c7c2924281ba84c3,QUAL-SHADOW-1,RUN-20260820T113852,2026-08-20T11:38:52.928740+04:00
ITM-ab78e43de13dbffc,098820ff9b9b9d862087b747d7d4942dc2ce0a3cd9bbf9e7754ef592139bcc90,4f46169554ed92e2d53da7cd227c6b7970bd04acb29bc18dfbd7a1aa9dd804a6,b5f575c2feca74c4eac43847b89238b1b2a632925b8196c25adf0946f2ca2fc4,QUAL-SHADOW-1,RUN-20260820T113852,2026-08-20T11:38:52.928740+04:00
ITM-aba3d0296b074c1e,3bd6966b175d42590a3071d6a4d021f35ea5344b9bebfa41b3f8846e1af6ab8f,997bfd160809d0523acdfa53847249b3cd79e2412d03f161b0ed277c843a3b9c,79ce6f107877580b4dd563dd40155adf0d581453897df59989be9a65b99a01bf,QUAL-SHADOW-1,RUN-20260820T113852,2026-08-20T11:38:52.928740+04:00
ITM-aba544c42eaedbb6,285d2a8cd7037b82c3306e23fe45ad7d27bfd1b5ae5eaf25dc8c174e86110ebe,6e1111fca9c5371a677a8516cd93843a4ecb53ca22a4fc9b18d37e5e5ff3965c,4f53cda18c2baa0c0354bb5f9a3ecbe5ed12ab4d8e11ba873c2f11161202b945,QUAL-SHADOW-1,RUN-20260820T113852,2026-08-20T11:38:52.928740+04:00
ITM-ac19902efd22a9b5,8618e20443f4aae60d8f379f92518bb6a9bba9410fe6639571d0f182123434c3,f6103b8d1ae921ef647a7137d0fe049818518d1605ccb8cb30712d3cc6068636,4f53cda18c2baa0c0354bb5f9a3ecbe5ed12ab4d8e11ba873c2f11161202b945,QUAL-SHADOW-1,RUN-20260820T113852,2026-08-20T11:38:52.928740+04:00
ITM-ac39f8f0affc1b99,141844b7a892230f253809f662997754e4a7189bc4759cced0b4e3563a382c5b,69ebb79b99773072dc63632201ac397a28fff80b72a12e38325cd2befaf4f568,f61551cae1cac22a96e4e9eaf025ace0e1af6d1373338798ada08aaff44d5215,QUAL-SHADOW-1,RUN-20260820T113852,2026-08-20T11:38:52.928740+04:00
ITM-aca32618aa410ca5,750021bfc86fd794e7d4c02be5d39328f6bb1ab2639a864c5d3af9ec2a12f37f,3b4a69021f4859ea219a0b3f8d4731322e270b809071de331f5ce56b334d0456,141c45aba39b344847682d05c446f776301a115e80f6255ef59321ef430ee52d,QUAL-SHADOW-1,RUN-20260820T113852,2026-08-20T11:38:52.928740+04:00
ITM-ad8244a335639038,a4c16b161f665ff5cec4c11ef5b691a9dfd8eefc984d3e9bb75ebdf2718a37cf,65ef25576580b305c0db4728714105e4e2f4f7bae48f5b55c5493279d1816099,213c445fc0c930da377b9cf6a55911b4ccefd50eb76c63d773a0587b550c8d6c,QUAL-SHADOW-1,RUN-20260820T113852,2026-08-20T11:38:52.928740+04:00
ITM-ae057fb8c00db297,6fdb3327e346f46e4e1e9177ca4feaec006d6a2a5f762e65766d1af5dffb5392,e400fc31cbb7a56b33246215727f12d59111cc1dc40b0a28602ce64fda4c96e6,4f53cda18c2baa0c0354bb5f9a3ecbe5ed12ab4d8e11ba873c2f11161202b945,QUAL-SHADOW-1,RUN-20260820T113852,2026-08-20T11:38:52.928740+04:00
ITM-ae6e1ceb651cc761,917fb4207cae382e5e68472db7ae73133eefa56e0d725f966d5ded668b8b5dd5,1947987823b11fd0f05c5fec1aba06961e8a611ea14dab6139937db74f94f9ab,d884e73746c3ee4365329533d0a62630336917791710c68d67a4fc9567aa70ef,QUAL-SHADOW-1,RUN-20260820T113852,2026-08-20T11:38:52.928740+04:00
ITM-aeeae44604b6bc0b,2d8d2b32a4d4bef7479c5df3aea13624be4cee6566651f9161b5ec52b235923d,0d5dd6613ba4cbf0a24330ce36426a2ba2e7e9a8c9031541f1b194ae8d3aa4f6,f6333c3cd433f5848d89b1d36257f683437fd07371b88ede5425f8601ded0480,QUAL-SHADOW-1,RUN-20260820T113852,2026-08-20T11:38:52.928740+04:00
ITM-aef9f3bcd2b4716a,afbd66f987d769aca54f1d8aeb14b9ed050e228f636a7e30290d354986c84722,5cfe0e5ed5d02b54513a7b3701454c798d1885012c2304b1f32d68de0833198f,de8a51957a852255be9fa659239b079a1da98e2aebf093d73dd7ccb8c09fbb39,QUAL-SHADOW-1,RUN-20260820T113852,2026-08-20T11:38:52.928740+04:00
ITM-afb44d2fccc4b1df,9faf5d6abfaa96534b644c2dc2de6a98519a23824e8c0aabc9fb658c77dda738,bb28ddee6fddfc053f106973854db7d18af677e2767b68b39394366d736edff8,4f53cda18c2baa0c0354bb5f9a3ecbe5ed12ab4d8e11ba873c2f11161202b945,QUAL-SHADOW-1,RUN-20260820T113852,2026-08-20T11:38:52.928740+04:00
ITM-afc773a158f765dd,a293ee1ac6eb0bf74bf653afb27b4f83ffc9bccd84b93020fe0f1126c5b6f4d0,7bd767fdd46d8252b5bf20c7933cdf48068f287cdf206ab1ac43e68c09714399,502d39f6cb819f652c389d86d8dfa88b881896b2e75931e80fb9e3a807b5af01,QUAL-SHADOW-1,RUN-20260820T113852,2026-08-20T11:38:52.928740+04:00
ITM-b049b9a40149154f,64b34ed22a5a7c493c32eb810071a3952d6a8d6ad6e18bd0f7990dcffedeadc3,f37af9188b2371ff0b0b358b08eba1c47141ce92aa852b35ae274f1d562a771b,30926f1e70490becdb38e92e3f91a1fa06a0229e5dab33abd7db59f0c91d633c,QUAL-SHADOW-1,RUN-20260820T113852,2026-08-20T11:38:52.928740+04:00
ITM-b04e502985266164,cf1020b26a6d4aba944b8692691128524de26de33f2fe01cede0baf7c9af9fdd,f9251a1a472dbc6f9501157c9d8a3a9c5a53ad95afcc3f25ff2013f67a027d7c,4f53cda18c2baa0c0354bb5f9a3ecbe5ed12ab4d8e11ba873c2f11161202b945,QUAL-SHADOW-1,RUN-20260820T113852,2026-08-20T11:38:52.928740+04:00
ITM-b0891a9a217dbaa8,943606c1012c5249eceb2a6c469dc0d4dce82fcbd56d22132feb9ad87c63c75c,be0be3a88de621915a2c45e9b4ba2c8dd00ea2542e366a870bc81e1ed64503eb,4fef369354c1dce60c3546d64f7d680a68ff6fa0606db61947fb570e2b68a58e,QUAL-SHADOW-1,RUN-20260820T113852,2026-08-20T11:38:52.928740+04:00
ITM-b0ddc3cf67573caa,658b9327c1930a408c46264fe25c1dc7289c46cccc41d467324892948bc136a6,d19805fdffde8f6103e4fb6dfd84708d53fae9829ada82b6dad357cdf678bae1,4f53cda18c2baa0c0354bb5f9a3ecbe5ed12ab4d8e11ba873c2f11161202b945,QUAL-SHADOW-1,RUN-20260820T113852,2026-08-20T11:38:52.928740+04:00
ITM-b16aac7c818c8355,7be7f396fc7b097c1ab931c70a50ee5269abc1e355c7239f6583822617cfd589,11116bac421a4cace3cf943ea1d0347620f3a30a011753971ca24993023f5e05,4f53cda18c2baa0c0354bb5f9a3ecbe5ed12ab4d8e11ba873c2f11161202b945,QUAL-SHADOW-1,RUN-20260820T113852,2026-08-20T11:38:52.928740+04:00
ITM-b16cc486136d6422,c5520eac6b16b0612b32e3cf211245f821b8f908565e90a76be946fb61275925,1df05ebb5fbbe0a11f130335c5b3a19b310b8dbd5a2e97b333f42a9b64bbe46b,097113bece70a55e8d188e2c3bdac3ad6032b3a08a0ae98d2d973110b264c350,QUAL-SHADOW-1,RUN-20260820T113852,2026-08-20T11:38:52.928740+04:00
ITM-b19f56f106f4d9d0,0d57c8abfb6e2353d8704b4c2ce41e114fa1d8230d820d11c9bd2806ae88aad3,224aa5961ce09e4259beb1a71b1450d8ffa9b1aa3d15dfd99f69524e560d3aab,1814c23cdb4d3a95a3c1cb3562a1624475d512605e25ae763065b6a9e4588a74,QUAL-SHADOW-1,RUN-20260820T113852,2026-08-20T11:38:52.928740+04:00
ITM-b254b646ab9aef23,f0b04d9b262ea27f8453fbf61795f39477de6b408c634fb7b87b074808fdf5e8,b385f160b3b12ff2f84758ea0ec1138532f44c77ee9a7fbe31971255365a9334,2f230015162e5f2e760c3da266be748fbaeb49382d187003584b2b0c7fc6d634,QUAL-SHADOW-1,RUN-20260820T113852,2026-08-20T11:38:52.928740+04:00
ITM-b2a439e3d1533f8a,f3482368bc43b8d836b5002b4961f913db3e8cdeaacc8bb32492b62eb0b53405,9a996a1ed9e1c0e9e6cec26fb329f3e1beda3c205d1327c3286b12b0d823ebe1,4f53cda18c2baa0c0354bb5f9a3ecbe5ed12ab4d8e11ba873c2f11161202b945,QUAL-SHADOW-1,RUN-20260820T113852,2026-08-20T11:38:52.928740+04:00
ITM-b2b8dc0d3bc97d0d,9ad8307bb3b5890fd8f373abe47179d4312d30b4b466a82b6647761e9741e443,f65a28cfd3b03a34bf60dfae088ab76d73c2f273aed5435b6306ab97e3267baf,4f53cda18c2baa0c0354bb5f9a3ecbe5ed12ab4d8e11ba873c2f11161202b945,QUAL-SHADOW-1,RUN-20260820T113852,2026-08-20T11:38:52.928740+04:00
ITM-b2e59f48865b1285,aec40333f302b9ed9003141b4b6b4137498b556aeba955035e4a11ae48913622,28633252f13f5553f74b040c5805bda670acb6c47fa9f945e9c75f1426188116,4f53cda18c2baa0c0354bb5f9a3ecbe5ed12ab4d8e11ba873c2f11161202b945,QUAL-SHADOW-1,RUN-20260820T113852,2026-08-20T11:38:52.928740+04:00
ITM-b399093caeec76f7,d9452c05cfdc90a7d3a50529fc61cc55b9b87d0cef24c61db6c8c0bb33752141,c8f01f97425de55e9421bf3adcf08a4914359b780905728692341700245b8501,588712387720d6aef86f345507d85a39816f702e50090aa15c11cfae28786c94,QUAL-SHADOW-1,RUN-20260820T113852,2026-08-20T11:38:52.928740+04:00
ITM-b3f2d99e99e17110,8667b62febe3800245055b9307536f119cfd18a63e95d2845bc61d95db87100d,1a0ccde8e5177d26ade72027b367e26034c25b250a083fffa993a1d4aa2780da,4f53cda18c2baa0c0354bb5f9a3ecbe5ed12ab4d8e11ba873c2f11161202b945,QUAL-SHADOW-1,RUN-20260820T113852,2026-08-20T11:38:52.928740+04:00
ITM-b439381ec1c6ad4d,0dbb7e168643693b3e9db8aaf6d28cae22803fe2f61678b5af5ebd3b77d50593,c8fdd85adfa2ade078ac7fbde62358a3c9d7a7e26391dd817a4aae9508d3e6fa,4f53cda18c2baa0c0354bb5f9a3ecbe5ed12ab4d8e11ba873c2f11161202b945,QUAL-SHADOW-1,RUN-20260820T113852,2026-08-20T11:38:52.928740+04:00
ITM-b44ea012e26fdae2,eec2fa151bea2ffb8ea946c1e52f4528d3d01294564558c047b3a2bccbe27178,b133b34dcd1abb6165b2901ddcc1d5449c3fbc3dd0c24feb6e00d8cf940fe5be,724b2d1d298a6cc7cae384a2ef1402539dc8f60d9a8fab80d9aa8527f2c9b801,QUAL-SHADOW-1,RUN-20260820T113852,2026-08-20T11:38:52.928740+04:00
ITM-b494106fa068356e,826c1f5029bb35ecab048bf5e27dbae9936020672f7757aa465996a466a7c1c8,73d90f2751b48ef8ae9a71115a9b228be5ddc03231571f94c26eacc203b5dab4,4f53cda18c2baa0c0354bb5f9a3ecbe5ed12ab4d8e11ba873c2f11161202b945,QUAL-SHADOW-1,RUN-20260820T113852,2026-08-20T11:38:52.928740+04:00
ITM-b5326d76500a093f,c4fb7e1b90955b3d9f482ac1ad8e8c894af5bb132ae4ed3b7d5bc8c10e89d7bd,1e49b1162a74f91215a3446a10916b736ee09f1b7173940cbfe5f49f9de32234,f65789ca536be991db26d7edfe5225ef3756963805c86bf8e8bd0464d928ac81,QUAL-SHADOW-1,RUN-20260820T113852,2026-08-20T11:38:52.928740+04:00
ITM-b542aac24c6bcd5b,ecce3200cea753bdb72bd5183b763b9d6f0a5167b432fdb5df9147b86b7b4ab5,1b79f648dc9de23dd07f01ec0dfacca0db85be3365ad09c18a995046cc9570ee,4f53cda18c2baa0c0354bb5f9a3ecbe5ed12ab4d8e11ba873c2f11161202b945,QUAL-SHADOW-1,RUN-20260820T113852,2026-08-20T11:38:52.928740+04:00
ITM-b5fdd2d18d6b6f52,09af014986aeda6a400b31c0ca4c20ed3cc3cf3964032e5adbd089134209b0c3,529e58fdec5108631c0130605c48a5d6b0e0ee7c4839bbac1ecca86e70e4d37a,927c6b12caf4929a40c219d64729e265817992ceaebace6c937d34b44dc5ca0e,QUAL-SHADOW-1,RUN-20260820T113852,2026-08-20T11:38:52.928740+04:00
ITM-b633d519b65e766e,0f6005686c997101cb2799615ed96ffdefdbdb78d9178cba62c39e8902b08f85,e091b64c96f986fd3c6ce889867468a82b73b68c2d23aefb07ba82fec0121e24,4f53cda18c2baa0c0354bb5f9a3ecbe5ed12ab4d8e11ba873c2f11161202b945,QUAL-SHADOW-1,RUN-20260820T113852,2026-08-20T11:38:52.928740+04:00
ITM-b6394de3c04ade2e,dd41565830dd1c0e735f9c5acf6e208a5e3e7e54380a288faa59dd8ad1179aeb,41e9f8011d16da129c65be004c34585b479338a263229d424bb72caf27822a1b,4f53cda18c2baa0c0354bb5f9a3ecbe5ed12ab4d8e11ba873c2f11161202b945,QUAL-SHADOW-1,RUN-20260820T113852,2026-08-20T11:38:52.928740+04:00
ITM-b7099e3a9061d109,7afd3100cc4a381708025ede42d36038e3cb9b40a7f1d9736cabace245173809,8b87da45c380331fffba3e84e5b8dcf95fcb93eecfa13a3899db0782900fcfb8,4f53cda18c2baa0c0354bb5f9a3ecbe5ed12ab4d8e11ba873c2f11161202b945,QUAL-SHADOW-1,RUN-20260820T113852,2026-08-20T11:38:52.928740+04:00
ITM-b756d71522aca3e1,4c5344847c93ec20be76d2e8938a43653461064be9319aac7e1813c236e2cd97,ccb8331602fd47a2d18a93dd5e8e8fe0a3117efe7d636b3d9ea9967e1b655e95,4f53cda18c2baa0c0354bb5f9a3ecbe5ed12ab4d8e11ba873c2f11161202b945,QUAL-SHADOW-1,RUN-20260820T113852,2026-08-20T11:38:52.928740+04:00
ITM-b7ccfa4cc5840de5,594eff32d7659fa9cb0b481bdb017a7133f4766aa1c4f21adbc63545a183bfa6,b1fe4b6886807f0b2ac0d0b987c1a411e7fc6fcc4fcb5f8d47289757a672f16f,a2915af7651d5f935c507268b15b97c8dced53e0bb4a81541a3d3ef1a9085a4d,QUAL-SHADOW-1,RUN-20260820T113852,2026-08-20T11:38:52.928740+04:00
ITM-b83d200b5df2be76,6ed69d8efbbd6c4d21f228221620e08260a714c63780d3c216b37c69632984f7,3153a59ee8af0ef8aec0f8d6af660318ac95d255e85590bdb5cb59da1548d6c8,5fb1e63b1d59f6c70852d2e2c4186cc55a341040ea31b68e522d448bd17aec6c,QUAL-SHADOW-1,RUN-20260820T113852,2026-08-20T11:38:52.928740+04:00
ITM-b84cf8432daa801d,6cfe4499d69c4f978c7749196a06a5affb2b50b4f255465cdd0b23c3c88d4eb8,924e1ad87b91fdf4c3d8c8eb8a63cac14e35e8a0e530b515dd9ac54ca729f83e,4f53cda18c2baa0c0354bb5f9a3ecbe5ed12ab4d8e11ba873c2f11161202b945,QUAL-SHADOW-1,RUN-20260820T113852,2026-08-20T11:38:52.928740+04:00
ITM-b84e4685bfd4f8d2,5f5486c7a98dabaddce2267d6e5321adc661757fd665746e71b3e65cfe3d350f,7d6bb35df4787fb84038fb6b1dc67c57d747844f154d5d10de702744c197870c,2fcf77440edd658ff67cd4c4bd7e911e9ac12da8ef2e2b7c89d91f17e611e487,QUAL-SHADOW-1,RUN-20260820T113852,2026-08-20T11:38:52.928740+04:00
ITM-b8abe8026abadbef,6501c38a68693674daefc1f110861f9399ba4c4f0584e131beb2431c05e550d6,14234a426052fb7ebdcf759962ac8212d68dec63b0d1861ce46c478fdf4072c7,9a21b1e173125e5cb6b93f56f5474d59d47b8a830a6eb2844d81970b8b3acbd4,QUAL-SHADOW-1,RUN-20260820T113852,2026-08-20T11:38:52.928740+04:00
ITM-b8f59e73458e855a,12e5298ac435c0c32d260373e0fe28dd606dd17dce34b1dde596e043ec69ba41,f154f7041f4cc58fbbb768a920b1bb70b1919d379bee86929fc2f200cf27a7e3,b2ac319e75ec0568bb7d0e8a805757ab631a49d293696b5feaa58585587b2bce,QUAL-SHADOW-1,RUN-20260820T113852,2026-08-20T11:38:52.928740+04:00
ITM-b93a2aca2f972f30,190f3a6e6515c81b8f62f9434c9a2e600cd59188fd63faae9c5942942e340f51,a72cfbbc565b93471584b81986e6017ea0ffac721a87a743ec8d4358fcf4115e,4f53cda18c2baa0c0354bb5f9a3ecbe5ed12ab4d8e11ba873c2f11161202b945,QUAL-SHADOW-1,RUN-20260820T113852,2026-08-20T11:38:52.928740+04:00
ITM-b98ae133209fb9f2,e9d16f32b469b9cc5159750e14a2b21a5aeb7ddc57506c86c5a818b205c37648,9e883c49bb7dbd0606aeae18a31445d9d853169f45e524e7d500ad1da7fe9d0f,4f53cda18c2baa0c0354bb5f9a3ecbe5ed12ab4d8e11ba873c2f11161202b945,QUAL-SHADOW-1,RUN-20260820T113852,2026-08-20T11:38:52.928740+04:00
ITM-b9d29b65529747b2,f36c230bfe66c5635ccad57ddde1890f73fd63b6a4e6568f8b7abb58858cf3d3,412de35d718bab3ad2c22e7e301cb4ba1fbda34571cd86038e75e026022f77a1,4f53cda18c2baa0c0354bb5f9a3ecbe5ed12ab4d8e11ba873c2f11161202b945,QUAL-SHADOW-1,RUN-20260820T113852,2026-08-20T11:38:52.928740+04:00
ITM-b9d85bc9bae61ee5,449a7ad3169c18296256204a5daa28be3cd1d20d9b9122c7a6c4091fd0ca9da5,902d0554c294e05aeae40107bd4d7fb00ecb811e67491b18b52c49b3054404eb,4f53cda18c2baa0c0354bb5f9a3ecbe5ed12ab4d8e11ba873c2f11161202b945,QUAL-SHADOW-1,RUN-20260820T113852,2026-08-20T11:38:52.928740+04:00
ITM-ba1f25b580e58fba,b785064871031892858ef6b579d2e06b0e0ef77ef73c7eaa614edb7604ede778,095af6f6202f723bd2f445b30ae2b3563c5b612a96f0f2c6970d5e648733c622,4f53cda18c2baa0c0354bb5f9a3ecbe5ed12ab4d8e11ba873c2f11161202b945,QUAL-SHADOW-1,RUN-20260820T113852,2026-08-20T11:38:52.928740+04:00
ITM-ba8b77ddf30be74b,44500d1c8f16c09c740761ab036c2b0fb1f113959cf4718b8cc74af75075fb03,2e6eb84768f97c39a039b90e7d87a70adfbfe0018d713b29e9b229a07b176af7,4f53cda18c2baa0c0354bb5f9a3ecbe5ed12ab4d8e11ba873c2f11161202b945,QUAL-SHADOW-1,RUN-20260820T113852,2026-08-20T11:38:52.928740+04:00
ITM-baa0fb47fe88a88f,1b397cfd41029cda26ec7bb6a8f40168749d19e30f9581b09b93065a2ccdc2ea,e2dbee545cf0d72a9476c4acd9a21c44200213e06de4de36bc69d025e9b8294c,2b40b4b1a1361f6fe0c5edb3c06da9afe7c205fd751fdf058c4ccbf042e6fe03,QUAL-SHADOW-1,RUN-20260820T113852,2026-08-20T11:38:52.928740+04:00
ITM-baae2bcc12b6b999,4e9ea5ba33318c853d0cff3d15356ac787c296975c439e50006b9d74b12a2d34,c060f3ba7d26e48e8f074ed16bc2b55c0c01976da93607be88d6e64961ee3be3,bd787f8f4d61c3e94f4cee05d42986401a415ddef7299c475e69fd6189beb3e9,QUAL-SHADOW-1,RUN-20260820T113852,2026-08-20T11:38:52.928740+04:00
ITM-bb0576894f6aa30f,edeb98fa5d366a75e6f0d7fafe6747dafde1bb9b177fbefd8a50bb3338c13a04,feb7d44125f85e884b5a729527b01b8f44adf9974389b8e8972e45f37be8272b,09d0b85c75b780ca9920c0a17219c8b1ca52d06155cefdaa43839cb485737400,QUAL-SHADOW-1,RUN-20260820T113852,2026-08-20T11:38:52.928740+04:00
ITM-bb13d17602511733,6fbeb8027be8a6f51d32d916a6d5e46569268287d3556a4b9d6fc6d18ba59f95,444c5ca9c5934c5d7b9c1c7238fbd1a5ec3e0d11fb07d583b64e75838b571d39,a34805be45fc2c91efba4f864bc069cdd68851636cb6b6de98a1c10a3ac958b2,QUAL-SHADOW-1,RUN-20260820T113852,2026-08-20T11:38:52.928740+04:00
ITM-bb56377a9973ada2,b03806fe087d29d70b2b29cee3e3471b41df9dc723bb27559da7ba468e3bed77,b8abef648c2e619c5492ba39cff218970bc97a6373f5dc3f9ac1a5f3bd3e49d8,4f53cda18c2baa0c0354bb5f9a3ecbe5ed12ab4d8e11ba873c2f11161202b945,QUAL-SHADOW-1,RUN-20260820T113852,2026-08-20T11:38:52.928740+04:00
ITM-bbb320037d561b6a,19504ac197a385632f37c6d88a36e931c55c8984e9da99b279162cd878cd8a55,7d00a750be28ea3ec1689e496dd2c68c88e0b24a8c279800b28b6a24092cc032,4f53cda18c2baa0c0354bb5f9a3ecbe5ed12ab4d8e11ba873c2f11161202b945,QUAL-SHADOW-1,RUN-20260820T113852,2026-08-20T11:38:52.928740+04:00
ITM-bc4cd90ae231a88c,18f66de6ae371690d3fc119c7927bcb261355c4c7f55ba72675285206392bee1,3d82b95f998b3835db8c58ec5aa25bbcb276c8e42e35a1e8f05f0de833360611,4f53cda18c2baa0c0354bb5f9a3ecbe5ed12ab4d8e11ba873c2f11161202b945,QUAL-SHADOW-1,RUN-20260820T113852,2026-08-20T11:38:52.928740+04:00
ITM-bc6df761f7629ee0,ca3db1072c0ea6f6891091be5fdf50f2142d05fe657f9f91ceb1cbd2a48b8603,630e0e84bc3f7cbccc4ee4be4aba9bce2ae98fcd99a1b69473fc79a86c7bba35,653c224561588f11be3188f00916de04a361edea7b1aa69b6956ada5ac21d0c1,QUAL-SHADOW-1,RUN-20260820T113852,2026-08-20T11:38:52.928740+04:00
ITM-bc8a73cd227f3239,e3d13694a442560e0aa17da7c00dc541914cf5b217e37cf38ff2fc8d10516e8c,cb6de94e2ece6625f7dac260b5512bc881c41ff44631aee0d6dd3afdbb7f06e2,3c10141df5a0a941716c4a2567ee759cb6896129d3753c6a33c57b2dd3c95c9b,QUAL-SHADOW-1,RUN-20260820T113852,2026-08-20T11:38:52.928740+04:00
ITM-bc95baaaefb63a6f,308ec3555174f3d1987c28dfd1fed294742e29e558184296ca7e9c64dcac81c6,8861c3b9b5f69d6799ab3f9f09b0ef8e1265419184afa5ca271bbf5447e6d739,4f53cda18c2baa0c0354bb5f9a3ecbe5ed12ab4d8e11ba873c2f11161202b945,QUAL-SHADOW-1,RUN-20260820T113852,2026-08-20T11:38:52.928740+04:00
ITM-bc9e362299d10a42,62775dfcf3d2381f2ac5c97b1cd7eed5d17b2dfec890d6ced9cb32176c6a81f0,f51e717f1af9e3138310bc0965878ad696d2d61a130975251549e8b4e5aef469,4f53cda18c2baa0c0354bb5f9a3ecbe5ed12ab4d8e11ba873c2f11161202b945,QUAL-SHADOW-1,RUN-20260820T113852,2026-08-20T11:38:52.928740+04:00
ITM-bd11c7e485a09175,bcd267377c31938e6e1312e37e4b4e3f969672e3811e4b9550aa505bc5424be3,88f291e94bfa9f808a1844f546fe4b2fa2780cfa32d827c8ddf2be6276d8b0fe,4f53cda18c2baa0c0354bb5f9a3ecbe5ed12ab4d8e11ba873c2f11161202b945,QUAL-SHADOW-1,RUN-20260820T113852,2026-08-20T11:38:52.928740+04:00
ITM-bd52dba21c00c966,39bf105f743e4681fda98e3bebf622f98afa1c9c8059a4c468555e4ce6848515,eb07b4917490aaf44f03a601bdb9b975c3db266f4a92e4ee217d01db6fa50170,4f53cda18c2baa0c0354bb5f9a3ecbe5ed12ab4d8e11ba873c2f11161202b945,QUAL-SHADOW-1,RUN-20260820T113852,2026-08-20T11:38:52.928740+04:00
ITM-bd831565d9b32054,ea035c197649bc696759cd56f770ac1f18452d35f97540b6a87da0b72a751cd9,c1379b5e8dc9e0bb19710993859096e35f67b5bcf48c9bb8db0cfcb6a8357513,397f3fd5e64244e73f2819a3dcb6b58599857770d7125be1d9179a7243dd0aa1,QUAL-SHADOW-1,RUN-20260820T113852,2026-08-20T11:38:52.928740+04:00
ITM-bd9e3b1df8c48f96,3875c0ba2501c63aa3b78649b1bbf984782fbc0583d1c316b8f862f313b2b4f0,cceb6d121c866db13aff6bd0e958ff8b4c3cfcb4f2278701aff709b961ea0c28,4f53cda18c2baa0c0354bb5f9a3ecbe5ed12ab4d8e11ba873c2f11161202b945,QUAL-SHADOW-1,RUN-20260820T113852,2026-08-20T11:38:52.928740+04:00
ITM-bdcc43d12bf37809,64d2754e47ce0af983ddfd3df59f65a82e1e5104f72fdc20c62d2c8d737d6b86,8a69fbadd6eecf871fcbd69610aef4b5aa4c74240a6b818ea83d973e59020dc3,4f53cda18c2baa0c0354bb5f9a3ecbe5ed12ab4d8e11ba873c2f11161202b945,QUAL-SHADOW-1,RUN-20260820T113852,2026-08-20T11:38:52.928740+04:00
ITM-be38d1b0fe5af572,026f2d177b2ca6c407aba7b7d99d2441d9727014aba5057cbb0cdae0aebb8112,346d7d0ad392928e2f1b6a2c853ff19250bf5e44f8a1448955cb6f77378b9da6,d2c25bbc285e9fea023b6e7340b48d67c84ebf09d7e18d8cbafde5600eb1f887,QUAL-SHADOW-1,RUN-20260820T113852,2026-08-20T11:38:52.928740+04:00
ITM-be84f4700e6a9051,04dab44bd498ed5d4e165fcbf7ab4d8c427ccc55c51c48a6b43cb6bdbc3ab7c7,5721965f011b6ec0854d43baf344ba81c44058ca76b7f547d3bffcfb86501bf9,4f53cda18c2baa0c0354bb5f9a3ecbe5ed12ab4d8e11ba873c2f11161202b945,QUAL-SHADOW-1,RUN-20260820T113852,2026-08-20T11:38:52.928740+04:00
ITM-be911ee1e26ce916,602f383c8572367149bbb8167952d9b1d4227aa85710a372af71e04f47b97f24,1ba98fd9ecd5b57ab2a610926b0b5eb497bd5838ac89f513c789552c23237eab,4f53cda18c2baa0c0354bb5f9a3ecbe5ed12ab4d8e11ba873c2f11161202b945,QUAL-SHADOW-1,RUN-20260820T113852,2026-08-20T11:38:52.928740+04:00
ITM-bef54a4a3bb5c9a9,9311ae8b824f8b4c4979e70fb1cdae1d0e7b5e87496edaaea6f82b59d522a37c,2e9887033e2df2ceb4e02526b1ed973ee8e39d7513f244e1baeeffb829838bfd,4021f252e735a208631ec2d0e8373c14f3b452298e2a5fdda65ae5e7d32bf485,QUAL-SHADOW-1,RUN-20260820T113852,2026-08-20T11:38:52.928740+04:00
ITM-bf5c091ca84d0052,acbff2f818e0fb9919a751028776414cee9914c4ef270fda7c4df8cc07984b38,9a0acbb5edb32cd65df28b427d9907c293747f2dcf7ac393c6f8e8c764b58c19,6006dc304f6a2dee46a2777f6d7f2e624fef5064a393879c35a744dd5e714c3e,QUAL-SHADOW-1,RUN-20260820T113852,2026-08-20T11:38:52.928740+04:00
ITM-bf749ed5ff0d8336,a2f43bebc3031e333897e9a2409932c5c96502c01c7491e9daa9a706e5383775,bbb6366f615e23c8c8f3cc1dd37ee978fa399d4e1e866ab51be01024436e7dc6,95d4cdc6abff37a4de0a9150132bb71d20d19ad651bc93a032fb7a22ce79f255,QUAL-SHADOW-1,RUN-20260820T113852,2026-08-20T11:38:52.928740+04:00
ITM-bfc6a693480fb347,cec66de113c8649bc940fd419cc094fc8b13bb140e0824d9025b18ccfe64b008,d38026aba6830c2d4d8a71af8a2456e42537a47ce2df9f8635e67d09163388d5,02479de890704bda43e71e029c5b00422f72e35512d5ae1c0ba807f88c9e37a8,QUAL-SHADOW-1,RUN-20260820T113852,2026-08-20T11:38:52.928740+04:00
ITM-bfd05428131d7138,5788821ce0533eab849e5528a7d8b3b7c55a9f0f0df94e9c245741f45bb9ac3a,b1a96f5755637326393d76ed860de01b4edc8fcd7def323e11e02fbceb2a71c3,49f001e907a45ccb4184327fb0bf3487f880ab45886534e02e257b761bb77ffa,QUAL-SHADOW-1,RUN-20260820T113852,2026-08-20T11:38:52.928740+04:00
ITM-bfd8e6d2d0921066,cf7041fc8dde6b41809f44701790aebb42a63e99352c27fc8e9127f39682a289,1db8e1e2dd3bc2cd21278f7080ed1315d74c788b0c1c119edde6324f32443b3d,4f53cda18c2baa0c0354bb5f9a3ecbe5ed12ab4d8e11ba873c2f11161202b945,QUAL-SHADOW-1,RUN-20260820T113852,2026-08-20T11:38:52.928740+04:00
ITM-c0014f29d9b132d7,5090ec35d47cfce1e73c63d71c2b2dffdb7e4e1aff2ad3ee5b866dd822dad6e7,7357453da28c9e711faf100019a669ef924b2c0b2c18a66d326b0237b7854358,4f53cda18c2baa0c0354bb5f9a3ecbe5ed12ab4d8e11ba873c2f11161202b945,QUAL-SHADOW-1,RUN-20260820T113852,2026-08-20T11:38:52.928740+04:00
ITM-c05241ed01d8b313,34574eebeb4b3701cd230a48895910e51c2a4b9383f6b140d172e38a9249481e,449cb06bfc1cd8e1346b0efe0e10917bb7c2a7b76a9d0f6eba487a2240e43b34,4f53cda18c2baa0c0354bb5f9a3ecbe5ed12ab4d8e11ba873c2f11161202b945,QUAL-SHADOW-1,RUN-20260820T113852,2026-08-20T11:38:52.928740+04:00
ITM-c0642652474ead00,3a6b7ec9dd0f48f40ef7b97f2b6913660db0974b7863c0f373d3a37f528bee58,2c87cb43e331607beb10e80f12002310ba1ed635842a4d310411700b15426b02,ef971abb4dc2c98fd4568f882ed50e2fe9ede0a6e2e63630fd74c836dc242adc,QUAL-SHADOW-1,RUN-20260820T113852,2026-08-20T11:38:52.928740+04:00
ITM-c0a596a3dca82a10,ef1cab761c509b5c127119e75449c779cb4c0e9e7228ea895d41b7be00cc1577,df139550b139fcb9076c5b9d07a87501b68d0797bf995ea8deeb74a3278c3a29,a56fadc3a25c79b36924a2df26bafd61ed0bf481ac0736196902b2fee99db51b,QUAL-SHADOW-1,RUN-20260820T113852,2026-08-20T11:38:52.928740+04:00
ITM-c0dd7d9d53fb5987,6b0e7cb84641106cc9e591dea30bad01df66e489189250e85b670b7ac5580be5,58eb0f7b5294f39dc2e097940b304d9a9c45fe26bc98c534d2e566021e4d873f,3629860bfd989a7b78935b0555d9f23c93c986df419466f9e571bc101eb0e5ae,QUAL-SHADOW-1,RUN-20260820T113852,2026-08-20T11:38:52.928740+04:00
ITM-c1696804ee7c16b8,3c9637dd80b31df4613d78b601165c3ec2e11de3b42520f64a8c0919bce5a253,9a6b58883495aa73d7e959d2d209849c06d37dfa390b8017068847467500afbb,a87ce6ef60adb597cf958f05bdefe2d32e7668baad7be278a24ba1a1683ae8bc,QUAL-SHADOW-1,RUN-20260820T113852,2026-08-20T11:38:52.928740+04:00
ITM-c16e9eb6c929d646,bb0e2fe04c39d377beda3f7edcc45fcf0be00253d2f71caed692eb92ead8c1eb,4e2635e9b15a92978ae376984802c20d459816736c1b2b2fe02b2b637acb7056,a9fe3eda1c1bab6c1aca0352fb437f5003e340a2729eb6f328fcd3628954083e,QUAL-SHADOW-1,RUN-20260820T113852,2026-08-20T11:38:52.928740+04:00
ITM-c183629523269186,a0ff5afbd603c2d0855ffd88d74cda91d0c892fde8db54e61e78890bf65f54f8,9a3f10f32da986b9932e5a8e1ed511efe865ddc99745680828f77097554a0d17,25115d9d3cef31835f87906763fef7f2970e698d58c86f3b51861378e64ceccc,QUAL-SHADOW-1,RUN-20260820T113852,2026-08-20T11:38:52.928740+04:00
ITM-c1c803f9c97e7fc9,6f6b6094ab0e9e643c6d13f52f47da3883eeb6d731269137de30297c2c6695aa,748c25343e7a9e610c0d9f4f45a0873ef32300dbaad190d687050c223ca5b5d9,2b113127f22912a011a0d758cf96411e5930b62243f8400b16169bae0fc0b462,QUAL-SHADOW-1,RUN-20260820T113852,2026-08-20T11:38:52.928740+04:00
ITM-c1d763ec6a8ad2e3,5739ea6f79493b8f8f355f8a61a08c60ba1e2512908f302ad8baa0b56ce64283,c5941b648699469db885fa07c81d3a49521cd3c57730276c106405cba713a2db,22c172e65210354f21fbce448f536289975d05a8200460ebbbeb7a8ddf4c4ddc,QUAL-SHADOW-1,RUN-20260820T113852,2026-08-20T11:38:52.928740+04:00
ITM-c21731189ef7c509,3b778ec4cbfdedd71e80286d45828d230433327c597cb981d534ac45899bbdc2,e7930ec19a2ec142f231fb558f0c815139f39e9942dee16019005c1867e7322c,abb75c9b9334004505e48214ebcaa010a9886b69a616265abcbad25fa8cd1b2b,QUAL-SHADOW-1,RUN-20260820T113852,2026-08-20T11:38:52.928740+04:00
ITM-c24a41afa9a4ed45,b116cf10de027129975acd3765b050b22b6a3fbbef87337b033ed12ebfa6fa7d,f5f2413d3f94ed8e08404a9dab6be24a1cc37fb2c960e530b2eb5daa061418f4,76374648d1e9ace1301ba2e0b855ce3c467a52b0f07d4244ac2a882d7f80a8bc,QUAL-SHADOW-1,RUN-20260820T113852,2026-08-20T11:38:52.928740+04:00
ITM-c2afda4adb1fae02,865fd985757865dca82229db34a1e84d65d16b74272fc862829db1f26d63a81d,3c3b314b10de4e4cebe603a0de12dbdc7c93eafe53562512c83b8e78c63efd79,1527535f4aba5f1e08e5ce73c0a20f1e21b1c667067a03dff757806a26141ab4,QUAL-SHADOW-1,RUN-20260820T113852,2026-08-20T11:38:52.928740+04:00
ITM-c2ee72fcb6ba89cb,b8cc715a900a7323e3c5f829c37130e80836c946201814c220b51dacb448e882,01e42cc3b4d0d34aa0ece49e933233417ca307390e0a4ce1c44146d1f060ee45,30cee57a23623ef1db53a99047557d92bb83ed57be365800118484a2be1821a5,QUAL-SHADOW-1,RUN-20260820T113852,2026-08-20T11:38:52.928740+04:00
ITM-c36adf82e2aed6a3,27717223ab31884513cacc205f7127537e479be7e1a23adc61efd48bc9d40f6f,041532643a11a695167c25ae62d761a04ce87068691801605d6085be1bfe6d68,4f53cda18c2baa0c0354bb5f9a3ecbe5ed12ab4d8e11ba873c2f11161202b945,QUAL-SHADOW-1,RUN-20260820T113852,2026-08-20T11:38:52.928740+04:00
ITM-c36d17638bb274fd,5a3a651df176a0aacdecbcbc4a5e3dd63e0de6daa29f540f500154bed5a9315d,46c6f932dd1f29653e7687113c5fc285ad03fb5d46b2e7651a5976ec32a67694,e449c3ee0148993329adeb22c0795688851150e70b854dfd5280acec92075777,QUAL-SHADOW-1,RUN-20260820T113852,2026-08-20T11:38:52.928740+04:00
ITM-c36f9e339fcef7c2,746f45611cb742b5dc517d1b97b40afaf7e369860e731566563ac0e8467e87c2,8ca93d01071bc8bad035473e17c85fb63736f1c432a880bfb0224c4d9c121240,4f53cda18c2baa0c0354bb5f9a3ecbe5ed12ab4d8e11ba873c2f11161202b945,QUAL-SHADOW-1,RUN-20260820T113852,2026-08-20T11:38:52.928740+04:00
ITM-c389af547863c329,cf0b7f621909a8637e9859d706d862c55b3efd76caf575b7c06b101a8458f85a,e190865c78316b59a99fd0e82e6949bf7197c3545f82f5867ffe353ce8fece8d,fc972521b2b6b2958c6b025a5f0ab84d815542165c367767ba0ba53f089ccb99,QUAL-SHADOW-1,RUN-20260820T113852,2026-08-20T11:38:52.928740+04:00
ITM-c3aec95bc556f24e,08ba9acb81ec56ffc7ed6a6eb7481bdc085e00d14c6208fa004e9910b603416f,cc38cbb4494c5ce6e6ec15afab69c72bbbbe3c1fd08705e7635a1b36fc89fe8a,71ddcf8c5ef6034aa9b807e5cc3a3cbeae5a859ba0fd209274a5471771107453,QUAL-SHADOW-1,RUN-20260820T113852,2026-08-20T11:38:52.928740+04:00
ITM-c3c7300aaf9ce1f3,bc9817f2cf4814e3402c2fdc39f2f0b9fd8edbbdcf762ef7e4a11583718fe8dc,fe7f67c53355ba5c8c17e175ad9ce153a64f73b2cc3ff8e7109fc14404ee79a4,9b49316577fe7670104de7b7a46cfe0d4d2fde0db33f8ecf57672b19006ebca3,QUAL-SHADOW-1,RUN-20260820T113852,2026-08-20T11:38:52.928740+04:00
ITM-c3e189cc721c6fd7,938488655dc43d1fac386596030565d9f13c43cfaa01c8a831a1acf7993c4aed,f12955d953bc9c4e238d32b42ca26c107b73ca1cb689ba6dc71998f7eaa176d7,653a31801bb58d68d66af1e70e09e224b1e58efb135658c5bbb811b9779802bb,QUAL-SHADOW-1,RUN-20260820T113852,2026-08-20T11:38:52.928740+04:00
ITM-c44fd98342a51f6e,087099dc3725027727ec8407cae47d42b333ef3a2b22ce822247d229c1207cc8,4fa60b5be5c4411a981dda442fa9a29c4eccf02cf7d782bf21369d04ce61b91d,4f53cda18c2baa0c0354bb5f9a3ecbe5ed12ab4d8e11ba873c2f11161202b945,QUAL-SHADOW-1,RUN-20260820T113852,2026-08-20T11:38:52.928740+04:00
ITM-c4b4c011082dd04b,232b316f9f72ec84ebed5bc97d57fc045e45da5b1ce9d0394cc9ee9be578a0d1,6ecc7857b9f81493e8cb72dabf308e679940dfd0408ec5bcbffcd37907c44da9,9e3d88940f9e8fbf1948fd37660bd3146c5382ea8d70f4c656c3f3adc2bcd956,QUAL-SHADOW-1,RUN-20260820T113852,2026-08-20T11:38:52.928740+04:00
ITM-c507b969927dad37,dbf02e53ad6155dcd449b0d865298acc3bad0e8b68fdaf21437f33fa467c0a02,2992e97b6793dff9599fe4bf8440177040d261d0901a64b708fb1d1123043d3f,3cc7a3cad1ddbfbca30d0d4f4273ecd9e9a8304ca63b1d9705caf8e025a0a74b,QUAL-SHADOW-1,RUN-20260820T113852,2026-08-20T11:38:52.928740+04:00
ITM-c538f9c068d04c25,a3a0a7f2a4afdb763da464954f656c034fd9c864ae2817a335a4448995e91887,8830521733cc1d8853e4e8dd7f87947342d5708906d3d4de42fe34ebc41eef0c,4f53cda18c2baa0c0354bb5f9a3ecbe5ed12ab4d8e11ba873c2f11161202b945,QUAL-SHADOW-1,RUN-20260820T113852,2026-08-20T11:38:52.928740+04:00
ITM-c55ae9e6cb1ea980,454ebf07a0556e7666d54855f57ad17794c63f45fcab82f6f9236b511de62ff4,1fa0297c926ae15742193b13c6e6a23b56f3cc4e0a97c179a286d025f9d31c90,0db500cee6895424c7ce7e0fee03826088cb4fdfa318cde5f3d9310f292ca891,QUAL-SHADOW-1,RUN-20260820T113852,2026-08-20T11:38:52.928740+04:00
ITM-c5861529ddc6e2b8,f8090539d87c1d93a034d24685d4e3f4e9c61f6c693e1182397bb804b0d8fd0c,939183e7a33ce4bbe27cb3e9cddbef0afc3e4fb5a466c2ab7a4e9e5bb177a656,4f53cda18c2baa0c0354bb5f9a3ecbe5ed12ab4d8e11ba873c2f11161202b945,QUAL-SHADOW-1,RUN-20260820T113852,2026-08-20T11:38:52.928740+04:00
ITM-c58f43838542b80e,dce68c04f4b539f7e8726d30057a3ee7dc135e636881bb693717cc2711a8f5a9,05c334517686f6059d1b133ea0bf7b713c5a65f1a6d139351296c619e08f30fb,4f53cda18c2baa0c0354bb5f9a3ecbe5ed12ab4d8e11ba873c2f11161202b945,QUAL-SHADOW-1,RUN-20260820T113852,2026-08-20T11:38:52.928740+04:00
ITM-c5b1a45c1f6d719b,21ad8a789bf65a5d0d6d1c83a741f0ab7feb12ef2432fbbda1a5ccd0ef78b65b,0653a178e21661cd1dd2443ecd95f5e0d69a995324e04cef3697d88407994a51,1d1c8cba10c7d19ab431b672e3f1c0a6e31ce706a8dc866eaf32c71ef3e086d2,QUAL-SHADOW-1,RUN-20260820T113852,2026-08-20T11:38:52.928740+04:00
ITM-c5c173e47248dd47,b8d005ad9eb857d82e8f43ff48a00fc6e98f1f259594d3caef6a632aa970a1d4,e4b58257044f063b7d904aed9e6626a4bf453d5fae36516f9fe8ddec72de6faf,4f53cda18c2baa0c0354bb5f9a3ecbe5ed12ab4d8e11ba873c2f11161202b945,QUAL-SHADOW-1,RUN-20260820T113852,2026-08-20T11:38:52.928740+04:00
ITM-c5d6e68764f9a13e,9c2462e706f288624016a0ae0ce3665cbf553044088be00dacc8bead09c3bce9,a0b89037895b3955b35e5549dcc7704e3ba1214b13d096a1762f70a33e6bda6f,4f53cda18c2baa0c0354bb5f9a3ecbe5ed12ab4d8e11ba873c2f11161202b945,QUAL-SHADOW-1,RUN-20260820T113852,2026-08-20T11:38:52.928740+04:00
ITM-c60c614239f45a5a,13ee696dd5954e28f1b2815a0e15f82f0f7dec5db2c6935ab1fd016af33cc765,40563f191abb40df7274a0af5ca6a2ddcd69991c8f9269e2a22a7a5c5dfde842,fa80f41dd061853e5d4ca1968f104e1ada8ae5aef92384136fdff74c345818c3,QUAL-SHADOW-1,RUN-20260820T113852,2026-08-20T11:38:52.928740+04:00
ITM-c621479dcef4906e,46185f3577759b297c32d5291dce3f36198cf9c56d9f5b113b6bb9bd768de5b7,23323d84778ff6765833635eceda382d4533d2dbbc48c731cf8e62946d092ed0,4e1f98fed3679f2931b38e72d0622350b2ef4cce2fa68c1baedc23ae35a13d81,QUAL-SHADOW-1,RUN-20260820T113852,2026-08-20T11:38:52.928740+04:00
ITM-c67b5d5ab01b9115,a0dbe5ac2dee4773902df68d6facfb90fb7e313984795c10899e378b63d82b9d,4bed0773b2ccd7df0a1094e3bbc0b3a617511dd9122d6d2a01c74f5ca3fc4705,4f53cda18c2baa0c0354bb5f9a3ecbe5ed12ab4d8e11ba873c2f11161202b945,QUAL-SHADOW-1,RUN-20260820T113852,2026-08-20T11:38:52.928740+04:00
ITM-c78e4e6f84e53d74,bcae759f7fc56bf1395db191a5c38e1a9c5208892ab1141df536ff6c56cea2a4,4078b3efbc432f4fcd6f7ae4861186e22fda707bb1bf1a2ef9739c9122dfe93e,4f53cda18c2baa0c0354bb5f9a3ecbe5ed12ab4d8e11ba873c2f11161202b945,QUAL-SHADOW-1,RUN-20260820T113852,2026-08-20T11:38:52.928740+04:00
ITM-c7e78c27eef98f6c,c6e1024ad05ad98a89eb0dd4d737b41b114d43bee2786e65583e486a4a577557,b92cf6fb5cb82aeb4015146f73805bff9a9b72aea3707536037dcf6070721e33,4f53cda18c2baa0c0354bb5f9a3ecbe5ed12ab4d8e11ba873c2f11161202b945,QUAL-SHADOW-1,RUN-20260820T113852,2026-08-20T11:38:52.928740+04:00
ITM-c832da4cf95fd1f6,be70963602b7ace79fafcbd0bfea62ae39597138ae26e2a7897d082406109e2e,f6cbb341437e02aebc3b94be1c7d0b6e053a06d800913ad0e635f9630ee2d0bd,890683dc1bbbc23a720cfd38acdb47463bce42bc965188ae41f9c4a09fcbbe4b,QUAL-SHADOW-1,RUN-20260820T113852,2026-08-20T11:38:52.928740+04:00
ITM-c842c5f7cd3989e3,445f8933ea574831397bdf830f66e9a10276ea4bfcd2fe59f6afc511695081b3,010a553b6cec7d77c78402a19d3dc50ff41c50caf2cd1b0011a036f0d3c78f5b,e5e44ddc22f540315b3bf4c95e34dd2a921eea6211195a12ca3f332308bb2499,QUAL-SHADOW-1,RUN-20260820T113852,2026-08-20T11:38:52.928740+04:00
ITM-c85694f011094907,c7f5a14dff505d9904a199dc805cdb240570448190d6cf73bce66e2266174a55,aec6795890994ea6c92f9ab6283af3b89f69fd7cd56341e545a4f8cea9518db4,4f53cda18c2baa0c0354bb5f9a3ecbe5ed12ab4d8e11ba873c2f11161202b945,QUAL-SHADOW-1,RUN-20260820T113852,2026-08-20T11:38:52.928740+04:00
ITM-c9580edbb16db01d,a81f431763d0a7718c5a9f4409cb1acf9bbf2f447803e52b5b638d42b2b06de6,393d168ff4bfc0ef13dac7628b46a4366646bb454f301d49879945566fcc60d0,4f53cda18c2baa0c0354bb5f9a3ecbe5ed12ab4d8e11ba873c2f11161202b945,QUAL-SHADOW-1,RUN-20260820T113852,2026-08-20T11:38:52.928740+04:00
ITM-c98e62d20fec910a,2abac9fa8e69bb1c2533760723ce512b42bfb0f74b1cb24ed9fa6b39138e3cd2,480e6de3414f6ce67787f34ae7b3234b2d74d0ed3d9c1a3ef3bb85ea7857fd80,4f53cda18c2baa0c0354bb5f9a3ecbe5ed12ab4d8e11ba873c2f11161202b945,QUAL-SHADOW-1,RUN-20260820T113852,2026-08-20T11:38:52.928740+04:00
ITM-c9fed154f8e2461f,8c5b66586ef8d1574c0cf90453c500e3d27af92c7e3921247bd16e1455a1297b,324cc7eb775e3ab66fd29670436f9732a201a03786e05efddf3a18d77d126c46,4f53cda18c2baa0c0354bb5f9a3ecbe5ed12ab4d8e11ba873c2f11161202b945,QUAL-SHADOW-1,RUN-20260820T113852,2026-08-20T11:38:52.928740+04:00
ITM-ca067630b425e2dc,1299892632a6b8fff187907cb07017d1252ff19fc9661ac187901ad5cd8b9e05,48548d7956ffebbc4cafe06a193b0606197dde2be15a6f48a9a0835c1c5c5179,f670d1c2e120d747dc7df044d40217c24ea3ad547c2a52f07c4fd3cd07806603,QUAL-SHADOW-1,RUN-20260820T113852,2026-08-20T11:38:52.928740+04:00
ITM-ca7f0a3243815e6c,c8351f35c892ca2c7c5d78c3c4fbe05c3cc12b25ff3715ae42c89ccc0211b856,1b69da1561a126859f0e4cef10429aabfeb035d0ba1cad6e3ffc2b2e47016847,4f53cda18c2baa0c0354bb5f9a3ecbe5ed12ab4d8e11ba873c2f11161202b945,QUAL-SHADOW-1,RUN-20260820T113852,2026-08-20T11:38:52.928740+04:00
ITM-ca8b03dfc8c45eeb,90f662529d6ae8ebf4d5edcbb868e38234f400c4b57eef54ece30a451f895c40,535c4b1f7859650da87e62a0787dcbe535a4a13f8f40f6cf457e9196cd68ed97,ed85b0fb5efb6c756e5d72862a1ad176087dca25eda9f1cef3d7824ed069901d,QUAL-SHADOW-1,RUN-20260820T113852,2026-08-20T11:38:52.928740+04:00
ITM-caeb675602bbf77f,06fcea5e9c2a7563d02aba5a0dafc86353883250a164d8b9b4e1891540390bd0,ee348067bb1f2870e88ebd0fb35e6c653db5efbf065a0fd875c9188ecde7ebb4,f2d9e7d7fcdb81d6b34fb0d97e4a6d139049249a2e73403f64cd78834d02b0f4,QUAL-SHADOW-1,RUN-20260820T113852,2026-08-20T11:38:52.928740+04:00
ITM-cb125fc4a05c20db,14efc54a6bfaadb1b21437a69dc5d3f1fd25ff47858adc55cd523a10138bfb93,52d8dd47708d4ac0dd04d5d5b127598a3d563d4ddc90e50346630437a0fa4e09,8d2eac60d21642a9473c7dc1545becc8552876bb848e0c7e5b2d59be6a4b552f,QUAL-SHADOW-1,RUN-20260820T113852,2026-08-20T11:38:52.928740+04:00
ITM-cb88c9b2a409830f,557dcab13ef8b6688ce3038bf0995668fe090a503e632d971973ca7230cd7ae4,78307d7ca15a958565dae02b835b2934c1d0d56108c7efa4b4f6721b31cbb02f,4f53cda18c2baa0c0354bb5f9a3ecbe5ed12ab4d8e11ba873c2f11161202b945,QUAL-SHADOW-1,RUN-20260820T113852,2026-08-20T11:38:52.928740+04:00
ITM-cb938c2a8dfa6eb0,b911c5b3afa816b03ac0ec9908184e78042560939bd6c0fbd5c495313c2b6381,7566e3a2f12fe3a011fe7306bc17cf174c48579267ece39ad0d518246387e9ba,4f53cda18c2baa0c0354bb5f9a3ecbe5ed12ab4d8e11ba873c2f11161202b945,QUAL-SHADOW-1,RUN-20260820T113852,2026-08-20T11:38:52.928740+04:00
ITM-cccbb065e9daf7f6,067d4dcce6621b9191499fbb11874864ce1412af8094810ad958b1b5cb94e57d,149e07aa2e43eea4b85674654fc978b3d1acf3ac94c438248c1122e3b85c0541,4f53cda18c2baa0c0354bb5f9a3ecbe5ed12ab4d8e11ba873c2f11161202b945,QUAL-SHADOW-1,RUN-20260820T113852,2026-08-20T11:38:52.928740+04:00
ITM-ccd403e172173939,392ee3c86a1974c9df728a6bb34873e8a14ec99a0d31fdca3aff62e65d8fa240,8f0d4d1595a48aa49f56b702d0cbe3a63b502be8e99ac9d5c3f1d093c70386fe,161090b490df7a21a195961549b4786b49f09f222bf9e9a4603c875c3dfed39f,QUAL-SHADOW-1,RUN-20260820T113852,2026-08-20T11:38:52.928740+04:00
ITM-ccf5491ab2cd980d,7cd6fd7317dfd3c9f11ae868c78ed194c23ec9286a533b765f9b0589d7763b37,6e2bb723b3d1a1e2605697f3dabecdb54401f1aabce22785cbe03a12ae3f11f4,4277ebdbe0038a61eedb3481b23fffb9593ff915f08072d06097238693975801,QUAL-SHADOW-1,RUN-20260820T113852,2026-08-20T11:38:52.928740+04:00
ITM-cd30e9a8b647f4f9,5848176c4700e652f25c01cf2f3baebc25e4f3a56b24f223d2de3d9fa0fe23e2,5d4cb84d8bae9fe097e5e5faecb98fff82d6afcc51d356f6a3bc7e790c20e455,4f53cda18c2baa0c0354bb5f9a3ecbe5ed12ab4d8e11ba873c2f11161202b945,QUAL-SHADOW-1,RUN-20260820T113852,2026-08-20T11:38:52.928740+04:00
ITM-cd6e9a635bc24784,741b97ef36dc7815b06444264f34a9da198df9c83a9fe420ade8997cfb9ee73e,06112f1114807151504a184c8a2c55072f6cb0307761e625833a69df661a63c6,4f53cda18c2baa0c0354bb5f9a3ecbe5ed12ab4d8e11ba873c2f11161202b945,QUAL-SHADOW-1,RUN-20260820T113852,2026-08-20T11:38:52.928740+04:00
ITM-cd8749b027c1c9f4,38f988fe9c3d907f91a3b3fe89e2b6063d93996cb10c38a832b02fe86a3ae2ad,d0229898d14aea83c93d05b59a1eaa31a161ef5da421ce3ca457f7c48d6c9222,68753652ae6171c67484054a4cf2987df5384a00ec132d3e4bf77ee2b4b206b2,QUAL-SHADOW-1,RUN-20260820T113852,2026-08-20T11:38:52.928740+04:00
ITM-cd88c1584e907ee6,0d717818594a49b6994c23dd8a6298fae4ada1beac7bf8603c968af9514b12b1,7724c9d22e77604bf2f644f3b80732f73ec0deb703f85cbcd6ddb5b51db0625b,506aef59c66ac407d43a2c3070f532933e34360a8e7e58a94eccc9464fa96431,QUAL-SHADOW-1,RUN-20260820T113852,2026-08-20T11:38:52.928740+04:00
ITM-cdd54044e6c334cc,7de036576f359598e557b17a6924a771e88242f88a1706dd7fc09f415f9a2e2d,d42d5282d32a350385a3f6a5ea5feaff1b5c00de0660ae2c5ffe7906cee681ee,cc9dc16b875f46fa247f101944b5fd71a8d34f2d34c1b8cbd045e9dfcb1c18b0,QUAL-SHADOW-1,RUN-20260820T113852,2026-08-20T11:38:52.928740+04:00
ITM-ce18df22a525e6e8,97178f53aa3d71a39e31244d21da1669e3f3570bdefba6b80ec3e2f071986910,6e31b28fba5b161a7c45e693be402ec36fb811af6e20441466ed349c83628e01,c0bd235f4c63defe57245daa916bc3b07e90041ae44cb0ba8bdbaea32015997d,QUAL-SHADOW-1,RUN-20260820T113852,2026-08-20T11:38:52.928740+04:00
ITM-ce1fc2e7b68d61d9,077117ac134fb06bd683f430bcb8b148d07473f0b49a4c27066b998af2f5ec8b,62981315f2f5f1cc4724098741ad34c144265caf39fb09b512600a3d388aabff,6fe47e6511c7833475d98a8e357d907883ab562143218dbb9284b19255bb4375,QUAL-SHADOW-1,RUN-20260820T113852,2026-08-20T11:38:52.928740+04:00
ITM-ce24145b3039bbc0,86204cceef4328879f9c702b1723d16e701f696e4ad7fb278303ac61662170b6,c01c00f390cec0e1f4b6c741d4c986ef2c4150a24affeb99e6a81037e15fd5fa,4f53cda18c2baa0c0354bb5f9a3ecbe5ed12ab4d8e11ba873c2f11161202b945,QUAL-SHADOW-1,RUN-20260820T113852,2026-08-20T11:38:52.928740+04:00
ITM-ce51e4cd76737af7,eae12710bb5f9feec35c2198a63746034cd18c202b77169d939c871ef422e7f9,15659f9e6690e8cdbd30069a6f9858f4ca8648e12c9e9bb2557eac74a3b53fee,3f2fa316bc76b91cfca7cafbebf447ba04b7e88b7f0607312e40a842bbfb9dce,QUAL-SHADOW-1,RUN-20260820T113852,2026-08-20T11:38:52.928740+04:00
ITM-ce752a744dba5618,dd95172b42033eb65017ea713e93795a68ded43138a48f105c74a11d8c2ec9e1,de770dafa52ed048b1cc0f66a571a50f46affc4036aa256fc99b319673468900,4f53cda18c2baa0c0354bb5f9a3ecbe5ed12ab4d8e11ba873c2f11161202b945,QUAL-SHADOW-1,RUN-20260820T113852,2026-08-20T11:38:52.928740+04:00
ITM-ce8ac7a39d01a15a,f808473908ccc1e4fa3906cc0f7bdfed2afad28b53bc171d894553dcdb7d6fd1,9eed5be5cc999b4a019b076d3eaf308b8e8efa9deabb678139b46917011dda2e,4f53cda18c2baa0c0354bb5f9a3ecbe5ed12ab4d8e11ba873c2f11161202b945,QUAL-SHADOW-1,RUN-20260820T113852,2026-08-20T11:38:52.928740+04:00
ITM-ce8f85e1f54ddb77,22928b74d77dbba8eb4c3366e961cff8905c7a4b485556a55ae8604be641f529,2ce07b1d0a5b483692a0ee9b2d23acef00e2c4719241dfbf71e46445160e4e38,4f53cda18c2baa0c0354bb5f9a3ecbe5ed12ab4d8e11ba873c2f11161202b945,QUAL-SHADOW-1,RUN-20260820T113852,2026-08-20T11:38:52.928740+04:00
ITM-ceb260515060909c,6e34c508a8dc3d9bc8be2aec791c0b2b213914305308102b4249a09e429fd59b,4e8549bfe0bba9cfeace669279fbc06e695862fceb69c3fc86c416c437189f2b,4f53cda18c2baa0c0354bb5f9a3ecbe5ed12ab4d8e11ba873c2f11161202b945,QUAL-SHADOW-1,RUN-20260820T113852,2026-08-20T11:38:52.928740+04:00
ITM-ceb889fb3480c817,700f3bce905cee77cd4c6e87c4987433a0e0d718fdedaef98a2302797773c171,099528c4bf0a5911fed8793746f133e03488e7a93beffb1b7da409d08448dfdb,4f53cda18c2baa0c0354bb5f9a3ecbe5ed12ab4d8e11ba873c2f11161202b945,QUAL-SHADOW-1,RUN-20260820T113852,2026-08-20T11:38:52.928740+04:00
ITM-cecbb98655e18daf,a956e57c179a0a748a126d8c94b5e2d2666599563fb3680c3eca75c0509f4697,52e72eeb592f4ebad82a512ff5f7d73c08ed202ceb3773f8a1a3be57483dc858,4f53cda18c2baa0c0354bb5f9a3ecbe5ed12ab4d8e11ba873c2f11161202b945,QUAL-SHADOW-1,RUN-20260820T113852,2026-08-20T11:38:52.928740+04:00
ITM-cef674ff9773f734,76445e796f939827bd740365df7fb3109f0881e833a6fe239641c92be9b4d456,f48ad82b1f32bf7c0416af4412365f31f30484e0e2d90a685dfaf86538fba741,4f53cda18c2baa0c0354bb5f9a3ecbe5ed12ab4d8e11ba873c2f11161202b945,QUAL-SHADOW-1,RUN-20260820T113852,2026-08-20T11:38:52.928740+04:00
ITM-cf02526a534d66c5,c902577e0e02b5cb6be50f86a2a66a90bc8c180dfd30df440f87cbc93cb76b80,dc34119cba02f5183764586b9ca9e5a2b3d1b19f0ca9740b8ad6652e076e40d8,4f53cda18c2baa0c0354bb5f9a3ecbe5ed12ab4d8e11ba873c2f11161202b945,QUAL-SHADOW-1,RUN-20260820T113852,2026-08-20T11:38:52.928740+04:00
ITM-cf04b1c55e5b841a,40cb3057dd44e8ecfac405965e885e851470dc11683bc2ff1b6a28572177582b,4a291fda70b4d149d30516b9b7b8ce0bacb44d2beca4b64539978312de52debb,4f53cda18c2baa0c0354bb5f9a3ecbe5ed12ab4d8e11ba873c2f11161202b945,QUAL-SHADOW-1,RUN-20260820T113852,2026-08-20T11:38:52.928740+04:00
ITM-cf1ac71d277f667b,2e22ff10e56d3bdd8f2fc4fd00ed0a1a2de106a3c12b150c73d7160fe9b699a9,2215feed97a25bf5cd2df8487d55e2fae284fd4db42c46a652089324bc95641e,11651975ba3e66227f102c4e68edbf5342ef905a6575b203a3e7d47ea7f1f498,QUAL-SHADOW-1,RUN-20260820T113852,2026-08-20T11:38:52.928740+04:00
ITM-cf6e1c9d4ed6b8a4,90e419581f2d537524fae36ef1aa4b7ee3c53fd1e907a6b5bf5c42a4991ffd39,22cfed387a437e9bc51a6f517fc0bc7042328898841db93dcc6177c7378b1725,dddf4a46b98d2c6ae6952cdb68bac20be1f7c9eff1d78985d82928907c88ba5e,QUAL-SHADOW-1,RUN-20260820T113852,2026-08-20T11:38:52.928740+04:00
ITM-cf71d3eb1d53642b,f291536f51f4bb9af0f7b45599fa75f2b02f00ec9724a3a8d707b9129da024dd,6c8950e56064cec0e0499736f2316b256e6db4274e29bd9cea271411fc0db8e8,b60ac91ef59fb95fef04fe17740c4e16bc071507a41db37bf969323787b7717f,QUAL-SHADOW-1,RUN-20260820T113852,2026-08-20T11:38:52.928740+04:00
ITM-cfef6105a170d038,1e9aaf136b2770ebf6f2154f4056bc0ffdc79c8dacfe3fb2cd9355326f15e93a,775ce4b500d760a10d741d0b57f309db136d6ccfe3f1eed19c7bd7be19adcde0,d1ea4c85a7e21e6bcb58b8964da06e6190f3e9e51a19d133661aedab7ce4d703,QUAL-SHADOW-1,RUN-20260820T113852,2026-08-20T11:38:52.928740+04:00
ITM-cffdf16cf3a079cd,35aa3f496a9d4456559396a91dd7e3d0cb398236f4fe419f262e3bcab5925a60,f6ca27d68034c14c7a79db4135b063efae78ea2bb8e7e7b43798158515494e92,4f53cda18c2baa0c0354bb5f9a3ecbe5ed12ab4d8e11ba873c2f11161202b945,QUAL-SHADOW-1,RUN-20260820T113852,2026-08-20T11:38:52.928740+04:00
ITM-d08086f886b642e8,5f91b29ba26b952ea61dec5e957fd15770836d05cf36fea6845443e1dc036fcd,c5edcd83d38bafd6bfa32f52872d76c1534d0b40b0665e58ce3f3ac257e7ae17,edaa1b0269ef8618df3ce2cee6361d69a56b5baf4f1b6a875a8c367bb056d499,QUAL-SHADOW-1,RUN-20260820T113852,2026-08-20T11:38:52.928740+04:00
ITM-d0bae6afaee7a926,e4b2932b654a3e39b12e0805df8f838bb7d90c774cb6aec1b44251c9eefdc540,d8c45d5e2574fbfff1dff954d11da4cc62492f2ae8c1e1ac08ca38402cb262ee,d689822e8ce8dc2b6043bcdb7b35dc58b3e4654cb16cbbdb21ea5905b272cc91,QUAL-SHADOW-1,RUN-20260820T113852,2026-08-20T11:38:52.928740+04:00
ITM-d0c4e4e46300d8ab,80895fa087f635aebed51f604af1470ec6b2b39965ab6a385aa527d56080f1b1,12fd5178a8e3b72f747bec40a3c7707dac5a1fbc15b8c9bb77a9f63f9345d61b,3bc80b8be0dfce4bd938760e9eae431cfbf1e18958fdba3c4312ecc34c4e2264,QUAL-SHADOW-1,RUN-20260820T113852,2026-08-20T11:38:52.928740+04:00
ITM-d0f4301554d6490e,9610af791dd17196cf09e4fa855149bf7bf1aadec819a3cd6dad7fdd05b4ef5f,8231fdcef07863b56d9afd38417ef360eb59cc33322d220a9ccfab4536bddf29,a08de692ad7e549b1c183e724f31ee66a684d31946183e699c491fe05582bd87,QUAL-SHADOW-1,RUN-20260820T113852,2026-08-20T11:38:52.928740+04:00
ITM-d1faa0e5ff8862b0,47f02c3b88810f1f7abfc9c6ca3567c94b41293a1c39d6e8ef1e9d3ec53d6075,c7f449fb94d4d6c93196624cbf78f2cb8ce73bacd2e991bd1398bb6774cd2e15,4f53cda18c2baa0c0354bb5f9a3ecbe5ed12ab4d8e11ba873c2f11161202b945,QUAL-SHADOW-1,RUN-20260820T113852,2026-08-20T11:38:52.928740+04:00
ITM-d250833332bab181,34f85e1afb428a30d7ef2e8d726de2cb074d25ca1e78ae4684d154a2388b9ff6,9eb641c4a0024af88dfe8debe1a083992450d50aa34830e439ec664c3f3fe6a8,4e54e93a0098244e550b43db3d8f3e8b21d675b218321b639ae8b00c3b58c0e5,QUAL-SHADOW-1,RUN-20260820T113852,2026-08-20T11:38:52.928740+04:00
ITM-d2628fb1acb04f88,5c9def556ece4ae06f4069fb5255a7fb518eb850dc9c684674ca438b6c14534c,1b41c714fb867f31f12db7fc3513cbdfbd82c40fba23a0ea7b8cd424cb97c737,4f53cda18c2baa0c0354bb5f9a3ecbe5ed12ab4d8e11ba873c2f11161202b945,QUAL-SHADOW-1,RUN-20260820T113852,2026-08-20T11:38:52.928740+04:00
ITM-d26dae0072b444e8,e2cbc959a2a39c7a520de76d74aaa8a21463793250912abd14c3c839f3b93791,730ba07625b23885477e4c61a9ff039041d5c3a9f86603dd639862f2a5ddfdf0,4f53cda18c2baa0c0354bb5f9a3ecbe5ed12ab4d8e11ba873c2f11161202b945,QUAL-SHADOW-1,RUN-20260820T113852,2026-08-20T11:38:52.928740+04:00
ITM-d28051fafeac1245,afe7ba2c42f2721738cd2eb4b0ef88629e1cfbd0406a29b6f202fed3a009a910,720b729acdaf2bd76e3c657bce0ad4fc12ee9973da2085d6baf52906d44f0363,4f53cda18c2baa0c0354bb5f9a3ecbe5ed12ab4d8e11ba873c2f11161202b945,QUAL-SHADOW-1,RUN-20260820T113852,2026-08-20T11:38:52.928740+04:00
ITM-d2d1dcd7fa40be8e,40ab8a25364a702329658c1aac0dfcd6c3499c4b8745dd1a6a96d8bc830daf54,72a183343d8760a99eda0c4226f2dd2b5a7c344d101c55f5ae4ad401fdd03367,f92f94f374a7d78b9a7cda1da143f540f141e656cfdaa274897a074fa15f9228,QUAL-SHADOW-1,RUN-20260820T113852,2026-08-20T11:38:52.928740+04:00
ITM-d321a147e33b0576,105b6e6901dfbc275aa82f474f69144d8db713d094e29cb139a8f98df32a6c89,b6e79bf3d896e832c3231f51d75c21fd5294a07bd68be872dc8745eb12bab11d,0d6306493c78a8cf102dddac1cd89e24e063659d2820ac11b8884f719441d87c,QUAL-SHADOW-1,RUN-20260820T113852,2026-08-20T11:38:52.928740+04:00
ITM-d36badbf794e3abd,e5176471a4e0dc69e68a8622870c8ab425945a43398badbe44c1e4d45c7f5722,3677c82c5015e13ee5a8b29289f0d0348bfd3968041dfeae8ff60e07bb3cec7e,4f53cda18c2baa0c0354bb5f9a3ecbe5ed12ab4d8e11ba873c2f11161202b945,QUAL-SHADOW-1,RUN-20260820T113852,2026-08-20T11:38:52.928740+04:00
ITM-d36bcd540023748b,c138e94fac23ce7a0ba033476c11bdd4c49aeff0c1228e13595a9899fe54a6b1,daf4e2597c98dfa92a7168a05097cba473c9737c0a2776eb71a2dbe99baf0cd8,4f53cda18c2baa0c0354bb5f9a3ecbe5ed12ab4d8e11ba873c2f11161202b945,QUAL-SHADOW-1,RUN-20260820T113852,2026-08-20T11:38:52.928740+04:00
ITM-d3a051b6eea96d4f,07cef8ac6791070dcff0faec62693c892686da8dc005d62113080a9bb2381e3a,f826dbf67d371d9a79701c109188a0b30d6d99b82ba0b63b411c879a3fdb5366,4f53cda18c2baa0c0354bb5f9a3ecbe5ed12ab4d8e11ba873c2f11161202b945,QUAL-SHADOW-1,RUN-20260820T113852,2026-08-20T11:38:52.928740+04:00
ITM-d3f714f5383f6a9d,a9d8c30fedf0d65cc7f1c83d9c09faf47f10d0eecb5aa9317002ade17b237a37,f7633f0b5dfad1939c05f14730b8741b0d00164a5631706bc23a9bea38b0bd07,7efc7c7902058df2bdc4fc5bce5297b637372d566acf382687d5f8a9990d53e0,QUAL-SHADOW-1,RUN-20260820T113852,2026-08-20T11:38:52.928740+04:00
ITM-d46bf80844cdff78,c1c2cdc684e49d5def2ab628d906a232f84aefc33cc8a03653c177be0fbec150,2aae271861e95ae321346e8e5f7319eb10e62475eb66751a6992683749cf9f02,4f53cda18c2baa0c0354bb5f9a3ecbe5ed12ab4d8e11ba873c2f11161202b945,QUAL-SHADOW-1,RUN-20260820T113852,2026-08-20T11:38:52.928740+04:00
ITM-d48c60eacc212e96,ccf13bd5a566f12450f34ad8f4cc2aae70f09a21edb27640c277d941d3ff39bb,5178e49b5d1cf95b2d4a3e26be16a7474ee9d6c779c0c5926b25851c5bf82028,886031e08700762588a078c84827641aa0bded5fd77999f5e035ecef4a5f3711,QUAL-SHADOW-1,RUN-20260820T113852,2026-08-20T11:38:52.928740+04:00
ITM-d48f00fd5761f252,2ee8b1cf720e48994a616f78b31584a215f592ad3c10a1a68bbadaf877192a1c,fca6a3f153a3c270813f9a0f78f65d931397088b28d366a61795aa585db218bb,2870cf1a85dc8457eccd86c0c0aaeb8ea76b6e259bc9ce35ad7a9e13ef2e7748,QUAL-SHADOW-1,RUN-20260820T113852,2026-08-20T11:38:52.928740+04:00
ITM-d4b8d8befcf5dab4,472b0a7fce3b16bb813663769d71b54a5def3f9b294f8d54ab71ea9b7f26146b,1e1be33428deac2684a88e9cfabd8089c07972963e56d0cf05dff1ab39b2f047,4f53cda18c2baa0c0354bb5f9a3ecbe5ed12ab4d8e11ba873c2f11161202b945,QUAL-SHADOW-1,RUN-20260820T113852,2026-08-20T11:38:52.928740+04:00
ITM-d4f6befb84bab55c,70730817d5530525e3d00a68e020f3f786f6cb193d10077169fb853aa0f673a8,05242fac81eeb0592ea4adb9830131c528da94b35bbce855ba93aa2a921064b8,4f53cda18c2baa0c0354bb5f9a3ecbe5ed12ab4d8e11ba873c2f11161202b945,QUAL-SHADOW-1,RUN-20260820T113852,2026-08-20T11:38:52.928740+04:00
ITM-d54fc0e27ec1d10d,0ba0bff955dded924d8b2d4dbbbe4ce2e2f6740684dfd9db9d76ece1442a7b40,de37cc1dbb3aebd805df5ae11f6d0d18b11cd374da0304584385284fc29f17f2,bc25c2eb7b607a0401ca1e3236e8a4a83c8846a510f016d39de37aa42b2e17e7,QUAL-SHADOW-1,RUN-20260820T113852,2026-08-20T11:38:52.928740+04:00
ITM-d56d0476ec3ac7a7,397c47e12adfefdb3054704e93c309768c800edc4dabbd0a860b4161d645fd26,d6d862e23ecbfb92b515b6d0f00ea9ae17982f46bb44086ff85e4119e63d4416,4f53cda18c2baa0c0354bb5f9a3ecbe5ed12ab4d8e11ba873c2f11161202b945,QUAL-SHADOW-1,RUN-20260820T113852,2026-08-20T11:38:52.928740+04:00
ITM-d5db638faf36933a,a3ba808ea9a36b7ff21dda20aa46d3af55dec1811bccf49e0f6b0858840cf2f3,81dce6bf36e353486a479bca1226ad440c04e6fd99960414f850497c82d1b1e6,4f53cda18c2baa0c0354bb5f9a3ecbe5ed12ab4d8e11ba873c2f11161202b945,QUAL-SHADOW-1,RUN-20260820T113852,2026-08-20T11:38:52.928740+04:00
ITM-d6ecd9f9ba150106,2202104d16d01c36cf491ed0177b81cc9f7bd7b633b8031ae8e058dcf5647755,f8d7e7b40e347a51db8c2273382285c4e9fb013d0b8a9939f562b862e14e80c8,bb5dd69b743be3c8248a925e59197f4477abdbdeca85c7ab6fe199206f4b8aed,QUAL-SHADOW-1,RUN-20260820T113852,2026-08-20T11:38:52.928740+04:00
ITM-d707eb7f81a94033,672b7adce5c4c0d664271fa468f67fe3c9b763e6d7173bf1391225c4810b7611,bac8c90cdb45c14aabc603660f309e6daaa91dcf4c2e92eb528d7986686dc95d,5548c8aade007ff22ff5ed8e3786427af343b0f9dc37df6b4195eb05ab564c32,QUAL-SHADOW-1,RUN-20260820T113852,2026-08-20T11:38:52.928740+04:00
ITM-d79b2e288ccad695,30a3b176002495e13c9875dc1d735a41c48948e45f6bf6e656486ec0219f9403,bce43825cd6a034d5fe827c24dbd0e73173d09cf84c18d847fc4b62cea3de67c,e17425e700c70b50b135a8ebb3c6984e64d3a9dfbc771e3e232f3769ad7a4fee,QUAL-SHADOW-1,RUN-20260820T113852,2026-08-20T11:38:52.928740+04:00
ITM-d8ba9b5d6def84c8,803271405f627a4809d75efb789891a3772bf06f47bf89af14ace04e90050460,cee7e5422a12c2d629e9a1e68d5ada05981dc77a1b4a6f27f461f0bd14a3e8f1,4f53cda18c2baa0c0354bb5f9a3ecbe5ed12ab4d8e11ba873c2f11161202b945,QUAL-SHADOW-1,RUN-20260820T113852,2026-08-20T11:38:52.928740+04:00
ITM-d9036779f1243d29,b690ce87bc7d1187462e12047973cc388442d8e467f68fa1bfc15c9601be9186,d0a76c9d9d12534e7d30696010b9c439d7aab5768839e3f2f239117bae5d3b3f,ff4f3c1c3924b9bd185aab5dd56d4d768e63cd99467ed391b3921c015022890d,QUAL-SHADOW-1,RUN-20260820T113852,2026-08-20T11:38:52.928740+04:00
ITM-d90ed50c38bf2e83,00cb0e82081d36dcc7b3e11ceadc77f824a5f155c3b5d1e39c44fdc876ae47cd,c05ca09f1066d1bef3dc7afe3ec32c459519bd8995aff1ea72ba0488df3eb957,a773391ebd51b486544fa74e818394a4256313be5927565b09c73abb6fde4c42,QUAL-SHADOW-1,RUN-20260820T113852,2026-08-20T11:38:52.928740+04:00
ITM-d92a29351eac188e,4c3d2c87ec6afb2037fbffdf5587bcba46fe9076348f09b099e69e35a8509277,252daaa7ac43e7eea185c724b54d6d77953a0f7eedd8abc016274c9e0abf5ab7,4f53cda18c2baa0c0354bb5f9a3ecbe5ed12ab4d8e11ba873c2f11161202b945,QUAL-SHADOW-1,RUN-20260820T113852,2026-08-20T11:38:52.928740+04:00
ITM-d9c18e353c35018d,2439e6284db30d515876a95e9e64a77d06ae5e0f3f72f96996c906113addd948,8d448d6c2a9d1a265fd82300f78c2fb3f0538d258ef1b308e9a051e28dc87e88,4f53cda18c2baa0c0354bb5f9a3ecbe5ed12ab4d8e11ba873c2f11161202b945,QUAL-SHADOW-1,RUN-20260820T113852,2026-08-20T11:38:52.928740+04:00
ITM-d9c45b306e69a075,d9777306276acea2d1d106b3793ac14e0cc44cb2c7adc91b664de5dafe1c5537,69109d0bc350c60ff73c5b12ec65a357c951c002de47906588dff38a44f97e20,36b6c83cca63e6ef4ae086211ddd9790f68b5a4a95b33af91e495cdf63689c39,QUAL-SHADOW-1,RUN-20260820T113852,2026-08-20T11:38:52.928740+04:00
ITM-d9c8dfb18c969bad,4cc30164d5855ff1c9521a6a070a774788b8d914adf65c3c9b3dfd4abcfe3209,d555093b8306a377779408dff0cc9690b0986519c3302662d00ce3503e5a8e4d,be1050b0f323160c4036dfe53c1ef8e44cd0ccdb03289e483ace4a6ce78f151c,QUAL-SHADOW-1,RUN-20260820T113852,2026-08-20T11:38:52.928740+04:00
ITM-da20f43d56acb923,1b6ed18b1609c9d5c4cdb50e702017b610d1c68ab53c634b5450b4526a2f4b4c,b90aeda7c0e15956c5f5c77347e192e114d18ad3075ad19f4692515f6d67a31e,3561d6fef4506f8657ecb4e78a3fcfeaa0a6bac6a7cd5f8fc68f8b0298b5f8c2,QUAL-SHADOW-1,RUN-20260820T113852,2026-08-20T11:38:52.928740+04:00
ITM-da65095059dde805,171a87f1ae3e1c80bd70a55e149ca581de14ae26c3e449165926197da56d9746,a9d3867ea9474c3d6a5a3a0f20299052091d7d3a68fc48b74951e31d4ea684fa,4f53cda18c2baa0c0354bb5f9a3ecbe5ed12ab4d8e11ba873c2f11161202b945,QUAL-SHADOW-1,RUN-20260820T113852,2026-08-20T11:38:52.928740+04:00
ITM-daa5601bbbb0992e,a684ca53c41d7fc59ce45608d3c36f71b9a2e842aca105363d6035787773e82c,e711bb8f54bff596f8f7cfe2efc6bfb19f8060cf2fdba9acef353a731c2b56c4,4f53cda18c2baa0c0354bb5f9a3ecbe5ed12ab4d8e11ba873c2f11161202b945,QUAL-SHADOW-1,RUN-20260820T113852,2026-08-20T11:38:52.928740+04:00
ITM-db1c7683e7d5adcf,5615d0f4c9176ae38e3b7df32ad477cdbffa8933f93140575c382501fcfd142f,d1f7a9dfeb443dc385e8bf7418b5da414ada1f19dc6a17dc5f306d30b9b53e31,5dda4413b4617e842bd0f58237b9ffa6988fe97d9514ca5a274037ca0150c939,QUAL-SHADOW-1,RUN-20260820T113852,2026-08-20T11:38:52.928740+04:00
ITM-db3fb4d70a9e9420,b64772247918076d942ba9aca2e40ae955b57ea1daa1a4ade2ee1dce567d963d,dc59856f3e34ff7de112f5cf987e6c431287d37c89c282749bfbd4ade934abe0,4f53cda18c2baa0c0354bb5f9a3ecbe5ed12ab4d8e11ba873c2f11161202b945,QUAL-SHADOW-1,RUN-20260820T113852,2026-08-20T11:38:52.928740+04:00
ITM-db9de15bc7305d8c,bfffe69bf09ba4834014e44471d981b7df58954f999dcb2116478f19282fcfb6,49f612f509d1902ef75ad3d53490fd4ef48ccdfa2e2e6895e742adb91948068f,4f53cda18c2baa0c0354bb5f9a3ecbe5ed12ab4d8e11ba873c2f11161202b945,QUAL-SHADOW-1,RUN-20260820T113852,2026-08-20T11:38:52.928740+04:00
ITM-dbecc401ef077e30,b04272bbdb8148f94d83baf002082cf155c95b28cbf78f0bf0f07ef8e0dd3801,d7a5a2c18918779bae0be761016bc2f4d7ff655f69f36e341a0a9446bdfffcfb,5bdb6192f9619e466b39db6b88bc41571359aecf72f3364c41cfe7193bf8859c,QUAL-SHADOW-1,RUN-20260820T113852,2026-08-20T11:38:52.928740+04:00
ITM-dc99a45cd3cc8dc9,6bd804e73851677b54c7e80dfbeb2d2ab92aba77ba9694ec63e7b95f84a5d668,70d940eed1d551f97a558c533aaf16b9209123af21cac912fdf48452a02cb7a6,35f116f27084bc356c3f36a591d2c8332bbbd5b3b913768136794be202b6f672,QUAL-SHADOW-1,RUN-20260820T113852,2026-08-20T11:38:52.928740+04:00
ITM-dceb480e3f667864,f95866300c15f1365c0700be676c39986906392c6239a8379ec7bbdda76c7fb4,09406e266377e21e8f49a99056c59b0f5e3d7465fdcfc3d2df19c6efd034c929,4f53cda18c2baa0c0354bb5f9a3ecbe5ed12ab4d8e11ba873c2f11161202b945,QUAL-SHADOW-1,RUN-20260820T113852,2026-08-20T11:38:52.928740+04:00
ITM-dd04a574a5fed5b5,41e2985903f52b78686d74df19c5328e75374c11eaea675e264e832eeedd31c3,ec7728e2b8e1b62901e8d5302b59c2865760998f9c49968d9d0282f9cba2517c,4f53cda18c2baa0c0354bb5f9a3ecbe5ed12ab4d8e11ba873c2f11161202b945,QUAL-SHADOW-1,RUN-20260820T113852,2026-08-20T11:38:52.928740+04:00
ITM-dd1b11bea76761ed,f78b69ca439790aac33e52bbc9e8eed5e2acaac5021bd6d4d2bf4147e23721b9,4ce30786ca80471656b2084541a9619e2e81313644901518ccc40a9fbc6ddd0c,99d10c879950404480ffccef133640cdef5270722682c07304bd19c5f2c8b004,QUAL-SHADOW-1,RUN-20260820T113852,2026-08-20T11:38:52.928740+04:00
ITM-de1f73fdbc485674,a3a744dbdf6a1b42ed99981bb6b4f5085b62f0d978f42f5b03e2ddcb9b007f1c,85055ce50b54bde9a648a84cb94cacd13c69edffcab0be87d4ab60aba143874a,4f53cda18c2baa0c0354bb5f9a3ecbe5ed12ab4d8e11ba873c2f11161202b945,QUAL-SHADOW-1,RUN-20260820T113852,2026-08-20T11:38:52.928740+04:00
ITM-de440affbe4cb903,4e12ebcb0f8b3ae08db7059b085feb268ffc50ec4847524a3c11daec6b5dc7d9,c91993e5492c9bd1984408d465d9bc02572a2ee29c65395d1cbf755539588756,4f53cda18c2baa0c0354bb5f9a3ecbe5ed12ab4d8e11ba873c2f11161202b945,QUAL-SHADOW-1,RUN-20260820T113852,2026-08-20T11:38:52.928740+04:00
ITM-de4a16c42534db9f,030700b11b8d6ebf882d7fde7c4fe17aa1c8b27db9b7b14d30166e2b2118e559,7a3fe86933840530ef5c549b8dbf46ba6b945eb5b6a7ecd2c1b6f9375702ead1,49733d5a9302f52f734644795d98f77a0bdfab524bc1a9382c85eb1a7e0e77bd,QUAL-SHADOW-1,RUN-20260820T113852,2026-08-20T11:38:52.928740+04:00
ITM-de5dcdc7b1e03317,01c303717535d64f9fbbc8656af5001c9c0e0ae7daa371cf9fcd4dc732cb527b,ba009abde2ee778189291218b0f47f4c1437855424e730218021df4401771151,8e0f1cb989733bb4bbd60df4cd48e2884b819ca3ba69833c02cb2355e1e04732,QUAL-SHADOW-1,RUN-20260820T113852,2026-08-20T11:38:52.928740+04:00
ITM-de9603758ed63e2b,3f51eb1a21f2e7e677c9f9a442aee40dd27b12672b1347028bea365f10568df8,70e43f12600b9a8fa4e928d4e3eeb9ab1bb6dcdca848beb674fbf27cb12014ab,4f53cda18c2baa0c0354bb5f9a3ecbe5ed12ab4d8e11ba873c2f11161202b945,QUAL-SHADOW-1,RUN-20260820T113852,2026-08-20T11:38:52.928740+04:00
ITM-deb9d620fde52f6c,0f9494a4027e89bc397e9811536c66bc6a95b81f100cf1e616122cc77407424a,c94c4428d462685ec69dab93453b501aa1be8b746a550a79374fcf07e76836ba,4f53cda18c2baa0c0354bb5f9a3ecbe5ed12ab4d8e11ba873c2f11161202b945,QUAL-SHADOW-1,RUN-20260820T113852,2026-08-20T11:38:52.928740+04:00
ITM-dec7cbee9239fba2,0c3c5c80ae75333e3ecbe5989d3d846fc57dc95fc9da28dd90938a9b50e3770b,2acb134b2a7d76a48160cc88ae6eecb5df9d53749550ad2155a56886d0f0988c,4f53cda18c2baa0c0354bb5f9a3ecbe5ed12ab4d8e11ba873c2f11161202b945,QUAL-SHADOW-1,RUN-20260820T113852,2026-08-20T11:38:52.928740+04:00
ITM-df29979accc39063,85e3276bec84df4ee1fb3ac00d782b1b6c659f2ba6d46b3daed345e29fa6fc0e,e9995b344b584917e6de895ce272513da8e204bdcc0d457687770fd649211194,4f53cda18c2baa0c0354bb5f9a3ecbe5ed12ab4d8e11ba873c2f11161202b945,QUAL-SHADOW-1,RUN-20260820T113852,2026-08-20T11:38:52.928740+04:00
ITM-df4119491f1ab037,6cebe3cfaa7ab815da66cf1481ddca5ff247eaa46ac6471e2151fb32e17acec2,ad8e9fe6cbfa473f6d2240ab92f6553d80b600d89c08eacf3e83c92606cac6ba,4f53cda18c2baa0c0354bb5f9a3ecbe5ed12ab4d8e11ba873c2f11161202b945,QUAL-SHADOW-1,RUN-20260820T113852,2026-08-20T11:38:52.928740+04:00
ITM-df735b3cd63b2ea7,ff532ed2985f76905d7b66f3700777906db951ca16eb79fba6f74b24c7076b4a,c36ac257ac9a776cbf5b9e5b86e0a2c7a5257b256d0b30baa560b2daf352c2ca,4f53cda18c2baa0c0354bb5f9a3ecbe5ed12ab4d8e11ba873c2f11161202b945,QUAL-SHADOW-1,RUN-20260820T113852,2026-08-20T11:38:52.928740+04:00
ITM-e00f22ebb7f5ae56,c890af60e7567bb408f031c1834a0113ba612acbe4dcbf6f9905082942ec867e,3351a70d67c4f37f5520677acb460ae8d24b851ed621a7339ce48a4d9b9c8d91,4f53cda18c2baa0c0354bb5f9a3ecbe5ed12ab4d8e11ba873c2f11161202b945,QUAL-SHADOW-1,RUN-20260820T113852,2026-08-20T11:38:52.928740+04:00
ITM-e0168d4e0f0ee931,3a591e0846f043b5bd0baa83f5e5ac8883ae0252d1d64b0041b7616a6a611a4f,f1527ffb51c0c59a234d121759b7bda517a303691b9036b507b232319494f40e,4f53cda18c2baa0c0354bb5f9a3ecbe5ed12ab4d8e11ba873c2f11161202b945,QUAL-SHADOW-1,RUN-20260820T113852,2026-08-20T11:38:52.928740+04:00
ITM-e0998f44feba7125,972a4d11f7f898431936139dac68962da3321d8cb4da1535f5fc7a074fef6e82,520d86e4c41aa74d8977d23cadf18a13d8070898ad44db7d386321263bc00044,806e77781a74ba9058f88217afcaa5537397d97f68e21faaa377b704c2d6019c,QUAL-SHADOW-1,RUN-20260820T113852,2026-08-20T11:38:52.928740+04:00
ITM-e0a9db775a140062,e4093d4e7102141c121bb1e9fb7c2df884b2bc7ac9a439d1045b8b6d44fb7124,746279950a4c5ff9dd4662eeae990903427bbb3bef36657f32fd35a283acc7ed,4f53cda18c2baa0c0354bb5f9a3ecbe5ed12ab4d8e11ba873c2f11161202b945,QUAL-SHADOW-1,RUN-20260820T113852,2026-08-20T11:38:52.928740+04:00
ITM-e0b3cad3e7dd10fd,1fe611bd4f500b0beb588cbde9e54a414af8c2dff44101f5430460d1e3d681eb,b9d5b88540b0606919ff8e80a001b6ed3e0e5b2d8c7cbddd182cb638053209b0,4f53cda18c2baa0c0354bb5f9a3ecbe5ed12ab4d8e11ba873c2f11161202b945,QUAL-SHADOW-1,RUN-20260820T113852,2026-08-20T11:38:52.928740+04:00
ITM-e0e250b955073404,8a1c87828b2059cb3bdb5bff8c2fd736d46f086b999fbc641db23647c84ce611,f36ed78281e65e61550113d2ad90cce4d7ad6524492dc98ccb073339c36857ae,68e678f2d60df5f4c92e7ae7a85536597bf6f06afc80c04fae81649339d6f906,QUAL-SHADOW-1,RUN-20260820T113852,2026-08-20T11:38:52.928740+04:00
ITM-e10694f1c1ac8748,f0531b03e9bbbc64070755029aabe591d852f7258a9fb58ad3a8a6704a7921c2,86e1e9ec3329d92549aa9defb9ad75b27c31c805dc87c568bdbf7d84f62e6eda,dab3d3e1f8f235f9f75165f97dab9a0b662d44df6b309bc07566b95948847272,QUAL-SHADOW-1,RUN-20260820T113852,2026-08-20T11:38:52.928740+04:00
ITM-e22a77b4c057564b,ad1d526a8918737f2594f050ef395f45e42d6e8cb19db397aa8b78d04383c37d,53e25570453877310f2edb09802fbd174da78cedc8e1900b2453e96358bfa208,dfee42b6197dbaa4d432c8db49b83ce1daf46ea7e45a25d9a2ab4b6979a27087,QUAL-SHADOW-1,RUN-20260820T113852,2026-08-20T11:38:52.928740+04:00
ITM-e24e376a2c968bf9,e78490b47b51773357ed3ec929a6d37d42ad75c16ec53eaa2fba4d7b91654310,7581214c1c85d9d7fa9d19e8323e541e0ea6758fb18e024514d3cea268353d6d,d5ed834b68eccea316bf9b74f981d643862f58c7d437e1e531d2d0f052da6cc3,QUAL-SHADOW-1,RUN-20260820T113852,2026-08-20T11:38:52.928740+04:00
ITM-e2bc9891f83a8607,8bac5ff8eef037d51fe2af7afdd1838a2a5c61541fbf45a1eb6ed60627ddaa00,98a8b85a280047e5bd745d92abe33a76ebe21848069c93b110626dec64813d96,4f53cda18c2baa0c0354bb5f9a3ecbe5ed12ab4d8e11ba873c2f11161202b945,QUAL-SHADOW-1,RUN-20260820T113852,2026-08-20T11:38:52.928740+04:00
ITM-e2db8a4dc721fdde,c67aaa2a40fa51610b1ce05eac71f80105367ed843722fc68efc5d115c68c246,5d3372e1a82aef372d93c5e914d7eebcf5e804042966b7eaa80ac5cb9d5a38bf,4f53cda18c2baa0c0354bb5f9a3ecbe5ed12ab4d8e11ba873c2f11161202b945,QUAL-SHADOW-1,RUN-20260820T113852,2026-08-20T11:38:52.928740+04:00
ITM-e2e418cf3d473677,32bb37da76db150e303fc960ec32766bb88e5aaa76b7599c967ae4607a291cf7,b6f3ac8d3f5836b04a5f358a65cda3dabbb4a621bdcc82426de51af248b6849c,34610738b3928f106f2bd8512b0f82b542ce35e3b343e58f18cf7b3ddd0729c0,QUAL-SHADOW-1,RUN-20260820T113852,2026-08-20T11:38:52.928740+04:00
ITM-e3cde8f1f50d0273,c07944e3d623b85a283350f3977efbf7f650855b585f4ccd4d45058544665633,2518aaa8591a831233227e0caab547f9976ccc42f72e11a3146f620880dbf452,3adb9e5ce342e7af315c0ad42351e12656e96bdc63fa8e6e30b9dff399a156a4,QUAL-SHADOW-1,RUN-20260820T113852,2026-08-20T11:38:52.928740+04:00
ITM-e4ac7e188522817e,395d5aabbb66b54d45cecfcfe2ad9b7f7bd7aa5de19c3392e23539d78b51d3c0,87e8cf527308fff2338c6371d2520730452f42e657af71679b24da4d5af3870a,4f53cda18c2baa0c0354bb5f9a3ecbe5ed12ab4d8e11ba873c2f11161202b945,QUAL-SHADOW-1,RUN-20260820T113852,2026-08-20T11:38:52.928740+04:00
ITM-e518ad7145716e5d,07be6e6449a34a226e93347121a7a00528b944ec9e7f10c4ea29c88406c65b84,7add97838943e94d9c2535420693fcc0d8c9d93bb6f22b9d2a4937e93bb32879,a00bf7c4095d316fe9e3be582cc0ac81c17b751b8deffb082c69bf64bab905fb,QUAL-SHADOW-1,RUN-20260820T113852,2026-08-20T11:38:52.928740+04:00
ITM-e578a124172860be,e9309cc422c584c665755a3c34d44b082681a5b5f802886769eb3f1588bd1789,f549486ed1ae608fa14ccd9281a26c5007855cd56142149c92fb927e12fd2559,b757287f21119a848b118b103f550e4434d3c88152c479bdc2e1d19716b5171a,QUAL-SHADOW-1,RUN-20260820T113852,2026-08-20T11:38:52.928740+04:00
ITM-e5868604b72ee711,00cebdea8868d904851635be4a85997b5033a2aec7f4d994d0d96b0d77e3e52b,03f0dd04facb7ba795022e6408b5e4df7e39efea6ec64a841e4ec9fd1dcbb8f2,4f53cda18c2baa0c0354bb5f9a3ecbe5ed12ab4d8e11ba873c2f11161202b945,QUAL-SHADOW-1,RUN-20260820T113852,2026-08-20T11:38:52.928740+04:00
ITM-e5bb83f8a2e5c10e,6bf848c692190c16a1d75ec9674d6132c4a02a27c5c2666b241939188cac5744,b254d6b92983974533113ede21139aca545aeebc060790b6996faf12a7ec7fe3,4f53cda18c2baa0c0354bb5f9a3ecbe5ed12ab4d8e11ba873c2f11161202b945,QUAL-SHADOW-1,RUN-20260820T113852,2026-08-20T11:38:52.928740+04:00
ITM-e5d73bca2b1212d3,1d7caa1ebe26e4551238b7129d4f6bb5638ebf71ec24634afc100afa13fe3b00,00122b3486630848191381820902a6ee8cda1b40650f8f539ac4b687b156743e,3ced0810d250e47034e514940fd95421dcb4b10e295d2ddc9771f53da38b3ac3,QUAL-SHADOW-1,RUN-20260820T113852,2026-08-20T11:38:52.928740+04:00
ITM-e68c5e2e375b8a4e,8491f88d413175ce7e805e4e0a5c585fedf242c5494b726acbe812c32f29bc70,94f6546876f17f50fc9a41b78ce872abe3bc5064fb115e2018fd8036e9c3b074,4f53cda18c2baa0c0354bb5f9a3ecbe5ed12ab4d8e11ba873c2f11161202b945,QUAL-SHADOW-1,RUN-20260820T113852,2026-08-20T11:38:52.928740+04:00
ITM-e7d566defaf80c2f,7463b51fec67dbebfe29725505f97c3bde7983d698889c59bcb62b94ae2b8cb1,57ba7470f998b1792179e330a4fbd5eb06acf0d3db1d1c347379f9c0ab584400,4f53cda18c2baa0c0354bb5f9a3ecbe5ed12ab4d8e11ba873c2f11161202b945,QUAL-SHADOW-1,RUN-20260820T113852,2026-08-20T11:38:52.928740+04:00
ITM-e801a9810dcebe47,8e67be5b1e225dcec00f8f6162518d05ff32608981d10ddb176db5799391d873,3439239dbbbf13bc376d39a466fdd1267def81e50f12541eff42b0a7230cbcaf,4f53cda18c2baa0c0354bb5f9a3ecbe5ed12ab4d8e11ba873c2f11161202b945,QUAL-SHADOW-1,RUN-20260820T113852,2026-08-20T11:38:52.928740+04:00
ITM-e83033755daac537,0080392cfbfea17683a1c010609574989004eec19dd766aa195873c8e4581c34,4f59a47d3ad75ebe1a17234ae1a8c25426522cac8557888bd39b5154ee877836,8b73a228243965b3a201f33866ba82581be06e312008d8ab4564843a8c4e79ba,QUAL-SHADOW-1,RUN-20260820T113852,2026-08-20T11:38:52.928740+04:00
ITM-e8a9ff7d0295734a,0a8f10a350080d321a6b923333977e19d60e0e5f58ba56afd557829e242f0bc0,379b04e75c957dbadb44620b89ff08a34205f1322b66f62c750201adab8a62af,4f53cda18c2baa0c0354bb5f9a3ecbe5ed12ab4d8e11ba873c2f11161202b945,QUAL-SHADOW-1,RUN-20260820T113852,2026-08-20T11:38:52.928740+04:00
ITM-e91d7514b51c0a60,9b5f107e574589bd37853c02254fe0b85bde504ab32bc21d137f5a6224d1821b,d8a1db7b53dfcb886a4ac14d7cb4a3b12943bdd708cfc988596fb8f655fee0f8,fd17c430be20c852d8dfc669fe8a3eeb171de4b98f7fac128951badab1bc8160,QUAL-SHADOW-1,RUN-20260820T113852,2026-08-20T11:38:52.928740+04:00
ITM-e9bd9c13ab5a1dce,50be5e182cd352176b50eb7ed03e08a6110d8fb616ead965d2bc797ad547bc9b,be6ca11ee9b9ffa5cc604ad04ad85843fd1f64d2d0a22267835a6662e1a4c6b7,4f53cda18c2baa0c0354bb5f9a3ecbe5ed12ab4d8e11ba873c2f11161202b945,QUAL-SHADOW-1,RUN-20260820T113852,2026-08-20T11:38:52.928740+04:00
ITM-e9d1640a653adff2,2f5dee3404ac0df8beff33d28951b6cf8553b1004a2b8b2d6ecf0f9b38ae0b3a,d1097f10227f2802a26bc131434e0a7185407fc0fc11209e901efd7b5a5d9c2e,4f53cda18c2baa0c0354bb5f9a3ecbe5ed12ab4d8e11ba873c2f11161202b945,QUAL-SHADOW-1,RUN-20260820T113852,2026-08-20T11:38:52.928740+04:00
ITM-ea40d31626f912ac,36f117d607cef56399b06dad482622f3c422b6fe7150bd87641a28b3e6d9dceb,9c7f57913de1a22c6fa98d930bd52597ea2dab15a549a496969534d5cb27ddb3,4f53cda18c2baa0c0354bb5f9a3ecbe5ed12ab4d8e11ba873c2f11161202b945,QUAL-SHADOW-1,RUN-20260820T113852,2026-08-20T11:38:52.928740+04:00
ITM-ea63cfe55e4dc145,0e705039bbf5165dea502884a6b7ece6705ef50c56c998cadf08d29ef8af8da6,1fef13317e36ff0961b0f9cfcf2c1ac5cb9ea8107d0cd935a2285049be0a648c,410d9a09bb772fab322677517d8ec84988e592df3b0006189bed74690e1d88e4,QUAL-SHADOW-1,RUN-20260820T113852,2026-08-20T11:38:52.928740+04:00
ITM-ea71f8687a081d14,19d6c602c1ef9590b51f58275e18dc9df08622e1f9ad6352b861ce484025229f,bcf334694e48b148b7e2046523e23d93baf4622831b5ccaf9d459cd333fdab01,4f53cda18c2baa0c0354bb5f9a3ecbe5ed12ab4d8e11ba873c2f11161202b945,QUAL-SHADOW-1,RUN-20260820T113852,2026-08-20T11:38:52.928740+04:00
ITM-eaaa860d9e21f897,19b0109d33cc852cf4fcd69c5435eaf868794b218994a3ec19716b673504bade,df74057fe7e1e41bdfed324d8719f01c7a192af16232742d62e3fbf42e825b28,4f53cda18c2baa0c0354bb5f9a3ecbe5ed12ab4d8e11ba873c2f11161202b945,QUAL-SHADOW-1,RUN-20260820T113852,2026-08-20T11:38:52.928740+04:00
ITM-eaecf4e86b86fa5b,870a8f5ca4e90a0cd66956fb9c6666eba709617e82668e7fb1bc3e8348684225,5a93c389aec3ef27d6a123c830c7a9b2abe4e8eefaf01ee6b01620e45481eaa8,4f53cda18c2baa0c0354bb5f9a3ecbe5ed12ab4d8e11ba873c2f11161202b945,QUAL-SHADOW-1,RUN-20260820T113852,2026-08-20T11:38:52.928740+04:00
ITM-eb2905aa30f03676,6b97de81f0543121ca8d48a8339e0f1111a03f79072f51d4a3f9af4d6bf26632,5412f294356f79d9bd53cfc5895d0c328d538a51dece27bb4e0d4c0f552ca2b8,4f53cda18c2baa0c0354bb5f9a3ecbe5ed12ab4d8e11ba873c2f11161202b945,QUAL-SHADOW-1,RUN-20260820T113852,2026-08-20T11:38:52.928740+04:00
ITM-ec5e029054f430b6,ed5ced7089e5658cefc89498ed072b48fda1cd24cc72751c5221537da204a046,a9ef22ac19600178547c322d65846d2838ea719cf4444f7e2d3e3d6d9f8c4fd8,7a8922adcc2a35568915ffb7dd4b008ab02c6cba29cb8b83fb24ac58cba02df8,QUAL-SHADOW-1,RUN-20260820T113852,2026-08-20T11:38:52.928740+04:00
ITM-ec87c66b3a181c48,946669d74d176ff1187b22d9e29f341878a8bddd956e65b0bd6493cfc6a218a0,cd7c038c15da7e05e18ddc78a28b34c1533fe457170e8fe998435348cd3b799d,4f53cda18c2baa0c0354bb5f9a3ecbe5ed12ab4d8e11ba873c2f11161202b945,QUAL-SHADOW-1,RUN-20260820T113852,2026-08-20T11:38:52.928740+04:00
ITM-eccc3bee1d567144,f5fc63cd32ad9db011429ba8c5ec3c0c5579f680fd5ca2d231c2ccd272a15e09,ea8c8b8877588a191c43a37fa298c0b756d0fbe4aafbedc8c41771c76ad529a3,4f53cda18c2baa0c0354bb5f9a3ecbe5ed12ab4d8e11ba873c2f11161202b945,QUAL-SHADOW-1,RUN-20260820T113852,2026-08-20T11:38:52.928740+04:00
ITM-ed08c5759f21caf3,618da37d27812d14a114eeae5dfa2a557bbc468455a8bbe114ac186a5c5f0998,466a7a80984f97b1267fb4035fe0b0e8be7b19b9bd6c23f078ccf75cef4f74a1,6a39db7835aa0399275bcfe580483bcc5bbef158b7da1b20b7cee0738537f023,QUAL-SHADOW-1,RUN-20260820T113852,2026-08-20T11:38:52.928740+04:00
ITM-ed29901db7155751,fffa588eb4e22b27b5d637fa61af0949ab8f5887daff8c60681515908411d19a,d4a8e0e5105bae9e1556f703f5f19fa1d58d789f83e8e4e80a0a9d05fe904a3f,fa5ed179a9756f47dfd1a513364dd5245ec811cc0f2fb70ce0c4604f7fdb3278,QUAL-SHADOW-1,RUN-20260820T113852,2026-08-20T11:38:52.928740+04:00
ITM-edcaa782a22325e8,6ad9202a8fa1393b433d8d8d63a263595af3bd7273e9979f2673094c9de513f8,e89d9c7bd005c3c86bf571fb35f6a28e231951d7699df69d5532760660cb6f5c,573883b0a2ce711fb435ba896aca05b825009c8d9d767cf784f5682d2f1ad3ea,QUAL-SHADOW-1,RUN-20260820T113852,2026-08-20T11:38:52.928740+04:00
ITM-ede17ecfb5fe58c9,63a6d447566aa092a2ba83dd4a0d9f67f736c74d439d993aee6f86597247614a,13fb39fb44575266ff1128262e74f7f7329ffda1d116621448dba77c652200ac,63b4455ce86e5eb22c0f6acc7a7f8bbaf9b171ecd9fea17ccc52f828a811874b,QUAL-SHADOW-1,RUN-20260820T113852,2026-08-20T11:38:52.928740+04:00
ITM-edf290ed3b106ac4,69f4f25f23a03cadda647fddcb1bb6501d0c1c7811276554f09ffe7a0cb567bb,429c7e17e7e06c742be478fafa323a951a3e5d071dbef34c5d7d87e1177e6d4f,953b90ec69e7abde89808c211217ad93a27604eb3c40137f1fb8027f577010db,QUAL-SHADOW-1,RUN-20260820T113852,2026-08-20T11:38:52.928740+04:00
ITM-edfc23e9a96e605b,f8cdd395da0c644dd818892559ddb6e15e2a8726a81a3a4d5663561cd90e4474,e665e605472f54acf15e69a10301411c3ee88e159f0d73596191a81c05be1284,f1b3dd1005dab0488b15482f8cb8ed18f7b23afa29858e67459f17bc0b343d21,QUAL-SHADOW-1,RUN-20260820T113852,2026-08-20T11:38:52.928740+04:00
ITM-ee3c358661623c8a,3b84601c7e0fc72b667f4bb38f7ec5a44a90f7ec61621b95d3c96780b9e90bf8,f752fb3ddab64966f8eca909e0c41aeb0fc49c983359ce75d64e4017075a9ad8,4f53cda18c2baa0c0354bb5f9a3ecbe5ed12ab4d8e11ba873c2f11161202b945,QUAL-SHADOW-1,RUN-20260820T113852,2026-08-20T11:38:52.928740+04:00
ITM-ee7b340a06bc098b,3bb012b5bccd53d49a3cb7c1dc1b63c4f153c333523aa9472b6f82d950a58e2a,3f2a69faa585f14199c25d9d62706cd19a67f02a602a44998b80442dad46f72c,4f53cda18c2baa0c0354bb5f9a3ecbe5ed12ab4d8e11ba873c2f11161202b945,QUAL-SHADOW-1,RUN-20260820T113852,2026-08-20T11:38:52.928740+04:00
ITM-eed0916e868e838d,6763be95d909186be6a757d5f37c1d7b81308e8f7db96ecc19ce59385b445d51,c62549c6ea7bb9df437202b7070adcf0d3fbcad7f8d97a067af392130d871a6f,4bd04412b8c75bf3afca6286826ae08ae76f99af033f11c75f7fced965093ba1,QUAL-SHADOW-1,RUN-20260820T113852,2026-08-20T11:38:52.928740+04:00
ITM-ef1e2e44e8c4d290,8b3b74b198a338f9aa30c2e4384156cd0e00a827701d1269c03f5942e09d5eb6,248b90da1ca97594769bbbd9e668b58449610735498c243be7e99a4b4a980dab,19c9a56f9569db205f94e629cd15dfcb55b370a9c1acb3eb45292237313aedf7,QUAL-SHADOW-1,RUN-20260820T113852,2026-08-20T11:38:52.928740+04:00
ITM-efb9a61d306709d1,d99faece3e6f9a46c0e0e6ad2efd782b661785a0e390f20d205ffd99680b3a31,5786b67667af2dc7e107d3e402ea260fe5ef8db294334392c53f0813e4ec616c,4f53cda18c2baa0c0354bb5f9a3ecbe5ed12ab4d8e11ba873c2f11161202b945,QUAL-SHADOW-1,RUN-20260820T113852,2026-08-20T11:38:52.928740+04:00
ITM-efd309dbae8f54d6,fe8344af1e329bd7f96afd0cc4ca88e9e16d50807b6776aad7cd82bffafed53e,86e7e47b3a136a3c39049d50fe5d552855ffb6929b4ab92f8c4750d7286367ee,c1afcbbec8e41e1e5699127febc4a8d9c310db94543173c037a5700905f64e61,QUAL-SHADOW-1,RUN-20260820T113852,2026-08-20T11:38:52.928740+04:00
ITM-f0035a911566beea,e887db69807fba01f24e1a25dc2b1a1270d02c3a8afc7c9dc0731350b6f3a5c8,4660dd8ae8f88676ac9270279d4d452652273967ce6238ea8ef6fb15ebaffb0c,4f53cda18c2baa0c0354bb5f9a3ecbe5ed12ab4d8e11ba873c2f11161202b945,QUAL-SHADOW-1,RUN-20260820T113852,2026-08-20T11:38:52.928740+04:00
ITM-f023d89dae1a5000,f7d73590af42ab3cb745a680e193828cf32643606660005731c6deb67a045dca,6fb83ff0c73e6c3404222fc337273ec8cb55ce47f81c8a383f622478cc145e07,b7d19a1aa3ab6921479d333ca2f39370f5f1447a0947037355730d3fd389cb4d,QUAL-SHADOW-1,RUN-20260820T113852,2026-08-20T11:38:52.928740+04:00
ITM-f02674bfd45fa4b1,86b96e1d6667c1083e87ecbb3544782a0855d631ea54bd7dd455b6c508d29f25,438b3159118a0b95c7412b033a467d175936cba28934547f44c54972f8c2f8e5,5466b2f20c6534f9dc65d628c2e31bccbe31a13c7277911e9c316e164fa4ea3b,QUAL-SHADOW-1,RUN-20260820T113852,2026-08-20T11:38:52.928740+04:00
ITM-f02e328d67075759,f6e5b9fd0ff729a28add2fa5456fe45b832a45821990873a5052ce219384f013,14c9a558e05360ab9023a90db66b2b24e26de124f02cbed1b106bfdb1648105d,47d8047271f3ee4244cdae33efe4cb0af145f4447c5caeb12484d4463722ff57,QUAL-SHADOW-1,RUN-20260820T113852,2026-08-20T11:38:52.928740+04:00
ITM-f03883d1236b5734,8c0803c6ed9b4f1584deb7d7eef2fbdd0c555b15b9254b1232b3f91d3ba28704,625cf6dccc53fbbd3285d45632b08659f70ef14a96e4f45e2c5b40dd3ac09b3f,6a28d24820bbf90766b26927a0f3dc56e4b90f8ccc6a3fccc30b56e5b0771081,QUAL-SHADOW-1,RUN-20260820T113852,2026-08-20T11:38:52.928740+04:00
ITM-f05d6b4a75654d00,0f2ce54b4e8458867cc0d03d92f9dc5173ab46e55a318c2aab08c0b9b65b44ad,1c8f3e5a4be40fdbc19aa01c696d41faf3639ef27326c3e8c4db3debcb918f38,e58bce5408bbc3b761e4081ad47bd3f56a94ef74ce7d91e65700eba981264756,QUAL-SHADOW-1,RUN-20260820T113852,2026-08-20T11:38:52.928740+04:00
ITM-f0d43e8eab683471,b23c2f4a39d4145c6a9889ecae67c53990695053e799c62a8896c65fcc0f4c7c,4eca9cfa3cb1af596048d16eabe620523b812712dc6a6cb4fefd41c61f90add9,4f53cda18c2baa0c0354bb5f9a3ecbe5ed12ab4d8e11ba873c2f11161202b945,QUAL-SHADOW-1,RUN-20260820T113852,2026-08-20T11:38:52.928740+04:00
ITM-f10fab241bce001a,7e685fa91453b51d2b853acdcb24f5b3e79209a236f2bec90ab824fb9770d78c,6d4ea9952d23d4c3a1a7b8eb39bafef11490af606a93a9a740b7d50f2a1ab544,6090f229e891853258bea2c91f0ff712360e8eeeeb9c67da78dd80ab116e0ef9,QUAL-SHADOW-1,RUN-20260820T113852,2026-08-20T11:38:52.928740+04:00
ITM-f1c05acc8c1fadaa,e8a1eeaae4a5b2405dd25c2dd0e00026d0fb30a403f83f82861412b0e4f23f12,1ad2f7f4af35d492d666832bec6bd41ca76e47fdf77d8fa2bcda5bc3d7b27d15,4f53cda18c2baa0c0354bb5f9a3ecbe5ed12ab4d8e11ba873c2f11161202b945,QUAL-SHADOW-1,RUN-20260820T113852,2026-08-20T11:38:52.928740+04:00
ITM-f20284ea1bdb052f,5723353a81f5285d16f8f6dae6a540d07c77fd31a968cc5b74b3fb743c272247,34a3e2342851789b145d093c1f25a7652993a4b4c135c460adc974ba30bcd22c,8e3609f7e16b7d97bf43248aa3d58c258a690357c0c102c9a23554cc35fa737b,QUAL-SHADOW-1,RUN-20260820T113852,2026-08-20T11:38:52.928740+04:00
ITM-f29d88a82b36180c,fe18aa1c9ae2dcf1e80333dd256a3593b26aec9784dc19b2dbb9c5e9af6e7d53,1cd2e812ca3b46fb8e88ec39f4294330131ce41fe30019984937c1a04052765a,4f53cda18c2baa0c0354bb5f9a3ecbe5ed12ab4d8e11ba873c2f11161202b945,QUAL-SHADOW-1,RUN-20260820T113852,2026-08-20T11:38:52.928740+04:00
ITM-f317e63262487dbd,fbfed93f0921e0f4dfdeaff341f0731f05aa7f7bab4a3481989a934344f1db31,060111ba105b42ad33631e94e77d1c8912ff282d0b204d3961da92e6719e8526,4f53cda18c2baa0c0354bb5f9a3ecbe5ed12ab4d8e11ba873c2f11161202b945,QUAL-SHADOW-1,RUN-20260820T113852,2026-08-20T11:38:52.928740+04:00
ITM-f33a350a786d3337,e4473ec285d79b02d586f64d61b329acffbc74bb59d5ca98fa803b896eb85c78,1b44f6f323d06cce40dc7c0dee1a3dd1faebb80699ac341e6f3ff931a25defc0,5bc0b70246672199cc12c80bfaa7e81fa82ef82e1a46e5cb7e88edf216ff47ca,QUAL-SHADOW-1,RUN-20260820T113852,2026-08-20T11:38:52.928740+04:00
ITM-f39adbe63ce9a35b,fceaeb30207d2388cc5f3e2287af8fdd354a7219fd88032e401f23e725782891,6adb97a5120d569388e62024ba9036761be25425623fb59d52db4ebd3e7485e0,008d09488f4488b33f65d0e7fee076d86dd1716126caf9e0d3d1823f70830867,QUAL-SHADOW-1,RUN-20260820T113852,2026-08-20T11:38:52.928740+04:00
ITM-f3fa2eae458681be,8d5339bf453b7156a9f47df773552ef5c41032738ffee7527f2a1016c5e0cf6f,8115b4f489e8d4d12d45d3d36528838eb83fe3dc630ac2241ff1e85b314de0a7,3d5c0c5d25ed600bb95082915d8fe7b9855333c983b57bbb5d2c72c5a6e9e0e9,QUAL-SHADOW-1,RUN-20260820T113852,2026-08-20T11:38:52.928740+04:00
ITM-f44d5624086ab40b,57687371674fe024a50a4f8925831ca138e1f854f5ed2c57cb07bf28649f3638,f19581e633e39371d9c43fbe3ddc325d0a0cb185070f5f7e220eee93c489548c,4f53cda18c2baa0c0354bb5f9a3ecbe5ed12ab4d8e11ba873c2f11161202b945,QUAL-SHADOW-1,RUN-20260820T113852,2026-08-20T11:38:52.928740+04:00
ITM-f4793b6bb7199808,99565c28f60ae9d2ebcb15b98b444f6ad7ffe6f647da09ff3b8d9b0d958ca5a8,70e56ea25ed0a397ffb2b14218a12c681b9871dddecbdf4c8dc2f585a3e17188,e92a36eea4a15534f8ae7ad76b6d2fa9a22c9476f37aa56557ae3aa8daa54068,QUAL-SHADOW-1,RUN-20260820T113852,2026-08-20T11:38:52.928740+04:00
ITM-f4a1ca5fd05d90cc,8941eb08f39e87ae69b1ab119ebc8157504f9d44f5a1621d14a88f871113ec65,4484a19234a616adb615f8c2f04e1cee22f6d9327962625b4d7fd7bd4f2370a0,ae2554e5e5a0590e11b329f047ff87c9782ae67e1f7391a0f4cb6f70126afd78,QUAL-SHADOW-1,RUN-20260820T113852,2026-08-20T11:38:52.928740+04:00
ITM-f4aabe53126031a6,62721f83f6123742a8acff3d4d8e0666eb02dec704bda6235614d491061fcb48,573101307aee8dc34c05a435e03ec04b5f14ebbdd86bcd15d5e901044cf70584,cc76f4a243b761a98070f0d369c160b9a788f950c32fcaf7f38a30e1fa6bfad0,QUAL-SHADOW-1,RUN-20260820T113852,2026-08-20T11:38:52.928740+04:00
ITM-f4bc528ac672e18a,41dc47aaaf384433cfbdd61da49a15167ddc34b3a367b3f214962667539381fd,07970e1d7f9390c7d5413cafe92e78a40cdde5d1ad61d207564772528d1058d3,9510189e40bd4657b5272e95e2370b69d03c944d76c15354eea3a56ff9794dca,QUAL-SHADOW-1,RUN-20260820T113852,2026-08-20T11:38:52.928740+04:00
ITM-f4d3e4a1b9bf10c0,8c44aa07307a56d27e97393b773732723bdebcb9ea0472caa37c37f476a7b9d0,c6851fbf18c44632221fe4247f7932f04220823b9e57b9a138824f8a2876b204,528ae0995861d50a9a9b8db5a6ff587fd3ec174fb83af126fa3c329a33c3720e,QUAL-SHADOW-1,RUN-20260820T113852,2026-08-20T11:38:52.928740+04:00
ITM-f4e36024b124226c,395b168f21a9363e6e62ffca4b305bb25504fbf18fcf1703df620c60150b86b2,c07a1e4e245a1646a117521d45671e1b742a184e177f0ef524400478ef162d9b,4f53cda18c2baa0c0354bb5f9a3ecbe5ed12ab4d8e11ba873c2f11161202b945,QUAL-SHADOW-1,RUN-20260820T113852,2026-08-20T11:38:52.928740+04:00
ITM-f4f2bbb1cb2bcee9,c467a9e74387f053c6b9c67827e43c2db75e73787d18ef45e8680b6971bfe755,cd32ae4529ef31fd95bf70ce92afe2b7c3d9eaa210776931cda0d0143f8d4c47,4f53cda18c2baa0c0354bb5f9a3ecbe5ed12ab4d8e11ba873c2f11161202b945,QUAL-SHADOW-1,RUN-20260820T113852,2026-08-20T11:38:52.928740+04:00
ITM-f51c29cbc5cb25de,81d45c09fe4f5e81532aa83c802daa41c61ca19d38bcb78580573fab20338010,e445047efcba19d4f1d2e0e48811394b8d07331b66cc057c9692a2d3063307e4,4f53cda18c2baa0c0354bb5f9a3ecbe5ed12ab4d8e11ba873c2f11161202b945,QUAL-SHADOW-1,RUN-20260820T113852,2026-08-20T11:38:52.928740+04:00
ITM-f53dea5db4df4fa8,0907bc47162ed8b575218ec50f94459a2967f8451c2156707f83f99c7f9b6a5c,0a1831f0fc1a24b7369121f58a7183c691fb4c0f6252c12c968d1a68e2ed033e,471ecf834d7bf8dccc52112f97b87a613dae2a9a44f1d713fda0bd40c42bdbc1,QUAL-SHADOW-1,RUN-20260820T113852,2026-08-20T11:38:52.928740+04:00
ITM-f5d8aa96f0d7b55c,81ad5ee09dbc7344dc6e4daa4e66a0d33998c322af1ef5183099aac0011cb230,cc34aaede14526180df113ea733c01143e1f27755d62c335c8d15dfc23b2574b,7262a497d2b4680cdcc2e0955f93fc4061af596cad95cf363c14bd26f7042236,QUAL-SHADOW-1,RUN-20260820T113852,2026-08-20T11:38:52.928740+04:00
ITM-f5e405affe3c3910,ff983cd68e3ce7cde627352e7e9fc3030b0f693243f3ad920ce0d1301ca3d63c,8023c2bdff522c6f0d76b3e6f69e063b988986ddbff8e2d090044ad17a3b3853,4f53cda18c2baa0c0354bb5f9a3ecbe5ed12ab4d8e11ba873c2f11161202b945,QUAL-SHADOW-1,RUN-20260820T113852,2026-08-20T11:38:52.928740+04:00
ITM-f5edd42642e73433,c833d438a314537b2efb688d9afd93d35fb1bbf1bbc7ef1d450d00eed188df42,23c47dfef070c9c3953b756904ba8cf46dccdb8f5d7ae2230644267fbdc16854,7f5ac2a35f2c10fb5dd6a3aabee097b5cf15c72792c63cda6d9228cf4b78899f,QUAL-SHADOW-1,RUN-20260820T113852,2026-08-20T11:38:52.928740+04:00
ITM-f5f1da6f5bceca04,b99679d9affbbb62f07389ae98920c22628cbacddfde0357f29fdee7391939dd,59e375f537f9e296249e1675ff04eef9bdd0531414ae7e3482ff65bb839355c0,2636d50420da55f8c956ec883d6d6ed72ed695aed5d8df644ad240a99f68a38a,QUAL-SHADOW-1,RUN-20260820T113852,2026-08-20T11:38:52.928740+04:00
ITM-f60a72267153ca38,c4a1bb3697cb1a7863b6d5914f11ba3365caa4fbbd2f348b49f80271fcec0913,e167079df2285a46623dc721e8fa0f5cccaf9058d02173cb6ef565335325a4a1,fc8fcb7053163dc4137640aacfbf045270e58aaf3d2f4598cb69185d61c31290,QUAL-SHADOW-1,RUN-20260820T113852,2026-08-20T11:38:52.928740+04:00
ITM-f60b8117b612012b,2c48ff6202d62a482ec9ff3b0cd419e2599a75fbce24be27ecb69730be9ec5f4,0bf3c6ed4ca18b60e7550b2bf9ebee22b0f22a81448571ebf1f35ecfda515c0f,5a065887f123cb9372c48e6871aeccd3099d5f9966f862f8358e5fded18febea,QUAL-SHADOW-1,RUN-20260820T113852,2026-08-20T11:38:52.928740+04:00
ITM-f6156035d9fc1a1e,9c9bf03abd1899ea3f5af527663df6ceddb9f092f2fa4445ac3865564ce457b2,d9ba3e21be50c2214e0f14c701ef32720f0a6f9c5625ac060997103cdb57946a,4f53cda18c2baa0c0354bb5f9a3ecbe5ed12ab4d8e11ba873c2f11161202b945,QUAL-SHADOW-1,RUN-20260820T113852,2026-08-20T11:38:52.928740+04:00
ITM-f62ba09eeb1ccefc,fbed402e014cb0aae5f7c5da79b985544b91f379ff580b4a1fa5a6785fc2a8f3,0a05ff417b8dc46278e95a9d6d4cc5b5da703dbb4c31807e243e89a0bf67cb77,4f53cda18c2baa0c0354bb5f9a3ecbe5ed12ab4d8e11ba873c2f11161202b945,QUAL-SHADOW-1,RUN-20260820T113852,2026-08-20T11:38:52.928740+04:00
ITM-f657770915b5d951,6f1dbe4b8d67790b39beb20e9918f3a8fcba06ea97b5cb14554dfa4fdc34c407,2611bf52a4af004589d472ad20a1aa645ae2073e358905d9212506ab15154b39,4f53cda18c2baa0c0354bb5f9a3ecbe5ed12ab4d8e11ba873c2f11161202b945,QUAL-SHADOW-1,RUN-20260820T113852,2026-08-20T11:38:52.928740+04:00
ITM-f65cd7bf221d9d10,ce60166cdcc8ebe156dccc31b23a86c46dee3ee7a3962a960a9a56c8a90c6118,03095099819d9a3484d5acd870b5c4ef4291d1ae4158344e403a032ffb32ccb0,4f53cda18c2baa0c0354bb5f9a3ecbe5ed12ab4d8e11ba873c2f11161202b945,QUAL-SHADOW-1,RUN-20260820T113852,2026-08-20T11:38:52.928740+04:00
ITM-f68f11ae5255c850,9115435e573385e8109336f0b61c0e3c2e550258a5752f74f04c99d98b4feb2d,d8fb7b0a8359b0b5c6d73d17e37995e4a7ec0fea22666b5016bb4e5c3c87bccb,b83d7ec91ee86738653ebc1892c0b0cded01f827304ca6ba9c86cfe9806a38b6,QUAL-SHADOW-1,RUN-20260820T113852,2026-08-20T11:38:52.928740+04:00
ITM-f690c99943f1ca81,132ccacc112fe6730ceb41fc685b2468171e98aa3df04cba4e7b569b0ed9dac2,5ded611daa0c3480ad751f4f4966ebdfbccae031b5e6a1b6fb70294d1c5636b3,87e47dcaec7274d4eff64ff57b8ebd677609535e01d0f63c647bc07026744dce,QUAL-SHADOW-1,RUN-20260820T113852,2026-08-20T11:38:52.928740+04:00
ITM-f6f916078e291e8d,40c097806aebe0e4ba2636a2bb0c57662dbc3008bb1967a4ab7e79929da0b9bc,e22e38e4b1b41770ef7b92854c6642e2ae22191c5ba230f88b22bf9061ff7097,0862dfe265c2aa0ee3c8506524d07ee1607ee7acde88890fcf91a3e09a12dae9,QUAL-SHADOW-1,RUN-20260820T113852,2026-08-20T11:38:52.928740+04:00
ITM-f7388cbead470177,a14c804e98b313828b1cccbe40c90258fa4ae834ae2313f1c439643f5812c51d,ebfd61767ac0654e6f6f91359b9b08afb540f33fe8a3708b83a3cb53acfc4cad,3e1183eae7db407d4079108c26e6e0ffd33b65f3fdc38e220f39571cf886ef32,QUAL-SHADOW-1,RUN-20260820T113852,2026-08-20T11:38:52.928740+04:00
ITM-f73e40d0ad869644,8838283eb8051ab23aac0fce604644541d781320e92ef5884e33eaa98d389ba3,49c2ab89d1b03d686d9d08f9606a122c4a30ac83234de966853c8ec1c2ed0cab,8be993c65008dadeb78961f53707b145b8ac5e724744e1ff657ff69ba616208b,QUAL-SHADOW-1,RUN-20260820T113852,2026-08-20T11:38:52.928740+04:00
ITM-f782487e0b9d1379,c07774246caea739d93720ed43be6e6b5105b3a1adf1ae70936c8a28a0f02d7e,8ed6419ba2d2e9336cb8ab34356d68c484943cedb4f7709c0f9494ec767d904a,4f53cda18c2baa0c0354bb5f9a3ecbe5ed12ab4d8e11ba873c2f11161202b945,QUAL-SHADOW-1,RUN-20260820T113852,2026-08-20T11:38:52.928740+04:00
ITM-f796c1c162ca1ac0,9427e183ec6abefe7126a9608bec99efdc34666a9cbd132adf5f8acb45f9fbfc,69fe8eab78649e759b5253d2f8caf36e68645d2259da7bcd08feb7d9c57db579,d02f1c1386d9c2846175979e50f550f3bca5a93565f9d21e8494f00fc615c5a0,QUAL-SHADOW-1,RUN-20260820T113852,2026-08-20T11:38:52.928740+04:00
ITM-f7aec10b7f55d79d,b1788978f239f93beb96a2a99131545a75ddd7ce0ce125fdb2f23ce931465dde,fb329e6c656ebeda3cec74119c8325286c40dffe20c0b1c5b3fdb63af27207e8,4f53cda18c2baa0c0354bb5f9a3ecbe5ed12ab4d8e11ba873c2f11161202b945,QUAL-SHADOW-1,RUN-20260820T113852,2026-08-20T11:38:52.928740+04:00
ITM-f7bb81100fe07424,23f49eecbef728c819baaa10633d1fabcfe4db13be80accd80e66fa238a7df13,0a2b584de081bf665e435ce88b572a78e52bbc5a73c5e54f98e373018297b0b4,000a9d2f81815a01a03e018ee5101cec859a58c2e7fba277a5d7df56221bb5bf,QUAL-SHADOW-1,RUN-20260820T113852,2026-08-20T11:38:52.928740+04:00
ITM-f7bbc189c200750d,37484551101dbe50dadee2ab108b1ffd1d69a118ef425f2413c2183882bda355,ecf1eaf62cf87fb7307e1ac816551b18eb103afbf5efffbf2ba909b94e6355b2,11e886400ba73bbbe15bf1e06695b68e16ff927557df8bf4c6221897c1f2be7a,QUAL-SHADOW-1,RUN-20260820T113852,2026-08-20T11:38:52.928740+04:00
ITM-f866f562c24dd0d0,026219600e2e6806203e420ed1ff759d2d6c46d5867c1a9b9f9f6fc2e5b3fe71,83b1570ae46c52ed117040f37b691d109a5a848ec12762be30ecc6d3127a1d3e,f0ce5b8c335aa05fd6b248f32241e7f1cb7f263840742ac0587360950c7b414a,QUAL-SHADOW-1,RUN-20260820T113852,2026-08-20T11:38:52.928740+04:00
ITM-f87bb5791c862511,0dbb25a42830e65b5a11bafc0d7fffc3d53d8e1785056f78ed5b24a14780ecc3,52e0eebed79887213eadcddc4673b5780f087ec51ba2a57b0b6028edc53c351b,fe7882146aa2029112a0610e83f6296d50b51b3df2069e3f1f6270ccba67d600,QUAL-SHADOW-1,RUN-20260820T113852,2026-08-20T11:38:52.928740+04:00
ITM-f90316e1f792c499,72e2f33abef06d0254076b003ebef636856eaa97248317fbdebed8e1e6238bb0,7fdc3ad4b2591bc5b4c4ee319c07c2909f54154240640cbe55eb356e031a42a0,87b47e55e135997aa6599b211fa0a40a50414dbbaae7cb27cdd4cf1868cd2de8,QUAL-SHADOW-1,RUN-20260820T113852,2026-08-20T11:38:52.928740+04:00
ITM-f96036c6fb22f89b,5b8f40aa7f33d187803e1d461d125b26bb29bf189b53d9cdc9debaa469de2386,3d9d83b66f03e310c1f4c7ad274eda9587f24ee6b1872ff03dd2ceb262858cff,4f53cda18c2baa0c0354bb5f9a3ecbe5ed12ab4d8e11ba873c2f11161202b945,QUAL-SHADOW-1,RUN-20260820T113852,2026-08-20T11:38:52.928740+04:00
ITM-f9e552e18a424509,8f1147c28d683064fa4c4935f21f3bccb8ad90ac7036b8564ae70d5dc348c5a4,b9e7770f5a14ec4515326fa7a6a7198899e11dfb92e159fd60bcede7b6d931f1,4f53cda18c2baa0c0354bb5f9a3ecbe5ed12ab4d8e11ba873c2f11161202b945,QUAL-SHADOW-1,RUN-20260820T113852,2026-08-20T11:38:52.928740+04:00
ITM-fa22411d5209e6b8,e7d1b876a895634e8dd75c463417b244f5e8d9edd20e662d696a7eb9ba953e8b,44ac1693dd93959524ed771ad871c9ba51a953c181ce696cc16db9208f94045d,4f53cda18c2baa0c0354bb5f9a3ecbe5ed12ab4d8e11ba873c2f11161202b945,QUAL-SHADOW-1,RUN-20260820T113852,2026-08-20T11:38:52.928740+04:00
ITM-fa4e2699a798669f,e610a8a739e48eb2fd129dad2463ceb6b9891e52c53400a256fd105ad3b6d137,46bab8d4063838c65069a15ca0389184f494c331d891ff1168d7e9b44e4e9f06,8ef0ce4872371af53f9940c82bd8bc2be41e3cd60e0b4785ff13173792c92fa9,QUAL-SHADOW-1,RUN-20260820T113852,2026-08-20T11:38:52.928740+04:00
ITM-fab33f2a4d20edb5,9cd21e212212d0695b16660510a75e8c9dedd9b260982ddb1587fddf613505f0,823fe4c3f43733f607b7bfa4711f85ccf9fcba70b616e8fc54c281d17545dfe3,4f53cda18c2baa0c0354bb5f9a3ecbe5ed12ab4d8e11ba873c2f11161202b945,QUAL-SHADOW-1,RUN-20260820T113852,2026-08-20T11:38:52.928740+04:00
ITM-fac377f6dd0d8ee8,54c7c92fcaa88e80d31f8e59ed4867534cb969b846e2ded5fdb29e20e43ffe61,47d3f148d0ad57e383aa4cd9976e92c2b2e2603ba2a89975d396b921a0a36417,db1efc8d9569910bc3d86bc2a7c4b1a175a11d6c0d510aee4546509ff39859d6,QUAL-SHADOW-1,RUN-20260820T113852,2026-08-20T11:38:52.928740+04:00
ITM-fbe345a97a247b1e,2ce8e53e95eade8cc4c276409a7c927b6e931f7c3d24c74018ab53c8fd5d6831,53752c127540234870441e8e7dba44729a8051d23cf39c4c752a3a6e35d79fa4,6d9a8bf79a57c67f7ba6cf0ef5a6255dec6d178d04ff2fe6d0fd4deffebf9617,QUAL-SHADOW-1,RUN-20260820T113852,2026-08-20T11:38:52.928740+04:00
ITM-fbf70b9cec592f9e,66bd4fe57d9210f23bfe75d17cdf994711e863498a1f1102e05a4ed6fd97eef8,fbfa94979c9a1496a0e766e06c6f3499726c3945dd61d6c6b2b019bba8423b22,4f53cda18c2baa0c0354bb5f9a3ecbe5ed12ab4d8e11ba873c2f11161202b945,QUAL-SHADOW-1,RUN-20260820T113852,2026-08-20T11:38:52.928740+04:00
ITM-fc1064e0de6ca190,7fe8b58e6795aaefdf6212bedea1c635010c2c35cf75cb2e4573fee84cf43d1b,d5498acfff39193dd2868ea9c285d6c722bd3547a5b90a34b34baebda0993b99,dd98e348b1855a3fb68561afdf00963fb85fa23bbd525daa83c405dfef66a8d3,QUAL-SHADOW-1,RUN-20260820T113852,2026-08-20T11:38:52.928740+04:00
ITM-fc1b90509100b6be,e9e73618e4ccec1b128b2904f07b49efb639f2cd234675d9072e660e4cd1b66a,5854178649bf267d6904e2219e86349854e5f0047a53d9a2f15e498c636ff8c4,4f53cda18c2baa0c0354bb5f9a3ecbe5ed12ab4d8e11ba873c2f11161202b945,QUAL-SHADOW-1,RUN-20260820T113852,2026-08-20T11:38:52.928740+04:00
ITM-fc3fac38755a54db,5059505c24a8f4b039f8782a08605d1eaa72f9ebaa8138270b3ccc0a3f79c3be,e423f77c3d1ce3532b12a4d02f3e657e54241babfb8562d715405c3f4c527eda,2cd662a554403663edf1025d8cd4a2cf080a7f0338bd21ef0d48c3165df7e632,QUAL-SHADOW-1,RUN-20260820T113852,2026-08-20T11:38:52.928740+04:00
ITM-fc5c215dc379733c,b91fec1fc6f434bd019d223a1157c9ba93c0346f73fe96421c1931990362ed9b,8a8fa3105492e6938a42dd559ec7f1b73b017dd20d39b7df724d79ad5c04ec0f,4f53cda18c2baa0c0354bb5f9a3ecbe5ed12ab4d8e11ba873c2f11161202b945,QUAL-SHADOW-1,RUN-20260820T113852,2026-08-20T11:38:52.928740+04:00
ITM-fcb0961d57bae830,04c1ce8f5c6b14c4535eaf581b19aeb8e029c18cf68dd676bb866eee8b6cde2c,57324df1099035ec2fdc71f9010eb27d3d47250dbc4709ee935207f20d687276,e618fd0b16109d11d99cc7359a970cbf6771ac82cdf89474fa5d07ed69ee93e4,QUAL-SHADOW-1,RUN-20260820T113852,2026-08-20T11:38:52.928740+04:00
ITM-fcb9546efe478ce7,606a1582e22015ee8850bd4a9847c95715af76b7b4257a0b2b9b407c7891742b,5d917c388da44d4e9c3b195762abe1c505d63f06a7f1cdd860cd618b219e0413,5a2263d1ebf09210903a3e4feda59ddc0e90b30a6002506ad3f6a482c00f3f67,QUAL-SHADOW-1,RUN-20260820T113852,2026-08-20T11:38:52.928740+04:00
ITM-fcbb2a30976447da,aabb6e0a9025a7f36da4d9e419c2ebff6d21cac2e27d8264216986094b4dacfb,fe126c7a2f4ef1c3f847014227cc7d2ace8996205825eae403082c1a8fb257de,1294458cea9127ca8061c335f6de9e8605152ac5954c490f8d33242a10d1a398,QUAL-SHADOW-1,RUN-20260820T113852,2026-08-20T11:38:52.928740+04:00
ITM-fd38480114ffc165,24518ff0730745b0e977d1a09ebcab6eeb11764c06cca12490ec9575f515115c,be31f88508d61177da764fb6cfaaecc1fa3147215d94604e3a5f4431e793157f,7212d2a83213b72242cb51605c98237084eb88fa7f7ab749b128cff5b0448213,QUAL-SHADOW-1,RUN-20260820T113852,2026-08-20T11:38:52.928740+04:00
ITM-fd3fbc7d38df09b9,e5b3015deea9db5104d869cbaeae18228fa8384875a6f28b571a98a9f64213c1,f9191f2b206412e5d69a15b792b9c2baaf503b36605020b27cf76172a2033901,4f53cda18c2baa0c0354bb5f9a3ecbe5ed12ab4d8e11ba873c2f11161202b945,QUAL-SHADOW-1,RUN-20260820T113852,2026-08-20T11:38:52.928740+04:00
ITM-fd464840f9b28916,b8c3473dfab14322691e0ccdb71320547bf6a362f5366ec76e484d5c09eb3607,e8ffbc1fb436410ed5b892f586410f55b0ff963e6fcdba9958d0857095536291,e5ce2c1bc2327076500a63add70d2311fe0a88bcb343767d60a4d5c446f967ed,QUAL-SHADOW-1,RUN-20260820T113852,2026-08-20T11:38:52.928740+04:00
ITM-fd56c69414a47f90,9cd9e534d1c2aa23127a6f17deb43fe2c50debdf88bdf30210070c810a66ef53,6dd60e4fccbc1cccc438ecbd07da66c67fd755c728fb6c5d39a95d88ecba76d3,4f53cda18c2baa0c0354bb5f9a3ecbe5ed12ab4d8e11ba873c2f11161202b945,QUAL-SHADOW-1,RUN-20260820T113852,2026-08-20T11:38:52.928740+04:00
ITM-fdc78707cd7e72bc,a48203e9296d41e2422d8aa16a918814df875d84ba082243891fd33fcbaca2be,a8f7bfd35f047806b43ec2bbd6243d4d2c061695cdbfec9535aeb4e36a68c4d5,b467690fd209174f03a2168a177e99e418c68e80b14a90593158c4037f736ba4,QUAL-SHADOW-1,RUN-20260820T113852,2026-08-20T11:38:52.928740+04:00
ITM-fdcf23090de1dcfd,39a8eae9e9d4e32bc0df8648894c9b58765ac2c566f17fd73a00fc45dc1c721e,efe557d4efaa77451837bf2e42ea53a0aa45df4565c0c8df4e746985e7880292,4f53cda18c2baa0c0354bb5f9a3ecbe5ed12ab4d8e11ba873c2f11161202b945,QUAL-SHADOW-1,RUN-20260820T113852,2026-08-20T11:38:52.928740+04:00
ITM-fdd4de31fc2fb49c,005ca6f64bcc55f47dcd369c22977e165ba86e7c0c3f8fe035a99a16c49a57ec,9479802b006fe4cc656932c701b0f4a7e4c1516e25c65dee49415b621b5de525,4f53cda18c2baa0c0354bb5f9a3ecbe5ed12ab4d8e11ba873c2f11161202b945,QUAL-SHADOW-1,RUN-20260820T113852,2026-08-20T11:38:52.928740+04:00
ITM-fde932394abab432,e2cad55d3b87775b8fa5e51e286ac0b2abc0f06cb75c37aa26828276a0033c57,2b21462ff4c3096ca0c4dd1013f1b3716f53b741e4684b1b48fbb8c7741b6838,4f53cda18c2baa0c0354bb5f9a3ecbe5ed12ab4d8e11ba873c2f11161202b945,QUAL-SHADOW-1,RUN-20260820T113852,2026-08-20T11:38:52.928740+04:00
ITM-fe38fbba13f1277e,4d05dfebacf14c578f37c9598234e77916de9f5c745b0ed95b8289a8ed08540e,bf7c6ca19c1042b0b4afe31d72ffd37c4c916838088184a9f7fe442cb5dc9605,322eca2a3798ab8369b5e90ae3d2f961c01ace91b7791b2f1dd7727e66d70648,QUAL-SHADOW-1,RUN-20260820T113852,2026-08-20T11:38:52.928740+04:00
ITM-fe95b6ef3e1dded7,a72fb3ce023bf9fc5adf8b82c1d54cc7015adae7a1dd722f0730897a640dc84b,fc3abef7cdd19bdf3a2ecab0b010a7f6893f5c066291975bed41e9ed85e10e7d,4f53cda18c2baa0c0354bb5f9a3ecbe5ed12ab4d8e11ba873c2f11161202b945,QUAL-SHADOW-1,RUN-20260820T113852,2026-08-20T11:38:52.928740+04:00
ITM-ff199c241307633e,b7a453d25d13dca9467b07784af38461b09100ea514052afeaa6b6f7804a3f23,b755d95b78a56b8a56f0adba7e35321838bb990f40eecab116ad76489807ea52,4f53cda18c2baa0c0354bb5f9a3ecbe5ed12ab4d8e11ba873c2f11161202b945,QUAL-SHADOW-1,RUN-20260820T113852,2026-08-20T11:38:52.928740+04:00
ITM-ff2cc39a37c3f651,573422bac6db8da1a28b4a18368cb1837941a8d2312da4e51c07052b68d94d01,8e8e9cac175e9a4f5b8121a134451980d1e499b6ff095870517e31e9536a58fd,4566e9a4b8ee9e8171f997b5e6d74a2e92d7097078d09c229b59aae21779a9a5,QUAL-SHADOW-1,RUN-20260820T113852,2026-08-20T11:38:52.928740+04:00
ITM-ff7d3b2b47c6c4e0,a2746238c8482c623866ee84bb6de4e92fa9bc975bf148560de044fd739737a0,86fe090c081157233f363f4c222cdc3e0a0fdcfe92dc12ed56232aa59277db47,4f53cda18c2baa0c0354bb5f9a3ecbe5ed12ab4d8e11ba873c2f11161202b945,QUAL-SHADOW-1,RUN-20260820T113852,2026-08-20T11:38:52.928740+04:00
ITM-ff95482b0d0c1044,0326c3af6725795f73c8b75dd77bac3271e8937d091032e480d3e10057efdc27,0447435db948d6a5c199abb567c97a260bb6211ab86f12e1fb2bb88196b87263,7a24465137a7c300739289aac6acc45e28f3f449be94477a9e14cf5d87b0eccb,QUAL-SHADOW-1,RUN-20260820T113852,2026-08-20T11:38:52.928740+04:00
ITM-ffa91ff73839712b,303a5abcd4333801384cb8ef4db1be273ad043eb1e6f43d990203d62c1b52b78,17a7dc99dcf141644683a77867af9e9ffe2735c660323aee106870ea94651474,6c0c689615aea0f6a39583b2969b6c24080e9ad45d29a1ed273906009636871a,QUAL-SHADOW-1,RUN-20260820T113852,2026-08-20T11:38:52.928740+04:00
ITM-ffb301ad6b47093e,699352172a421cf2e2816dfd3765a6fc5c1a9343bcd97881b4e7537328e0baef,35f521d45f11fe2684accd0ba6a2037b49d15c9e553832a531dcb041a7b3c95f,11e7a3085f142fa3a07ed35535815979167e99d8d0c60f404e5fe6d9fe3aa3cf,QUAL-SHADOW-1,RUN-20260820T113852,2026-08-20T11:38:52.928740+04:00
ITM-ffea5dbcc5e82a7c,bf6d8af5df6a31d26b1c1b8580a1c84d4f4ed8f57a0422fb1cbb392f767d02fc,f83493a2257b6157bbc84701c15593b111b2ebfeeb5495897f49e03b603e2113,4f53cda18c2baa0c0354bb5f9a3ecbe5ed12ab4d8e11ba873c2f11161202b945,QUAL-SHADOW-1,RUN-20260820T113852,2026-08-20T11:38:52.928740+04:00
