Run_ID,As_Of,Item_ID,Source_ID,Organisation_Key,Organisation,Previous_Sector,Resolved_Sector,Status,Reason,Confidence,Evidence,Evidence_URL,Policy_Version
RUN-20261009T175526,2026-10-09T17:55:26.671747+04:00,ITM-be5f9241cb8beb3a,BONJOURLAFUITE,academie de creteil,Académie de Créteil,Éducation / Formation,Éducation / Formation,inferred,ORGANISATION_NAME_RULE,0.80,Académie de Créteil,https://bonjourlafuite.eu.org/img/creteil.png,2026-10-07.sector.7
RUN-20261009T175526,2026-10-09T17:55:26.671747+04:00,ITM-037c906167658a97,FRENCHBREACHES,activa assurances,Activa Assurances,Finance / Assurance,Finance / Assurance,inferred,ACTIVITY_OVERRIDES_SOURCE_LABEL,0.80,"Activa Assurances, groupe d'assurance africain présent dans plusieurs pays du continent, apparaît dans une publication diffusée sur un forum cybercriminel. [étiquette source écartée : Santé]",https://frenchbreaches.com/alertes/activa-assurances-mue1g3lzqpswxa7ldb8,2026-10-07.sector.7
RUN-20261009T175526,2026-10-09T17:55:26.671747+04:00,ITM-c8f525e9a3f7b53d,CYBERATTAQUE_ORG,adequat,Adéquat,Inconnu,Inconnu,unknown,NO_ACTIVITY_EVIDENCE,0.00,,,2026-10-07.sector.7
RUN-20261009T175526,2026-10-09T17:55:26.671747+04:00,ITM-4126568309d0df84,CYBERATTAQUE_ORG,admr,ADMR,Association / Syndicat,Association / Syndicat,referenced,REFERENCE_EXACT,0.90,L’ADMR est un réseau français de services à la personne et d’aide à domicile dont l’organisation repose sur de nombreuses associations et fédérations départementales.,https://www.cyberattaque.org/cyberattaque-admr-pres-de-10-000-comptes-internes-exposes-dans-une-nouvelle-fuite/,2026-10-07.sector.7
RUN-20261009T175526,2026-10-09T17:55:26.671747+04:00,ITM-8d2ceb6897ca9c86,FRENCHBREACHES,admr,ADMR,Association / Syndicat,Association / Syndicat,referenced,REFERENCE_EXACT,0.90,L’ADMR est un réseau français de services à la personne et d’aide à domicile dont l’organisation repose sur de nombreuses associations et fédérations départementales.,https://www.cyberattaque.org/cyberattaque-admr-pres-de-10-000-comptes-internes-exposes-dans-une-nouvelle-fuite/,2026-10-07.sector.7
RUN-20261009T175526,2026-10-09T17:55:26.671747+04:00,ITM-0ace4810d26b9775,FRENCHBREACHES,aeroclub de l aia,Aéroclub de l’AIA,Transport / Logistique,Transport / Logistique,reported,SOURCE_SECTOR_RAW,0.70,Transport,https://frenchbreaches.com/alertes/a-roclub-de-l-aia-mufen4abudexvcjiwgs,2026-10-07.sector.7
RUN-20261009T175526,2026-10-09T17:55:26.671747+04:00,ITM-a7b504fada9742bc,CYBERATTAQUE_ORG,aeroclub de l aia,Aéroclub de l’AIA,Inconnu,Inconnu,unknown,NO_ACTIVITY_EVIDENCE,0.00,,,2026-10-07.sector.7
RUN-20261009T175526,2026-10-09T17:55:26.671747+04:00,ITM-87c0985509c2834f,CYBERATTAQUE_ORG,aestria,Aestria,Numérique / Technologie,Numérique / Technologie,inferred,SEMANTIC_ACTIVITY_MATCH,0.80,"Aestria , société française spécialisée dans les services informatiques, les réseaux et la cybersécurité, fait l'objet d'une importante revendication de piratage.",https://www.cyberattaque.org/aestria-les-donnees-clients-et-outils-internes-dun-prestataire-cyber-en-fuite/,2026-10-07.sector.7
RUN-20261009T175526,2026-10-09T17:55:26.671747+04:00,ITM-b8dafe9f344624d2,FRENCHBREACHES,aestria,Aestria,Numérique / Technologie,Numérique / Technologie,inferred,SEMANTIC_ACTIVITY_MATCH,0.80,"**Aestria, société française spécialisée dans les services informatiques et la cybersécurité, fait l’objet d’une revendication de piratage publiée sur un forum cybercriminel.** L’auteur affirme avoir compromis l’infrastructure de l’entreprise et diffusé plusieurs bases de données internes.",https://frenchbreaches.com/alertes/aestria-mui0okz5kx91njjeuw,2026-10-07.sector.7
RUN-20261009T175526,2026-10-09T17:55:26.671747+04:00,ITM-afd4259690cd4330,RANSOMWARE_LIVE,aforpa,Aforpa,Inconnu,Inconnu,unknown,SOURCE_SECTOR_RAW_AMBIGUOUS,0.00,Not Found,,2026-10-07.sector.7
RUN-20261009T175526,2026-10-09T17:55:26.671747+04:00,ITM-4923799b4214bfc6,FRENCHBREACHES,afpa,AFPA,Éducation / Formation,Éducation / Formation,inferred,ORGANISATION_NAME_RULE,0.80,AFPA,https://frenchbreaches.com/alertes/afpa-mu4jbja3w3es4t7j0a8,2026-10-07.sector.7
RUN-20261009T175526,2026-10-09T17:55:26.671747+04:00,ITM-978b825e19437cf6,FRENCHBREACHES,afpa,AFPA,Éducation / Formation,Éducation / Formation,inferred,ORGANISATION_NAME_RULE,0.80,AFPA,https://frenchbreaches.com/alertes/afpa-mu3sfxoqeownzuda0zt,2026-10-07.sector.7
RUN-20261009T175526,2026-10-09T17:55:26.671747+04:00,ITM-9f3d8f5db9d90222,CYBERATTAQUE_ORG,afpa,AFPA,Éducation / Formation,Éducation / Formation,inferred,ORGANISATION_NAME_RULE,0.80,AFPA,https://www.cyberattaque.org/afpa-pres-dun-million-de-dossiers-revendiques-apres-une-cyberattaque/,2026-10-07.sector.7
RUN-20261009T175526,2026-10-09T17:55:26.671747+04:00,ITM-df8c923ab4355097,CYBERATTAQUE_ORG,agefiph,Agefiph,Association / Syndicat,Association / Syndicat,inferred,SEMANTIC_ACTIVITY_MATCH,0.80,"L’Agefiph, organisme français chargé d’accompagner l’emploi des personnes en situation de handicap, fait l’objet d’une importante fuite de…",https://www.cyberattaque.org/agefiph-les-donnees-de-3-700-personnes-en-situation-de-handicap-diffusees/,2026-10-07.sector.7
RUN-20261009T175526,2026-10-09T17:55:26.671747+04:00,ITM-fc5ff22432d6eee0,FRENCHBREACHES,agefiph,Agefiph,Santé,Santé,reported,SOURCE_SECTOR_RAW,0.70,Santé,https://frenchbreaches.com/alertes/agefiph-mujvbup2qid66k3d18c,2026-10-07.sector.7
RUN-20261009T175526,2026-10-09T17:55:26.671747+04:00,ITM-4fcc6a4c4f548c3a,FRENCHBREACHES,agence de services et de paiement,Agence de services et de paiement,Administration / Collectivité,Administration / Collectivité,reported,SOURCE_SECTOR_RAW,0.70,public,https://frenchbreaches.com/alertes/agence-de-services-et-de-paiement-asp-mufhbfg6dferxvrn99,2026-10-07.sector.7
RUN-20261009T175526,2026-10-09T17:55:26.671747+04:00,ITM-94fc0fe8bab3faac,BONJOURLAFUITE,agence de services et de paiement,Agence de Services et de Paiement,Inconnu,Inconnu,unknown,NO_ACTIVITY_EVIDENCE,0.00,,,2026-10-07.sector.7
RUN-20261009T175526,2026-10-09T17:55:26.671747+04:00,ITM-c27e0b8e0c415ce3,FRENCHBREACHES,agence de services et de paiement,Agence de services et de paiement,Inconnu,Administration / Collectivité,reported,SOURCE_SECTOR_RAW,0.70,public,https://frenchbreaches.com/alertes/agence-de-services-et-de-paiement-asp-mv0ezdl3icbsppki7i,2026-10-07.sector.7
RUN-20261009T175526,2026-10-09T17:55:26.671747+04:00,ITM-03cddab771948da3,FRENCHBREACHES,agence nationale des frequences,Agence nationale des fréquences,Administration / Collectivité,Administration / Collectivité,reported,SOURCE_SECTOR_RAW,0.70,public,https://frenchbreaches.com/alertes/agence-nationale-des-fr-quences-anfr-mod3706u7p85pi7xpe3,2026-10-07.sector.7
RUN-20261009T175526,2026-10-09T17:55:26.671747+04:00,ITM-9d6f490ec849d954,RANSOMWARE_LIVE,agiliance,agiliance,Services aux entreprises,Services aux entreprises,reported,SOURCE_SECTOR_RAW,0.70,Professional Services,https://fyenuhkq3pfhnbpidj5jm2fl2lryxip4byhg6eozynrnlomu4szf2nyd.onion/index.html?indexId=cdbgfyjtgfdsf,2026-10-07.sector.7
RUN-20261009T175526,2026-10-09T17:55:26.671747+04:00,ITM-55ef92db8d8e20df,RANSOMWARE_LIVE,agora cooperative agricole,Agora coopérative agricole,Agriculture / Agroalimentaire,Agriculture / Agroalimentaire,reported,SOURCE_SECTOR_RAW,0.70,Agriculture and Food Production,http://ijzn3sicrcy7guixkzjkib4ukbiilwc3xhnmby4mcbccnsd7j2rekvqd.onion/site/blog?uuid=02785247-5bb1-42b8-aa7f-3dd0d96e2dc3,2026-10-07.sector.7
RUN-20261009T175526,2026-10-09T17:55:26.671747+04:00,ITM-32fe91231131ddf7,VEILLE_LLM,air austral,Air Austral,Transport / Logistique,Transport / Logistique,referenced,REFERENCE_EXACT,0.90,Entité ou alias territorial validé du référentiel Cyberwatch,https://github.com/Ya7o/Cyberwatch/blob/main/cyberwatch/watchlists.py,2026-10-07.sector.7
RUN-20261009T175526,2026-10-09T17:55:26.671747+04:00,ITM-4b9bc0640025d745,CYBERATTAQUE_ORG,al bayyinah,Al Bayyinah,Commerce / Distribution,Commerce / Distribution,inferred,SEMANTIC_ACTIVITY_MATCH,0.80,"Al Bayyinah est une entreprise française installée à Argenteuil, dans le Val-d’Oise . Active depuis 2008, elle se présente à la fois comme une librairie musulmane, une maison d’édition et un grossiste .",https://www.cyberattaque.org/al-bayyinah-la-librairie-musulmane-victime-dune-cyberattaque-donnees-clients-exposees/,2026-10-07.sector.7
RUN-20261009T175526,2026-10-09T17:55:26.671747+04:00,ITM-bd32299afba9aa70,FRENCHBREACHES,al bayyinah,Al Bayyinah,Commerce / Distribution,Commerce / Distribution,reported,SOURCE_SECTOR_RAW,0.70,Commerce,https://frenchbreaches.com/alertes/al-bayyinah-muycreawvvasepj8v2,2026-10-07.sector.7
RUN-20261009T175526,2026-10-09T17:55:26.671747+04:00,ITM-440e6318a1c30c27,CYBERATTAQUE_ORG,alaxione,Alaxione,Santé,Santé,inferred,ACTIVITY_RULE,0.80,"Alaxione , société française de e-santé spécialisée dans la gestion des agendas médicaux et du parcours patient, fait lobjet dune nouvelle revendication majeure.",https://www.cyberattaque.org/alaxione-86-millions-de-patients-revendiques-dans-une-nouvelle-fuite/,2026-10-07.sector.7
RUN-20261009T175526,2026-10-09T17:55:26.671747+04:00,ITM-be00db59b1438cc3,CYBERATTAQUE_ORG,alaxione,Alaxione,Inconnu,Inconnu,unknown,NO_ACTIVITY_EVIDENCE,0.00,,,2026-10-07.sector.7
RUN-20261009T175526,2026-10-09T17:55:26.671747+04:00,ITM-c890a72d45f49174,FRENCHBREACHES,alaxione,Alaxione,Santé,Santé,inferred,SEMANTIC_ACTIVITY_MATCH,0.80,"Alaxione fournit des solutions de gestion d’agenda, prise et suivi de rendez-vous médicaux ;",https://frenchbreaches.com/alertes/point-vision-alaxione-mu2xkknzvrz0vmolzuf,2026-10-07.sector.7
RUN-20261009T175526,2026-10-09T17:55:26.671747+04:00,ITM-f3b170831106a26d,FRENCHBREACHES,alaxione,Alaxione,Numérique / Technologie,Numérique / Technologie,inferred,ACTIVITY_OVERRIDES_SOURCE_LABEL,0.80,"**Alaxione**, éditeur français de logiciels utilisés par des cabinets médicaux et établissements de santé, fait l'objet d'une importante revendication de fuite de données. [étiquette source écartée : Santé]",https://frenchbreaches.com/alertes/alaxione-mukgc44jlfsfro727v,2026-10-07.sector.7
RUN-20261009T175526,2026-10-09T17:55:26.671747+04:00,ITM-25955bbe855c8fae,FRENCHBREACHES,altagem,Altagem,Numérique / Technologie,Numérique / Technologie,reported,SOURCE_SECTOR_RAW,0.70,Technologie,https://frenchbreaches.com/alertes/altagem-mubgua4y1pn9jonb1uu,2026-10-07.sector.7
RUN-20261009T175526,2026-10-09T17:55:26.671747+04:00,ITM-38329d4e6d55bd06,CYBERATTAQUE_ORG,altagem,Altagem,Numérique / Technologie,Numérique / Technologie,inferred,ACTIVITY_RULE,0.80,"Altagem , éditeur français d’un logiciel de gestion destiné aux entreprises disposant d’équipes et d’activités sur le terrain, fait l’objet d’une cyberattaque revendiquée ce 21 septembre 2026 .",https://www.cyberattaque.org/altagem-clients-equipes-et-donnees-operationnelles-exposes-apres-une-cyberattaque/,2026-10-07.sector.7
RUN-20261009T175526,2026-10-09T17:55:26.671747+04:00,ITM-125ecc75c86de073,CYBERATTAQUE_ORG,amadeus ihotelier,Amadeus iHotelier,Inconnu,Inconnu,unknown,NO_ACTIVITY_EVIDENCE,0.00,,,2026-10-07.sector.7
RUN-20261009T175526,2026-10-09T17:55:26.671747+04:00,ITM-79a48073d59bd6a5,RANSOMWARE_LIVE,amb pvc,amb-pvc,Industrie / Manufacture,Industrie / Manufacture,reported,SOURCE_SECTOR_RAW,0.70,Manufacturing,https://fyenuhkq3pfhnbpidj5jm2fl2lryxip4byhg6eozynrnlomu4szf2nyd.onion/index.html?indexId=daszxvbgfnczm,2026-10-07.sector.7
RUN-20261009T175526,2026-10-09T17:55:26.671747+04:00,ITM-257f7999a10cb3ba,RANSOMWARE_LIVE,ambpvc,ambpvc,Inconnu,Inconnu,unknown,SOURCE_SECTOR_RAW_AMBIGUOUS,0.00,Other,,2026-10-07.sector.7
RUN-20261009T175526,2026-10-09T17:55:26.671747+04:00,ITM-86b806cc28fa8505,FRENCHBREACHES,amcen,AMCEN,Commerce / Distribution,Commerce / Distribution,reported,SOURCE_SECTOR_RAW,0.70,Commerce,https://frenchbreaches.com/alertes/amcen-mutyyvhhx4zer2dulkd,2026-10-07.sector.7
RUN-20261009T175526,2026-10-09T17:55:26.671747+04:00,ITM-348baf4c4d7e6f81,BONJOURLAFUITE,anssi,ANSSI,Inconnu,Inconnu,unknown,NO_ACTIVITY_EVIDENCE,0.00,,,2026-10-07.sector.7
RUN-20261009T175526,2026-10-09T17:55:26.671747+04:00,ITM-88065baecfcef346,RANSOMWARE_LIVE,aokkef,Aokkef,Inconnu,Inconnu,unknown,SOURCE_SECTOR_RAW_AMBIGUOUS,0.00,Not Found,,2026-10-07.sector.7
RUN-20261009T175526,2026-10-09T17:55:26.671747+04:00,ITM-4513f8a1d4b18e67,FRENCHBREACHES,ap hp,AP-HP,Inconnu,Santé,reported,SOURCE_SECTOR_RAW,0.70,Santé,https://frenchbreaches.com/alertes/ap-hp-muzfsexoa32730drjlq,2026-10-07.sector.7
RUN-20261009T175526,2026-10-09T17:55:26.671747+04:00,ITM-9254342bd232adf9,CYBERATTAQUE_ORG,ap hp,AP-HP,Inconnu,Inconnu,unknown,NO_ACTIVITY_EVIDENCE,0.00,,,2026-10-07.sector.7
RUN-20261009T175526,2026-10-09T17:55:26.671747+04:00,ITM-b246d3960f9666d5,FRENCHBREACHES,april,April,Finance / Assurance,Finance / Assurance,inferred,ACTIVITY_RULE,0.80,"**April, groupe français spécialisé dans l’assurance et le courtage**, est visé par une nouvelle revendication sur un forum spécialisé.",https://frenchbreaches.com/alertes/april-muumgsdxm1u9tprneco,2026-10-07.sector.7
RUN-20261009T175526,2026-10-09T17:55:26.671747+04:00,ITM-46b4ec46c581eb4f,FRENCHBREACHES,aqua store,Aqua-Store,Inconnu,Commerce / Distribution,reported,SOURCE_SECTOR_RAW,0.70,Commerce,https://frenchbreaches.com/alertes/aqua-store-muzlr1mh7tav68gx7q8,2026-10-07.sector.7
RUN-20261009T175526,2026-10-09T17:55:26.671747+04:00,ITM-62c07e46651ff0fe,CYBERATTAQUE_ORG,aqua store,Aqua-Store,Inconnu,Inconnu,unknown,ACTIVITY_TAXONOMY_UNRESOLVED,0.00,"Aqua-Store, spécialiste français de l’aquariophilie",,2026-10-07.sector.7
RUN-20261009T175526,2026-10-09T17:55:26.671747+04:00,ITM-e1e3ecdb12ce1f80,FRENCHBREACHES,aqualter,Aqualter,Industrie / Manufacture,Industrie / Manufacture,reported,SOURCE_SECTOR_RAW,0.70,Industrie,https://frenchbreaches.com/alertes/aqualter-mtw3s7ufzaqj8v0kb3b,2026-10-07.sector.7
RUN-20261009T175526,2026-10-09T17:55:26.671747+04:00,ITM-f4e4e11cbcc11b38,CYBERATTAQUE_ORG,aqualter,Aqualter,Énergie / Utilities,Énergie / Utilities,inferred,ACTIVITY_RULE,0.80,Aqualter est une entreprise française indépendante spécialisée dans les métiers de l’eau. Son activité concerne notamment la gestion de services liés à l’eau potable et à l’assainissement,https://www.cyberattaque.org/aqualter-187-000-numeros-de-telephone-exposes-apres-une-cyberattaque/,2026-10-07.sector.7
RUN-20261009T175526,2026-10-09T17:55:26.671747+04:00,ITM-74ca438fde25ab48,CYBERATTAQUE_ORG,armurerie douillet,Armurerie Douillet,Inconnu,Inconnu,unknown,NO_ACTIVITY_EVIDENCE,0.00,,,2026-10-07.sector.7
RUN-20261009T175526,2026-10-09T17:55:26.671747+04:00,ITM-9b2f798ea40753b6,FRENCHBREACHES,armurerie douillet,Armurerie Douillet,Commerce / Distribution,Commerce / Distribution,reported,SOURCE_SECTOR_RAW,0.70,Commerce,https://frenchbreaches.com/alertes/armurerie-douillet-muw77q13c7eazckgjfe,2026-10-07.sector.7
RUN-20261009T175526,2026-10-09T17:55:26.671747+04:00,ITM-5db131ed797d2870,FRENCHBREACHES,armurerie lavaux,Armurerie Lavaux,Commerce / Distribution,Commerce / Distribution,inferred,SEMANTIC_ACTIVITY_MATCH,0.80,"Une importante fuite de données attribuée à Armurerie Lavaux, entreprise spécialisée dans la vente d’armes, de munitions et d’accessoires, est désormais proposée à la vente sur un forum cybercriminel.",https://frenchbreaches.com/alertes/armurerie-lavaux-fftir-sia-mu4veintm4jse4e4ix,2026-10-07.sector.7
RUN-20261009T175526,2026-10-09T17:55:26.671747+04:00,ITM-2233ef32480f1f3a,CYBERATTAQUE_ORG,arntreal,ARNtreal,Inconnu,Inconnu,unknown,NO_ACTIVITY_EVIDENCE,0.00,,,2026-10-07.sector.7
RUN-20261009T175526,2026-10-09T17:55:26.671747+04:00,ITM-d5c3bfb641ddc2f7,FRENCHBREACHES,arntreal,ARNtreal,Commerce / Distribution,Commerce / Distribution,reported,SOURCE_SECTOR_RAW,0.70,Commerce,https://frenchbreaches.com/alertes/arntreal-muff0l3o37eafdqvz6z,2026-10-07.sector.7
RUN-20261009T175526,2026-10-09T17:55:26.671747+04:00,ITM-f2ced98ba9d62f09,BONJOURLAFUITE,arntreal,Arntreal,Inconnu,Inconnu,unknown,NO_ACTIVITY_EVIDENCE,0.00,,,2026-10-07.sector.7
RUN-20261009T175526,2026-10-09T17:55:26.671747+04:00,ITM-b4e82cd6fe86752f,CYBERATTAQUE_ORG,asp,ASP,Administration / Collectivité,Administration / Collectivité,inferred,SEMANTIC_ACTIVITY_MATCH,0.80,"L’ Agence de services et de paiement (ASP) , organisme public chargé de gérer et verser de nombreuses aides publiques en France, confirme avoir subi une fuite de données .",https://www.cyberattaque.org/asp-une-cyberattaque-expose-143-000-lignes-de-beneficiaires-daides-publiques/,2026-10-07.sector.7
RUN-20261009T175526,2026-10-09T17:55:26.671747+04:00,ITM-c77f409a14aea8e3,CYBERATTAQUE_ORG,asp,ASP,Inconnu,Éducation / Formation,inferred,ACTIVITY_RULE,0.80,L’ASP intervient justement pour le compte de l’État et de plusieurs régions dans la gestion administrative et le versement de la  rémunération des stagiaires de la formation professionnelle .,https://www.cyberattaque.org/asp-frappe-par-une-nouvelle-cyberattaque-29-611-personnes-exposees/,2026-10-07.sector.7
RUN-20261009T175526,2026-10-09T17:55:26.671747+04:00,ITM-06753aae2974aaa4,FRENCHBREACHES,association des scouts de france,Association des Scouts de France,Inconnu,Commerce / Distribution,reported,SOURCE_SECTOR_RAW,0.70,Commerce,https://frenchbreaches.com/alertes/association-des-scouts-de-france-muzfbw9w6swi4ph7cjo,2026-10-07.sector.7
RUN-20261009T175526,2026-10-09T17:55:26.671747+04:00,ITM-56327e2042dcd4d0,CYBERATTAQUE_ORG,assurimo,Assurimo,Inconnu,Finance / Assurance,inferred,ACTIVITY_RULE,0.80,"Assurimo intervient dans le domaine du courtage en assurance immobilière , auprès des particuliers comme des professionnels.",https://www.cyberattaque.org/assurimo-674-000-clients-exposes-16-milliard-deuros-de-primes-dans-la-fuite/,2026-10-07.sector.7
RUN-20261009T175526,2026-10-09T17:55:26.671747+04:00,ITM-ad23e59a13a12685,FRENCHBREACHES,assurimo,Assurimo,Inconnu,Finance / Assurance,inferred,ACTIVITY_OVERRIDES_SOURCE_LABEL,0.80,"Assurimo, spécialiste français de l’assurance immobilière appartenant au groupe Odealim, fait l’objet d’une importante fuite de données revendiquée. [étiquette source écartée : Commerce]",https://frenchbreaches.com/alertes/assurimo-muzecqutadu64t3lt3,2026-10-07.sector.7
RUN-20261009T175526,2026-10-09T17:55:26.671747+04:00,ITM-1b4519e312290408,FRENCHBREACHES,autobacs,Autobacs,Commerce / Distribution,Commerce / Distribution,inferred,ACTIVITY_RULE,0.80,"**Autobacs est une enseigne de centres automobiles** proposant des produits et des services liés à l’entretien, à la réparation et à l’équipement des véhicules.",https://frenchbreaches.com/alertes/autobacs-muda8o22m5n90gsgobl,2026-10-07.sector.7
RUN-20261009T175526,2026-10-09T17:55:26.671747+04:00,ITM-1cbac99e79ca519d,CYBERATTAQUE_ORG,autobacs,Autobacs,Inconnu,Inconnu,unknown,NO_ACTIVITY_EVIDENCE,0.00,,,2026-10-07.sector.7
RUN-20261009T175526,2026-10-09T17:55:26.671747+04:00,ITM-a7b83a46c2014a52,FRENCHBREACHES,autos,Autos,Commerce / Distribution,Commerce / Distribution,reported,SOURCE_SECTOR_RAW,0.70,Commerce,https://frenchbreaches.com/alertes/autos-distinxion-muo73x46b5xto1nd1oq,2026-10-07.sector.7
RUN-20261009T175526,2026-10-09T17:55:26.671747+04:00,ITM-90bd691fdd612fe3,CYBERATTAQUE_ORG,avantages jeunes,Avantages Jeunes,Inconnu,Inconnu,unknown,ACTIVITY_TAXONOMY_UNRESOLVED,0.00,Avantages Jeunes est un dispositif destiné aux jeunes de Bourgogne-Franche-Comté permettant d’accéder à des réductions et avantages auprès de nombreux partenaires.,,2026-10-07.sector.7
RUN-20261009T175526,2026-10-09T17:55:26.671747+04:00,ITM-73809dc25c79ed70,FRENCHBREACHES,avantagesjeunes,AvantagesJeunes,Commerce / Distribution,Commerce / Distribution,reported,SOURCE_SECTOR_RAW,0.70,Commerce,https://frenchbreaches.com/alertes/avantagesjeunes-muovatamt78zurmvlo,2026-10-07.sector.7
RUN-20261009T175526,2026-10-09T17:55:26.671747+04:00,ITM-3985dc3501ee59cc,CYBERATTAQUE_ORG,azae,Azaé,Santé,Santé,inferred,SEMANTIC_ACTIVITY_MATCH,0.80,"Azaé , réseau français spécialisé dans les services à la personne et l’aide à domicile, fait l’objet d’une importante fuite de données revendiquée par le hacker ChimeraZ .",https://www.cyberattaque.org/azae-cyberattaque-fichiers-revelent-des-informations-medicales-sur-des-beneficiaires/,2026-10-07.sector.7
RUN-20261009T175526,2026-10-09T17:55:26.671747+04:00,ITM-d943f4b9d21fb7f4,FRENCHBREACHES,azae,Azaé,Commerce / Distribution,Commerce / Distribution,inferred,ACTIVITY_OVERRIDES_SOURCE_LABEL,0.80,Azaé est une enseigne du **groupe A2micile** spécialisée dans les services à la personne. [étiquette source écartée : Santé],https://frenchbreaches.com/alertes/aza-mukkqhuagxmqmicsl9j,2026-10-07.sector.7
RUN-20261009T175526,2026-10-09T17:55:26.671747+04:00,ITM-8948c7b6e1a8a68b,FRENCHBREACHES,backpower,Backpower,Commerce / Distribution,Commerce / Distribution,reported,SOURCE_SECTOR_RAW,0.70,Commerce,https://frenchbreaches.com/alertes/backpower-mudibqhhe5pk8lk0ylr,2026-10-07.sector.7
RUN-20261009T175526,2026-10-09T17:55:26.671747+04:00,ITM-e1b71444a044165f,CYBERATTAQUE_ORG,backpower,BackPower,Industrie / Manufacture,Industrie / Manufacture,inferred,SEMANTIC_ACTIVITY_MATCH,0.80,"BackPower, entreprise française spécialisée dans le reconditionnement et la fabrication de batteries au lithium, fait l’objet d’une cyberattaque revendiquée ce 23 septembre 2026 .",https://www.cyberattaque.org/cyberatatque-backpower-47-millions-de-lignes-revendiquees-dans-une-fuite-massive/,2026-10-07.sector.7
RUN-20261009T175526,2026-10-09T17:55:26.671747+04:00,ITM-11aabea034947ec6,FRENCHBREACHES,bati avenue,Bati-Avenue,Commerce / Distribution,Commerce / Distribution,reported,SOURCE_SECTOR_RAW,0.70,Commerce,https://frenchbreaches.com/alertes/bati-avenue-shipup-muwuhlyeo7q11t8f7c,2026-10-07.sector.7
RUN-20261009T175526,2026-10-09T17:55:26.671747+04:00,ITM-7e739d6925596d17,CYBERATTAQUE_ORG,bati avenue,Bati-Avenue,Commerce / Distribution,Commerce / Distribution,inferred,ACTIVITY_RULE,0.80,"Bati-Avenue, spécialiste français de la vente en ligne de matériel et d’outillage pour les professionnels du bâtiment, confirme…",https://www.cyberattaque.org/bati-avenue-touche-par-la-cyberattaque-shipup-des-clients-amazon-et-manomano-exposes/,2026-10-07.sector.7
RUN-20261009T175526,2026-10-09T17:55:26.671747+04:00,ITM-12da2daac98ebf48,FRENCHBREACHES,belnet,Belnet,Éducation / Formation,Éducation / Formation,reported,SOURCE_SECTOR_RAW,0.70,Éducation,https://frenchbreaches.com/alertes/belnet-munsqkj0sc95q8fxu2r,2026-10-07.sector.7
RUN-20261009T175526,2026-10-09T17:55:26.671747+04:00,ITM-336e05f6b7affe85,FRENCHBREACHES,biocoop,Biocoop,Commerce / Distribution,Commerce / Distribution,reported,SOURCE_SECTOR_RAW,0.70,Commerce,https://frenchbreaches.com/alertes/biocoop-mua6zxxgg1gjqmuiut,2026-10-07.sector.7
RUN-20261009T175526,2026-10-09T17:55:26.671747+04:00,ITM-d11f67dd2938905f,CYBERATTAQUE_ORG,biocoop,Biocoop,Commerce / Distribution,Commerce / Distribution,inferred,ACTIVITY_RULE,0.80,"Biocoop, réseau français spécialisé dans la distribution de produits biologiques, fait l’objet d’une importante fuite de données revendiquée par le hacker Venus1337 .",https://www.cyberattaque.org/biocoop-28-go-de-donnees-internes-exposes-apres-une-cyberattaque/,2026-10-07.sector.7
RUN-20261009T175526,2026-10-09T17:55:26.671747+04:00,ITM-7bf08610c63d0048,CYBERATTAQUE_ORG,biocorp,Biocorp,Santé,Santé,inferred,ACTIVITY_RULE,0.80,"Biocorp , entreprise française, du groupe Novo Nordisk, spécialisée dans la conception et la fabrication de dispositifs médicaux et de solutions de santé connectée , confirme avoir été victime d’une cyberattaque ayant touché son site institutionnel biocorpsys.com.",https://www.cyberattaque.org/biocorp-une-cyberattaque-wordpress-piege-les-visiteurs-avec-un-faux-recaptcha/,2026-10-07.sector.7
RUN-20261009T175526,2026-10-09T17:55:26.671747+04:00,ITM-e8d5819db2f857fe,FRENCHBREACHES,biocorp,Biocorp,Santé,Santé,reported,SOURCE_SECTOR_RAW,0.70,Santé,https://frenchbreaches.com/alertes/biocorp-muyblcbi1oslvjvw4v3,2026-10-07.sector.7
RUN-20261009T175526,2026-10-09T17:55:26.671747+04:00,ITM-999ef5bf9852ad00,RANSOMWARE_LIVE,bmgp groupe,BMGP Groupe,Inconnu,Inconnu,unknown,SOURCE_SECTOR_RAW_AMBIGUOUS,0.00,Other,,2026-10-07.sector.7
RUN-20261009T175526,2026-10-09T17:55:26.671747+04:00,ITM-863f96bd314631cb,CYBERATTAQUE_ORG,bordeaux sciences agro,Bordeaux Sciences Agro,Inconnu,Inconnu,unknown,ACTIVITY_TAXONOMY_UNRESOLVED,0.00,Bordeaux Sciences Agro confirme une violation de données ayant touché son application de gestion des conventions de stage….,,2026-10-07.sector.7
RUN-20261009T175526,2026-10-09T17:55:26.671747+04:00,ITM-6d660f08d2bb4755,FRENCHBREACHES,boulanger,Boulanger,Commerce / Distribution,Commerce / Distribution,reported,SOURCE_SECTOR_RAW,0.70,Commerce,https://frenchbreaches.com/alertes/boulanger-mtx6sn0e1djwcj87mtd,2026-10-07.sector.7
RUN-20261009T175526,2026-10-09T17:55:26.671747+04:00,ITM-d5c554b19f3dcaa9,CYBERATTAQUE_ORG,boulanger,Boulanger,Inconnu,Inconnu,unknown,NO_ACTIVITY_EVIDENCE,0.00,,,2026-10-07.sector.7
RUN-20261009T175526,2026-10-09T17:55:26.671747+04:00,ITM-4b3c8a7f68dcc41c,RANSOMWARE_LIVE,boullard musique,Boullard Musique,Commerce / Distribution,Commerce / Distribution,reported,SOURCE_SECTOR_RAW,0.70,Retail & E-Commerce,http://payloadrz5yw227brtbvdqpnlhq3rdcdekdnn3rgucbcdeawq2v6vuyd.onion/posts/c76973f9-dba2-4851-87b0-0c26fd6192f1,2026-10-07.sector.7
RUN-20261009T175526,2026-10-09T17:55:26.671747+04:00,ITM-154fd7f6a72a310b,BONJOURLAFUITE,bouteilles et bocaux,Bouteilles et bocaux,Inconnu,Inconnu,unknown,NO_ACTIVITY_EVIDENCE,0.00,,,2026-10-07.sector.7
RUN-20261009T175526,2026-10-09T17:55:26.671747+04:00,ITM-188b3b88eceafa8a,FRENCHBREACHES,bouteilles et bocaux,Bouteilles et Bocaux,Commerce / Distribution,Commerce / Distribution,reported,SOURCE_SECTOR_RAW,0.70,Commerce,https://frenchbreaches.com/alertes/bouteilles-et-bocaux-mu1wwqvgmn17bqmth5,2026-10-07.sector.7
RUN-20261009T175526,2026-10-09T17:55:26.671747+04:00,ITM-199a3a93438fa74e,CYBERATTAQUE_ORG,bouteilles et bocaux,Bouteilles et bocaux,Inconnu,Inconnu,unknown,ACTIVITY_EVIDENCE_REJECTED,0.00,Bouteilles et bocaux informe ses clients avoir été victime d’une cyberattaque visant directement sa boutique en ligne.,,2026-10-07.sector.7
RUN-20261009T175526,2026-10-09T17:55:26.671747+04:00,ITM-7117d7b0e950425f,FRENCHBREACHES,brevo,Brevo,Numérique / Technologie,Numérique / Technologie,inferred,ACTIVITY_RULE,0.80,"**Brevo, plateforme française spécialisée dans l’emailing, le marketing digital et la gestion de la relation client, confirme un incident de sécurité ayant permis à un attaquant d’accéder à 138 comptes clients.",https://frenchbreaches.com/alertes/brevo-mtwuixif0kdw2y7yp3bn,2026-10-07.sector.7
RUN-20261009T175526,2026-10-09T17:55:26.671747+04:00,ITM-c9f092781992098e,CYBERATTAQUE_ORG,brevo,Brevo,Numérique / Technologie,Numérique / Technologie,inferred,SEMANTIC_ACTIVITY_MATCH,0.80,"Brevo fournit aux entreprises des outils permettant de gérer leurs campagnes d’e-mails, newsletters, SMS, contacts, automatisations marketing et relations clients .",https://www.cyberattaque.org/brevo-cyberattaque-campagne-de-phishing-frappe-trezor-et-cointracking/,2026-10-07.sector.7
RUN-20261009T175526,2026-10-09T17:55:26.671747+04:00,ITM-69c664e7f86d4a4c,VEILLE_LLM,bureau vallee,Bureau Vallée,Commerce / Distribution,Commerce / Distribution,reported,SOURCE_SECTOR_RAW,0.70,Commerce / Distribution,https://ayinedjimi-consultants.fr/news/fuite-donnees-bureau-vallee-2026,2026-10-07.sector.7
RUN-20261009T175526,2026-10-09T17:55:26.671747+04:00,ITM-d94869fbbf36ac60,FRENCHBREACHES,capeb,CAPEB,Industrie / Manufacture,Industrie / Manufacture,reported,SOURCE_SECTOR_RAW,0.70,Industrie,https://frenchbreaches.com/alertes/capeb-murke1g4sga4x80oopk,2026-10-07.sector.7
RUN-20261009T175526,2026-10-09T17:55:26.671747+04:00,ITM-ec2e708fa6b23c43,CYBERATTAQUE_ORG,capeb,CAPEB,Inconnu,Inconnu,unknown,NO_ACTIVITY_EVIDENCE,0.00,,,2026-10-07.sector.7
RUN-20261009T175526,2026-10-09T17:55:26.671747+04:00,ITM-5e5f6fc2e0c5eb96,FRENCHBREACHES,capm europe,CAPM Europe,Industrie / Manufacture,Industrie / Manufacture,inferred,SEMANTIC_ACTIVITY_MATCH,0.80,"CAPM Europe, entreprise française spécialisée dans la vente, la location et la maintenance de matériels de manutention, fait l’objet d’une importante revendication de fuite de données.",https://frenchbreaches.com/alertes/capm-europe-blgcloud-muiqoe2111aliz5rbfbn,2026-10-07.sector.7
RUN-20261009T175526,2026-10-09T17:55:26.671747+04:00,ITM-836dec82b89651c4,CYBERATTAQUE_ORG,capm europe,CAPM Europe,Commerce / Distribution,Commerce / Distribution,inferred,ACTIVITY_RULE,0.80,"Créée en 1998 et installée à Senlis dans l’Oise, CAPM Europe est spécialisée dans le négoce, la location et la maintenance de matériels de manutention.",https://www.cyberattaque.org/capm-europe-cyberattaque-200-go-de-mails-documents-et-donnees-crm-diffuses/,2026-10-07.sector.7
RUN-20261009T175526,2026-10-09T17:55:26.671747+04:00,ITM-dacf662cd7c6fd34,RANSOMWARE_LIVE,caridro val de loire,CARIDRO VAL DE LOIRE,Agriculture / Agroalimentaire,Agriculture / Agroalimentaire,reported,SOURCE_SECTOR_RAW,0.70,Agriculture and Food Production,http://ijzn3sicrcy7guixkzjkib4ukbiilwc3xhnmby4mcbccnsd7j2rekvqd.onion/site/blog?uuid=224e65b0-92cc-464a-871e-518f88a99685,2026-10-07.sector.7
RUN-20261009T175526,2026-10-09T17:55:26.671747+04:00,ITM-fe9e2a84d331b7ab,CYBERATTAQUE_ORG,caridro val de loire,Caridro Val de Loire,Industrie / Manufacture,Industrie / Manufacture,inferred,SEMANTIC_ACTIVITY_MATCH,0.80,Caridro Val de Loire spécialiste de la carrosserie industrielle,https://www.cyberattaque.org/caridro-val-de-loire-des-centaines-de-fichiers-internes-publies-apres-une-cyberattaque/,2026-10-07.sector.7
RUN-20261009T175526,2026-10-09T17:55:26.671747+04:00,ITM-13a0dd1fe75a3d19,CYBERATTAQUE_ORG,carrefour,Carrefour,Inconnu,Inconnu,unknown,NO_ACTIVITY_EVIDENCE,0.00,,,2026-10-07.sector.7
RUN-20261009T175526,2026-10-09T17:55:26.671747+04:00,ITM-9c415dde7129eac9,FRENCHBREACHES,carrefour,Carrefour,Commerce / Distribution,Commerce / Distribution,reported,SOURCE_SECTOR_RAW,0.70,Commerce,https://frenchbreaches.com/alertes/carrefour-shipup-muixw7rd535cstgrh65,2026-10-07.sector.7
RUN-20261009T175526,2026-10-09T17:55:26.671747+04:00,ITM-5fd021f4b27756d1,FRENCHBREACHES,carte de peche,Carte De Pêche,Commerce / Distribution,Commerce / Distribution,reported,SOURCE_SECTOR_RAW,0.70,Commerce,https://frenchbreaches.com/alertes/carte-de-p-che-mu2y1dhf81dp7ixpy9y,2026-10-07.sector.7
RUN-20261009T175526,2026-10-09T17:55:26.671747+04:00,ITM-43e3959710a4183d,FRENCHBREACHES,celinni,Celinni,Commerce / Distribution,Commerce / Distribution,inferred,SEMANTIC_ACTIVITY_MATCH,0.80,"Celinni, entreprise spécialisée dans la joaillerie et notamment la vente de diamants et de bijoux, fait l’objet d’une revendication de piratage.",https://frenchbreaches.com/alertes/celinni-muim3c0lnes4szg970p,2026-10-07.sector.7
RUN-20261009T175526,2026-10-09T17:55:26.671747+04:00,ITM-78fe7aab661bac6b,CYBERATTAQUE_ORG,celinni,Celinni,Commerce / Distribution,Commerce / Distribution,inferred,ACTIVITY_RULE,0.80,"Celinni confirme que ce message a bien été envoyé avec  noreply@celinni.com , une adresse utilisée pour les notifications de sa boutique en ligne.",https://www.cyberattaque.org/celinni-les-proprietaires-de-bijoux-exposes-apres-une-cyberattaque/,2026-10-07.sector.7
RUN-20261009T175526,2026-10-09T17:55:26.671747+04:00,ITM-8170f6e3bc0045da,BONJOURLAFUITE,celinni,Celinni,Inconnu,Inconnu,unknown,NO_ACTIVITY_EVIDENCE,0.00,,,2026-10-07.sector.7
RUN-20261009T175526,2026-10-09T17:55:26.671747+04:00,ITM-28e858e26c316ede,CYBERATTAQUE_ORG,centrale canine,Centrale Canine,Inconnu,Inconnu,unknown,NO_ACTIVITY_EVIDENCE,0.00,,,2026-10-07.sector.7
RUN-20261009T175526,2026-10-09T17:55:26.671747+04:00,ITM-297ee9a28f2428ee,FRENCHBREACHES,centrale canine,Centrale Canine,Commerce / Distribution,Commerce / Distribution,reported,SOURCE_SECTOR_RAW,0.70,Commerce,https://frenchbreaches.com/alertes/centrale-canine-mu2khodutmhix9d29g,2026-10-07.sector.7
RUN-20261009T175526,2026-10-09T17:55:26.671747+04:00,ITM-d14be259cc8b7adf,CYBERATTAQUE_ORG,centre national du droit du travail,Centre National du Droit du Travail,Inconnu,Inconnu,unknown,NO_ACTIVITY_EVIDENCE,0.00,,,2026-10-07.sector.7
RUN-20261009T175526,2026-10-09T17:55:26.671747+04:00,ITM-a2ad91531bbc93f5,FRENCHBREACHES,centre val de loire,Centre-Val de Loire,Administration / Collectivité,Administration / Collectivité,reported,SOURCE_SECTOR_RAW,0.70,public,https://frenchbreaches.com/alertes/centre-val-de-loire-muo89rks0k0zzitcbl67,2026-10-07.sector.7
RUN-20261009T175526,2026-10-09T17:55:26.671747+04:00,ITM-2b0b9abe0b53420c,CYBERATTAQUE_ORG,century21,Century 21,Construction / BTP,Construction / BTP,inferred,ACTIVITY_RULE,0.80,"Century 21 est l’un des principaux réseaux immobiliers français, constitué de centaines d’agences franchisées réparties sur le territoire.",https://www.cyberattaque.org/century-21-les-donnees-de-pres-de-131-000-personnes-mises-en-vente-apres-une-cyberattaque/,2026-10-07.sector.7
RUN-20261009T175526,2026-10-09T17:55:26.671747+04:00,ITM-793a0232510a3485,FRENCHBREACHES,century21,Century 21,Commerce / Distribution,Commerce / Distribution,reported,SOURCE_SECTOR_RAW,0.70,Commerce,https://frenchbreaches.com/alertes/century-21-mugqgu352cjof5r1vro,2026-10-07.sector.7
RUN-20261009T175526,2026-10-09T17:55:26.671747+04:00,ITM-06c0bace591fbd34,FRENCHBREACHES,cgt aude,CGT Aude,Administration / Collectivité,Administration / Collectivité,reported,SOURCE_SECTOR_RAW,0.70,public,https://frenchbreaches.com/alertes/cgt-aude-murlk6wfg15fmu7agjq,2026-10-07.sector.7
RUN-20261009T175526,2026-10-09T17:55:26.671747+04:00,ITM-16003d29d20ffaa0,CYBERATTAQUE_ORG,cgt de l aude,CGT de l’Aude,Inconnu,Inconnu,unknown,NO_ACTIVITY_EVIDENCE,0.00,,,2026-10-07.sector.7
RUN-20261009T175526,2026-10-09T17:55:26.671747+04:00,ITM-fb006c174a78d9a1,FRENCHBREACHES,cigusto,Cigusto,Commerce / Distribution,Commerce / Distribution,reported,SOURCE_SECTOR_RAW,0.70,Commerce,https://frenchbreaches.com/alertes/cigusto-muiqgjuvvmozfkjzrdp,2026-10-07.sector.7
RUN-20261009T175526,2026-10-09T17:55:26.671747+04:00,ITM-fe2e580e6e7e9ee8,CYBERATTAQUE_ORG,cigusto,Cigusto,Commerce / Distribution,Commerce / Distribution,inferred,SEMANTIC_ACTIVITY_MATCH,0.80,"Cigusto, réseau français spécialisé dans la cigarette électronique et les produits de vapotage, fait l’objet d’une nouvelle revendication de fuite de données.",https://www.cyberattaque.org/cigusto-les-donnees-de-150-000-clients-de-lenseigne-de-vape-revendiquees/,2026-10-07.sector.7
RUN-20261009T175526,2026-10-09T17:55:26.671747+04:00,ITM-4adba0907ebb4df2,CYBERATTAQUE_ORG,cnam,Cnam,Inconnu,Inconnu,unknown,NO_ACTIVITY_EVIDENCE,0.00,,,2026-10-07.sector.7
RUN-20261009T175526,2026-10-09T17:55:26.671747+04:00,ITM-6884a9ecfac79ea5,FRENCHBREACHES,cnam,CNAM,Éducation / Formation,Éducation / Formation,reported,SOURCE_SECTOR_RAW,0.70,Éducation,https://frenchbreaches.com/alertes/cnam-murn43e35w5ztpqrxtc,2026-10-07.sector.7
RUN-20261009T175526,2026-10-09T17:55:26.671747+04:00,ITM-ee21d099c4306a17,FRENCHBREACHES,cnam,CNAM,Éducation / Formation,Éducation / Formation,reported,SOURCE_SECTOR_RAW,0.70,Éducation,https://frenchbreaches.com/alertes/cnam-adage-muri2nsuk18ssrkyap,2026-10-07.sector.7
RUN-20261009T175526,2026-10-09T17:55:26.671747+04:00,ITM-f3b7fd89a71feb88,BONJOURLAFUITE,cnam,CNAM,Inconnu,Inconnu,unknown,NO_ACTIVITY_EVIDENCE,0.00,,,2026-10-07.sector.7
RUN-20261009T175526,2026-10-09T17:55:26.671747+04:00,ITM-f3f9c9c9797956e3,CYBERATTAQUE_ORG,cneh,CNEH,Santé,Santé,inferred,ACTIVITY_RULE,0.80,"Le CNEH est un organisme français créé en 1974 qui accompagne les établissements sanitaires et médico-sociaux ainsi que les professionnels de santé , notamment dans les domaines de la formation, du conseil et de l’expertise hospitalière.",https://www.cyberattaque.org/cyberattaque-centre-national-de-expertise-hospitaliere/,2026-10-07.sector.7
RUN-20261009T175526,2026-10-09T17:55:26.671747+04:00,ITM-aebf2db79d0fa65c,FRENCHBREACHES,colec,Colec,Numérique / Technologie,Numérique / Technologie,reported,SOURCE_SECTOR_RAW,0.70,Technologie,https://frenchbreaches.com/alertes/colec-mulppzyrqa4qwnvus7c,2026-10-07.sector.7
RUN-20261009T175526,2026-10-09T17:55:26.671747+04:00,ITM-cbb2add2423dab99,CYBERATTAQUE_ORG,colec,Colec,Inconnu,Inconnu,unknown,NO_ACTIVITY_EVIDENCE,0.00,,,2026-10-07.sector.7
RUN-20261009T175526,2026-10-09T17:55:26.671747+04:00,ITM-0ac79d848c8a7f5b,CYBERATTAQUE_ORG,colisport,ColisPort,Transport / Logistique,Transport / Logistique,inferred,ACTIVITY_RULE,0.80,"ColisPort , plateforme permettant aux particuliers et professionnels d’organiser le transport de colis en France et en Europe, fait l’objet d’une fuite de données revendiquée par le hacker Quantique .",https://www.cyberattaque.org/colisport-pres-de-20-000-expeditions-en-fuite-apres-une-cyberattaque/,2026-10-07.sector.7
RUN-20261009T175526,2026-10-09T17:55:26.671747+04:00,ITM-bd3ffcb9f9046690,FRENCHBREACHES,colisport,ColiSport,Transport / Logistique,Transport / Logistique,inferred,ACTIVITY_RULE,0.80,"Colisport intervient comme **intermédiaire dans la réservation du transport**, plutôt que comme transporteur assurant directement l’acheminement des colis.",https://frenchbreaches.com/alertes/colisport-mubqtrrp16gjlm6g0pn,2026-10-07.sector.7
RUN-20261009T175526,2026-10-09T17:55:26.671747+04:00,ITM-2135bd03a70ad39a,FRENCHBREACHES,communauto,Communauto,Commerce / Distribution,Commerce / Distribution,reported,SOURCE_SECTOR_RAW,0.70,Commerce,https://frenchbreaches.com/alertes/communauto-mui6jwgstgrtgydw18,2026-10-07.sector.7
RUN-20261009T175526,2026-10-09T17:55:26.671747+04:00,ITM-e0b816c11ea06148,CYBERATTAQUE_ORG,communauto,Communauto,Inconnu,Inconnu,unknown,NO_ACTIVITY_EVIDENCE,0.00,,,2026-10-07.sector.7
RUN-20261009T175526,2026-10-09T17:55:26.671747+04:00,ITM-b427adb39981c957,VEILLE_LLM,commune de ouangani,Commune de Ouangani,Administration / Collectivité,Administration / Collectivité,referenced,REFERENCE_EXACT,0.90,Entité ou alias territorial validé du référentiel Cyberwatch,https://github.com/Ya7o/Cyberwatch/blob/main/cyberwatch/watchlists.py,2026-10-07.sector.7
RUN-20261009T175526,2026-10-09T17:55:26.671747+04:00,ITM-d12ad621f23be439,VEILLE_LLM,commune de saint leu,Commune de Saint-Leu,Administration / Collectivité,Administration / Collectivité,referenced,REFERENCE_EXACT,0.90,Entité ou alias territorial validé du référentiel Cyberwatch,https://github.com/Ya7o/Cyberwatch/blob/main/cyberwatch/watchlists.py,2026-10-07.sector.7
RUN-20261009T175526,2026-10-09T17:55:26.671747+04:00,ITM-8308834b0e866008,BONJOURLAFUITE,cookson clal,Cookson-CLAL,Inconnu,Inconnu,unknown,NO_ACTIVITY_EVIDENCE,0.00,,,2026-10-07.sector.7
RUN-20261009T175526,2026-10-09T17:55:26.671747+04:00,ITM-e90c2279cc352a0d,FRENCHBREACHES,cookson clal,Cookson-CLAL,Commerce / Distribution,Commerce / Distribution,reported,SOURCE_SECTOR_RAW,0.70,Commerce,https://frenchbreaches.com/alertes/cookson-clal-muomsy4ng1mk25gtxwj,2026-10-07.sector.7
RUN-20261009T175526,2026-10-09T17:55:26.671747+04:00,ITM-206a13c38434592c,CYBERATTAQUE_ORG,cours thales,Cours Thalès,Inconnu,Inconnu,unknown,NO_ACTIVITY_EVIDENCE,0.00,,,2026-10-07.sector.7
RUN-20261009T175526,2026-10-09T17:55:26.671747+04:00,ITM-621896b046901502,FRENCHBREACHES,cours thales,Cours Thalès,Éducation / Formation,Éducation / Formation,reported,SOURCE_SECTOR_RAW,0.70,Éducation,https://frenchbreaches.com/alertes/cours-thal-s-musgbt3pvmwpqeg5v6,2026-10-07.sector.7
RUN-20261009T175526,2026-10-09T17:55:26.671747+04:00,ITM-60d103d1c68f03d5,CYBERATTAQUE_ORG,crowdsec,CrowdSec,Numérique / Technologie,Numérique / Technologie,inferred,SEMANTIC_ACTIVITY_MATCH,0.80,"CrowdSec, éditeur français d’une solution de cybersécurité open source, confirme avoir subi une fuite de code source provenant de dépôts GitHub privés .",https://www.cyberattaque.org/crowdsec-son-code-source-en-fuite-apres-la-compromission-dune-cle-api/,2026-10-07.sector.7
RUN-20261009T175526,2026-10-09T17:55:26.671747+04:00,ITM-8118b83c05930a99,FRENCHBREACHES,crowdsec,CrowdSec,Numérique / Technologie,Numérique / Technologie,reported,SOURCE_SECTOR_RAW,0.70,Technologie,https://frenchbreaches.com/alertes/crowdsec-mu4npqnxblj4hm33zkp,2026-10-07.sector.7
RUN-20261009T175526,2026-10-09T17:55:26.671747+04:00,ITM-f65edf5f508bc537,CYBERATTAQUE_ORG,cuc loisirs vacances,CUC Loisirs & Vacances,Inconnu,Inconnu,unknown,NO_ACTIVITY_EVIDENCE,0.00,,,2026-10-07.sector.7
RUN-20261009T175526,2026-10-09T17:55:26.671747+04:00,ITM-f69faaae5ef49395,FRENCHBREACHES,cuc loisirs vacances,CUC Loisirs & Vacances,Commerce / Distribution,Commerce / Distribution,reported,SOURCE_SECTOR_RAW,0.70,Commerce,https://frenchbreaches.com/alertes/cuc-loisirs-vacances-mu7ahotf7ukds1b294,2026-10-07.sector.7
RUN-20261009T175526,2026-10-09T17:55:26.671747+04:00,ITM-355bf8a90796f5d6,BONJOURLAFUITE,decoclim,Décoclim,Inconnu,Inconnu,unknown,NO_ACTIVITY_EVIDENCE,0.00,,,2026-10-07.sector.7
RUN-20261009T175526,2026-10-09T17:55:26.671747+04:00,ITM-b8ceaeadfc219897,FRENCHBREACHES,decoclim,DECOClim,Commerce / Distribution,Commerce / Distribution,reported,SOURCE_SECTOR_RAW,0.70,Commerce,https://frenchbreaches.com/alertes/decoclim-muo93wa9ekpdn1pzq2,2026-10-07.sector.7
RUN-20261009T175526,2026-10-09T17:55:26.671747+04:00,ITM-1334f91577d36b1d,FRENCHBREACHES,diamonds factory,Diamonds Factory,Commerce / Distribution,Commerce / Distribution,reported,SOURCE_SECTOR_RAW,0.70,Commerce,https://frenchbreaches.com/alertes/diamonds-factory-mu8elc69ehzc7qh8dpn,2026-10-07.sector.7
RUN-20261009T175526,2026-10-09T17:55:26.671747+04:00,ITM-ad21a15ec5046928,CYBERATTAQUE_ORG,diamonds factory,Diamonds Factory,Commerce / Distribution,Commerce / Distribution,inferred,SEMANTIC_ACTIVITY_MATCH,0.80,"Diamonds Factory, spécialiste de la vente de bijoux et diamants, fait l’objet d’une revendication de fuite de données…",https://www.cyberattaque.org/diamonds-factory-24-000-commandes-clients-revendiques-apres-une-cyberattaque/,2026-10-07.sector.7
RUN-20261009T175526,2026-10-09T17:55:26.671747+04:00,ITM-38f7c4a9956f98cf,FRENCHBREACHES,digit re group,Digit RE Group,Construction / BTP,Construction / BTP,inferred,ACTIVITY_OVERRIDES_SOURCE_LABEL,0.80,"Digit RE Group, groupe français spécialisé dans l’immobilier et les solutions numériques, est de nouveau confronté à une fuite de données. [étiquette source écartée : Commerce]",https://frenchbreaches.com/alertes/digit-re-group-mufsoxj6psj83lnr4wt,2026-10-07.sector.7
RUN-20261009T175526,2026-10-09T17:55:26.671747+04:00,ITM-c36c036b5b65fb2c,BONJOURLAFUITE,digit re group,Digit RE group,Inconnu,Inconnu,unknown,NO_ACTIVITY_EVIDENCE,0.00,,,2026-10-07.sector.7
RUN-20261009T175526,2026-10-09T17:55:26.671747+04:00,ITM-a63cb6fd1aa404c8,BONJOURLAFUITE,dinum,DINUM,Administration / Collectivité,Administration / Collectivité,referenced,REFERENCE_EXACT,0.90,Direction interministérielle du numérique : administration centrale de l’État,https://www.numerique.gouv.fr/dinum/,2026-10-07.sector.7
RUN-20261009T175526,2026-10-09T17:55:26.671747+04:00,ITM-3aebf1d3b93ab0c1,FRENCHBREACHES,direction interministerielle du numerique,Direction interministérielle du numérique,Administration / Collectivité,Administration / Collectivité,reported,SOURCE_SECTOR_RAW,0.70,public,https://frenchbreaches.com/alertes/direction-interminist-rielle-du-num-rique-dinum-muol6l7pjtbxn5jirpc,2026-10-07.sector.7
RUN-20261009T175526,2026-10-09T17:55:26.671747+04:00,ITM-3db47a9e60b31fc2,BONJOURLAFUITE,distinxion,Distinxion,Inconnu,Commerce / Distribution,inferred,SEMANTIC_ACTIVITY_MATCH,0.80,"Distinxion, réseau français spécialisé dans la vente de véhicules d’occasion récents et à faible kilométrage, est visé par…",https://www.cyberattaque.org/distinxion-autos-fr-pres-de-500-000-prospects-exposes-apres-une-cyberattaque/,2026-10-07.sector.7
RUN-20261009T175526,2026-10-09T17:55:26.671747+04:00,ITM-8bcee1e00b142e81,CYBERATTAQUE_ORG,distinxion,Distinxion,Commerce / Distribution,Commerce / Distribution,inferred,SEMANTIC_ACTIVITY_MATCH,0.80,"Distinxion, réseau français spécialisé dans la vente de véhicules d’occasion récents et à faible kilométrage, est visé par…",https://www.cyberattaque.org/distinxion-autos-fr-pres-de-500-000-prospects-exposes-apres-une-cyberattaque/,2026-10-07.sector.7
RUN-20261009T175526,2026-10-09T17:55:26.671747+04:00,ITM-7dd76607cdfe3f2a,FRENCHBREACHES,doinsport,Doinsport,Sport,Sport,inferred,ACTIVITY_OVERRIDES_SOURCE_LABEL,0.80,"Doinsport, plateforme française de gestion et de réservation destinée aux clubs et infrastructures sportives, apparaît dans une publication diffusée sur un forum cybercriminel. [étiquette source écartée : Technologie]",https://frenchbreaches.com/alertes/doinsport-muffxg0l7wvtj6cqckl,2026-10-07.sector.7
RUN-20261009T175526,2026-10-09T17:55:26.671747+04:00,ITM-fe880dc862c0705f,CYBERATTAQUE_ORG,doinsport,Doinsport,Numérique / Technologie,Numérique / Technologie,inferred,ACTIVITY_RULE,0.80,"Doinsport est une société française basée à Marseille qui fournit aux clubs sportifs un logiciel centralisant leurs réservations, membres, abonnements, paiements et outils de gestion.",https://www.cyberattaque.org/cyberattaque-doinsport-175-million-de-reservations-de-la-plateforme-sportive-revendiquees/,2026-10-07.sector.7
RUN-20261009T175526,2026-10-09T17:55:26.671747+04:00,ITM-accf68777ce78189,FRENCHBREACHES,double counter,Double Counter,Numérique / Technologie,Numérique / Technologie,inferred,SEMANTIC_ACTIVITY_MATCH,0.80,Double Counter est un service français exploité par Tellter SAS.,https://frenchbreaches.com/alertes/double-counter-discord-muy6107dcovvp0zz0gq,2026-10-07.sector.7
RUN-20261009T175526,2026-10-09T17:55:26.671747+04:00,ITM-cc807b81c868ba0a,FRENCHBREACHES,dr veto,Dr Veto,Commerce / Distribution,Commerce / Distribution,reported,SOURCE_SECTOR_RAW,0.70,Commerce,https://frenchbreaches.com/alertes/dr-veto-mupgpk69hg67nnxmf9v,2026-10-07.sector.7
RUN-20261009T175526,2026-10-09T17:55:26.671747+04:00,ITM-29562c0f52b87a9d,FRENCHBREACHES,ead online,EAD-Online,Éducation / Formation,Éducation / Formation,reported,SOURCE_SECTOR_RAW,0.70,Éducation,https://frenchbreaches.com/alertes/ead-online-mu2kkot4fts8pqcld0c,2026-10-07.sector.7
RUN-20261009T175526,2026-10-09T17:55:26.671747+04:00,ITM-227a066cabeac1be,FRENCHBREACHES,eau coeur d essonne,Eau coeur d'Essonne,Inconnu,Commerce / Distribution,reported,SOURCE_SECTOR_RAW,0.70,Commerce,https://frenchbreaches.com/alertes/eau-coeur-d-essonne-muzn191gxgjagxzkie,2026-10-07.sector.7
RUN-20261009T175526,2026-10-09T17:55:26.671747+04:00,ITM-7b34e8ccd2d4487d,CYBERATTAQUE_ORG,eau cœur d essonne,Eau Cœur d’Essonne,Inconnu,Commerce / Distribution,inferred,ACTIVITY_RULE,0.80,Eau Cœur d’Essonne  est une régie publique créée pour assurer directement la distribution de l’eau potable sur le territoire de Cœur d’Essonne Agglomération.,https://www.cyberattaque.org/eau-coeur-dessonne-55-000-contrats-deau-en-fuite-apres-une-cyberattaque/,2026-10-07.sector.7
RUN-20261009T175526,2026-10-09T17:55:26.671747+04:00,ITM-95da07e59996d4dd,FRENCHBREACHES,ecofone,Ecofone,Commerce / Distribution,Commerce / Distribution,reported,SOURCE_SECTOR_RAW,0.70,Commerce,https://frenchbreaches.com/alertes/ecofone-muimai8f33qqkk1kskt,2026-10-07.sector.7
RUN-20261009T175526,2026-10-09T17:55:26.671747+04:00,ITM-bb335056dc05007d,CYBERATTAQUE_ORG,ecofone,Ecofone,Commerce / Distribution,Commerce / Distribution,inferred,SEMANTIC_ACTIVITY_MATCH,0.80,"Ecofone, spécialiste français des smartphones, tablettes et appareils électroniques reconditionnés, informe ses clients d’une intrusion sur sa boutique en ligne .",https://www.cyberattaque.org/ecofone-une-faille-zero-day-de-magento-ouvre-lacces-aux-donnees-de-ses-clients/,2026-10-07.sector.7
RUN-20261009T175526,2026-10-09T17:55:26.671747+04:00,ITM-a829786dc28c17d2,CYBERATTAQUE_ORG,ecole veterinaire d alfort,École vétérinaire d’Alfort,Éducation / Formation,Éducation / Formation,inferred,ORGANISATION_NAME_RULE,0.80,École vétérinaire d’Alfort,https://www.cyberattaque.org/ecole-veterinaire-dalfort-des-acces-administrateurs-et-cookies-de-session-revendiques-par-un-hacker/,2026-10-07.sector.7
RUN-20261009T175526,2026-10-09T17:55:26.671747+04:00,ITM-ec17487a904237c9,FRENCHBREACHES,ecole veterinaire d alfort,École vétérinaire d’Alfort,Éducation / Formation,Éducation / Formation,inferred,ORGANISATION_NAME_RULE,0.80,École vétérinaire d’Alfort,https://frenchbreaches.com/alertes/cole-v-t-rinaire-d-alfort-muoleigqmwt70lr0rg,2026-10-07.sector.7
RUN-20261009T175526,2026-10-09T17:55:26.671747+04:00,ITM-5366750b9713f248,VEILLE_LLM,egep reunion,EGEP Réunion,Construction / BTP,Construction / BTP,reported,SOURCE_SECTOR_RAW,0.70,Construction / BTP,https://frenchbreaches.com/alertes/axonaut-mqygp4ygl2o4wc6v2i,2026-10-07.sector.7
RUN-20261009T175526,2026-10-09T17:55:26.671747+04:00,ITM-17e3c4c13804a513,FRENCHBREACHES,ekolis,Ekolis,Transport / Logistique,Transport / Logistique,reported,SOURCE_SECTOR_RAW,0.70,Transport,https://frenchbreaches.com/alertes/ekolis-mtye57ckbfljbjhsei,2026-10-07.sector.7
RUN-20261009T175526,2026-10-09T17:55:26.671747+04:00,ITM-c468aaef607411be,VEILLE_LLM,epf reunion valgo,EPF Réunion / VALGO,Administration / Collectivité,Administration / Collectivité,reported,SOURCE_SECTOR_RAW,0.70,Administration / Collectivité,https://frenchbreaches.com/alertes/valgo-sa-rw_Vm1Gc1oyOGdVMEZBYVc1amNtRnVjMjl0,2026-10-07.sector.7
RUN-20261009T175526,2026-10-09T17:55:26.671747+04:00,ITM-37eb2b404f0719fb,CYBERATTAQUE_ORG,epita,EPITA,Inconnu,Éducation / Formation,inferred,ACTIVITY_RULE,0.80,"EPITA  est une école française d’ingénieurs spécialisée dans l’informatique, la cybersécurité, l’intelligence artificielle et plus largement les technologies numériques.",https://www.cyberattaque.org/epita-11-074-profils-en-fuite-apres-un-acces-malveillant-a-son-annuaire/,2026-10-07.sector.7
RUN-20261009T175526,2026-10-09T17:55:26.671747+04:00,ITM-f0581c0b28596a75,FRENCHBREACHES,epita,EPITA,Inconnu,Éducation / Formation,reported,SOURCE_SECTOR_RAW,0.70,Éducation,https://frenchbreaches.com/alertes/epita-muzr046e2dqzncv1z5r,2026-10-07.sector.7
RUN-20261009T175526,2026-10-09T17:55:26.671747+04:00,ITM-042fdd9bcd3ffeaf,RANSOMWARE_LIVE,eracm,eracm,Inconnu,Inconnu,unknown,SOURCE_SECTOR_RAW_AMBIGUOUS,0.00,Other,,2026-10-07.sector.7
RUN-20261009T175526,2026-10-09T17:55:26.671747+04:00,ITM-83f8b48d6ddfae40,RANSOMWARE_LIVE,euroditel,euroditel,Numérique / Technologie,Numérique / Technologie,reported,SOURCE_SECTOR_RAW,0.70,Technology,http://krybitqsdzwmhnitvwuhvsntfgf2wrhxveyxroxpc44c6gkft2cqldyd.onion/blog/27493989ead6f1ebaa7f57d106ce8fc61e1d15cbee51562d9af6a683fe544f53/,2026-10-07.sector.7
RUN-20261009T175526,2026-10-09T17:55:26.671747+04:00,ITM-57ef50dd89b40496,RANSOMWARE_LIVE,euroditel resotelecom,EURODITEL/RESOTELECOM,Numérique / Technologie,Numérique / Technologie,reported,SOURCE_SECTOR_RAW,0.70,Technology,http://krybieodq754vlwufrsuxaswxb5zpxyibaawmed2jaduoz2e5m56hmid.onion/blog/pending-6abed0d0df3cc-1790890192/,2026-10-07.sector.7
RUN-20261009T175526,2026-10-09T17:55:26.671747+04:00,ITM-b793855e61657b68,RANSOMWARE_LIVE,europrim,Europrim,Santé,Santé,reported,SOURCE_SECTOR_RAW,0.70,Healthcare,https://euro-prim.com,2026-10-07.sector.7
RUN-20261009T175526,2026-10-09T17:55:26.671747+04:00,ITM-38fca14ab3f19f6d,FRENCHBREACHES,faktus,Faktus,Numérique / Technologie,Numérique / Technologie,reported,SOURCE_SECTOR_RAW,0.70,Technologie,https://frenchbreaches.com/alertes/faktus-mu8r9zho1hh7afgp9w8i,2026-10-07.sector.7
RUN-20261009T175526,2026-10-09T17:55:26.671747+04:00,ITM-7d6ccc67269f5b03,CYBERATTAQUE_ORG,faktus,Faktus,Construction / BTP,Construction / BTP,inferred,ACTIVITY_RULE,0.80,"Faktus , société française spécialisée dans le financement de factures et l’affacturage notamment pour les entreprises du BTP, fait l’objet d’une fuite de données particulièrement massive.",https://www.cyberattaque.org/faktus-cyberattaque-facture/,2026-10-07.sector.7
RUN-20261009T175526,2026-10-09T17:55:26.671747+04:00,ITM-35718a8bb62c520a,FRENCHBREACHES,familea,Familea,Administration / Collectivité,Administration / Collectivité,reported,SOURCE_SECTOR_RAW,0.70,public,https://frenchbreaches.com/alertes/familea-mu1wyyw70shufju3yby,2026-10-07.sector.7
RUN-20261009T175526,2026-10-09T17:55:26.671747+04:00,ITM-55735f00ce58c05d,CYBERATTAQUE_ORG,familea,Familea,Inconnu,Inconnu,unknown,NO_ACTIVITY_EVIDENCE,0.00,,,2026-10-07.sector.7
RUN-20261009T175526,2026-10-09T17:55:26.671747+04:00,ITM-e8d2b8af2ee65c3a,FRENCHBREACHES,federation belge de taekwondo,Fédération Belge de Taekwondo,Administration / Collectivité,Administration / Collectivité,reported,SOURCE_SECTOR_RAW,0.70,public,https://frenchbreaches.com/alertes/f-d-ration-belge-de-taekwondo-muu0b20duvxzilati3,2026-10-07.sector.7
RUN-20261009T175526,2026-10-09T17:55:26.671747+04:00,ITM-fcceeb950c538ade,FRENCHBREACHES,federation flamande de judo,Fédération flamande de judo,Sport,Sport,inferred,ORGANISATION_NAME_RULE,0.80,Fédération flamande de judo,https://frenchbreaches.com/alertes/f-d-ration-flamande-de-judo-mulg7iicslkivaezmf9,2026-10-07.sector.7
RUN-20261009T175526,2026-10-09T17:55:26.671747+04:00,ITM-79cdf72ca640ea04,FRENCHBREACHES,federation francaise de basketball,Fédération française de basketball,Sport,Sport,inferred,ORGANISATION_NAME_RULE,0.80,Fédération française de basketball,https://frenchbreaches.com/alertes/f-d-ration-fran-aise-de-basketball-mujll4cjhxoskk8ka8,2026-10-07.sector.7
RUN-20261009T175526,2026-10-09T17:55:26.671747+04:00,ITM-0572b11d22e005de,FRENCHBREACHES,federation francaise de la randonnee,Fédération Française de la randonnée,Sport,Sport,inferred,ORGANISATION_NAME_RULE,0.80,Fédération Française de la randonnée,https://frenchbreaches.com/alertes/f-d-ration-fran-aise-de-la-randonn-e-ffr-mun6o16r4h0ud0vz18i,2026-10-07.sector.7
RUN-20261009T175526,2026-10-09T17:55:26.671747+04:00,ITM-bf39b996c07db18b,CYBERATTAQUE_ORG,federation francaise de speleologie,Fédération Française de Spéléologie,Sport,Sport,inferred,ORGANISATION_NAME_RULE,0.80,Fédération Française de Spéléologie,https://www.cyberattaque.org/federation-francaise-de-speleologie-93-000-membres-et-des-donnees-bancaires-revendiques-apres-une-cyberattaque/,2026-10-07.sector.7
RUN-20261009T175526,2026-10-09T17:55:26.671747+04:00,ITM-cd005e24977ecda7,FRENCHBREACHES,federation francaise de speleologie,Fédération Française de Spéléologie,Sport,Sport,inferred,ORGANISATION_NAME_RULE,0.80,Fédération Française de Spéléologie,https://frenchbreaches.com/alertes/f-d-ration-fran-aise-de-sp-l-ologie-ffs-muac5a8sxy44x4kows,2026-10-07.sector.7
RUN-20261009T175526,2026-10-09T17:55:26.671747+04:00,ITM-4509703010707dc1,FRENCHBREACHES,federation francophone de gymnastique,Fédération francophone de Gymnastique,Sport,Sport,inferred,ORGANISATION_NAME_RULE,0.80,Fédération francophone de Gymnastique,https://frenchbreaches.com/alertes/f-d-ration-francophone-de-gymnastique-mu038ez5nh94acseflc,2026-10-07.sector.7
RUN-20261009T175526,2026-10-09T17:55:26.671747+04:00,ITM-c71325067dfe66aa,FRENCHBREACHES,federation royale belge de football,Fédération royale belge de football,Sport,Sport,inferred,ORGANISATION_NAME_RULE,0.80,Fédération royale belge de football,https://frenchbreaches.com/alertes/f-d-ration-royale-belge-de-football-rbfa-urbsfa-muqax4zegee0ktaus1o,2026-10-07.sector.7
RUN-20261009T175526,2026-10-09T17:55:26.671747+04:00,ITM-57627dee3b4b8f1a,FRENCHBREACHES,federation royale belge de tennis de table,Fédération Royale Belge de Tennis de Table,Sport,Sport,inferred,ORGANISATION_NAME_RULE,0.80,Fédération Royale Belge de Tennis de Table,https://frenchbreaches.com/alertes/f-d-ration-royale-belge-de-tennis-de-table-mu2l3yrjnywvyypn0z,2026-10-07.sector.7
RUN-20261009T175526,2026-10-09T17:55:26.671747+04:00,ITM-884c1594d9ca94d2,FRENCHBREACHES,federation royale belge des echecs,Fédération Royale Belge des Échecs,Sport,Sport,inferred,ORGANISATION_NAME_RULE,0.80,Fédération Royale Belge des Échecs,https://frenchbreaches.com/alertes/f-d-ration-royale-belge-des-checs-mujyxodizhqrcrsf8b,2026-10-07.sector.7
RUN-20261009T175526,2026-10-09T17:55:26.671747+04:00,ITM-4245bf75fc1f748d,FRENCHBREACHES,federation royale belge des sports equestres,Fédération Royale Belge des Sports Équestres,Sport,Sport,inferred,ORGANISATION_NAME_RULE,0.80,Fédération Royale Belge des Sports Équestres,https://frenchbreaches.com/alertes/f-d-ration-royale-belge-des-sports-questres-frbse-kbrsf-murj93me4zg2qdmw1k,2026-10-07.sector.7
RUN-20261009T175526,2026-10-09T17:55:26.671747+04:00,ITM-bab1a69f3135e812,FRENCHBREACHES,federation royale colombophile belge,Fédération Royale Colombophile Belge,Administration / Collectivité,Administration / Collectivité,reported,SOURCE_SECTOR_RAW,0.70,public,https://frenchbreaches.com/alertes/f-d-ration-royale-colombophile-belge-murjhz3kb1mdmj9m5g4,2026-10-07.sector.7
RUN-20261009T175526,2026-10-09T17:55:26.671747+04:00,ITM-932b21522a14c938,CYBERATTAQUE_ORG,ffrandonnee,FFRandonnée,Sport,Sport,inferred,ACTIVITY_RULE,0.80,La FFRandonnée est la fédération sportive française chargée d’organiser et de développer la pratique de la randonnée pédestre et de différentes activités de marche.,https://www.cyberattaque.org/ffrandonnee-143-million-de-fiches-dadherents-en-fuite-apres-une-cyberattaque/,2026-10-07.sector.7
RUN-20261009T175526,2026-10-09T17:55:26.671747+04:00,ITM-58136358e0710398,RANSOMWARE_LIVE,fiducial,FIDUCIAL,Finance / Assurance,Finance / Assurance,reported,SOURCE_SECTOR_RAW,0.70,Financial Services,http://lamashtux5j74mcm7lwwgn5yrvuwtrpxjoyendif3v3hrztjesfoyayd.onion/post/eb0edc0f82864cce5e7de5ee755f7bee,2026-10-07.sector.7
RUN-20261009T175526,2026-10-09T17:55:26.671747+04:00,ITM-e0a1c2970766eda5,CYBERATTAQUE_ORG,fiducial,Fiducial,Finance / Assurance,Finance / Assurance,inferred,ACTIVITY_RULE,0.80,"Fiducial, groupe français présent dans l’expertise comptable, la banque, le droit, l’informatique et les services aux entreprises, est…",https://www.cyberattaque.org/fiducial-65-go-de-donnees-judiciaires-et-financieres-revendiques-par-un-ransomware/,2026-10-07.sector.7
RUN-20261009T175526,2026-10-09T17:55:26.671747+04:00,ITM-279bf91fb3044ebe,FRENCHBREACHES,fitnessboutique,FitnessBoutique,Commerce / Distribution,Commerce / Distribution,reported,SOURCE_SECTOR_RAW,0.70,Commerce,https://frenchbreaches.com/alertes/fitnessboutique-mur3td4i3kz7pnkibuc,2026-10-07.sector.7
RUN-20261009T175526,2026-10-09T17:55:26.671747+04:00,ITM-9fad86f15a891e2c,BONJOURLAFUITE,fitnessboutique,FitnessBoutique,Inconnu,Inconnu,unknown,NO_ACTIVITY_EVIDENCE,0.00,,,2026-10-07.sector.7
RUN-20261009T175526,2026-10-09T17:55:26.671747+04:00,ITM-d61873a685a029e5,CYBERATTAQUE_ORG,fitnessboutique,FitnessBoutique,Inconnu,Inconnu,unknown,NO_ACTIVITY_EVIDENCE,0.00,,,2026-10-07.sector.7
RUN-20261009T175526,2026-10-09T17:55:26.671747+04:00,ITM-b37b70c86aebf7d3,CYBERATTAQUE_ORG,fmg sales marketing,FMG Sales & Marketing,Inconnu,Inconnu,unknown,ACTIVITY_TAXONOMY_UNRESOLVED,0.00,FMG Sales & Marketing est un groupe français spécialisé dans l’ externalisation commerciale et le marketing terrain .,,2026-10-07.sector.7
RUN-20261009T175526,2026-10-09T17:55:26.671747+04:00,ITM-ca38c602d2ea3811,FRENCHBREACHES,fmg sales marketing,FMG Sales & Marketing,Commerce / Distribution,Commerce / Distribution,reported,SOURCE_SECTOR_RAW,0.70,Commerce,https://frenchbreaches.com/alertes/fmg-sales-marketing-mur94aon523ticxpdfy,2026-10-07.sector.7
RUN-20261009T175526,2026-10-09T17:55:26.671747+04:00,ITM-f63d30d8b366cfe1,RANSOMWARE_LIVE,francare,francare,Santé,Santé,reported,SOURCE_SECTOR_RAW,0.70,Healthcare,https://fyenuhkq3pfhnbpidj5jm2fl2lryxip4byhg6eozynrnlomu4szf2nyd.onion/index.html?indexId=vdssdcnhuysdz,2026-10-07.sector.7
RUN-20261009T175526,2026-10-09T17:55:26.671747+04:00,ITM-52bf3b1b1fdbba7c,RANSOMWARE_LIVE,francaretrad,FRANCARETRAD,Inconnu,Inconnu,unknown,SOURCE_SECTOR_RAW_AMBIGUOUS,0.00,Other,,2026-10-07.sector.7
RUN-20261009T175526,2026-10-09T17:55:26.671747+04:00,ITM-618e95970db46b4c,FRENCHBREACHES,france pare brise,France Pare-Brise,Inconnu,Commerce / Distribution,inferred,ACTIVITY_RULE,0.80,"France Pare-Brise, spécialiste français de la réparation et du remplacement de vitrages automobiles, est visé par une nouvelle fuite de données revendiquée.",https://frenchbreaches.com/alertes/france-pare-brise-muzi2ykg4zvw2s3tuwj,2026-10-07.sector.7
RUN-20261009T175526,2026-10-09T17:55:26.671747+04:00,ITM-ad220e79fb93b1e6,CYBERATTAQUE_ORG,france pare brise,France Pare-Brise,Inconnu,Commerce / Distribution,inferred,ACTIVITY_RULE,0.80,France Pare-Brise intervient dans la réparation et le remplacement de pare-brise et autres vitrages automobiles.,https://www.cyberattaque.org/france-pare-brise-38-000-fichiers-diffuses-apres-une-cyberattaque/,2026-10-07.sector.7
RUN-20261009T175526,2026-10-09T17:55:26.671747+04:00,ITM-8fd1ae0b2cde9269,FRENCHBREACHES,france travail,France Travail,Inconnu,Administration / Collectivité,reported,SOURCE_SECTOR_RAW,0.70,public,https://frenchbreaches.com/alertes/france-travail-muynjxgd3ygeejsc32u,2026-10-07.sector.7
RUN-20261009T175526,2026-10-09T17:55:26.671747+04:00,ITM-d9b0c191d071aa5f,CYBERATTAQUE_ORG,france travail,France Travail,Inconnu,Inconnu,unknown,NO_ACTIVITY_EVIDENCE,0.00,,,2026-10-07.sector.7
RUN-20261009T175526,2026-10-09T17:55:26.671747+04:00,ITM-52021e0428705e8a,CYBERATTAQUE_ORG,frontieres,Frontières,Inconnu,Inconnu,unknown,NO_ACTIVITY_EVIDENCE,0.00,,,2026-10-07.sector.7
RUN-20261009T175526,2026-10-09T17:55:26.671747+04:00,ITM-9e7bffebd80a7d06,FRENCHBREACHES,frontieres,Frontières,Commerce / Distribution,Commerce / Distribution,reported,SOURCE_SECTOR_RAW,0.70,Commerce,https://frenchbreaches.com/alertes/fronti-res-muo3jsnd6wflxqyd4w8,2026-10-07.sector.7
RUN-20261009T175526,2026-10-09T17:55:26.671747+04:00,ITM-050c6ddc239f5101,CYBERATTAQUE_ORG,gefradis,Gefradis,Commerce / Distribution,Commerce / Distribution,inferred,SEMANTIC_ACTIVITY_MATCH,0.80,"Gefradis, entreprise française spécialisée dans la vente de menuiseries sur mesure, fait l’objet d’une importante revendication de fuite…",https://www.cyberattaque.org/gefradis-vise-par-une-cyberattaque-plus-de-100-000-lignes-de-donnees-clients-mises-en-vente/,2026-10-07.sector.7
RUN-20261009T175526,2026-10-09T17:55:26.671747+04:00,ITM-7991c1a2359e9c2b,FRENCHBREACHES,gefradis,Gefradis,Commerce / Distribution,Commerce / Distribution,inferred,ACTIVITY_RULE,0.80,Gefradis est un site français spécialisé dans la vente en ligne de produits de menuiserie et d'équipements destinés à l'habitat.,https://frenchbreaches.com/alertes/gefradis-muwua17ecrxbqyranfk,2026-10-07.sector.7
RUN-20261009T175526,2026-10-09T17:55:26.671747+04:00,ITM-1b035ef8f062eb0f,CYBERATTAQUE_ORG,genae ecully,Genae Écully,Inconnu,Inconnu,unknown,NO_ACTIVITY_EVIDENCE,0.00,,,2026-10-07.sector.7
RUN-20261009T175526,2026-10-09T17:55:26.671747+04:00,ITM-4d6130f15e20275d,FRENCHBREACHES,geonat idf,GeoNat’ÎdF,Inconnu,Inconnu,unknown,SOURCE_SECTOR_RAW_AMBIGUOUS,0.00,Télécom & Médias,,2026-10-07.sector.7
RUN-20261009T175526,2026-10-09T17:55:26.671747+04:00,ITM-940e8480763f4152,CYBERATTAQUE_ORG,geonat idf,GeoNat’îdF,Inconnu,Inconnu,unknown,NO_ACTIVITY_EVIDENCE,0.00,,,2026-10-07.sector.7
RUN-20261009T175526,2026-10-09T17:55:26.671747+04:00,ITM-00bc64e4aa26f514,FRENCHBREACHES,gold service,Gold Service,Commerce / Distribution,Commerce / Distribution,reported,SOURCE_SECTOR_RAW,0.70,Commerce,https://frenchbreaches.com/alertes/gold-service-muy8bhin99nw0xle4l,2026-10-07.sector.7
RUN-20261009T175526,2026-10-09T17:55:26.671747+04:00,ITM-a8409ee5a79d884d,CYBERATTAQUE_ORG,gold service,Gold Service,Finance / Assurance,Finance / Assurance,inferred,ACTIVITY_RULE,0.80,"Gold Service, spécialiste de l’achat et de la vente d’or et de métaux précieux, confirme dans un email…",https://www.cyberattaque.org/gold-service-des-clients-cibles-apres-une-cyberattaque/,2026-10-07.sector.7
RUN-20261009T175526,2026-10-09T17:55:26.671747+04:00,ITM-1e065b3c91aaa21e,CYBERATTAQUE_ORG,gps sante,GPS Santé,Santé,Santé,inferred,ACTIVITY_RULE,0.80,"GPS Santé est une plateforme française utilisée pour mettre en relation professionnels de santé et patients , notamment autour de services de prise de rendez-vous et de gestion d'agendas médicaux.",https://www.cyberattaque.org/gps-sante-150-000-patients-cyberattaque/,2026-10-07.sector.7
RUN-20261009T175526,2026-10-09T17:55:26.671747+04:00,ITM-4c61599eabefaa85,FRENCHBREACHES,gps sante,GPS Santé,Santé,Santé,reported,SOURCE_SECTOR_RAW,0.70,Santé,https://frenchbreaches.com/alertes/gps-sant-muotbmo1pgbtt3zmbgj,2026-10-07.sector.7
RUN-20261009T175526,2026-10-09T17:55:26.671747+04:00,ITM-12b2e4ca5634c3e0,FRENCHBREACHES,grand delta habitat,Grand Delta Habitat,Commerce / Distribution,Commerce / Distribution,reported,SOURCE_SECTOR_RAW,0.70,Commerce,https://frenchbreaches.com/alertes/grand-delta-habitat-mu11w5cp7qxnf8bxui9,2026-10-07.sector.7
RUN-20261009T175526,2026-10-09T17:55:26.671747+04:00,ITM-503153bbb0d8be59,CYBERATTAQUE_ORG,grand delta habitat,Grand Delta Habitat,Construction / BTP,Construction / BTP,inferred,ACTIVITY_RULE,0.80,Grand Delta Habitat est un bailleur social qui gère notamment des logements HLM et accompagne ses locataires dans l’accès et le maintien dans le logement.,https://www.cyberattaque.org/grand-delta-habitat-188-000-commandes-cyberattaque/,2026-10-07.sector.7
RUN-20261009T175526,2026-10-09T17:55:26.671747+04:00,ITM-4c238d21765dbe75,FRENCHBREACHES,greengo,GreenGo,Commerce / Distribution,Commerce / Distribution,reported,SOURCE_SECTOR_RAW,0.70,Commerce,https://frenchbreaches.com/alertes/greengo-mtwzey831kyjkwc99r,2026-10-07.sector.7
RUN-20261009T175526,2026-10-09T17:55:26.671747+04:00,ITM-d6937a7d84d3f70d,CYBERATTAQUE_ORG,greengo,GreenGo,Hébergement / Tourisme / Restauration,Hébergement / Tourisme / Restauration,inferred,SEMANTIC_ACTIVITY_MATCH,0.80,"GreenGo est une plateforme française spécialisée dans la réservation d’hébergements, avec un positionnement axé sur le tourisme responsable.",https://www.cyberattaque.org/greengo-victime-dune-cyberattaque-donnees-de-comptes-reservations-et-messages-potentiellement-consultes/,2026-10-07.sector.7
RUN-20261009T175526,2026-10-09T17:55:26.671747+04:00,ITM-1c5e3cf885791145,CYBERATTAQUE_ORG,greffe du tribunal de paris,Greffe du Tribunal de Paris,Inconnu,Inconnu,unknown,NO_ACTIVITY_EVIDENCE,0.00,,,2026-10-07.sector.7
RUN-20261009T175526,2026-10-09T17:55:26.671747+04:00,ITM-999fb285aa0e1611,FRENCHBREACHES,groupe adequat,Groupe Adéquat,Services aux entreprises,Services aux entreprises,inferred,ACTIVITY_OVERRIDES_SOURCE_LABEL,0.80,"Le Groupe Adéquat, spécialiste de l’intérim et du recrutement, confirme un incident de sécurité ayant concerné son site jobadequat.fr. [étiquette source écartée : public]",https://frenchbreaches.com/alertes/groupe-ad-quat-muo97kpzpiathfhwe8l,2026-10-07.sector.7
RUN-20261009T175526,2026-10-09T17:55:26.671747+04:00,ITM-951f4dee7c4dd6d6,FRENCHBREACHES,groupe kel,Groupe KEL,Commerce / Distribution,Commerce / Distribution,reported,SOURCE_SECTOR_RAW,0.70,Commerce,https://frenchbreaches.com/alertes/groupe-kel-orisha-mukzqxqoj9x80n11kl,2026-10-07.sector.7
RUN-20261009T175526,2026-10-09T17:55:26.671747+04:00,ITM-5b540d43861ffdaf,FRENCHBREACHES,groupe krys,Groupe KRYS,Commerce / Distribution,Commerce / Distribution,reported,SOURCE_SECTOR_RAW,0.70,Commerce,https://frenchbreaches.com/alertes/groupe-krys-mumwngoynr60917ydof,2026-10-07.sector.7
RUN-20261009T175526,2026-10-09T17:55:26.671747+04:00,ITM-5d16bc3a35cb2e27,CYBERATTAQUE_ORG,groupe mgel,Groupe MGEL,Santé,Santé,inferred,SEMANTIC_ACTIVITY_MATCH,0.80,"Historiquement connue comme la Mutuelle Générale des Étudiants de l’Est, la MGEL accompagne notamment les étudiants, alternants et jeunes actifs.",https://www.cyberattaque.org/cyberattaque-groupe-mgel-mutuelle-vitalite-sante/,2026-10-07.sector.7
RUN-20261009T175526,2026-10-09T17:55:26.671747+04:00,ITM-b656cc6deb846a0e,FRENCHBREACHES,groupe mgel,Groupe MGEL,Santé,Santé,reported,SOURCE_SECTOR_RAW,0.70,Santé,https://frenchbreaches.com/alertes/groupe-mgel-mtzinl1af3p94rq9r2p,2026-10-07.sector.7
RUN-20261009T175526,2026-10-09T17:55:26.671747+04:00,ITM-a21df15e728d98b3,FRENCHBREACHES,groupe proxitel,Groupe Proxitel,Inconnu,Inconnu,unknown,SOURCE_SECTOR_RAW_AMBIGUOUS,0.00,Télécom & Médias,,2026-10-07.sector.7
RUN-20261009T175526,2026-10-09T17:55:26.671747+04:00,ITM-6ee084eeb233730c,RANSOMWARE_LIVE,heolis,HEOLIS,Énergie / Utilities,Énergie / Utilities,reported,SOURCE_SECTOR_RAW,0.70,Energy & Utilities,https://fyenuhkq3pfhnbpidj5jm2fl2lryxip4byhg6eozynrnlomu4szf2nyd.onion/index.html?indexId=bgsedfhgsbdfs,2026-10-07.sector.7
RUN-20261009T175526,2026-10-09T17:55:26.671747+04:00,ITM-2cfc726054ec45c0,FRENCHBREACHES,hesperide,Hesperide,Commerce / Distribution,Commerce / Distribution,reported,SOURCE_SECTOR_RAW,0.70,Commerce,https://frenchbreaches.com/alertes/hesperide-muwucnhi9216re5bmyk,2026-10-07.sector.7
RUN-20261009T175526,2026-10-09T17:55:26.671747+04:00,ITM-d1acd9de66e5a733,CYBERATTAQUE_ORG,hesperide,Hespéride,Commerce / Distribution,Commerce / Distribution,inferred,ACTIVITY_RULE,0.80,Hespéride commercialise du mobilier et des équipements d’extérieur.,https://www.cyberattaque.org/hesperide-7-700-clients-touches-par-une-cyberattaque-chez-un-prestataire/,2026-10-07.sector.7
RUN-20261009T175526,2026-10-09T17:55:26.671747+04:00,ITM-df10cf5effef1dcd,BONJOURLAFUITE,hesperide,Hespéride,Inconnu,Inconnu,unknown,NO_ACTIVITY_EVIDENCE,0.00,,,2026-10-07.sector.7
RUN-20261009T175526,2026-10-09T17:55:26.671747+04:00,ITM-2723da88bd99eab7,CYBERATTAQUE_ORG,hopital paris saint joseph,Hôpital Paris Saint-Joseph,Santé,Santé,inferred,ORGANISATION_NAME_RULE,0.80,Hôpital Paris Saint-Joseph,https://www.cyberattaque.org/hopital-paris-saint-joseph-cyberattaque/,2026-10-07.sector.7
RUN-20261009T175526,2026-10-09T17:55:26.671747+04:00,ITM-f6b7210154df13cc,FRENCHBREACHES,hopital paris saint joseph,Hôpital Paris Saint-Joseph,Santé,Santé,inferred,ORGANISATION_NAME_RULE,0.80,Hôpital Paris Saint-Joseph,https://frenchbreaches.com/alertes/h-pital-paris-saint-joseph-mu93cn8lvv9l381ye9f,2026-10-07.sector.7
RUN-20261009T175526,2026-10-09T17:55:26.671747+04:00,ITM-5eb84c7bc13fac7a,CYBERATTAQUE_ORG,horizane sante,Horizane Santé,Santé,Santé,inferred,ACTIVITY_RULE,0.80,"Horizane Santé, entreprise française spécialisée dans les produits de santé, d’hygiène et de bien-être, fait l’objet d’une cyberattaque…",https://www.cyberattaque.org/horizane-sante-pres-de-9-000-comptes-clients-et-un-acces-administrateur-en-fuite/,2026-10-07.sector.7
RUN-20261009T175526,2026-10-09T17:55:26.671747+04:00,ITM-ab1b4c4c287bc447,FRENCHBREACHES,horizane sante,Horizane Santé,Santé,Santé,inferred,ACTIVITY_RULE,0.80,"**Horizane Santé est une entreprise française spécialisée dans les produits de santé, de bien-être et de parapharmacie.**",https://frenchbreaches.com/alertes/horizane-sant-muewzi6yot5enput9xc,2026-10-07.sector.7
RUN-20261009T175526,2026-10-09T17:55:26.671747+04:00,ITM-78ac6a41043cc667,FRENCHBREACHES,ifapme,IFAPME,Éducation / Formation,Éducation / Formation,reported,SOURCE_SECTOR_RAW,0.70,Éducation,https://frenchbreaches.com/alertes/ifapme-mljdutarctws1xjua8o,2026-10-07.sector.7
RUN-20261009T175526,2026-10-09T17:55:26.671747+04:00,ITM-bc70f47670987605,CYBERATTAQUE_ORG,institut sourdille atlantique,Institut Sourdille Atlantique,Inconnu,Inconnu,unknown,NO_ACTIVITY_EVIDENCE,0.00,,,2026-10-07.sector.7
RUN-20261009T175526,2026-10-09T17:55:26.671747+04:00,ITM-b5b66180f50799d9,FRENCHBREACHES,jims,JIMS,Sport,Sport,inferred,ACTIVITY_OVERRIDES_SOURCE_LABEL,0.80,"**JIMS est une chaîne de salles de sport et de fitness**, notamment présente en Belgique. [étiquette source écartée : Commerce]",https://frenchbreaches.com/alertes/jims-mucy4j69k4im0qnlul,2026-10-07.sector.7
RUN-20261009T175526,2026-10-09T17:55:26.671747+04:00,ITM-1272141ebd57eddd,FRENCHBREACHES,justice,Justice.fr,Inconnu,Administration / Collectivité,reported,SOURCE_SECTOR_RAW,0.70,public,https://frenchbreaches.com/alertes/justice-fr-muzejbl1txdtc7mzkan,2026-10-07.sector.7
RUN-20261009T175526,2026-10-09T17:55:26.671747+04:00,ITM-610efc10c3ed21cf,CYBERATTAQUE_ORG,justice,Justice.fr,Inconnu,Inconnu,unknown,NO_ACTIVITY_EVIDENCE,0.00,,,2026-10-07.sector.7
RUN-20261009T175526,2026-10-09T17:55:26.671747+04:00,ITM-10674cb44aa7043d,CYBERATTAQUE_ORG,kiassure,Kiassure,Inconnu,Inconnu,unknown,NO_ACTIVITY_EVIDENCE,0.00,,,2026-10-07.sector.7
RUN-20261009T175526,2026-10-09T17:55:26.671747+04:00,ITM-4209099e3cb4677c,FRENCHBREACHES,kiassure,Kiassure,Finance / Assurance,Finance / Assurance,reported,SOURCE_SECTOR_RAW,0.70,Finance,https://frenchbreaches.com/alertes/kiassure-mukbnw9ya3i9enxgs1l,2026-10-07.sector.7
RUN-20261009T175526,2026-10-09T17:55:26.671747+04:00,ITM-5744bb10e363ee11,CYBERATTAQUE_ORG,krys group,Krys Group,Inconnu,Inconnu,unknown,NO_ACTIVITY_EVIDENCE,0.00,,,2026-10-07.sector.7
RUN-20261009T175526,2026-10-09T17:55:26.671747+04:00,ITM-cf98c476194a920f,CYBERATTAQUE_ORG,l orange bleue,L’Orange bleue,Sport,Sport,inferred,ACTIVITY_RULE,0.80,L’Orange bleue est un réseau français de salles de sport et de fitness présent dans de nombreuses villes.,https://www.cyberattaque.org/lorange-bleue-732-000-fiches-dadherents-et-440-000-iban-dans-une-fuite-massive-apres-une-cyberattaque/,2026-10-07.sector.7
RUN-20261009T175526,2026-10-09T17:55:26.671747+04:00,ITM-b85cbb803b26c27c,FRENCHBREACHES,laboratoire d innovation de l anssi,Laboratoire d’innovation de l’ANSSI,Administration / Collectivité,Administration / Collectivité,reported,SOURCE_SECTOR_RAW,0.70,public,https://frenchbreaches.com/alertes/laboratoire-d-innovation-de-l-anssi-muol4p978duakorwom,2026-10-07.sector.7
RUN-20261009T175526,2026-10-09T17:55:26.671747+04:00,ITM-124f61428b5d1c25,CYBERATTAQUE_ORG,laboratoire lcs,Laboratoire LCS,Inconnu,Inconnu,unknown,NO_ACTIVITY_EVIDENCE,0.00,,,2026-10-07.sector.7
RUN-20261009T175526,2026-10-09T17:55:26.671747+04:00,ITM-8fd2bc77bf8ec2a6,FRENCHBREACHES,laboratoire lcs,Laboratoire LCS,Santé,Santé,inferred,ACTIVITY_RULE,0.80,"**Laboratoire LCS**, entreprise française spécialisée dans la conception et la fabrication de lentilles de contact sur mesure, fait l’objet d’une revendication de fuite de données.",https://frenchbreaches.com/alertes/laboratoire-lcs-mumvnwq04l1mbwn1j5,2026-10-07.sector.7
RUN-20261009T175526,2026-10-09T17:55:26.671747+04:00,ITM-6859261687785113,BONJOURLAFUITE,ldlc,LDLC,Inconnu,Inconnu,unknown,NO_ACTIVITY_EVIDENCE,0.00,,,2026-10-07.sector.7
RUN-20261009T175526,2026-10-09T17:55:26.671747+04:00,ITM-7bccf3a92ae50f3c,FRENCHBREACHES,ldlc,LDLC,Commerce / Distribution,Commerce / Distribution,reported,SOURCE_SECTOR_RAW,0.70,Commerce,https://frenchbreaches.com/alertes/ldlc-muqsxvb7wz9y21k96wp,2026-10-07.sector.7
RUN-20261009T175526,2026-10-09T17:55:26.671747+04:00,ITM-d7a9babc80009049,CYBERATTAQUE_ORG,ldlc,LDLC,Commerce / Distribution,Commerce / Distribution,inferred,ACTIVITY_RULE,0.80,"Le groupe LDLC est un acteur français spécialisé dans la vente de matériel informatique, high-tech et équipements électroniques .",https://www.cyberattaque.org/ldlc-victime-dune-cyberattaque-les-donnees-personnelles-de-clients-exposees/,2026-10-07.sector.7
RUN-20261009T175526,2026-10-09T17:55:26.671747+04:00,ITM-943e664b2c83a5ab,RANSOMWARE_LIVE,le centre national de l expertise hospitaliere,Le Centre National de l'Expertise Hospitalière,Santé,Santé,reported,SOURCE_SECTOR_RAW,0.70,Healthcare,,2026-10-07.sector.7
RUN-20261009T175526,2026-10-09T17:55:26.671747+04:00,ITM-ab978f4bceace1c1,FRENCHBREACHES,le centre national de l expertise hospitaliere,Le Centre National de l’Expertise Hospitalière,Santé,Santé,reported,SOURCE_SECTOR_RAW,0.70,Santé,https://frenchbreaches.com/alertes/le-centre-national-de-l-expertise-hospitali-re-cneh-muome98fga2iaxy1jk,2026-10-07.sector.7
RUN-20261009T175526,2026-10-09T17:55:26.671747+04:00,ITM-c0a5c593c02a2ac1,CYBERATTAQUE_ORG,le club totalenergies,Le Club TotalEnergies,Inconnu,Inconnu,unknown,NO_ACTIVITY_EVIDENCE,0.00,,,2026-10-07.sector.7
RUN-20261009T175526,2026-10-09T17:55:26.671747+04:00,ITM-e7ad616bfc469067,VEILLE_LLM,le quotidien de la reunion,Le Quotidien de La Réunion,Inconnu,Inconnu,unknown,SOURCE_SECTOR_RAW_AMBIGUOUS,0.00,Inconnu,,2026-10-07.sector.7
RUN-20261009T175526,2026-10-09T17:55:26.671747+04:00,ITM-2848a93dd9fe3db8,CYBERATTAQUE_ORG,legalstart,Legalstart,Inconnu,Inconnu,unknown,NO_ACTIVITY_EVIDENCE,0.00,,,2026-10-07.sector.7
RUN-20261009T175526,2026-10-09T17:55:26.671747+04:00,ITM-877545335fb59fdc,BONJOURLAFUITE,legalstart,LegalStart,Inconnu,Inconnu,unknown,NO_ACTIVITY_EVIDENCE,0.00,,,2026-10-07.sector.7
RUN-20261009T175526,2026-10-09T17:55:26.671747+04:00,ITM-f7ed51b8e92025f2,FRENCHBREACHES,legalstart,Legalstart,Numérique / Technologie,Numérique / Technologie,reported,SOURCE_SECTOR_RAW,0.70,Technologie,https://frenchbreaches.com/alertes/legalstart-muctklh6rpolz3fsiu,2026-10-07.sector.7
RUN-20261009T175526,2026-10-09T17:55:26.671747+04:00,ITM-7027845493651a6f,FRENCHBREACHES,les cles de l atelier,Les Clés de l’Atelier,Éducation / Formation,Éducation / Formation,inferred,ACTIVITY_RULE,0.80,"Les Clés de l'Atelier intervient depuis plusieurs années dans des dispositifs de formation et d'insertion destinés à différents publics, notamment des personnes placées sous main de justice.",https://frenchbreaches.com/alertes/les-cl-s-de-l-atelier-mulcuy15p8t3i1p5war,2026-10-07.sector.7
RUN-20261009T175526,2026-10-09T17:55:26.671747+04:00,ITM-9657d834dd0601bc,CYBERATTAQUE_ORG,les cles de l atelier,Les Clés de l’Atelier,Éducation / Formation,Éducation / Formation,inferred,ACTIVITY_RULE,0.80,"Les Clés de l’Atelier , organisme de formation et CFA français spécialisé dans les métiers du bâtiment et du second œuvre, fait l’objet d’une fuite de données revendiquée ce 28 septembre 2026 .",https://www.cyberattaque.org/les-cles-de-latelier-une-fuite-expose-des-donnees-de-stagiaires/,2026-10-07.sector.7
RUN-20261009T175526,2026-10-09T17:55:26.671747+04:00,ITM-47ad24f1eab22a3e,CYBERATTAQUE_ORG,les cousins,Les Cousins,Inconnu,Culture / Médias / Loisirs,inferred,ACTIVITY_RULE,0.80,"Les Cousins , entreprise française spécialisée dans la vente de produits et de matériel pour la  céramique, la poterie et les loisirs créatifs , confirme une cyberattaque particulièrement sensible sur son site marchand.",https://www.cyberattaque.org/cyberattaque-les-cousins-un-hacker-intercepte-les-donnees-de-cartes-bancaires/,2026-10-07.sector.7
RUN-20261009T175526,2026-10-09T17:55:26.671747+04:00,ITM-aed1eb15af2f4c3a,CYBERATTAQUE_ORG,les metaux precieux,Les Métaux Précieux,Inconnu,Finance / Assurance,inferred,ACTIVITY_RULE,0.80,Les Métaux Précieux  est une société française spécialisée dans la vente et le rachat d’or et d’argent.,https://www.cyberattaque.org/les-metaux-precieux-18-794-photos-de-pieces-didentite-et-16-822-rib-exposes/,2026-10-07.sector.7
RUN-20261009T175526,2026-10-09T17:55:26.671747+04:00,ITM-bb16a8f7bc9de746,FRENCHBREACHES,les metaux precieux,Les Métaux Précieux,Inconnu,Commerce / Distribution,reported,SOURCE_SECTOR_RAW,0.70,Commerce,https://frenchbreaches.com/alertes/les-m-taux-pr-cieux-mudzdac4wsgp60brxup,2026-10-07.sector.7
RUN-20261009T175526,2026-10-09T17:55:26.671747+04:00,ITM-c4c75b59723a02fb,VEILLE_LLM,lycee polyvalent jean joly,Lycée polyvalent Jean Joly,Éducation / Formation,Éducation / Formation,inferred,ORGANISATION_NAME_RULE,0.80,Lycée polyvalent Jean Joly,https://imazpress.com/toute-l-actu/attaque-informatique-sur-le-lycee-de-saint-louis-jean-joly,2026-10-07.sector.7
RUN-20261009T175526,2026-10-09T17:55:26.671747+04:00,ITM-fc2b714cad93ff17,VEILLE_LLM,lycee polyvalent paul moreau,Lycée polyvalent Paul Moreau,Éducation / Formation,Éducation / Formation,inferred,ORGANISATION_NAME_RULE,0.80,Lycée polyvalent Paul Moreau,https://frenchbreaches.com/alertes/lyc-e-polyvalent-paul-moreau-mr0pgi7zh4w9k8gxh3d,2026-10-07.sector.7
RUN-20261009T175526,2026-10-09T17:55:26.671747+04:00,ITM-8bc0bc42e5b16fca,FRENCHBREACHES,maileva,Maileva,Administration / Collectivité,Administration / Collectivité,reported,SOURCE_SECTOR_RAW,0.70,public,https://frenchbreaches.com/alertes/maileva-mufora09gh9so92vdk,2026-10-07.sector.7
RUN-20261009T175526,2026-10-09T17:55:26.671747+04:00,ITM-988c4a76c660d1ed,BONJOURLAFUITE,maileva,Maileva,Inconnu,Inconnu,unknown,NO_ACTIVITY_EVIDENCE,0.00,,,2026-10-07.sector.7
RUN-20261009T175526,2026-10-09T17:55:26.671747+04:00,ITM-8d83a6975038d2a2,CYBERATTAQUE_ORG,maileva filiale de la poste,"Maileva, filiale de La Poste",Inconnu,Inconnu,unknown,NO_ACTIVITY_EVIDENCE,0.00,,,2026-10-07.sector.7
RUN-20261009T175526,2026-10-09T17:55:26.671747+04:00,ITM-2241171f48d8bdaa,FRENCHBREACHES,mairie d espelette,Mairie d’Espelette,Administration / Collectivité,Administration / Collectivité,inferred,ORGANISATION_NAME_RULE,0.80,Mairie d’Espelette,https://frenchbreaches.com/alertes/mairie-d-espelette-mu74hl5nkpj7248ih2a,2026-10-07.sector.7
RUN-20261009T175526,2026-10-09T17:55:26.671747+04:00,ITM-fdc47ad9dffdbe4d,VEILLE_LLM,mairie de mamoudzou,Ville de Mamoudzou,Administration / Collectivité,Administration / Collectivité,referenced,REFERENCE_EXACT,0.90,Entité ou alias territorial validé du référentiel Cyberwatch,https://github.com/Ya7o/Cyberwatch/blob/main/cyberwatch/watchlists.py,2026-10-07.sector.7
RUN-20261009T175526,2026-10-09T17:55:26.671747+04:00,ITM-09971b142b18e200,FRENCHBREACHES,mairie de mortagne au perche,Mairie de Mortagne-au-Perche,Administration / Collectivité,Administration / Collectivité,inferred,ORGANISATION_NAME_RULE,0.80,Mairie de Mortagne-au-Perche,https://frenchbreaches.com/alertes/mairie-de-mortagne-au-perche-muhiffjbw9vo6wzaqt,2026-10-07.sector.7
RUN-20261009T175526,2026-10-09T17:55:26.671747+04:00,ITM-797aefb82bcc2d31,FRENCHBREACHES,mairie de saint pierre des corps,Mairie de Saint-Pierre-des-Corps,Administration / Collectivité,Administration / Collectivité,inferred,ORGANISATION_NAME_RULE,0.80,Mairie de Saint-Pierre-des-Corps,https://frenchbreaches.com/alertes/mairie-de-saint-pierre-des-corps-muzs72wmvuffv5f3x98,2026-10-07.sector.7
RUN-20261009T175526,2026-10-09T17:55:26.671747+04:00,ITM-b448f47c38da62fd,FRENCHBREACHES,maison du souvenir,Maison du souvenir,Commerce / Distribution,Commerce / Distribution,reported,SOURCE_SECTOR_RAW,0.70,Commerce,https://frenchbreaches.com/alertes/maison-du-souvenir-mu3s96ekg9d5znwpghs,2026-10-07.sector.7
RUN-20261009T175526,2026-10-09T17:55:26.671747+04:00,ITM-344b889900c38717,CYBERATTAQUE_ORG,maison du souvenir de maille,Maison du Souvenir de Maillé,Culture / Médias / Loisirs,Culture / Médias / Loisirs,inferred,SEMANTIC_ACTIVITY_MATCH,0.80,"Depuis son ouverture, la Maison du Souvenir produit et rassemble des ressources destinées aussi bien à la recherche qu’aux expositions et aux activités pédagogiques.",https://www.cyberattaque.org/maison-du-souvenir-de-maille-vingt-ans-de-travail-numerique-perdus-apres-une-cyberattaque/,2026-10-07.sector.7
RUN-20261009T175526,2026-10-09T17:55:26.671747+04:00,ITM-e9ceb8ca4d2e254b,VEILLE_LLM,manu port,MANU-PORT,Transport / Logistique,Transport / Logistique,reported,SOURCE_SECTOR_RAW,0.70,Transport / Logistique,https://documentation.outre-mer.gouv.fr/Record.htm?idlist=3&record=19154760124919729429,2026-10-07.sector.7
RUN-20261009T175526,2026-10-09T17:55:26.671747+04:00,ITM-db0ed10e69371a41,CYBERATTAQUE_ORG,medialog,Medialog,Inconnu,Inconnu,unknown,ACTIVITY_EVIDENCE_REJECTED,0.00,Medialog informe ses clients d’un incident de sécurité ayant permis à un acteur non autorisé d’accéder à des fiches clients et des informations de réservation enregistrées dans son logiciel Medialog Hôtel.,,2026-10-07.sector.7
RUN-20261009T175526,2026-10-09T17:55:26.671747+04:00,ITM-e25b64e886578913,FRENCHBREACHES,medialog,Medialog,Numérique / Technologie,Numérique / Technologie,inferred,ACTIVITY_RULE,0.80,"Medialog, éditeur français de logiciels de gestion pour l'hôtellerie et la restauration, a été victime d'une cyberattaque ayant permis l'extraction massive de données appartenant à ses établissements clients.",https://frenchbreaches.com/alertes/medialog-muwvy9ney4pypgf3qff,2026-10-07.sector.7
RUN-20261009T175526,2026-10-09T17:55:26.671747+04:00,ITM-a81f7bbc656d355c,CYBERATTAQUE_ORG,mesmarches,MesMarches,Inconnu,Inconnu,unknown,NO_ACTIVITY_EVIDENCE,0.00,,,2026-10-07.sector.7
RUN-20261009T175526,2026-10-09T17:55:26.671747+04:00,ITM-f042a84dab9aa2b5,FRENCHBREACHES,mesmarches,MesMarches,Commerce / Distribution,Commerce / Distribution,reported,SOURCE_SECTOR_RAW,0.70,Commerce,https://frenchbreaches.com/alertes/mesmarches-mud8tygyg3fsz8lhaa,2026-10-07.sector.7
RUN-20261009T175526,2026-10-09T17:55:26.671747+04:00,ITM-40b41bb3197ea1e0,BONJOURLAFUITE,mgel,MGEL,Inconnu,Inconnu,unknown,NO_ACTIVITY_EVIDENCE,0.00,,,2026-10-07.sector.7
RUN-20261009T175526,2026-10-09T17:55:26.671747+04:00,ITM-62e437543f1280c0,VEILLE_LLM,ministere de l education nationale academie de la reunion,Ministère de l’Éducation nationale / Académie de La Réunion,Éducation / Formation,Administration / Collectivité,inferred,ORGANISATION_NAME_RULE,0.80,Ministère de l’Éducation nationale / Académie de La Réunion,https://www.education.gouv.fr/incident-de-securite-affectant-les-donnees-de-personnels-de-l-education-nationale-505407,2026-10-07.sector.7
RUN-20261009T175526,2026-10-09T17:55:26.671747+04:00,ITM-12f8532f9ea560b9,FRENCHBREACHES,naturabuy,NaturaBuy,Commerce / Distribution,Commerce / Distribution,inferred,SEMANTIC_ACTIVITY_MATCH,0.80,"NaturaBuy est une marketplace spécialisée notamment dans la **chasse, la pêche, le tir, l’outdoor et les équipements associés**.",https://frenchbreaches.com/alertes/naturabuy-murj0vegw4dz8ukhqva,2026-10-07.sector.7
RUN-20261009T175526,2026-10-09T17:55:26.671747+04:00,ITM-26ccc95579f37b49,FRENCHBREACHES,naturabuy,NaturaBuy,Commerce / Distribution,Commerce / Distribution,reported,SOURCE_SECTOR_RAW,0.70,Commerce,https://frenchbreaches.com/alertes/naturabuy-mtwzqa9gplhhoi6l87a,2026-10-07.sector.7
RUN-20261009T175526,2026-10-09T17:55:26.671747+04:00,ITM-8b87c4bab3fdb358,CYBERATTAQUE_ORG,naturabuy,NaturaBuy,Commerce / Distribution,Commerce / Distribution,inferred,ACTIVITY_RULE,0.80,"NaturaBuy est une plateforme française connue notamment dans l’univers de la chasse, du tir, de la pêche et des équipements associés. Elle permet à ses utilisateurs d’acheter et de vendre différents produits, dont certains relevant d’un environnement particulièrement sensible.",https://www.cyberattaque.org/naturabuy-victime-dune-cyberattaque-un-risque-pour-les-detenteurs-darmes/,2026-10-07.sector.7
RUN-20261009T175526,2026-10-09T17:55:26.671747+04:00,ITM-b6adc61fa1454e37,FRENCHBREACHES,nature decouvertes,Nature & Découvertes,Commerce / Distribution,Commerce / Distribution,reported,SOURCE_SECTOR_RAW,0.70,Commerce,https://frenchbreaches.com/alertes/nature-d-couvertes-mu1euyvui0h3fnzm19,2026-10-07.sector.7
RUN-20261009T175526,2026-10-09T17:55:26.671747+04:00,ITM-f2e010fc520c1cd0,CYBERATTAQUE_ORG,nature decouvertes,Nature & Découvertes,Culture / Médias / Loisirs,Culture / Médias / Loisirs,inferred,ACTIVITY_RULE,0.80,"Nature & Découvertes est une enseigne française spécialisée dans les produits liés au bien-être, aux loisirs, à la découverte et à la nature. Son activité s’appuie sur un réseau de magasins mais également sur un important service de commerce en ligne.",https://www.cyberattaque.org/nature-decouvertes-touche-par-une-cyberattaque-chez-un-prestataire/,2026-10-07.sector.7
RUN-20261009T175526,2026-10-09T17:55:26.671747+04:00,ITM-ab1122ef76324a6a,BONJOURLAFUITE,nature et decouvertes,Nature et découvertes,Inconnu,Inconnu,unknown,NO_ACTIVITY_EVIDENCE,0.00,,,2026-10-07.sector.7
RUN-20261009T175526,2026-10-09T17:55:26.671747+04:00,ITM-de572addb19c98a8,FRENCHBREACHES,nosrezo,NosRezo,Commerce / Distribution,Commerce / Distribution,reported,SOURCE_SECTOR_RAW,0.70,Commerce,https://frenchbreaches.com/alertes/nosrezo-propertips-mu452qgr87fyxkxkxh,2026-10-07.sector.7
RUN-20261009T175526,2026-10-09T17:55:26.671747+04:00,ITM-05857de0f71c8328,CYBERATTAQUE_ORG,oceania hotels,Oceania Hotels,Inconnu,Inconnu,unknown,NO_ACTIVITY_EVIDENCE,0.00,,,2026-10-07.sector.7
RUN-20261009T175526,2026-10-09T17:55:26.671747+04:00,ITM-3dbd21b8659e1904,FRENCHBREACHES,oceania hotels,Oceania Hotels,Commerce / Distribution,Commerce / Distribution,reported,SOURCE_SECTOR_RAW,0.70,Commerce,https://frenchbreaches.com/alertes/oceania-hotels-muafduvclbs1sm0cei8,2026-10-07.sector.7
RUN-20261009T175526,2026-10-09T17:55:26.671747+04:00,ITM-6897b85af127978b,CYBERATTAQUE_ORG,ofb,OFB,Administration / Collectivité,Administration / Collectivité,inferred,ACTIVITY_RULE,0.80,"L’OFB est un établissement public français chargé notamment de la protection de la biodiversité, de la police de l’environnement et de missions liées à la chasse .",https://www.cyberattaque.org/ofb-165-000-dossiers-de-permis-de-chasser-exposes-apres-une-cyberattaque/,2026-10-07.sector.7
RUN-20261009T175526,2026-10-09T17:55:26.671747+04:00,ITM-0ccf0dba8c3eda91,FRENCHBREACHES,oh la bonne pizza,Oh ! La Bonne Pizza,Inconnu,Commerce / Distribution,reported,SOURCE_SECTOR_RAW,0.70,Commerce,https://frenchbreaches.com/alertes/oh-la-bonne-pizza-muyw3qrwqu9cnsxlxy,2026-10-07.sector.7
RUN-20261009T175526,2026-10-09T17:55:26.671747+04:00,ITM-929153a48c306709,CYBERATTAQUE_ORG,oh la bonne pizza,Oh ! La Bonne Pizza,Inconnu,Hébergement / Tourisme / Restauration,inferred,SEMANTIC_ACTIVITY_MATCH,0.80,"Oh ! La Bonne Pizza , pizzeria française proposant notamment de la vente à emporter, fait l’objet d’une revendication de fuite de données.",https://www.cyberattaque.org/oh-la-bonne-pizza-370-fiches-clients-diffusees-gratuitement-telephones-et-emails-exposes/,2026-10-07.sector.7
RUN-20261009T175526,2026-10-09T17:55:26.671747+04:00,ITM-07a91e993b3488a9,FRENCHBREACHES,oracio,Oracio,Construction / BTP,Construction / BTP,inferred,ACTIVITY_OVERRIDES_SOURCE_LABEL,0.80,Oracio est une **application professionnelle consacrée aux états des lieux immobiliers**. [étiquette source écartée : Commerce],https://frenchbreaches.com/alertes/oracio-snexi-muk9vavg2razv5dv9de,2026-10-07.sector.7
RUN-20261009T175526,2026-10-09T17:55:26.671747+04:00,ITM-2c167a8668e618ce,CYBERATTAQUE_ORG,oracio,Oracio,Inconnu,Inconnu,unknown,ACTIVITY_TAXONOMY_UNRESOLVED,0.00,Oracio est une application éditée par la société française   SNEXI  .,,2026-10-07.sector.7
RUN-20261009T175526,2026-10-09T17:55:26.671747+04:00,ITM-3d66807cb3a2905a,FRENCHBREACHES,orange bleue,Orange Bleue,Commerce / Distribution,Commerce / Distribution,reported,SOURCE_SECTOR_RAW,0.70,Commerce,https://frenchbreaches.com/alertes/orange-bleue-mu6sr6lm5tsbb71uwjf,2026-10-07.sector.7
RUN-20261009T175526,2026-10-09T17:55:26.671747+04:00,ITM-f080d1df4f2bf7c2,CYBERATTAQUE_ORG,orisha,Orisha,Inconnu,Inconnu,unknown,NO_ACTIVITY_EVIDENCE,0.00,,,2026-10-07.sector.7
RUN-20261009T175526,2026-10-09T17:55:26.671747+04:00,ITM-137149373c052d19,BONJOURLAFUITE,orkyn,Orkyn,Inconnu,Inconnu,unknown,NO_ACTIVITY_EVIDENCE,0.00,,,2026-10-07.sector.7
RUN-20261009T175526,2026-10-09T17:55:26.671747+04:00,ITM-cbaeb98fe6a028a3,CYBERATTAQUE_ORG,orkyn,Orkyn,Inconnu,Inconnu,unknown,ACTIVITY_EVIDENCE_REJECTED,0.00,Orkyn  confirme une cyberattaque ayant entraîné l’accès non autorisé à un fichier contenant des  données personnelles et de santé de patients .,,2026-10-07.sector.7
RUN-20261009T175526,2026-10-09T17:55:26.671747+04:00,ITM-f265df4c482b0d7f,FRENCHBREACHES,orkyn,Orkyn,Santé,Santé,inferred,ACTIVITY_RULE,0.80,"**Orkyn’, spécialiste de la prise en charge de patients à domicile, confirme une cyberattaque ayant compromis des données personnelles et de santé.",https://frenchbreaches.com/alertes/orkyn-mupff8p55spyc9k49rw,2026-10-07.sector.7
RUN-20261009T175526,2026-10-09T17:55:26.671747+04:00,ITM-7f1162e0ea020df8,FRENCHBREACHES,ouverture fine,Ouverture Fine,Commerce / Distribution,Commerce / Distribution,inferred,ACTIVITY_RULE,0.80,"**Ouverture Fine**, entreprise française spécialisée dans la vente d’équipements de serrurerie et de sécurité ainsi que dans la formation, fait l’objet d’une revendication de **fuite de données**.",https://frenchbreaches.com/alertes/ouverture-fine-muvw4aoi2gfiz2x1qgw,2026-10-07.sector.7
RUN-20261009T175526,2026-10-09T17:55:26.671747+04:00,ITM-2d36bfecfabc0de8,CYBERATTAQUE_ORG,ouverture fine specialiste de la serrurerie,"Ouverture Fine, spécialiste de la serrurerie",Éducation / Formation,Éducation / Formation,inferred,ACTIVITY_RULE,0.80,"Ouverture Fine , entreprise française spécialisée dans le matériel, les solutions de sécurité et la formation pour les professionnels de la serrurerie, voit actuellement réapparaître une ancienne base de données issue d’une cyberattaque survenue en septembre 2024 .",https://www.cyberattaque.org/ouverture-fine-specialiste-de-la-serrurerie-victime-dune-cyberattaque/,2026-10-07.sector.7
RUN-20261009T175526,2026-10-09T17:55:26.671747+04:00,ITM-aab4f42b07d0ddce,FRENCHBREACHES,papouille france,Papouille France,Commerce / Distribution,Commerce / Distribution,reported,SOURCE_SECTOR_RAW,0.70,Commerce,https://frenchbreaches.com/alertes/papouille-france-blgcloud-mu2kat4fov2247lxirf,2026-10-07.sector.7
RUN-20261009T175526,2026-10-09T17:55:26.671747+04:00,ITM-f7f7641178235572,CYBERATTAQUE_ORG,papouille france,Papouille France,Commerce / Distribution,Commerce / Distribution,inferred,ACTIVITY_RULE,0.80,"Papouille France commercialise notamment du mobilier, des jeux, du matériel de puériculture et différents équipements destinés aux crèches, écoles maternelles, collectivités et autres structures accueillant de jeunes enfants.",https://www.cyberattaque.org/papouille-france-touche-par-la-fuite-de-son-compte-blgcloud-avec-75-go-et-240-000-fichiers-exposes/,2026-10-07.sector.7
RUN-20261009T175526,2026-10-09T17:55:26.671747+04:00,ITM-4bd5428d86dc863b,BONJOURLAFUITE,pass pass,Pass Pass,Inconnu,Inconnu,unknown,NO_ACTIVITY_EVIDENCE,0.00,,,2026-10-07.sector.7
RUN-20261009T175526,2026-10-09T17:55:26.671747+04:00,ITM-3f258ff33fa0bbd8,FRENCHBREACHES,paymium,Paymium,Numérique / Technologie,Numérique / Technologie,reported,SOURCE_SECTOR_RAW,0.70,Technologie,https://frenchbreaches.com/alertes/paymium-mud5fwguie84679mrab,2026-10-07.sector.7
RUN-20261009T175526,2026-10-09T17:55:26.671747+04:00,ITM-5e921c89c3e59cda,CYBERATTAQUE_ORG,paymium,Paymium,Numérique / Technologie,Numérique / Technologie,inferred,SEMANTIC_ACTIVITY_MATCH,0.80,"Paymium, plateforme française spécialisée dans l’achat, la vente et la conservation de cryptomonnaies, informe ses clients d’un incident…",https://www.cyberattaque.org/paymium-des-donnees-personnelles-de-clients-exposees-apres-une-cyberattaque/,2026-10-07.sector.7
RUN-20261009T175526,2026-10-09T17:55:26.671747+04:00,ITM-66d72597a2645248,BONJOURLAFUITE,paymium,Paymium,Inconnu,Inconnu,unknown,NO_ACTIVITY_EVIDENCE,0.00,,,2026-10-07.sector.7
RUN-20261009T175526,2026-10-09T17:55:26.671747+04:00,ITM-a0f7c97b09ef400c,FRENCHBREACHES,pays de l aigle,Pays de L’Aigle,Administration / Collectivité,Administration / Collectivité,reported,SOURCE_SECTOR_RAW,0.70,public,https://frenchbreaches.com/alertes/pays-de-l-aigle-mu62uazzlgiwn2iy3q,2026-10-07.sector.7
RUN-20261009T175526,2026-10-09T17:55:26.671747+04:00,ITM-c3a36ee338fcd65d,CYBERATTAQUE_ORG,pays de l aigle,Pays de L’Aigle,Administration / Collectivité,Administration / Collectivité,inferred,SEMANTIC_ACTIVITY_MATCH,0.80,"La Communauté de communes des Pays de L’Aigle est une intercommunalité située dans l’Orne, en Normandie.",https://www.cyberattaque.org/pays-de-laigle-une-cyberattaque-contre-les-messageries-fait-craindre-une-fuite-de-donnees-sensibles/,2026-10-07.sector.7
RUN-20261009T175526,2026-10-09T17:55:26.671747+04:00,ITM-4dba7e770d761e34,CYBERATTAQUE_ORG,peggy sage,Peggy Sage,Inconnu,Inconnu,unknown,ACTIVITY_TAXONOMY_UNRESOLVED,0.00,"Peggy Sage  est une marque spécialisée dans les produits de beauté et les cosmétiques professionnels : manucure, maquillage, soins du visage et du corps, épilation ou encore équipements destinés aux professionnels de l’esthétique.",,2026-10-07.sector.7
RUN-20261009T175526,2026-10-09T17:55:26.671747+04:00,ITM-d46fa2d2e253db24,FRENCHBREACHES,peggy sage,Peggy Sage,Inconnu,Commerce / Distribution,reported,SOURCE_SECTOR_RAW,0.70,Commerce,https://frenchbreaches.com/alertes/peggy-sage-muzn7yrso630xi9d6dk,2026-10-07.sector.7
RUN-20261009T175526,2026-10-09T17:55:26.671747+04:00,ITM-cd231bb63ca4b55a,FRENCHBREACHES,permis de chasser,Permis de chasser,Administration / Collectivité,Administration / Collectivité,reported,SOURCE_SECTOR_RAW,0.70,public,https://frenchbreaches.com/alertes/permis-de-chasser-ofb-muu25et2a0kk8inl375,2026-10-07.sector.7
RUN-20261009T175526,2026-10-09T17:55:26.671747+04:00,ITM-007146cf8e7f7faa,CYBERATTAQUE_ORG,pharmaland,Pharmaland,Numérique / Technologie,Numérique / Technologie,inferred,ACTIVITY_RULE,0.80,Pharmaland est un  logiciel de gestion officinale  édité par La Source Informatique.,https://www.cyberattaque.org/pharmaland-cyberattaque-pres-de-6-800-fiches-liees-aux-pharmacies-en-fuite/,2026-10-07.sector.7
RUN-20261009T175526,2026-10-09T17:55:26.671747+04:00,ITM-e9199e0868e520da,FRENCHBREACHES,pharmaland,Pharmaland,Commerce / Distribution,Commerce / Distribution,reported,SOURCE_SECTOR_RAW,0.70,Commerce,https://frenchbreaches.com/alertes/pharmaland-muh0qob0a3hg4o62f7w,2026-10-07.sector.7
RUN-20261009T175526,2026-10-09T17:55:26.671747+04:00,ITM-278f8ef0ccb07d7b,RANSOMWARE_LIVE,pierrefeu,pierrefeu,Inconnu,Inconnu,unknown,SOURCE_SECTOR_RAW_AMBIGUOUS,0.00,Other,,2026-10-07.sector.7
RUN-20261009T175526,2026-10-09T17:55:26.671747+04:00,ITM-108893d61b840be0,FRENCHBREACHES,place des salaries,Place des Salariés,Commerce / Distribution,Commerce / Distribution,reported,SOURCE_SECTOR_RAW,0.70,Commerce,https://frenchbreaches.com/alertes/place-des-salari-s-haxoneo-mudy0b27eljs842gfja,2026-10-07.sector.7
RUN-20261009T175526,2026-10-09T17:55:26.671747+04:00,ITM-6342a8dff0435157,CYBERATTAQUE_ORG,place des salaries,Place des Salariés,Inconnu,Inconnu,unknown,NO_ACTIVITY_EVIDENCE,0.00,,,2026-10-07.sector.7
RUN-20261009T175526,2026-10-09T17:55:26.671747+04:00,ITM-6039d5a71989a758,FRENCHBREACHES,planity,Planity,Numérique / Technologie,Numérique / Technologie,reported,SOURCE_SECTOR_RAW,0.70,Technologie,https://frenchbreaches.com/alertes/planity-muk9e2w3bmx7yd3yyfe,2026-10-07.sector.7
RUN-20261009T175526,2026-10-09T17:55:26.671747+04:00,ITM-edb7d1a852000421,CYBERATTAQUE_ORG,planity,Planity,Numérique / Technologie,Numérique / Technologie,inferred,ACTIVITY_RULE,0.80,Planity propose une plateforme de réservation accessible 24h/24 ainsi qu’un logiciel de gestion destiné aux professionnels de la beauté.,https://www.cyberattaque.org/planity-17-244-fiches-clients-diffusees-apres-une-nouvelle-cyberattaque/,2026-10-07.sector.7
RUN-20261009T175526,2026-10-09T17:55:26.671747+04:00,ITM-62947b2584fea96b,CYBERATTAQUE_ORG,plurelya,Plurélya,Association / Syndicat,Association / Syndicat,inferred,SEMANTIC_ACTIVITY_MATCH,0.80,"Plurélya , organisme historique de gestion des œuvres sociales des agents de la fonction publique, fait l’objet d’une importante revendication de fuite de données.",https://www.cyberattaque.org/cyberattaque-plurelya-les-donnees-de-150-114-agents-publics-et-enfants-mises-en-vente-sur-le-dark-web/,2026-10-07.sector.7
RUN-20261009T175526,2026-10-09T17:55:26.671747+04:00,ITM-675cf22555186e7c,FRENCHBREACHES,plurelya,Plurélya,Santé,Santé,reported,SOURCE_SECTOR_RAW,0.70,Santé,https://frenchbreaches.com/alertes/plur-lya-mueuh3xn6xyhrqeahlh,2026-10-07.sector.7
RUN-20261009T175526,2026-10-09T17:55:26.671747+04:00,ITM-e447c6881dba499a,BONJOURLAFUITE,plurelya,Plurélya,Inconnu,Inconnu,unknown,NO_ACTIVITY_EVIDENCE,0.00,,,2026-10-07.sector.7
RUN-20261009T175526,2026-10-09T17:55:26.671747+04:00,ITM-15d98e980a937e24,BONJOURLAFUITE,point vision,Point Vision,Inconnu,Inconnu,unknown,NO_ACTIVITY_EVIDENCE,0.00,,,2026-10-07.sector.7
RUN-20261009T175526,2026-10-09T17:55:26.671747+04:00,ITM-b4c1e713b305b165,CYBERATTAQUE_ORG,point vision,Point Vision,Santé,Santé,inferred,SEMANTIC_ACTIVITY_MATCH,0.80,Point Vision est un réseau français de centres spécialisés dans l’ophtalmologie.,https://www.cyberattaque.org/point-vision-une-cyberattaque-expose-des-numeros-de-securite-sociale-et-des-donnees-de-patients/,2026-10-07.sector.7
RUN-20261009T175526,2026-10-09T17:55:26.671747+04:00,ITM-1f3225a88d13ec05,VEILLE_LLM,police nationale dtpn974,Police nationale / DTPN 974,Administration / Collectivité,Administration / Collectivité,inferred,ORGANISATION_NAME_RULE,0.80,Police nationale / DTPN 974,https://www.linfo.re/la-reunion/faits-divers/une-policiere-a-la-reunion-poursuivie-pour-detournement-de-fichier-et-corruption,2026-10-07.sector.7
RUN-20261009T175526,2026-10-09T17:55:26.671747+04:00,ITM-657c2ae5867382da,CYBERATTAQUE_ORG,portalia,Portalia,Services aux entreprises,Services aux entreprises,inferred,SEMANTIC_ACTIVITY_MATCH,0.80,Portalia est une société de portage salarial .,https://www.cyberattaque.org/cyberattaque-chez-portalia-22-000-documents-en-fuite/,2026-10-07.sector.7
RUN-20261009T175526,2026-10-09T17:55:26.671747+04:00,ITM-de260d08924f4999,FRENCHBREACHES,portalia,Portalia,Finance / Assurance,Finance / Assurance,reported,SOURCE_SECTOR_RAW,0.70,Finance,https://frenchbreaches.com/alertes/portalia-mukjf8v1pk2fw5xkrf,2026-10-07.sector.7
RUN-20261009T175526,2026-10-09T17:55:26.671747+04:00,ITM-6f4332af337d5010,FRENCHBREACHES,predige,Predige,Commerce / Distribution,Commerce / Distribution,reported,SOURCE_SECTOR_RAW,0.70,Commerce,https://frenchbreaches.com/alertes/predige-muu12gyqcsend5g0uks,2026-10-07.sector.7
RUN-20261009T175526,2026-10-09T17:55:26.671747+04:00,ITM-2bb0fc4052122b1c,FRENCHBREACHES,presses universitaires de franche comte,Presses universitaires de Franche-Comté,Commerce / Distribution,Commerce / Distribution,reported,SOURCE_SECTOR_RAW,0.70,Commerce,https://frenchbreaches.com/alertes/presses-universitaires-de-franche-comt-mu2lpccdyoxn2sw5p3e,2026-10-07.sector.7
RUN-20261009T175526,2026-10-09T17:55:26.671747+04:00,ITM-527f96099faa1133,FRENCHBREACHES,pro cie,PRO&Cie,Inconnu,Commerce / Distribution,reported,SOURCE_SECTOR_RAW,0.70,Commerce,https://frenchbreaches.com/alertes/pro-cie-muynyo8ydj4trh4resa,2026-10-07.sector.7
RUN-20261009T175526,2026-10-09T17:55:26.671747+04:00,ITM-61467d635bb1666a,CYBERATTAQUE_ORG,pro cie,PRO&Cie,Commerce / Distribution,Commerce / Distribution,inferred,ACTIVITY_RULE,0.80,"PRO&Cie est une enseigne française spécialisée dans la distribution d’ électroménager, d’équipements multimédias, d’image et de son .",https://www.cyberattaque.org/procie-lenseigne-delectromenager-piratee-les-donnees-personnelles-de-clients-exposees/,2026-10-07.sector.7
RUN-20261009T175526,2026-10-09T17:55:26.671747+04:00,ITM-4fef33cf24051868,CYBERATTAQUE_ORG,propertips by iad,Propertips by iad,Inconnu,Inconnu,unknown,NO_ACTIVITY_EVIDENCE,0.00,,,2026-10-07.sector.7
RUN-20261009T175526,2026-10-09T17:55:26.671747+04:00,ITM-a64021400b547847,CYBERATTAQUE_ORG,qpm pro,QPM Pro,Numérique / Technologie,Numérique / Technologie,inferred,SEMANTIC_ACTIVITY_MATCH,0.80,"QPM Pro, entreprise française spécialisée dans les équipements et solutions informatiques pour les professionnels, fait l’objet d’une revendication de fuite de données publiée le 4 octobre 2026 .",https://www.cyberattaque.org/qpm-pro-un-specialiste-des-solutions-informatiques-victime-dune-cyberattaque/,2026-10-07.sector.7
RUN-20261009T175526,2026-10-09T17:55:26.671747+04:00,ITM-f23e8a37efad797f,FRENCHBREACHES,qpm pro,QPM Pro,Commerce / Distribution,Commerce / Distribution,reported,SOURCE_SECTOR_RAW,0.70,Commerce,https://frenchbreaches.com/alertes/qpm-pro-muu4mfing345hnh7wo8,2026-10-07.sector.7
RUN-20261009T175526,2026-10-09T17:55:26.671747+04:00,ITM-61511159d35bde30,FRENCHBREACHES,qualicharge,QualiCharge,Numérique / Technologie,Numérique / Technologie,inferred,ACTIVITY_OVERRIDES_SOURCE_LABEL,0.80,"**QualiCharge, service lié à la gestion des infrastructures de recharge pour véhicules électriques, a été touché par une compromission informatique après l’exploitation d’une vulnérabilité Metabase. [étiquette source écartée : public]",https://frenchbreaches.com/alertes/qualicharge-muolobigbcjjcaxs45,2026-10-07.sector.7
RUN-20261009T175526,2026-10-09T17:55:26.671747+04:00,ITM-1caa2c7468fe21ee,BONJOURLAFUITE,quick,Quick,Inconnu,Inconnu,unknown,NO_ACTIVITY_EVIDENCE,0.00,,,2026-10-07.sector.7
RUN-20261009T175526,2026-10-09T17:55:26.671747+04:00,ITM-941dd2f94b39a7a7,CYBERATTAQUE_ORG,reassurez moi,Réassurez-moi,Finance / Assurance,Finance / Assurance,inferred,ACTIVITY_RULE,0.80,"Créé en 2013 et basé à Paris, Réassurez-moi est un courtier en assurances enregistré auprès de l’ORIAS. La société accompagne notamment les particuliers dans la comparaison et la souscription d’ assurances emprunteur et de mutuelles santé ,",https://www.cyberattaque.org/reassurez-moi-cyberattaque/,2026-10-07.sector.7
RUN-20261009T175526,2026-10-09T17:55:26.671747+04:00,ITM-ad620ec648e2a9df,FRENCHBREACHES,reassurez moi,Réassurez-moi,Commerce / Distribution,Commerce / Distribution,reported,SOURCE_SECTOR_RAW,0.70,Commerce,https://frenchbreaches.com/alertes/r-assurez-moi-muh4vu8j4ovtx022ru,2026-10-07.sector.7
RUN-20261009T175526,2026-10-09T17:55:26.671747+04:00,ITM-a9b3731f84e8fcb3,CYBERATTAQUE_ORG,region centre val de loire,Région Centre-Val de Loire,Administration / Collectivité,Administration / Collectivité,inferred,ORGANISATION_NAME_RULE,0.80,Région Centre-Val de Loire,https://www.cyberattaque.org/region-centre-val-de-loire-des-milliers-de-dossiers-en-fuite-apres-une-cyberattaque/,2026-10-07.sector.7
RUN-20261009T175526,2026-10-09T17:55:26.671747+04:00,ITM-29c89bfb16bd4cc9,CYBERATTAQUE_ORG,region hauts de france,Région Hauts-de-France,Administration / Collectivité,Administration / Collectivité,inferred,ORGANISATION_NAME_RULE,0.80,Région Hauts-de-France,https://www.cyberattaque.org/region-hauts-de-france-des-donnees-personnelles-exposees-suite-a-une-cyberattaque-chez-atexo/,2026-10-07.sector.7
RUN-20261009T175526,2026-10-09T17:55:26.671747+04:00,ITM-37450b2cd4491a54,FRENCHBREACHES,region hauts de france,Région Hauts-de-France,Administration / Collectivité,Administration / Collectivité,inferred,ORGANISATION_NAME_RULE,0.80,Région Hauts-de-France,https://frenchbreaches.com/alertes/r-gion-hauts-de-france-atexo-mur6n6zz7mtgktgessr,2026-10-07.sector.7
RUN-20261009T175526,2026-10-09T17:55:26.671747+04:00,ITM-4cf7d2d35340767a,BONJOURLAFUITE,region hauts de france,Région Hauts-de-France,Administration / Collectivité,Administration / Collectivité,inferred,ORGANISATION_NAME_RULE,0.80,Région Hauts-de-France,https://bonjourlafuite.eu.org/img/hauts-de-france.jpg,2026-10-07.sector.7
RUN-20261009T175526,2026-10-09T17:55:26.671747+04:00,ITM-7159be909318f2d0,FRENCHBREACHES,region hauts de france,Région Hauts-de-France,Administration / Collectivité,Administration / Collectivité,inferred,ORGANISATION_NAME_RULE,0.80,Région Hauts-de-France,https://frenchbreaches.com/alertes/r-gion-hauts-de-france-muqbs0geks60ywxsfd,2026-10-07.sector.7
RUN-20261009T175526,2026-10-09T17:55:26.671747+04:00,ITM-6c0a33a2ab491f92,FRENCHBREACHES,renault,Renault,Commerce / Distribution,Commerce / Distribution,reported,SOURCE_SECTOR_RAW,0.70,Commerce,https://frenchbreaches.com/alertes/renault-mupmungs4a3nz30ow1l,2026-10-07.sector.7
RUN-20261009T175526,2026-10-09T17:55:26.671747+04:00,ITM-b0cb2f86301fb9cd,FRENCHBREACHES,repar store,Répar'Store,Commerce / Distribution,Commerce / Distribution,reported,SOURCE_SECTOR_RAW,0.70,Commerce,https://frenchbreaches.com/alertes/r-par-store-mubj46abrs6i9ywytt7,2026-10-07.sector.7
RUN-20261009T175526,2026-10-09T17:55:26.671747+04:00,ITM-9571163a2e202b8b,FRENCHBREACHES,reserver,Réserver.fr,Commerce / Distribution,Commerce / Distribution,reported,SOURCE_SECTOR_RAW,0.70,Commerce,https://frenchbreaches.com/alertes/r-server-fr-muh0tz8riz7fzvv5x2,2026-10-07.sector.7
RUN-20261009T175526,2026-10-09T17:55:26.671747+04:00,ITM-0edd415c8379a397,CYBERATTAQUE_ORG,reso,Réso,Commerce / Distribution,Commerce / Distribution,referenced,REFERENCE_EXACT,0.90,Négoce spécialisé de produits du second œuvre ; classement par activité économique principale (audit 2026-09-05).,https://www.reso.fr/qui-sommes-nous/,2026-10-07.sector.7
RUN-20261009T175526,2026-10-09T17:55:26.671747+04:00,ITM-323074943bcc4da7,RANSOMWARE_LIVE,reso,RÉSO,Commerce / Distribution,Commerce / Distribution,referenced,REFERENCE_EXACT,0.90,Négoce spécialisé de produits du second œuvre ; classement par activité économique principale (audit 2026-09-05).,https://www.reso.fr/qui-sommes-nous/,2026-10-07.sector.7
RUN-20261009T175526,2026-10-09T17:55:26.671747+04:00,ITM-30ad17aa991bd1ff,RANSOMWARE_LIVE,ressources si,Ressources Si,Services aux entreprises,Services aux entreprises,reported,SOURCE_SECTOR_RAW,0.70,Professional Services,http://pnzruro7syvwvefx5mpo2fhzi4jftgquynsqf3vy5x3no57yp2iz4nyd.onion/company/ressources-si,2026-10-07.sector.7
RUN-20261009T175526,2026-10-09T17:55:26.671747+04:00,ITM-6ca9e92c98b2846d,CYBERATTAQUE_ORG,reussir,Réussir.fr,Agriculture / Agroalimentaire,Agriculture / Agroalimentaire,inferred,ACTIVITY_RULE,0.80,"Le portail Réussir.fr, spécialisé dans l’information professionnelle agricole et agroalimentaire, fait l’objet d’une importante revendication de cyberattaque.",https://www.cyberattaque.org/reussir-fr-plus-de-32-millions-denregistrements-en-vente-apres-une-cyberattaque/,2026-10-07.sector.7
RUN-20261009T175526,2026-10-09T17:55:26.671747+04:00,ITM-c591b4f8e4e48a99,FRENCHBREACHES,reussir,Réussir,Agriculture / Agroalimentaire,Agriculture / Agroalimentaire,inferred,ACTIVITY_RULE,0.80,"Le portail Réussir, spécialisé dans l’information professionnelle agricole et agroalimentaire, fait l’objet d’une importante fuite de données revendiquée.",https://frenchbreaches.com/alertes/r-ussir-muvvypa1nqypdmm17t,2026-10-07.sector.7
RUN-20261009T175526,2026-10-09T17:55:26.671747+04:00,ITM-334a64fd5bca6da5,BONJOURLAFUITE,revolut,Revolut,Inconnu,Inconnu,unknown,NO_ACTIVITY_EVIDENCE,0.00,,,2026-10-07.sector.7
RUN-20261009T175526,2026-10-09T17:55:26.671747+04:00,ITM-71e8272f75aeb478,CYBERATTAQUE_ORG,revolut,Revolut,Inconnu,Inconnu,unknown,NO_ACTIVITY_EVIDENCE,0.00,,,2026-10-07.sector.7
RUN-20261009T175526,2026-10-09T17:55:26.671747+04:00,ITM-fdc7d8f8fa717fc5,FRENCHBREACHES,rofim doctor,Rofim Doctor,Santé,Santé,reported,SOURCE_SECTOR_RAW,0.70,Santé,https://frenchbreaches.com/alertes/rofim-doctor-muos8j29zwxrqrh47y,2026-10-07.sector.7
RUN-20261009T175526,2026-10-09T17:55:26.671747+04:00,ITM-833fd1334242b547,CYBERATTAQUE_ORG,rosello et fils,Rosello et Fils,Inconnu,Inconnu,unknown,ACTIVITY_TAXONOMY_UNRESOLVED,0.00,"Rosello et Fils  est une entreprise implantée à  Saint-Laurent-Blangy , dans le Pas-de-Calais.",,2026-10-07.sector.7
RUN-20261009T175526,2026-10-09T17:55:26.671747+04:00,ITM-f9908688a719357a,RANSOMWARE_LIVE,rosello et fils,Rosello et Fils,Agriculture / Agroalimentaire,Agriculture / Agroalimentaire,reported,SOURCE_SECTOR_RAW,0.70,Agriculture and Food Production,http://eclipse4g5kxfwsvpu4qx5sdcnrji6gxl5gt67bucjlgt35g7akvjoid.onion/place/ff64huj542fj0suv/,2026-10-07.sector.7
RUN-20261009T175526,2026-10-09T17:55:26.671747+04:00,ITM-cf2eb918bf4d1e44,CYBERATTAQUE_ORG,saint pierre des corps,Saint-Pierre-des-Corps,Inconnu,Inconnu,unknown,NO_ACTIVITY_EVIDENCE,0.00,,,2026-10-07.sector.7
RUN-20261009T175526,2026-10-09T17:55:26.671747+04:00,ITM-48ecbdf8da035a41,FRENCHBREACHES,salt mobile,Salt Mobile,Numérique / Technologie,Numérique / Technologie,inferred,SEMANTIC_ACTIVITY_MATCH,0.80,"Salt Mobile SA est un opérateur suisse de téléphonie mobile, internet fixe et télévision.",https://frenchbreaches.com/alertes/salt-mobile-mtx0gdjpa301y7tku9k,2026-10-07.sector.7
RUN-20261009T175526,2026-10-09T17:55:26.671747+04:00,ITM-c71035c1743d0d7f,CYBERATTAQUE_ORG,score n co,Score’n’co,Sport,Sport,inferred,ACTIVITY_RULE,0.80,"Score’n’co , plateforme française dédiée au suivi et à la gestion du sport amateur, fait l’objet d’une fuite de données revendiquée ce 27 septembre 2026 .",https://www.cyberattaque.org/scorenco-pres-de-23-000-fiches-de-membres-de-clubs-sportifs-en-fuite/,2026-10-07.sector.7
RUN-20261009T175526,2026-10-09T17:55:26.671747+04:00,ITM-61867fa44b66bfe2,FRENCHBREACHES,scorenco,Scorenco,Numérique / Technologie,Numérique / Technologie,reported,SOURCE_SECTOR_RAW,0.70,Technologie,https://frenchbreaches.com/alertes/scorenco-muk3vycif9p7gzzgupl,2026-10-07.sector.7
RUN-20261009T175526,2026-10-09T17:55:26.671747+04:00,ITM-7b20c1048718d1fa,CYBERATTAQUE_ORG,scouts et guides de france,Scouts et Guides de France,Inconnu,Éducation / Formation,inferred,ACTIVITY_RULE,0.80,Les Scouts et Guides de France sont une association de jeunesse et d’éducation populaire née de la fusion des Scouts de France et des Guides de France.,https://www.cyberattaque.org/scouts-et-guides-de-france-71-000-lignes-en-fuite-des-donnees-de-jeunes-et-de-leurs-parents-exposees/,2026-10-07.sector.7
RUN-20261009T175526,2026-10-09T17:55:26.671747+04:00,ITM-23b1326db0cd349c,FRENCHBREACHES,scribd,Scribd,Commerce / Distribution,Commerce / Distribution,reported,SOURCE_SECTOR_RAW,0.70,Commerce,https://frenchbreaches.com/alertes/scribd-munsjrub5u8wlyhjfd,2026-10-07.sector.7
RUN-20261009T175526,2026-10-09T17:55:26.671747+04:00,ITM-64f8a600a9de0042,BONJOURLAFUITE,scribd,Scribd,Inconnu,Inconnu,unknown,NO_ACTIVITY_EVIDENCE,0.00,,,2026-10-07.sector.7
RUN-20261009T175526,2026-10-09T17:55:26.671747+04:00,ITM-822ff9995158b39f,CYBERATTAQUE_ORG,scribd,Scribd,Inconnu,Inconnu,unknown,NO_ACTIVITY_EVIDENCE,0.00,,,2026-10-07.sector.7
RUN-20261009T175526,2026-10-09T17:55:26.671747+04:00,ITM-d154d6b798586334,FRENCHBREACHES,sdis des pyrenees orientales,SDIS des Pyrénées-Orientales,Administration / Collectivité,Administration / Collectivité,reported,SOURCE_SECTOR_RAW,0.70,public,https://frenchbreaches.com/alertes/sdis-des-pyr-n-es-orientales-muofwgorb7tkmw3yu9a,2026-10-07.sector.7
RUN-20261009T175526,2026-10-09T17:55:26.671747+04:00,ITM-bae52b0457f84ed3,CYBERATTAQUE_ORG,sdis66,SDIS 66,Administration / Collectivité,Administration / Collectivité,inferred,ACTIVITY_RULE,0.80,Le SDIS 66 est le service public chargé des missions de secours et de lutte contre les incendies dans les Pyrénées-Orientales.,https://www.cyberattaque.org/sdis-66-118-892-interventions-et-pres-de-100-000-documents-medicaux-revendiques-par-un-hacker/,2026-10-07.sector.7
RUN-20261009T175526,2026-10-09T17:55:26.671747+04:00,ITM-d07b9bcfd1582595,CYBERATTAQUE_ORG,sdis80,SDIS 80,Inconnu,Inconnu,unknown,NO_ACTIVITY_EVIDENCE,0.00,,,2026-10-07.sector.7
RUN-20261009T175526,2026-10-09T17:55:26.671747+04:00,ITM-6e1c68f771d350f3,FRENCHBREACHES,sfr,SFR,Inconnu,Inconnu,unknown,SOURCE_SECTOR_RAW_AMBIGUOUS,0.00,Télécom & Médias,,2026-10-07.sector.7
RUN-20261009T175526,2026-10-09T17:55:26.671747+04:00,ITM-ae79e76944d286e2,CYBERATTAQUE_ORG,sfr,SFR,Inconnu,Inconnu,unknown,NO_ACTIVITY_EVIDENCE,0.00,,,2026-10-07.sector.7
RUN-20261009T175526,2026-10-09T17:55:26.671747+04:00,ITM-9e813bef7047849e,FRENCHBREACHES,sinequae,Sinequae,Inconnu,Commerce / Distribution,reported,SOURCE_SECTOR_RAW,0.70,Commerce,https://frenchbreaches.com/alertes/sinequae-muyos33t5ew77t08bw,2026-10-07.sector.7
RUN-20261009T175526,2026-10-09T17:55:26.671747+04:00,ITM-40da3b0e5ba5fc56,FRENCHBREACHES,skif belgium,SKIF Belgium,Inconnu,Commerce / Distribution,reported,SOURCE_SECTOR_RAW,0.70,Commerce,https://frenchbreaches.com/alertes/skif-belgium-f-d-ration-belge-de-karat-mv0emtc43pd3ulth9wa,2026-10-07.sector.7
RUN-20261009T175526,2026-10-09T17:55:26.671747+04:00,ITM-a19da989cf9c4169,FRENCHBREACHES,snexi,Snexi,Commerce / Distribution,Commerce / Distribution,reported,SOURCE_SECTOR_RAW,0.70,Commerce,https://frenchbreaches.com/alertes/snexi-citya-immobilier-mtwb9nopcz1weg06yq7,2026-10-07.sector.7
RUN-20261009T175526,2026-10-09T17:55:26.671747+04:00,ITM-ba6d921c3cb19b45,CYBERATTAQUE_ORG,snexi,Snexi,Construction / BTP,Construction / BTP,inferred,ACTIVITY_RULE,0.80,"Snexi, spécialiste français des états des lieux et du diagnostic immobilier, confirme avoir été victime d’une cyberattaque le mercredi 2 septembre 2026 .",https://www.cyberattaque.org/citya-snexi-fuite-de-donnees-cyberattaque/,2026-10-07.sector.7
RUN-20261009T175526,2026-10-09T17:55:26.671747+04:00,ITM-a0dbfa19c6fb39ef,RANSOMWARE_LIVE,sococo,SOCOCO,Numérique / Technologie,Numérique / Technologie,reported,SOURCE_SECTOR_RAW,0.70,Technology,http://umbra7isogjsgdcndz3uu6qvl5zftjptt6s3iiuecjlwbt4yqyvrhcid.onion,2026-10-07.sector.7
RUN-20261009T175526,2026-10-09T17:55:26.671747+04:00,ITM-c5242c0f70ee1d24,FRENCHBREACHES,son application de gestion des conventions de stage l etablissement a detecte,son application de gestion des conventions de stage. L’établissement a détecté,Inconnu,Éducation / Formation,reported,SOURCE_SECTOR_RAW,0.70,Éducation,https://frenchbreaches.com/alertes/bordeaux-sciences-agro-muzli8grgw2pa1xmn3t,2026-10-07.sector.7
RUN-20261009T175526,2026-10-09T17:55:26.671747+04:00,ITM-3f5eaa43b32ed106,CYBERATTAQUE_ORG,spareka,Spareka,Commerce / Distribution,Commerce / Distribution,inferred,SEMANTIC_ACTIVITY_MATCH,0.80,"Spareka , plateforme française spécialisée dans la réparation d’appareils et la vente de pièces détachées, fait l’objet d’une fuite…",https://www.cyberattaque.org/spareka-cyberattaque-pres-de-8-000-demandes-de-reparation-avec-les-coordonnees-des-clients-en-fuite/,2026-10-07.sector.7
RUN-20261009T175526,2026-10-09T17:55:26.671747+04:00,ITM-f70efd50ad2e3a19,FRENCHBREACHES,spareka,Spareka,Commerce / Distribution,Commerce / Distribution,inferred,SEMANTIC_ACTIVITY_MATCH,0.80,"**Spareka**, plateforme française spécialisée dans la vente de pièces détachées et l'aide à la réparation d'appareils électroménagers, fait l'objet d'une revendication de fuite de données.",https://frenchbreaches.com/alertes/spareka-mulcy9rimwnqor7klib,2026-10-07.sector.7
RUN-20261009T175526,2026-10-09T17:55:26.671747+04:00,ITM-279d899613c1a1a2,FRENCHBREACHES,sport2000,Sport 2000,Commerce / Distribution,Commerce / Distribution,reported,SOURCE_SECTOR_RAW,0.70,Commerce,https://frenchbreaches.com/alertes/sport-2000-pilot-muunws1w23wqgil8bzi,2026-10-07.sector.7
RUN-20261009T175526,2026-10-09T17:55:26.671747+04:00,ITM-dd3786c8f41f9577,CYBERATTAQUE_ORG,sport2000,Sport 2000,Inconnu,Inconnu,unknown,NO_ACTIVITY_EVIDENCE,0.00,,,2026-10-07.sector.7
RUN-20261009T175526,2026-10-09T17:55:26.671747+04:00,ITM-e0b6cb365b0ff98c,RANSOMWARE_LIVE,stim,Stim,Numérique / Technologie,Numérique / Technologie,reported,SOURCE_SECTOR_RAW,0.70,Technology,http://pnzruro7syvwvefx5mpo2fhzi4jftgquynsqf3vy5x3no57yp2iz4nyd.onion/company/stim,2026-10-07.sector.7
RUN-20261009T175526,2026-10-09T17:55:26.671747+04:00,ITM-d0c4415a4aa024c8,VEILLE_LLM,stor solutions,STOR Solutions,Numérique / Technologie,Numérique / Technologie,reported,SOURCE_SECTOR_RAW,0.70,Numérique / Technologie,https://www.cyberattaque.org/stor-solutions-datacenter-cyberattaque-canal-alpha/,2026-10-07.sector.7
RUN-20261009T175526,2026-10-09T17:55:26.671747+04:00,ITM-150823a6ef95df78,CYBERATTAQUE_ORG,sushi cie,Sushi&Cie,Hébergement / Tourisme / Restauration,Hébergement / Tourisme / Restauration,inferred,SEMANTIC_ACTIVITY_MATCH,0.80,"Sushi&Cie est un établissement spécialisé dans la cuisine japonaise, notamment les sushis, makis et sashimis.",https://www.cyberattaque.org/sushicie-victime-dune-cyberattaque-plus-de-6-000-clients-en-fuite/,2026-10-07.sector.7
RUN-20261009T175526,2026-10-09T17:55:26.671747+04:00,ITM-924203e4f2abca03,FRENCHBREACHES,sushi cie,Sushi&Cie,Commerce / Distribution,Commerce / Distribution,reported,SOURCE_SECTOR_RAW,0.70,Commerce,https://frenchbreaches.com/alertes/sushi-cie-mtzyrhan3ic1hahpxtv,2026-10-07.sector.7
RUN-20261009T175526,2026-10-09T17:55:26.671747+04:00,ITM-7398b6520da927ef,FRENCHBREACHES,swedish fit,Swedish Fit,Inconnu,Commerce / Distribution,reported,SOURCE_SECTOR_RAW,0.70,Commerce,https://frenchbreaches.com/alertes/swedish-fit-muzfjgxyq9tkqi6egam,2026-10-07.sector.7
RUN-20261009T175526,2026-10-09T17:55:26.671747+04:00,ITM-d009e384c25cc7da,CYBERATTAQUE_ORG,swedish fit,Swedish Fit,Inconnu,Inconnu,unknown,NO_ACTIVITY_EVIDENCE,0.00,,,2026-10-07.sector.7
RUN-20261009T175526,2026-10-09T17:55:26.671747+04:00,ITM-09ae81f88d704788,CYBERATTAQUE_ORG,talentplug,Talentplug,Numérique / Technologie,Numérique / Technologie,inferred,ACTIVITY_RULE,0.80,Talentplug est un logiciel de recrutement permettant notamment aux entreprises de  multidiffuser leurs offres d’emploi  sur différents sites et de regrouper les candidatures reçues dans un même outil.,https://www.cyberattaque.org/talentplug-cyberattaque-pres-de-119-000-candidatures-diffusees-sur-le-dark-web/,2026-10-07.sector.7
RUN-20261009T175526,2026-10-09T17:55:26.671747+04:00,ITM-e51dab170044bda7,FRENCHBREACHES,talentplug,Talentplug,Services aux entreprises,Services aux entreprises,inferred,ACTIVITY_OVERRIDES_SOURCE_LABEL,0.80,"**Talentplug**, entreprise française spécialisée dans les logiciels de recrutement et la diffusion d'offres d'emploi, fait l'objet d'une revendication de fuite de données. [étiquette source écartée : Technologie]",https://frenchbreaches.com/alertes/talentplug-mulp4xdy2f3iyz3qle5,2026-10-07.sector.7
RUN-20261009T175526,2026-10-09T17:55:26.671747+04:00,ITM-c928efa51d6249f8,RANSOMWARE_LIVE,thema foundries,Thema Foundries,Industrie / Manufacture,Industrie / Manufacture,reported,SOURCE_SECTOR_RAW,0.70,Manufacturing,http://ijzn3sicrcy7guixkzjkib4ukbiilwc3xhnmby4mcbccnsd7j2rekvqd.onion/site/blog?uuid=37cc9331-88ba-48f1-ab5c-a4636f8fbd84,2026-10-07.sector.7
RUN-20261009T175526,2026-10-09T17:55:26.671747+04:00,ITM-0edd516c01eab1eb,FRENCHBREACHES,totalenergies,TotalEnergies,Commerce / Distribution,Commerce / Distribution,reported,SOURCE_SECTOR_RAW,0.70,Commerce,https://frenchbreaches.com/alertes/totalenergies-le-club-mu7a3uzvcz8fsq6txcu,2026-10-07.sector.7
RUN-20261009T175526,2026-10-09T17:55:26.671747+04:00,ITM-9dd5cffed039811b,FRENCHBREACHES,tracfin,TRACFIN,Administration / Collectivité,Administration / Collectivité,reported,SOURCE_SECTOR_RAW,0.70,public,https://frenchbreaches.com/alertes/tracfin-muohckeoxgv08biqk4c,2026-10-07.sector.7
RUN-20261009T175526,2026-10-09T17:55:26.671747+04:00,ITM-064e5e1785284850,BONJOURLAFUITE,trainme,TrainMe,Inconnu,Inconnu,unknown,NO_ACTIVITY_EVIDENCE,0.00,,,2026-10-07.sector.7
RUN-20261009T175526,2026-10-09T17:55:26.671747+04:00,ITM-4cc0a1d1b316f9f2,FRENCHBREACHES,trainme,TrainMe,Inconnu,Santé,inferred,ACTIVITY_OVERRIDES_SOURCE_LABEL,0.80,"TrainMe, plateforme de coaching sportif appartenant au groupe Decathlon, informe ses utilisateurs d’un incident de sécurité ayant entraîné l’exposition de données personnelles, dont certaines informations liées à la santé. [étiquette source écartée : Commerce]",https://frenchbreaches.com/alertes/trainme-decathlon-muzew18oi1bugjtj82,2026-10-07.sector.7
RUN-20261009T175526,2026-10-09T17:55:26.671747+04:00,ITM-6774a23e2c520df0,CYBERATTAQUE_ORG,trainme,TrainMe,Inconnu,Sport,inferred,SEMANTIC_ACTIVITY_MATCH,0.80,"TrainMe, plateforme française de coaching sportif appartenant au groupe Decathlon, informe ses utilisateurs d’un incident de sécurité ayant…",https://www.cyberattaque.org/trainme-la-filiale-de-decathlon-touchee-par-une-fuite-de-donnees-des-informations-de-sante-exposees/,2026-10-07.sector.7
RUN-20261009T175526,2026-10-09T17:55:26.671747+04:00,ITM-7f779d91d0dbcd3d,FRENCHBREACHES,transparence sante,Transparence Santé,Administration / Collectivité,Administration / Collectivité,inferred,ACTIVITY_OVERRIDES_SOURCE_LABEL,0.80,Transparence Santé est une **base de données publique pilotée par le ministère chargé de la Santé**. [étiquette source écartée : Santé],https://frenchbreaches.com/alertes/transparence-sant-muotiueh6mk3xcpj5ah,2026-10-07.sector.7
RUN-20261009T175526,2026-10-09T17:55:26.671747+04:00,ITM-2c765040652d9e75,FRENCHBREACHES,tribunal des activites economiques de paris,Tribunal des activités économiques de Paris,Administration / Collectivité,Administration / Collectivité,reported,SOURCE_SECTOR_RAW,0.70,public,https://frenchbreaches.com/alertes/tribunal-des-activit-s-conomiques-de-paris-tae-mu5i6aq2tacwkov45cr,2026-10-07.sector.7
RUN-20261009T175526,2026-10-09T17:55:26.671747+04:00,ITM-17a00c0247dd7a43,CYBERATTAQUE_ORG,twizzit,Twizzit,Association / Syndicat,Association / Syndicat,inferred,SEMANTIC_ACTIVITY_MATCH,0.80,"Twizzit, plateforme de gestion utilisée par des milliers de clubs, associations et fédérations européennes, fait l’objet d’une fuite de données d’une ampleur inhabituelle.",https://www.cyberattaque.org/cyberattaque-twizzit-1-53-million-de-membres-de-clubs-et-associations-en-fuite/,2026-10-07.sector.7
RUN-20261009T175526,2026-10-09T17:55:26.671747+04:00,ITM-923d4f0ab015ce4a,FRENCHBREACHES,twizzit,Twizzit,Sport,Sport,inferred,ACTIVITY_OVERRIDES_SOURCE_LABEL,0.80,"**Twizzit est une plateforme belge de gestion destinée aux clubs, associations et fédérations.** [étiquette source écartée : Éducation]",https://frenchbreaches.com/alertes/twizzit-mud9l0fmn55odchtxul,2026-10-07.sector.7
RUN-20261009T175526,2026-10-09T17:55:26.671747+04:00,ITM-c643043d5482c9a8,FRENCHBREACHES,uniformation,UniFormation,Éducation / Formation,Éducation / Formation,inferred,ACTIVITY_RULE,0.80,"Uniformation est amené à collecter ce type d'identifiant dans le cadre de certaines démarches liées à la **formation professionnelle**, notamment pour assurer le suivi administratif de certains parcours et dispositifs.",https://frenchbreaches.com/alertes/uniformation-mud6nma32hq847xdxml,2026-10-07.sector.7
RUN-20261009T175526,2026-10-09T17:55:26.671747+04:00,ITM-ef31181ba33d93c4,CYBERATTAQUE_ORG,uniformation,Uniformation,Éducation / Formation,Éducation / Formation,inferred,ACTIVITY_RULE,0.80,Uniformation accompagne notamment les entreprises et associations de la cohésion sociale dans le financement et l’organisation de la formation professionnelle .,https://www.cyberattaque.org/uniformation-1-200-stagiaires-en-fuite-avec-leurs-numeros-de-securite-sociale/,2026-10-07.sector.7
RUN-20261009T175526,2026-10-09T17:55:26.671747+04:00,ITM-88afcffd028ee219,FRENCHBREACHES,uptoo,Uptoo,Numérique / Technologie,Numérique / Technologie,reported,SOURCE_SECTOR_RAW,0.70,Technologie,https://frenchbreaches.com/alertes/uptoo-mufge8zlw34qomqu3h,2026-10-07.sector.7
RUN-20261009T175526,2026-10-09T17:55:26.671747+04:00,ITM-d19dfd6b22e0c54c,CYBERATTAQUE_ORG,uptoo,Uptoo,Services aux entreprises,Services aux entreprises,inferred,ACTIVITY_RULE,0.80,"Uptoo accompagne depuis de nombreuses années les entreprises dans le recrutement de commerciaux, business developers, responsables commerciaux ou directeurs des ventes.",https://www.cyberattaque.org/uptoo-740-000-cv-revendiques-apres-une-cyberattaque/,2026-10-07.sector.7
RUN-20261009T175526,2026-10-09T17:55:26.671747+04:00,ITM-1764b17f2c4b5c48,FRENCHBREACHES,ville de joigny,Ville de Joigny,Administration / Collectivité,Administration / Collectivité,inferred,ORGANISATION_NAME_RULE,0.80,Ville de Joigny,https://frenchbreaches.com/alertes/ville-de-joigny-mtwuflm1iee4jiwh7bf,2026-10-07.sector.7
RUN-20261009T175526,2026-10-09T17:55:26.671747+04:00,ITM-8e1b34e80f9a2eb7,CYBERATTAQUE_ORG,ville de joigny,Ville de Joigny,Administration / Collectivité,Administration / Collectivité,inferred,ORGANISATION_NAME_RULE,0.80,Ville de Joigny,https://www.cyberattaque.org/cyberattaque-contre-la-ville-de-joigny-268-795-tentatives-dintrusion-en-une-semaine/,2026-10-07.sector.7
RUN-20261009T175526,2026-10-09T17:55:26.671747+04:00,ITM-9906e87746af307a,FRENCHBREACHES,ville de libercourt,Ville de Libercourt,Administration / Collectivité,Administration / Collectivité,inferred,ORGANISATION_NAME_RULE,0.80,Ville de Libercourt,https://frenchbreaches.com/alertes/ville-de-libercourt-mu3s726lzo8j6uv1ta,2026-10-07.sector.7
RUN-20261009T175526,2026-10-09T17:55:26.671747+04:00,ITM-80cc8ab052423602,VEILLE_LLM,ville du tampon,Ville du Tampon,Administration / Collectivité,Administration / Collectivité,inferred,ORGANISATION_NAME_RULE,0.80,Ville du Tampon,https://la1ere.franceinfo.fr/reunion/la-mairie-du-tampon-victime-d-une-cyberattaque-les-services-momentanement-indisponibles-1736807.html,2026-10-07.sector.7
RUN-20261009T175526,2026-10-09T17:55:26.671747+04:00,ITM-1ad101a9d7b8c74b,CYBERATTAQUE_ORG,vitalweb,VitalWeb,Santé,Santé,inferred,ACTIVITY_RULE,0.80,"VitalWeb est un outil proposé par  VitalAire , acteur de la santé à domicile, notamment dans l’accompagnement de patients atteints de maladies chroniques.",https://www.cyberattaque.org/vitalweb-50-000-dossiers-patients-cyberattaque/,2026-10-07.sector.7
RUN-20261009T175526,2026-10-09T17:55:26.671747+04:00,ITM-bfc1a22404bab7bf,FRENCHBREACHES,vitalweb,VitalWeb,Santé,Santé,inferred,ACTIVITY_RULE,0.80,"VitalWeb est une plateforme médicale de VitalAire destinée aux professionnels de santé, leur permettant notamment de consulter et suivre les informations relatives à leurs patients.",https://frenchbreaches.com/alertes/vitalweb-mu8rm6d0f8s6d6vte3g,2026-10-07.sector.7
RUN-20261009T175526,2026-10-09T17:55:26.671747+04:00,ITM-529e9bc1d8b0b2b9,CYBERATTAQUE_ORG,vosfactures,VosFactures,Inconnu,Inconnu,unknown,NO_ACTIVITY_EVIDENCE,0.00,,,2026-10-07.sector.7
RUN-20261009T175526,2026-10-09T17:55:26.671747+04:00,ITM-ec8d8b6c75b3853f,FRENCHBREACHES,vosfactures,VosFactures,Numérique / Technologie,Numérique / Technologie,reported,SOURCE_SECTOR_RAW,0.70,Technologie,https://frenchbreaches.com/alertes/vosfactures-muoqv8ylnty27ia39xm,2026-10-07.sector.7
RUN-20261009T175526,2026-10-09T17:55:26.671747+04:00,ITM-0d9bd76ee056595f,CYBERATTAQUE_ORG,waytome,WayToMe,Transport / Logistique,Transport / Logistique,inferred,SEMANTIC_ACTIVITY_MATCH,0.80,"WayToMe, plateforme française de livraison de colis entre particuliers, fait l’objet d’une cyberattaque revendiquée par un hacker utilisant le pseudonyme Quantique .",https://www.cyberattaque.org/waytome-147-000-utilisateurs-et-des-milliers-de-trajets-exposes-apres-une-cyberattaque/,2026-10-07.sector.7
RUN-20261009T175526,2026-10-09T17:55:26.671747+04:00,ITM-3c8b30b248a52afe,BONJOURLAFUITE,waytome,WayToMe,Inconnu,Inconnu,unknown,ACTIVITY_TAXONOMY_UNRESOLVED,0.00,"WayToMe, plateforme française de livraison de colis entre particuliers, fait l’objet d’une cyberattaque revendiquée par un hacker utilisant le pseudonyme Quantique .",,2026-10-07.sector.7
RUN-20261009T175526,2026-10-09T17:55:26.671747+04:00,ITM-be77b391cc3de34e,FRENCHBREACHES,waytome,WayToMe,Transport / Logistique,Transport / Logistique,reported,SOURCE_SECTOR_RAW,0.70,Transport,https://frenchbreaches.com/alertes/waytome-muaf8bf677nfxz6peuh,2026-10-07.sector.7
RUN-20261009T175526,2026-10-09T17:55:26.671747+04:00,ITM-83a963dca4c19db7,FRENCHBREACHES,welyb,Welyb,Numérique / Technologie,Numérique / Technologie,reported,SOURCE_SECTOR_RAW,0.70,Technologie,https://frenchbreaches.com/alertes/welyb-agiris-mu2m3x9bh33cfsst2bl,2026-10-07.sector.7
RUN-20261009T175526,2026-10-09T17:55:26.671747+04:00,ITM-d602743d5213f84e,CYBERATTAQUE_ORG,welyb,Welyb,Services aux entreprises,Services aux entreprises,inferred,ACTIVITY_RULE,0.80,Welyb est une plateforme de gestion électronique de documents et de collaboration particulièrement orientée vers les cabinets d’expertise comptable.,https://www.cyberattaque.org/cyberattaque-welyb-agiris-une-faille-expose-les-donnees-de-clients-de-cabinets-comptables/,2026-10-07.sector.7
RUN-20261009T175526,2026-10-09T17:55:26.671747+04:00,ITM-2fd98345b31cfa11,CYBERATTAQUE_ORG,whoof,Whoof,Services aux entreprises,Services aux entreprises,inferred,SEMANTIC_ACTIVITY_MATCH,0.80,"Whoof, plateforme française spécialisée dans l’adoption responsable de chiens auprès d’éleveurs professionnels, fait l’objet d’une importante fuite de données revendiquée par le hacker DaOnlySpark .",https://www.cyberattaque.org/whoof-5-000-adoptants-et-eleveurs-exposes-apres-une-cyberattaque/,2026-10-07.sector.7
RUN-20261009T175526,2026-10-09T17:55:26.671747+04:00,ITM-7309b88dd2184883,FRENCHBREACHES,whoof,Whoof,Commerce / Distribution,Commerce / Distribution,reported,SOURCE_SECTOR_RAW,0.70,Commerce,https://frenchbreaches.com/alertes/whoof-mu8dyyqbqoaiqbzpoqr,2026-10-07.sector.7
RUN-20261009T175526,2026-10-09T17:55:26.671747+04:00,ITM-2f18fd4763986071,FRENCHBREACHES,wizishop,WiziShop,Numérique / Technologie,Numérique / Technologie,reported,SOURCE_SECTOR_RAW,0.70,Technologie,https://frenchbreaches.com/alertes/wizishop-dropizi-mtw3klqur74gdjp72ya,2026-10-07.sector.7
RUN-20261009T175526,2026-10-09T17:55:26.671747+04:00,ITM-1835cac2bbdf9b81,CYBERATTAQUE_ORG,zenfirst,Zenfirst,Numérique / Technologie,Numérique / Technologie,inferred,ACTIVITY_RULE,0.80,"Zenfirst  propose un logiciel permettant aux entreprises et aux indépendants de suivre leur trésorerie, leurs factures et différents indicateurs financiers.",https://www.cyberattaque.org/zenfirst-victime-dune-cyberattaque-des-milliers-de-donnees-de-facturation-exposees/,2026-10-07.sector.7
RUN-20261009T175526,2026-10-09T17:55:26.671747+04:00,ITM-5f2d9f83384f973b,FRENCHBREACHES,zenfirst,Zenfirst,Numérique / Technologie,Numérique / Technologie,reported,SOURCE_SECTOR_RAW,0.70,Technologie,https://frenchbreaches.com/alertes/zenfirst-mu5htqiwd1qoi6ixtx5,2026-10-07.sector.7
